ID,Image Name,batch,Label 2-class,Final,Fold 0,Fold 1,Fold 2,Fold 3,Fold 4,Fold 5,Fold 6,Fold 7,Fold 8,Fold 9,Original
0,51027421626,4,0,0,0,0,0,0,1,0,0,0,0,0,0
1,50668571902,1,0,0,0,0,0,1,0,0,0,0,0,0,0
2,51189940756,3,1,0,0,0,0,0,0,0,0,0,0,1,1
3,51196330717,3,0,2,2,2,2,2,2,2,2,2,2,2,0
4,51192228348,3,0,0,0,0,0,0,0,0,0,0,0,1,0
5,51040407237,4,0,2,2,2,2,2,2,2,2,2,2,2,0
6,51040401387,4,0,0,0,1,0,0,0,0,0,0,0,0,0
7,51039575418,4,0,0,0,0,0,0,0,0,0,1,0,0,1
8,49417212547,3,0,0,0,0,0,0,0,0,0,1,0,0,0
9,49910698552,4,0,2,2,2,2,2,2,2,2,2,2,2,2
10,50554023436,6,1,2,2,2,2,2,2,2,2,2,2,2,1
11,50552329093,6,0,0,0,0,0,0,1,0,0,0,0,0,1
12,51040313781,4,0,2,2,2,2,2,2,2,2,2,2,2,0
13,51040406832,4,0,0,0,0,0,0,0,0,1,0,0,0,1
14,51022451226,4,0,0,0,0,0,0,1,0,0,0,0,0,0
15,50825460172,3,0,2,2,2,2,2,2,2,2,2,2,2,0
16,50783798341,1,0,0,0,0,0,0,0,1,0,0,0,0,2
17,50642652537,1,0,2,2,2,2,2,2,2,2,2,2,2,0
18,50588971842,2,0,2,2,2,2,2,2,2,2,2,2,2,0
19,50580400401,2,0,2,2,2,2,2,2,2,2,2,2,2,0
20,51223478856,6,0,0,1,0,0,0,0,0,0,0,0,0,2
21,51161663162,5,1,2,2,2,2,2,2,2,2,2,2,2,2
22,51156283018,5,1,2,2,2,2,2,2,2,2,2,2,2,1
23,51155869371,5,0,0,0,0,0,0,1,0,0,0,0,0,1
24,51154953582,5,0,2,2,2,2,2,2,2,2,2,2,2,0
25,51155648228,5,0,0,0,0,0,0,1,0,0,0,0,0,0
26,51108928986,5,1,2,2,2,2,2,2,2,2,2,2,2,0
27,51109698845,6,0,0,0,0,0,1,0,0,0,0,0,0,0
28,50973772838,6,1,0,0,0,0,0,0,1,0,0,0,0,0
29,50938973658,2,0,0,0,0,0,0,0,0,1,0,0,0,0
30,50901136163,2,0,0,0,0,0,1,0,0,0,0,0,0,1
31,50846020471,4,0,0,0,0,0,0,0,1,0,0,0,0,0
32,50733625473,5,0,0,0,0,0,0,0,0,0,0,0,1,2
33,50631960718,5,0,0,0,0,0,0,0,1,0,0,0,0,0
34,50573886706,1,0,2,2,2,2,2,2,2,2,2,2,2,2
35,50521056903,5,0,0,0,0,0,0,0,0,0,1,0,0,2
36,50516916243,5,0,0,0,0,0,0,0,1,0,0,0,0,1
37,50430247893,4,1,0,0,1,0,0,0,0,0,0,0,0,1
38,51219727965,5,0,2,2,2,2,2,2,2,2,2,2,2,1
39,51196043596,3,0,0,0,0,0,0,0,0,0,0,1,0,2
40,51133608260,2,0,0,0,0,0,1,0,0,0,0,0,0,2
41,51133529305,2,0,0,1,0,0,0,0,0,0,0,0,0,2
42,51101629986,6,0,0,0,0,0,1,0,0,0,0,0,0,1
43,51086426387,5,0,0,0,0,0,0,0,0,1,0,0,0,0
44,51021611511,4,0,0,0,0,0,0,0,0,0,1,0,0,0
45,50617176457,2,0,0,0,0,0,0,0,0,0,0,1,0,0
46,50335942043,1,0,0,0,0,0,0,1,0,0,0,0,0,0
47,50281742687,3,1,0,0,0,0,0,0,0,0,0,1,0,1
48,50263102577,0,0,2,2,2,2,2,2,2,2,2,2,2,1
49,50145850126,5,1,0,0,1,0,0,0,0,0,0,0,0,0
50,50099961452,5,0,0,0,0,0,0,1,0,0,0,0,0,0
51,49955318153,6,0,2,2,2,2,2,2,2,2,2,2,2,2
52,49923517637,1,0,0,0,0,0,0,0,0,1,0,0,0,0
53,49905114963,6,0,0,0,1,0,0,0,0,0,0,0,0,0
54,49905929452,6,0,2,2,2,2,2,2,2,2,2,2,2,0
55,49898229486,6,0,0,0,0,1,0,0,0,0,0,0,0,1
56,49894203582,6,0,0,0,0,1,0,0,0,0,0,0,0,1
57,50984436148,1,0,0,0,0,0,0,0,0,1,0,0,0,2
58,51104968215,3,0,2,2,2,2,2,2,2,2,2,2,2,0
59,50336607573,1,0,0,0,0,1,0,0,0,0,0,0,0,0
60,49992265836,6,0,0,0,0,0,1,0,0,0,0,0,0,0
61,49913418778,4,0,0,0,0,0,1,0,0,0,0,0,0,0
62,51201912684,3,0,0,0,0,1,0,0,0,0,0,0,0,2
63,51128336702,6,0,0,0,0,0,0,0,0,0,0,1,0,2
64,51043629032,4,0,0,0,0,0,0,0,0,0,0,1,0,1
65,51040493837,4,0,0,0,0,0,0,0,1,0,0,0,0,0
66,51031727356,2,-1,-1,-1,-1,-1,-1,-1,-1,-1,-1,-1,-1,-1
67,50101843748,5,0,0,0,0,0,0,1,0,0,0,0,0,0
68,49923809662,3,0,0,0,0,0,0,0,0,0,0,0,1,2
69,49582568146,5,0,2,2,2,2,2,2,2,2,2,2,2,0
70,50299647862,1,-1,-1,-1,-1,-1,-1,-1,-1,-1,-1,-1,-1,-1
71,49626938928,0,0,0,0,0,1,0,0,0,0,0,0,0,0
72,49406198818,3,0,2,2,2,2,2,2,2,2,2,2,2,0
73,48552592631,1,0,2,2,2,2,2,2,2,2,2,2,2,1
74,49188005102,4,0,0,0,0,0,0,0,0,1,0,0,0,1
75,48811768201,5,1,0,0,0,0,0,0,0,0,1,0,0,0
76,51224157734,6,1,0,1,0,0,0,0,0,0,0,0,0,2
77,51220313529,5,1,0,0,0,0,0,0,0,0,0,1,0,0
78,51218830362,5,1,0,0,0,0,0,0,0,0,0,1,0,0
79,51217425968,5,0,2,2,2,2,2,2,2,2,2,2,2,0
80,51195784453,3,1,2,2,2,2,2,2,2,2,2,2,2,0
81,51148580527,2,1,0,0,0,0,0,0,1,0,0,0,0,0
82,51127456957,6,1,0,0,0,1,0,0,0,0,0,0,0,0
83,51126884607,6,1,2,2,2,2,2,2,2,2,2,2,2,0
84,50610855377,2,1,0,0,0,0,0,1,0,0,0,0,0,2
85,50164070606,3,1,0,0,0,1,0,0,0,0,0,0,0,2
86,50115884736,5,1,2,2,2,2,2,2,2,2,2,2,2,0
87,50042443366,4,0,0,0,0,1,0,0,0,0,0,0,0,0
88,49685357872,2,0,0,0,0,0,1,0,0,0,0,0,0,1
89,49648240853,0,0,0,0,1,0,0,0,0,0,0,0,0,2
90,48845932932,1,1,2,2,2,2,2,2,2,2,2,2,2,0
91,48845898692,1,1,0,0,0,0,0,0,0,1,0,0,0,0
92,48225256702,1,0,0,0,0,0,0,0,0,1,0,0,0,1
93,48003402916,3,0,2,2,2,2,2,2,2,2,2,2,2,1
94,51146856585,5,1,0,1,0,0,0,0,0,0,0,0,0,1
95,51215063452,3,0,2,2,2,2,2,2,2,2,2,2,2,1
96,51208782229,3,1,0,0,0,1,0,0,0,0,0,0,0,1
97,51185288001,1,0,0,0,0,1,0,0,0,0,0,0,0,1
98,51175820406,5,1,0,1,0,0,0,0,0,0,0,0,0,1
99,51091252613,5,1,0,0,0,0,0,0,1,0,0,0,0,0
100,50241073586,4,1,0,0,0,0,0,1,0,0,0,0,0,0
101,50164729603,3,0,0,0,0,0,0,0,0,1,0,0,0,0
102,49782656263,3,1,0,0,1,0,0,0,0,0,0,0,0,1
103,49706236122,2,0,0,0,0,0,0,0,1,0,0,0,0,0
104,48980973777,4,1,2,2,2,2,2,2,2,2,2,2,2,0
105,50703379142,4,0,0,0,0,0,0,0,1,0,0,0,0,1
106,49169022356,3,0,0,1,0,0,0,0,0,0,0,0,0,0
107,51210062722,3,0,0,0,0,0,0,0,1,0,0,0,0,2
108,50990666296,1,1,0,0,0,0,0,0,0,0,1,0,0,1
109,50323602798,4,0,0,0,0,0,0,0,0,0,1,0,0,1
110,49881113077,0,1,0,0,0,0,0,0,0,1,0,0,0,0
111,49197515182,4,1,0,0,0,0,0,0,1,0,0,0,0,0
112,48919251336,2,1,0,0,0,0,0,0,0,0,0,0,1,0
113,51151343806,2,1,0,0,0,1,0,0,0,0,0,0,0,0
114,51151575808,2,1,0,1,0,0,0,0,0,0,0,0,0,0
115,50961680523,2,1,0,0,1,0,0,0,0,0,0,0,0,0
116,50733536751,5,1,0,0,0,0,0,0,0,1,0,0,0,0
117,49533166437,2,1,2,2,2,2,2,2,2,2,2,2,2,0
118,50439365711,4,0,0,0,0,0,0,0,0,1,0,0,0,0
119,49430567178,3,1,0,0,0,0,0,0,0,0,0,1,0,2
120,50053873898,0,1,2,2,2,2,2,2,2,2,2,2,2,0
121,49888815528,6,1,2,2,2,2,2,2,2,2,2,2,2,1
122,49813484087,4,1,0,0,0,0,0,0,1,0,0,0,0,0
123,49798245326,3,1,0,0,0,0,1,0,0,0,0,0,0,2
124,49208892581,4,0,0,0,0,0,0,1,0,0,0,0,0,0
125,48096666681,3,0,0,0,0,1,0,0,0,0,0,0,0,0
126,51061613262,4,0,0,0,0,0,0,1,0,0,0,0,0,1
127,50912827546,6,0,0,0,0,0,0,0,0,1,0,0,0,1
128,50649217302,1,0,2,2,2,2,2,2,2,2,2,2,2,0
129,49600268281,5,0,0,0,0,0,0,0,1,0,0,0,0,0
130,49462787413,4,0,0,0,0,0,0,0,0,0,1,0,0,0
131,49650029562,0,0,2,2,2,2,2,2,2,2,2,2,2,0
132,49259187782,6,1,0,1,0,0,0,0,0,0,0,0,0,1
133,51173090436,5,0,0,0,0,0,0,0,0,1,0,0,0,0
134,51166208798,5,1,0,0,0,0,0,0,0,0,0,0,1,0
135,51105527743,3,1,0,0,0,0,0,0,0,1,0,0,0,0
136,50851538497,4,0,0,0,0,0,0,0,0,0,0,0,1,2
137,51129598749,6,0,2,2,2,2,2,2,2,2,2,2,2,0
138,51120328303,1,0,0,0,0,0,1,0,0,0,0,0,0,2
139,50517773252,5,0,2,2,2,2,2,2,2,2,2,2,2,0
140,50360865557,1,0,0,0,0,1,0,0,0,0,0,0,0,1
141,49811494876,3,0,0,0,1,0,0,0,0,0,0,0,0,0
142,49341162761,0,0,0,0,0,0,0,1,0,0,0,0,0,2
143,49233614702,5,0,2,2,2,2,2,2,2,2,2,2,2,0
144,49214967293,2,0,2,2,2,2,2,2,2,2,2,2,2,2
145,50302079721,1,0,0,1,0,0,0,0,0,0,0,0,0,1
146,48548126376,0,0,2,2,2,2,2,2,2,2,2,2,2,0
147,33448650318,1,0,0,0,0,1,0,0,0,0,0,0,0,2
148,40300213913,3,1,0,0,0,0,0,0,0,0,1,0,0,1
149,30802698637,1,1,0,0,0,0,1,0,0,0,0,0,0,2
150,29528534468,4,0,2,2,2,2,2,2,2,2,2,2,2,2
151,41918373564,5,0,2,2,2,2,2,2,2,2,2,2,2,0
152,24977242588,4,0,0,0,0,0,1,0,0,0,0,0,0,0
153,25961474253,3,0,2,2,2,2,2,2,2,2,2,2,2,2
154,26548018835,6,0,2,2,2,2,2,2,2,2,2,2,2,1
155,25562008314,2,0,0,0,0,0,0,0,0,0,0,0,1,2
156,25357659061,2,0,2,2,2,2,2,2,2,2,2,2,2,0
157,23966418883,5,0,0,0,0,0,0,0,1,0,0,0,0,2
158,24439979335,0,1,0,0,0,0,0,1,0,0,0,0,0,1
159,24190598186,6,0,0,0,0,0,0,1,0,0,0,0,0,2
160,20301542751,0,0,0,0,0,0,0,1,0,0,0,0,0,0
161,22021307622,2,0,0,0,0,0,0,0,0,1,0,0,0,2
162,47529082402,2,0,0,1,0,0,0,0,0,0,0,0,0,1
163,33827384458,3,1,2,2,2,2,2,2,2,2,2,2,2,1
164,46683115405,4,0,0,0,1,0,0,0,0,0,0,0,0,1
165,46874275674,5,0,0,0,1,0,0,0,0,0,0,0,0,0
166,38283512786,0,0,0,0,0,0,0,1,0,0,0,0,0,2
167,30994297922,2,1,0,0,0,0,0,0,0,1,0,0,0,0
168,26523952531,6,0,0,0,0,0,0,0,0,1,0,0,0,1
169,25960313705,3,0,0,0,0,0,1,0,0,0,0,0,0,0
170,9218130766,6,0,0,0,0,0,0,0,0,1,0,0,0,2
171,45992103375,0,0,0,0,0,0,0,0,1,0,0,0,0,2
172,36413993026,4,0,0,0,0,0,0,0,0,0,0,0,1,0
173,24298397253,6,0,0,0,0,0,0,0,0,0,0,1,0,1
174,22314661416,2,0,2,2,2,2,2,2,2,2,2,2,2,1
175,43764107064,5,1,0,0,0,0,0,0,0,0,0,1,0,1
176,23894257296,0,0,2,2,2,2,2,2,2,2,2,2,2,2
177,8269334865,6,0,0,0,0,0,0,1,0,0,0,0,0,2
178,45219324124,3,0,0,0,0,0,0,0,0,1,0,0,0,1
179,45883473932,6,1,0,0,0,0,0,0,0,0,1,0,0,0
180,28366509419,0,1,0,1,0,0,0,0,0,0,0,0,0,0
181,38899184321,2,1,0,0,0,0,0,0,1,0,0,0,0,2
182,29720274445,0,1,0,0,0,0,0,1,0,0,0,0,0,1
183,23946360182,5,1,0,0,0,0,0,0,0,0,0,0,1,0
184,14941151912,1,1,0,0,0,0,0,0,0,0,0,0,1,0
185,44671819342,2,1,0,0,0,0,0,0,0,0,0,0,1,0
186,26560324658,6,1,0,0,0,0,0,0,0,0,0,1,0,1
187,31211645530,5,1,0,0,0,0,0,0,1,0,0,0,0,1
188,25280720980,4,1,0,0,0,0,0,0,0,0,0,1,0,0
189,23104286182,1,1,0,1,0,0,0,0,0,0,0,0,0,0
190,20464074918,0,0,2,2,2,2,2,2,2,2,2,2,2,2
191,17492506510,5,0,2,2,2,2,2,2,2,2,2,2,2,2
192,27205897643,3,0,0,0,0,0,0,0,0,0,0,1,0,0
193,49902491112,6,0,2,2,2,2,2,2,2,2,2,2,2,0
194,48871506383,4,0,0,0,0,0,0,0,0,0,1,0,0,0
195,48453027007,4,0,0,0,0,0,0,0,0,0,0,1,0,0
196,44038543455,2,0,0,0,0,0,0,0,0,0,0,1,0,0
197,38338648121,4,0,0,0,0,0,0,0,1,0,0,0,0,0
198,37537437041,0,1,0,0,0,0,0,0,0,0,1,0,0,2
199,51182533120,6,0,2,2,2,2,2,2,2,2,2,2,2,1
200,49207565456,4,0,0,0,1,0,0,0,0,0,0,0,0,0
201,49897969782,6,0,0,0,1,0,0,0,0,0,0,0,0,0
202,51220518052,5,0,0,0,1,0,0,0,0,0,0,0,0,0
203,51219005019,5,0,0,0,0,0,1,0,0,0,0,0,0,0
204,50784571837,1,1,0,0,0,0,0,0,0,0,1,0,0,0
205,50011496948,4,1,0,0,0,1,0,0,0,0,0,0,0,1
206,49955320148,1,0,0,0,0,0,0,0,0,1,0,0,0,0
207,49955319938,1,0,2,2,2,2,2,2,2,2,2,2,2,0
208,49853325052,2,0,0,0,0,0,0,0,1,0,0,0,0,0
209,50931675668,2,0,0,0,0,1,0,0,0,0,0,0,0,1
210,50707105131,4,0,0,0,0,0,0,0,0,1,0,0,0,0
211,50552832922,6,0,2,2,2,2,2,2,2,2,2,2,2,0
212,50381104102,0,0,2,2,2,2,2,2,2,2,2,2,2,1
213,50194123197,1,0,0,0,0,0,0,0,1,0,0,0,0,2
214,46773118132,5,0,0,0,0,0,1,0,0,0,0,0,0,0
215,28845540067,6,1,0,0,0,0,0,0,1,0,0,0,0,2
216,51122042390,1,0,0,0,0,0,0,0,0,0,1,0,0,1
217,51032588347,2,0,0,0,0,0,0,0,0,0,1,0,0,1
218,15439514642,2,0,2,2,2,2,2,2,2,2,2,2,2,0
219,32191849847,2,0,0,1,0,0,0,0,0,0,0,0,0,2
220,40168730123,1,0,2,2,2,2,2,2,2,2,2,2,2,1
221,44185555380,2,0,2,2,2,2,2,2,2,2,2,2,2,0
222,41714864791,4,0,0,0,0,0,1,0,0,0,0,0,0,0
223,41675084222,4,0,0,0,0,0,0,0,0,0,1,0,0,0
224,15439418125,4,0,0,0,0,0,0,1,0,0,0,0,0,2
225,33258355278,6,1,0,0,1,0,0,0,0,0,0,0,0,1
226,40234666800,1,0,0,0,0,1,0,0,0,0,0,0,0,0
227,38872530430,2,1,2,2,2,2,2,2,2,2,2,2,2,1
228,36819065315,4,1,0,0,0,0,0,1,0,0,0,0,0,0
229,34833409411,2,0,0,0,0,0,0,0,1,0,0,0,0,1
230,34602825352,1,1,2,2,2,2,2,2,2,2,2,2,2,2
231,29751047466,0,0,0,1,0,0,0,0,0,0,0,0,0,2
232,51186866580,1,1,0,1,0,0,0,0,0,0,0,0,0,1
233,49427635726,3,1,2,2,2,2,2,2,2,2,2,2,2,0
234,45031703755,3,0,2,2,2,2,2,2,2,2,2,2,2,0
235,44248736484,2,0,2,2,2,2,2,2,2,2,2,2,2,2
236,44655003990,4,0,0,0,0,0,0,0,0,0,0,0,1,1
237,29745217967,0,0,2,2,2,2,2,2,2,2,2,2,2,2
238,46944595855,1,0,0,1,0,0,0,0,0,0,0,0,0,2
239,7475071002,3,1,0,0,0,0,1,0,0,0,0,0,0,2
240,30157966072,4,0,0,0,0,0,0,1,0,0,0,0,0,0
241,51050706093,1,1,0,0,1,0,0,0,0,0,0,0,0,1
242,50181740552,2,1,0,0,0,0,0,0,1,0,0,0,0,0
243,50160274447,3,1,0,0,1,0,0,0,0,0,0,0,0,2
244,48122366418,0,1,2,2,2,2,2,2,2,2,2,2,2,0
245,50628235237,5,1,2,2,2,2,2,2,2,2,2,2,2,1
246,49268665297,3,0,2,2,2,2,2,2,2,2,2,2,2,2
247,50890007876,6,0,2,2,2,2,2,2,2,2,2,2,2,0
248,49004038176,4,0,2,2,2,2,2,2,2,2,2,2,2,0
249,24030475520,5,0,0,0,0,0,0,1,0,0,0,0,0,1
250,23040264099,1,0,2,2,2,2,2,2,2,2,2,2,2,0
251,36923744225,4,0,0,0,1,0,0,0,0,0,0,0,0,2
252,8733574756,6,0,0,0,0,0,0,0,0,0,0,0,1,0
253,18323439904,0,1,0,0,0,0,1,0,0,0,0,0,0,0
254,43251065325,5,0,0,0,0,0,1,0,0,0,0,0,0,2
255,35090678564,2,0,0,0,0,0,0,0,0,1,0,0,0,0
256,34803704824,2,0,2,2,2,2,2,2,2,2,2,2,2,0
257,29123447106,4,0,0,0,0,0,1,0,0,0,0,0,0,2
258,23304792076,1,0,2,2,2,2,2,2,2,2,2,2,2,1
259,8159527543,2,0,2,2,2,2,2,2,2,2,2,2,2,0
260,49699136216,5,1,0,0,0,0,0,1,0,0,0,0,0,1
261,49678384373,2,1,0,0,0,0,0,0,0,1,0,0,0,0
262,47209673422,2,0,0,0,0,0,0,0,0,0,1,0,0,0
263,40227331282,1,0,2,2,2,2,2,2,2,2,2,2,2,1
264,38035382181,0,0,2,2,2,2,2,2,2,2,2,2,2,0
265,36450149466,5,0,0,0,1,0,0,0,0,0,0,0,0,0
266,8712970180,6,1,0,0,0,0,0,1,0,0,0,0,0,1
267,33844699648,3,1,0,1,0,0,0,0,0,0,0,0,0,0
268,35472834501,1,0,0,1,0,0,0,0,0,0,0,0,0,0
269,40107407601,1,0,0,0,0,0,0,0,0,0,0,0,1,2
270,22376444929,2,0,0,0,0,0,0,0,0,0,0,1,0,0
271,19911347628,0,0,0,0,0,0,0,0,0,0,1,0,0,0
272,20302759478,0,0,0,0,0,0,0,0,0,0,0,0,1,0
273,19503163115,0,0,0,0,0,0,0,1,0,0,0,0,0,2
274,17627310650,5,1,0,0,0,0,0,0,0,0,0,1,0,0
275,31971855693,3,1,0,0,0,0,0,0,0,0,0,0,1,0
276,21508999504,5,0,0,0,0,0,0,0,1,0,0,0,0,2
277,48592229036,0,1,0,0,0,0,0,0,0,0,0,1,0,2
278,50162215323,3,1,2,2,2,2,2,2,2,2,2,2,2,0
279,49812225812,4,1,2,2,2,2,2,2,2,2,2,2,2,0
280,49661232688,0,0,0,0,0,0,0,0,0,0,1,0,0,2
281,51222544608,6,0,0,1,0,0,0,0,0,0,0,0,0,0
282,50757651226,4,0,0,0,0,0,0,0,0,0,1,0,0,1
283,49043789326,0,0,0,0,0,1,0,0,0,0,0,0,0,0
284,50790221461,1,0,0,0,0,0,0,0,0,0,0,1,0,0
285,50337455337,1,1,2,2,2,2,2,2,2,2,2,2,2,0
286,50225117457,3,0,0,0,0,1,0,0,0,0,0,0,0,1
287,50052720913,0,0,0,0,0,0,0,0,1,0,0,0,0,2
288,49487981023,0,0,0,0,0,0,0,0,0,0,0,1,0,0
289,50790424133,1,0,0,0,0,0,0,0,0,0,0,1,0,0
290,50684683723,1,0,0,0,0,0,0,1,0,0,0,0,0,1
291,49678139991,2,1,0,0,0,0,0,0,0,1,0,0,0,0
292,51110282675,6,0,0,0,0,0,0,0,0,0,0,0,1,1
293,51055184267,4,0,2,2,2,2,2,2,2,2,2,2,2,0
294,50681797287,1,0,2,2,2,2,2,2,2,2,2,2,2,0
295,51167751841,5,0,0,0,0,0,0,0,0,1,0,0,0,0
296,50760628788,4,0,0,0,0,0,0,0,1,0,0,0,0,0
297,51179457800,6,0,0,1,0,0,0,0,0,0,0,0,0,1
298,50822948041,2,0,0,0,0,0,0,0,0,0,0,0,1,0
299,49771499607,6,0,0,0,0,0,0,0,0,0,1,0,0,1
300,49653708803,0,0,0,1,0,0,0,0,0,0,0,0,0,0
301,49614375688,0,0,2,2,2,2,2,2,2,2,2,2,2,0
302,48229558251,1,0,0,0,1,0,0,0,0,0,0,0,0,0
303,50670111431,1,0,0,1,0,0,0,0,0,0,0,0,0,0
304,50583786022,2,0,0,0,0,0,0,0,0,0,0,1,0,0
305,49627844133,0,0,2,2,2,2,2,2,2,2,2,2,2,0
306,51160549674,5,0,2,2,2,2,2,2,2,2,2,2,2,0
307,50391576143,0,0,0,0,1,0,0,0,0,0,0,0,0,0
308,49733185882,2,0,2,2,2,2,2,2,2,2,2,2,2,1
309,51003267921,1,0,2,2,2,2,2,2,2,2,2,2,2,0
310,50647250077,1,0,0,0,0,0,0,0,0,0,1,0,0,0
311,49733027683,2,0,2,2,2,2,2,2,2,2,2,2,2,0
312,50709814253,4,0,0,0,0,0,0,1,0,0,0,0,0,0
313,49836956627,2,0,2,2,2,2,2,2,2,2,2,2,2,2
314,50586275237,2,0,2,2,2,2,2,2,2,2,2,2,2,0
315,48896179206,2,0,2,2,2,2,2,2,2,2,2,2,2,0
316,51101567465,6,0,0,0,0,1,0,0,0,0,0,0,0,0
317,51053512102,1,0,2,2,2,2,2,2,2,2,2,2,2,0
318,50578774053,1,1,0,0,1,0,0,0,0,0,0,0,0,0
319,35531291932,1,0,2,2,2,2,2,2,2,2,2,2,2,0
320,31603000884,3,0,0,0,0,1,0,0,0,0,0,0,0,0
321,32763406882,2,0,0,0,1,0,0,0,0,0,0,0,0,0
322,22294796839,2,0,2,2,2,2,2,2,2,2,2,2,2,0
323,47994787883,3,0,2,2,2,2,2,2,2,2,2,2,2,0
324,34974262706,2,0,0,0,1,0,0,0,0,0,0,0,0,2
325,24357689169,0,1,0,0,0,0,0,0,0,0,1,0,0,1
326,10752868816,5,0,2,2,2,2,2,2,2,2,2,2,2,2
327,8247986785,6,0,0,0,1,0,0,0,0,0,0,0,0,2
328,30567556506,4,0,2,2,2,2,2,2,2,2,2,2,2,0
329,26791196013,0,1,0,0,0,0,1,0,0,0,0,0,0,2
330,33196069693,0,0,0,0,1,0,0,0,0,0,0,0,0,0
331,28355014131,0,0,0,0,0,0,1,0,0,0,0,0,0,0
332,31453536131,0,0,0,0,0,0,0,0,0,1,0,0,0,0
333,13369973975,0,0,0,0,0,0,0,0,1,0,0,0,0,0
334,11953603314,1,0,0,0,0,0,0,0,0,0,1,0,0,0
335,24810963147,0,0,0,0,0,1,0,0,0,0,0,0,0,0
336,27151783846,3,0,0,0,0,0,0,0,0,0,0,0,1,0
337,25331922363,4,0,0,0,0,0,0,0,1,0,0,0,0,2
338,28690329184,6,0,0,0,0,0,1,0,0,0,0,0,0,0
339,29079811162,4,0,0,0,0,0,0,1,0,0,0,0,0,0
340,30629127007,1,0,0,0,0,0,0,0,0,0,0,0,1,2
341,12440677063,1,0,0,0,0,0,0,1,0,0,0,0,0,0
342,17052118489,4,0,2,2,2,2,2,2,2,2,2,2,2,0
343,39840340554,4,0,2,2,2,2,2,2,2,2,2,2,2,0
344,30194275144,4,1,0,0,0,0,0,0,0,1,0,0,0,1
345,27165831200,3,0,0,0,0,0,0,0,1,0,0,0,0,0
346,45632446054,2,0,0,1,0,0,0,0,0,0,0,0,0,1
347,6981316248,6,0,0,0,0,1,0,0,0,0,0,0,0,0
348,34352654813,5,0,0,0,0,0,0,0,0,0,0,0,1,2
349,31232649528,5,0,2,2,2,2,2,2,2,2,2,2,2,0
350,44290711562,2,0,2,2,2,2,2,2,2,2,2,2,2,0
351,40752856062,0,0,2,2,2,2,2,2,2,2,2,2,2,0
352,39608400995,3,0,2,2,2,2,2,2,2,2,2,2,2,2
353,34070088986,0,0,0,0,0,0,0,0,0,0,0,0,1,0
354,33118360943,5,0,0,0,0,0,0,0,0,1,0,0,0,0
355,24914731810,0,1,0,0,1,0,0,0,0,0,0,0,0,1
356,24226663453,6,0,2,2,2,2,2,2,2,2,2,2,2,0
357,24243796611,6,0,0,0,0,0,1,0,0,0,0,0,0,0
358,24225702916,6,0,2,2,2,2,2,2,2,2,2,2,2,2
359,42996487484,4,0,0,0,0,0,0,0,0,0,0,0,1,1
360,26541251108,6,0,0,0,0,0,0,0,0,1,0,0,0,0
361,38447369670,4,1,2,2,2,2,2,2,2,2,2,2,2,0
362,40184574992,1,1,0,0,1,0,0,0,0,0,0,0,0,0
363,34180726256,0,0,2,2,2,2,2,2,2,2,2,2,2,0
364,32827393421,5,0,0,0,0,0,0,0,0,0,0,1,0,2
365,28221659253,6,0,2,2,2,2,2,2,2,2,2,2,2,0
366,27437693611,5,0,0,0,0,0,0,0,0,0,0,0,1,2
367,11627173554,1,0,2,2,2,2,2,2,2,2,2,2,2,2
368,26388255387,5,0,0,0,0,0,0,0,0,0,1,0,0,0
369,33543881160,1,0,2,2,2,2,2,2,2,2,2,2,2,0
370,17114177865,5,0,2,2,2,2,2,2,2,2,2,2,2,2
371,39006564590,2,0,0,0,0,0,0,0,1,0,0,0,0,0
372,34716461715,2,0,0,0,0,0,0,0,0,0,0,1,0,0
373,26724433479,0,1,0,0,0,0,0,0,1,0,0,0,0,0
374,12911119514,0,0,2,2,2,2,2,2,2,2,2,2,2,2
375,46919540005,1,0,0,0,0,0,0,1,0,0,0,0,0,0
376,32844881497,5,0,0,0,0,0,0,1,0,0,0,0,0,2
377,33457719601,1,0,0,0,0,0,0,0,1,0,0,0,0,0
378,31494630003,5,0,0,0,0,0,0,0,0,0,0,1,0,0
379,28508229065,1,0,0,0,0,0,1,0,0,0,0,0,0,0
380,26998923394,6,0,0,0,0,0,0,1,0,0,0,0,0,0
381,45439691344,2,0,0,0,0,0,1,0,0,0,0,0,0,0
382,50078741358,5,0,0,1,0,0,0,0,0,0,0,0,0,1
383,49751405248,0,0,2,2,2,2,2,2,2,2,2,2,2,2
384,28970552177,4,0,0,0,0,0,1,0,0,0,0,0,0,0
385,41146295185,1,0,2,2,2,2,2,2,2,2,2,2,2,0
386,51070124736,2,1,0,1,0,0,0,0,0,0,0,0,0,0
387,50706254646,4,0,2,2,2,2,2,2,2,2,2,2,2,0
388,50672544712,1,0,0,0,0,0,0,0,0,0,0,1,0,2
389,50396615832,0,0,0,0,0,0,0,0,0,0,0,0,1,0
390,50100649381,5,0,0,0,0,1,0,0,0,0,0,0,0,2
391,51196069929,3,0,0,0,0,0,0,0,0,0,0,0,1,1
392,51185358786,1,0,0,0,0,0,0,1,0,0,0,0,0,2
393,51174202273,5,0,0,1,0,0,0,0,0,0,0,0,0,2
394,51016271705,4,1,2,2,2,2,2,2,2,2,2,2,2,0
395,51007981507,3,1,0,0,0,0,0,0,1,0,0,0,0,0
396,50465373541,1,0,2,2,2,2,2,2,2,2,2,2,2,2
397,50355746762,4,0,2,2,2,2,2,2,2,2,2,2,2,1
398,50149963677,5,0,2,2,2,2,2,2,2,2,2,2,2,2
399,48962247632,5,0,0,0,0,0,0,0,0,0,0,0,1,1
400,8212215725,6,0,0,1,0,0,0,0,0,0,0,0,0,2
401,49442833643,1,0,2,2,2,2,2,2,2,2,2,2,2,1
402,49403517783,3,0,2,2,2,2,2,2,2,2,2,2,2,2
403,26980459238,6,0,0,0,1,0,0,0,0,0,0,0,0,0
404,25101819838,4,0,2,2,2,2,2,2,2,2,2,2,2,2
405,36648069732,2,0,0,0,0,0,0,0,0,0,0,0,1,1
406,10314623056,5,1,0,0,0,0,0,0,0,0,1,0,0,0
407,6815342741,3,0,2,2,2,2,2,2,2,2,2,2,2,1
408,6736745931,3,0,0,0,0,0,0,0,1,0,0,0,0,0
409,34269143091,0,1,0,0,0,1,0,0,0,0,0,0,0,2
410,30559845231,4,0,0,0,0,0,1,0,0,0,0,0,0,2
411,26571153441,6,0,2,2,2,2,2,2,2,2,2,2,2,2
412,22870805544,1,0,0,0,0,0,0,1,0,0,0,0,0,0
413,49568992086,2,0,2,2,2,2,2,2,2,2,2,2,2,0
414,49242511428,6,0,0,0,1,0,0,0,0,0,0,0,0,2
415,33310466438,6,0,0,0,0,0,0,0,0,0,0,0,1,0
416,39889245864,4,0,2,2,2,2,2,2,2,2,2,2,2,2
417,33230171512,3,0,0,0,1,0,0,0,0,0,0,0,0,0
418,49870327272,0,0,0,0,1,0,0,0,0,0,0,0,0,1
419,49070616103,0,0,0,0,0,0,0,0,1,0,0,0,0,0
420,46609922102,4,0,2,2,2,2,2,2,2,2,2,2,2,0
421,50250920656,3,0,0,0,0,0,1,0,0,0,0,0,0,0
422,48890413243,2,0,2,2,2,2,2,2,2,2,2,2,2,2
423,32057485588,3,0,2,2,2,2,2,2,2,2,2,2,2,0
424,49699224691,5,0,2,2,2,2,2,2,2,2,2,2,2,1
425,49053190282,0,1,2,2,2,2,2,2,2,2,2,2,2,0
426,47350614841,5,0,2,2,2,2,2,2,2,2,2,2,2,2
427,8977309966,6,0,2,2,2,2,2,2,2,2,2,2,2,2
428,23262744754,1,0,0,0,0,0,1,0,0,0,0,0,0,0
429,19010940268,0,0,2,2,2,2,2,2,2,2,2,2,2,2
430,48913433263,2,0,2,2,2,2,2,2,2,2,2,2,2,0
431,40864257384,0,1,2,2,2,2,2,2,2,2,2,2,2,1
432,24357666745,0,0,0,0,0,0,0,0,0,0,1,0,0,0
433,32718436026,0,0,0,0,0,0,0,1,0,0,0,0,0,0
434,27567948282,2,0,2,2,2,2,2,2,2,2,2,2,2,1
435,14160634989,0,0,0,0,0,1,0,0,0,0,0,0,0,1
436,14367475843,0,1,2,2,2,2,2,2,2,2,2,2,2,0
437,14160698310,1,1,0,0,0,0,0,0,0,0,1,0,0,1
438,50124428886,3,0,0,0,0,0,0,0,0,1,0,0,0,0
439,50051670278,0,0,0,0,0,0,0,0,0,0,0,0,1,2
440,50509345786,5,0,0,0,0,0,0,0,0,0,0,0,1,0
441,50386383908,0,0,0,0,0,0,0,0,0,0,0,1,0,0
442,50044229352,4,0,2,2,2,2,2,2,2,2,2,2,2,0
443,50526055381,1,0,0,0,0,0,0,0,0,0,0,1,0,0
444,51195595267,3,0,2,2,2,2,2,2,2,2,2,2,2,0
445,50823241668,3,0,2,2,2,2,2,2,2,2,2,2,2,0
446,50693763426,6,0,0,0,0,0,0,0,0,1,0,0,0,0
447,50088331968,3,0,0,0,0,0,0,1,0,0,0,0,0,2
448,49939923766,3,0,0,0,0,0,0,0,0,0,0,1,0,0
449,50413370032,6,0,2,2,2,2,2,2,2,2,2,2,2,0
450,49920064513,1,0,0,0,0,0,0,1,0,0,0,0,0,2
451,50433457031,4,0,0,0,0,0,0,0,1,0,0,0,0,0
452,49923012311,1,0,2,2,2,2,2,2,2,2,2,2,2,0
453,49112194411,3,1,2,2,2,2,2,2,2,2,2,2,2,0
454,50421277362,5,0,0,0,0,0,0,0,0,0,1,0,0,1
455,51053192537,1,0,2,2,2,2,2,2,2,2,2,2,2,0
456,50967431731,6,0,0,0,0,0,0,1,0,0,0,0,0,0
457,50819199927,2,0,0,0,0,0,0,0,1,0,0,0,0,0
458,51189390554,1,0,0,0,0,0,0,1,0,0,0,0,0,2
459,50731976578,5,0,0,0,1,0,0,0,0,0,0,0,0,1
460,50644371283,1,0,2,2,2,2,2,2,2,2,2,2,2,0
461,50571083402,1,0,0,0,0,0,0,0,0,0,0,1,0,1
462,51073148733,2,0,0,0,0,0,0,0,0,0,1,0,0,0
463,50838886142,4,0,2,2,2,2,2,2,2,2,2,2,2,0
464,50825221757,3,0,2,2,2,2,2,2,2,2,2,2,2,0
465,50753053316,4,1,2,2,2,2,2,2,2,2,2,2,2,2
466,50324525536,4,0,2,2,2,2,2,2,2,2,2,2,2,0
467,49816680501,4,0,2,2,2,2,2,2,2,2,2,2,2,0
468,49421693572,3,0,2,2,2,2,2,2,2,2,2,2,2,0
469,49060543248,0,0,0,0,0,0,0,0,0,1,0,0,0,1
470,48635801301,5,0,0,0,0,0,0,0,0,1,0,0,0,1
471,51152578383,5,0,0,0,0,0,0,0,1,0,0,0,0,0
472,51106536812,3,0,2,2,2,2,2,2,2,2,2,2,2,0
473,50834200797,4,0,0,0,0,0,0,0,0,0,1,0,0,0
474,49764980477,5,0,2,2,2,2,2,2,2,2,2,2,2,0
475,50980394982,6,0,0,1,0,0,0,0,0,0,0,0,0,0
476,48151188547,1,0,0,0,1,0,0,0,0,0,0,0,0,0
477,50993219356,1,1,0,0,0,1,0,0,0,0,0,0,0,0
478,50583419533,2,1,0,0,0,0,1,0,0,0,0,0,0,0
479,48015336732,4,0,0,0,0,0,0,0,0,0,0,1,0,1
480,49744789337,2,1,0,0,0,1,0,0,0,0,0,0,0,0
481,49256788156,6,0,2,2,2,2,2,2,2,2,2,2,2,0
482,50640785682,2,0,0,0,0,0,0,0,0,1,0,0,0,0
483,50097152328,3,1,2,2,2,2,2,2,2,2,2,2,2,2
484,48868270908,4,0,0,0,1,0,0,0,0,0,0,0,0,0
485,50851538442,4,0,0,0,0,0,0,0,0,0,0,0,1,0
486,49391933992,3,0,0,0,1,0,0,0,0,0,0,0,0,2
487,49063187427,0,1,0,0,0,0,0,0,0,0,0,1,0,1
488,50832672132,3,0,2,2,2,2,2,2,2,2,2,2,2,0
489,50990296206,1,0,0,0,0,0,0,0,0,0,1,0,0,0
490,48099975146,3,0,2,2,2,2,2,2,2,2,2,2,2,2
491,49012974812,4,0,2,2,2,2,2,2,2,2,2,2,2,1
492,48297506702,2,0,0,0,0,0,0,1,0,0,0,0,0,0
493,48366306577,3,0,0,0,0,0,0,1,0,0,0,0,0,0
494,48984648597,4,0,0,0,0,0,0,0,0,0,0,0,1,1
495,51217021707,5,0,2,2,2,2,2,2,2,2,2,2,2,0
496,50575806818,1,0,2,2,2,2,2,2,2,2,2,2,2,0
497,51119687728,1,1,0,0,0,0,0,0,1,0,0,0,0,2
498,49631023682,0,0,0,1,0,0,0,0,0,0,0,0,0,0
499,48055070151,2,0,2,2,2,2,2,2,2,2,2,2,2,1
500,29101819036,4,0,0,0,0,0,0,0,0,0,0,0,1,2
501,16743081068,3,1,0,0,0,0,0,0,0,0,0,1,0,1
502,34123427542,0,0,2,2,2,2,2,2,2,2,2,2,2,1
503,46458937701,6,0,0,1,0,0,0,0,0,0,0,0,0,0
504,36796777303,4,0,2,2,2,2,2,2,2,2,2,2,2,0
505,34784861770,2,0,0,0,0,0,0,0,0,0,0,1,0,0
506,32523558176,5,0,0,0,0,1,0,0,0,0,0,0,0,0
507,29703945961,0,0,0,0,0,0,0,0,0,0,0,1,0,0
508,20912432118,5,1,0,0,0,0,0,1,0,0,0,0,0,1
509,20733622158,1,0,2,2,2,2,2,2,2,2,2,2,2,2
510,10046244084,5,1,0,0,0,1,0,0,0,0,0,0,0,1
511,6392313101,6,0,0,0,0,0,0,1,0,0,0,0,0,2
512,28566592136,0,0,0,0,0,0,0,0,0,0,1,0,0,2
513,42295842374,5,0,0,0,0,1,0,0,0,0,0,0,0,0
514,35834532863,0,0,0,1,0,0,0,0,0,0,0,0,0,1
515,34568918290,1,0,2,2,2,2,2,2,2,2,2,2,2,0
516,15294513749,1,0,2,2,2,2,2,2,2,2,2,2,2,0
517,46273287642,5,0,0,0,0,0,0,0,0,0,1,0,0,0
518,42114431750,5,0,0,0,0,0,0,0,0,0,0,1,0,2
519,37988916344,0,0,0,0,0,0,1,0,0,0,0,0,0,1
520,7666864934,3,0,2,2,2,2,2,2,2,2,2,2,2,0
521,32140620877,3,0,0,0,0,0,0,0,1,0,0,0,0,1
522,44873802605,6,0,0,0,1,0,0,0,0,0,0,0,0,1
523,31582618574,2,0,0,0,0,1,0,0,0,0,0,0,0,0
524,15916428994,3,0,0,0,1,0,0,0,0,0,0,0,0,0
525,33991428103,3,0,0,0,0,0,1,0,0,0,0,0,0,0
526,42522056904,3,0,0,0,0,0,0,0,0,0,0,1,0,0
527,26313163520,4,0,2,2,2,2,2,2,2,2,2,2,2,1
528,37532870136,0,0,0,0,0,0,0,0,0,0,0,1,0,1
529,18685120339,0,0,0,0,0,0,0,0,0,0,0,1,0,0
530,15667929129,2,0,2,2,2,2,2,2,2,2,2,2,2,0
531,42354094751,0,0,0,0,0,0,0,0,1,0,0,0,0,0
532,39413609904,1,0,2,2,2,2,2,2,2,2,2,2,2,1
533,38291879926,0,0,0,0,0,1,0,0,0,0,0,0,0,0
534,40281840073,3,0,0,0,0,0,0,0,0,0,0,1,0,0
535,45824464205,6,0,0,0,1,0,0,0,0,0,0,0,0,0
536,43721101090,5,0,0,0,0,0,1,0,0,0,0,0,0,0
537,25901413908,3,0,0,0,1,0,0,0,0,0,0,0,0,0
538,39442624791,1,0,2,2,2,2,2,2,2,2,2,2,2,1
539,27425655237,5,1,0,0,0,0,0,0,0,0,0,1,0,1
540,15417149783,1,0,0,0,0,0,0,0,0,1,0,0,0,0
541,35491572924,1,0,0,1,0,0,0,0,0,0,0,0,0,0
542,38456868740,4,0,2,2,2,2,2,2,2,2,2,2,2,0
543,36460515786,2,0,0,0,0,0,0,0,0,0,0,1,0,0
544,29949433422,0,0,2,2,2,2,2,2,2,2,2,2,2,0
545,6815343423,3,0,0,0,0,0,0,0,0,0,0,1,0,0
546,39995883673,1,0,0,1,0,0,0,0,0,0,0,0,0,0
547,34670550452,1,0,0,0,0,0,1,0,0,0,0,0,0,0
548,16490035671,0,0,0,0,0,0,0,0,0,0,0,0,1,0
549,44066287744,2,1,2,2,2,2,2,2,2,2,2,2,2,1
550,29848851937,1,1,0,0,0,0,0,1,0,0,0,0,0,0
551,42970434770,4,0,2,2,2,2,2,2,2,2,2,2,2,0
552,37420432196,0,0,0,0,0,0,1,0,0,0,0,0,0,1
553,28070724004,6,1,2,2,2,2,2,2,2,2,2,2,2,1
554,23779198560,0,0,0,0,0,0,0,0,0,0,0,1,0,0
555,27377926339,5,0,0,0,0,0,0,0,0,0,1,0,0,0
556,40161528611,1,0,0,1,0,0,0,0,0,0,0,0,0,0
557,38582609172,1,-1,-1,-1,-1,-1,-1,-1,-1,-1,-1,-1,-1,-1
558,27114337716,3,0,2,2,2,2,2,2,2,2,2,2,2,0
559,12114524526,1,0,0,0,0,0,0,1,0,0,0,0,0,0
560,30426694404,3,0,0,0,0,0,1,0,0,0,0,0,0,0
561,49742338021,2,0,0,0,0,0,0,0,0,0,1,0,0,0
562,38253617662,0,0,0,0,0,0,0,1,0,0,0,0,0,0
563,31568367072,6,0,0,1,0,0,0,0,0,0,0,0,0,0
564,6775040902,3,0,0,0,0,0,0,0,1,0,0,0,0,1
565,27486723564,5,0,0,0,0,0,0,0,0,0,1,0,0,0
566,12066664226,1,0,0,0,0,0,0,0,0,0,0,1,0,0
567,16952284208,4,0,2,2,2,2,2,2,2,2,2,2,2,2
568,41840088570,4,0,0,0,0,0,0,0,0,0,0,1,0,0
569,36902751680,4,0,2,2,2,2,2,2,2,2,2,2,2,1
570,46145395301,5,0,0,0,0,1,0,0,0,0,0,0,0,1
571,42889920855,4,0,0,0,0,0,0,1,0,0,0,0,0,0
572,35266296484,5,0,2,2,2,2,2,2,2,2,2,2,2,0
573,33622921595,1,0,2,2,2,2,2,2,2,2,2,2,2,0
574,25984622864,3,1,2,2,2,2,2,2,2,2,2,2,2,0
575,33225983871,2,0,0,0,0,0,0,1,0,0,0,0,0,0
576,24722730327,0,0,0,1,0,0,0,0,0,0,0,0,0,2
577,29140663585,4,0,0,0,0,0,0,0,0,0,1,0,0,0
578,27405635422,5,0,0,0,0,1,0,0,0,0,0,0,0,0
579,22837009377,1,0,0,0,0,1,0,0,0,0,0,0,0,0
580,22292625866,2,1,2,2,2,2,2,2,2,2,2,2,2,0
581,33965855864,3,0,2,2,2,2,2,2,2,2,2,2,2,2
582,24335312310,0,1,0,1,0,0,0,0,0,0,0,0,0,0
583,9047120889,6,0,0,0,0,0,0,0,0,0,0,1,0,0
584,47477565991,5,0,0,0,0,1,0,0,0,0,0,0,0,0
585,37206565456,0,0,0,0,0,0,0,0,0,0,1,0,0,0
586,32734889930,0,1,0,0,0,0,0,1,0,0,0,0,0,2
587,5804929580,6,0,0,0,0,0,0,1,0,0,0,0,0,0
588,37574384774,0,0,2,2,2,2,2,2,2,2,2,2,2,1
589,37707189196,0,0,0,0,0,0,0,0,1,0,0,0,0,2
590,36828134633,4,0,0,0,0,0,0,0,0,1,0,0,0,0
591,31362803212,2,1,0,0,0,0,0,0,0,0,1,0,0,0
592,31391382271,2,1,0,0,0,0,0,0,1,0,0,0,0,0
593,47347015772,5,0,2,2,2,2,2,2,2,2,2,2,2,0
594,47201027762,2,0,2,2,2,2,2,2,2,2,2,2,2,0
595,41849915745,4,0,2,2,2,2,2,2,2,2,2,2,2,2
596,42398919812,0,0,0,1,0,0,0,0,0,0,0,0,0,0
597,40970555915,0,0,2,2,2,2,2,2,2,2,2,2,2,0
598,27361965226,5,0,0,0,0,0,0,1,0,0,0,0,0,0
599,26465899702,6,0,2,2,2,2,2,2,2,2,2,2,2,1
600,50246033386,3,0,0,0,0,1,0,0,0,0,0,0,0,2
601,50681757511,1,0,2,2,2,2,2,2,2,2,2,2,2,0
602,29200655307,4,0,0,0,0,0,0,0,1,0,0,0,0,2
603,38498295836,4,0,2,2,2,2,2,2,2,2,2,2,2,0
604,26232663129,4,0,0,0,0,0,0,0,0,0,0,0,1,0
605,16179827890,0,0,0,0,0,0,0,0,0,0,0,0,1,0
606,15146561420,1,0,0,0,0,0,0,0,0,0,1,0,0,1
607,36073568152,0,0,0,0,0,0,1,0,0,0,0,0,0,2
608,30199058636,5,0,0,0,0,1,0,0,0,0,0,0,0,0
609,30304344765,5,0,2,2,2,2,2,2,2,2,2,2,2,0
610,28649235551,0,0,0,0,1,0,0,0,0,0,0,0,0,0
611,21468828681,5,0,0,0,0,0,0,1,0,0,0,0,0,0
612,36501326390,2,0,0,0,0,1,0,0,0,0,0,0,0,0
613,24854441276,0,0,0,0,0,0,0,0,0,1,0,0,0,1
614,16901766977,4,1,0,0,0,0,0,0,0,0,0,1,0,2
615,46446336612,6,0,2,2,2,2,2,2,2,2,2,2,2,1
616,30486127297,4,0,2,2,2,2,2,2,2,2,2,2,2,2
617,42289668785,5,0,0,0,0,1,0,0,0,0,0,0,0,0
618,39043996484,2,1,0,0,0,0,0,0,0,1,0,0,0,0
619,39026197542,2,0,0,0,1,0,0,0,0,0,0,0,0,2
620,36910556956,4,0,0,1,0,0,0,0,0,0,0,0,0,2
621,30158049220,0,0,2,2,2,2,2,2,2,2,2,2,2,1
622,30041889782,4,0,0,0,0,0,0,0,0,0,1,0,0,2
623,18898145409,0,0,0,0,0,0,1,0,0,0,0,0,0,1
624,49906127182,6,0,2,2,2,2,2,2,2,2,2,2,2,1
625,49096291118,3,0,2,2,2,2,2,2,2,2,2,2,2,1
626,48553225937,0,0,0,0,0,0,1,0,0,0,0,0,0,0
627,49389809923,3,1,2,2,2,2,2,2,2,2,2,2,2,0
628,49807636216,3,0,0,0,0,0,0,0,0,0,0,0,1,1
629,49665331963,0,1,2,2,2,2,2,2,2,2,2,2,2,1
630,47962721141,0,0,0,0,0,0,0,1,0,0,0,0,0,1
631,33884674778,3,1,2,2,2,2,2,2,2,2,2,2,2,1
632,17238615331,1,1,0,0,0,0,0,0,0,0,0,1,0,2
633,44822037485,5,0,0,0,0,0,0,0,0,0,0,0,1,1
634,42953252274,4,0,0,0,1,0,0,0,0,0,0,0,0,2
635,24603850897,0,0,2,2,2,2,2,2,2,2,2,2,2,2
636,28930543464,4,0,0,0,1,0,0,0,0,0,0,0,0,2
637,28535214634,0,0,0,0,0,1,0,0,0,0,0,0,0,1
638,28869517920,6,0,2,2,2,2,2,2,2,2,2,2,2,2
639,27365068532,5,0,0,0,0,0,0,0,0,0,0,1,0,1
640,49832722838,6,1,0,1,0,0,0,0,0,0,0,0,0,2
641,50587723872,2,1,2,2,2,2,2,2,2,2,2,2,2,1
642,47758677752,5,1,0,0,0,0,0,0,0,1,0,0,0,2
643,51056658051,4,0,0,0,1,0,0,0,0,0,0,0,0,2
644,51056688097,4,0,0,1,0,0,0,0,0,0,0,0,0,2
645,51036977518,4,0,0,0,0,0,0,0,0,1,0,0,0,1
646,50430590231,4,0,0,0,1,0,0,0,0,0,0,0,0,0
647,50430587211,4,0,0,0,0,0,0,0,0,0,0,0,1,1
648,50422867606,5,0,2,2,2,2,2,2,2,2,2,2,2,0
649,50408798837,6,0,2,2,2,2,2,2,2,2,2,2,2,1
650,50258760413,0,0,0,0,0,0,0,0,0,0,0,1,0,0
651,50255854357,0,0,0,0,0,0,1,0,0,0,0,0,0,2
652,50210430012,2,0,0,0,0,0,0,0,0,0,0,1,0,0
653,50139800202,5,0,0,0,0,0,0,0,0,0,0,0,1,0
654,50090955082,3,0,0,0,0,0,0,0,1,0,0,0,0,2
655,50059927153,0,0,0,0,1,0,0,0,0,0,0,0,0,2
656,50027961543,4,0,0,0,0,0,1,0,0,0,0,0,0,2
657,51118889927,1,0,0,0,0,0,0,0,1,0,0,0,0,0
658,51055708528,4,0,2,2,2,2,2,2,2,2,2,2,2,0
659,51055989192,4,0,2,2,2,2,2,2,2,2,2,2,2,2
660,50917857938,2,0,0,0,0,0,0,0,0,0,0,1,0,0
661,50839190556,4,0,0,1,0,0,0,0,0,0,0,0,0,0
662,50832096841,3,0,2,2,2,2,2,2,2,2,2,2,2,1
663,50678363463,1,0,0,0,0,0,0,0,0,0,0,0,1,0
664,50339050782,1,0,0,0,1,0,0,0,0,0,0,0,0,2
665,50025435908,4,0,0,0,0,0,0,0,1,0,0,0,0,1
666,49848904873,2,0,0,0,0,0,0,0,0,0,1,0,0,0
667,49848193028,2,0,0,0,0,1,0,0,0,0,0,0,0,0
668,49830999606,6,0,0,0,0,1,0,0,0,0,0,0,0,2
669,49813639578,4,0,0,0,0,0,0,0,0,0,1,0,0,1
670,49813533888,4,0,0,0,0,0,1,0,0,0,0,0,0,2
671,49813984766,4,0,0,0,0,0,0,0,0,1,0,0,0,2
672,49792469368,3,0,0,1,0,0,0,0,0,0,0,0,0,1
673,49760843761,0,0,0,0,0,0,1,0,0,0,0,0,0,0
674,49728345078,2,0,2,2,2,2,2,2,2,2,2,2,2,2
675,49671445282,0,0,2,2,2,2,2,2,2,2,2,2,2,2
676,49658353973,0,0,2,2,2,2,2,2,2,2,2,2,2,2
677,49655917207,0,0,0,1,0,0,0,0,0,0,0,0,0,0
678,49653284791,0,0,0,0,0,0,0,0,0,0,1,0,0,2
679,49629268098,0,0,0,1,0,0,0,0,0,0,0,0,0,1
680,49620390941,0,0,0,0,0,0,1,0,0,0,0,0,0,0
681,49619640872,0,0,0,0,0,1,0,0,0,0,0,0,0,1
682,49591413838,5,0,0,0,1,0,0,0,0,0,0,0,0,1
683,49566278772,2,0,0,0,0,0,0,0,0,1,0,0,0,2
684,49545302621,5,0,0,0,0,0,0,1,0,0,0,0,0,1
685,49345200112,0,0,2,2,2,2,2,2,2,2,2,2,2,2
686,49274169162,3,1,0,0,0,0,0,0,0,0,0,1,0,2
687,49831051531,6,0,0,1,0,0,0,0,0,0,0,0,0,1
688,49831352742,6,0,0,0,0,0,1,0,0,0,0,0,0,0
689,49816620496,4,0,0,0,0,0,0,1,0,0,0,0,0,1
690,49732471338,2,0,0,1,0,0,0,0,0,0,0,0,0,1
691,49487979953,0,0,0,0,1,0,0,0,0,0,0,0,0,1
692,49258187657,6,0,2,2,2,2,2,2,2,2,2,2,2,1
693,49212939457,1,0,0,0,0,0,0,0,0,0,0,1,0,1
694,49193654042,4,0,2,2,2,2,2,2,2,2,2,2,2,2
695,49069282792,0,0,2,2,2,2,2,2,2,2,2,2,2,1
696,49033746317,0,0,0,0,0,1,0,0,0,0,0,0,0,1
697,49023886333,4,0,2,2,2,2,2,2,2,2,2,2,2,1
698,48631169032,5,0,0,0,0,0,0,0,0,1,0,0,0,2
699,48617098693,5,0,2,2,2,2,2,2,2,2,2,2,2,2
700,49245588603,6,0,2,2,2,2,2,2,2,2,2,2,2,0
701,48840423598,1,0,0,0,0,0,0,0,0,0,0,0,1,0
702,48723842557,1,0,0,0,0,0,0,0,0,1,0,0,0,0
703,48654640183,4,0,0,0,0,0,0,1,0,0,0,0,0,0
704,48108476452,3,0,2,2,2,2,2,2,2,2,2,2,2,2
705,32241808007,2,0,0,0,1,0,0,0,0,0,0,0,0,1
706,46960019461,1,0,0,0,0,0,0,0,0,0,0,0,1,1
707,46818929272,5,0,2,2,2,2,2,2,2,2,2,2,2,1
708,39842588193,4,0,2,2,2,2,2,2,2,2,2,2,2,2
709,45044949301,3,0,0,0,0,0,1,0,0,0,0,0,0,1
710,43794084205,5,0,2,2,2,2,2,2,2,2,2,2,2,2
711,29115570027,4,0,0,0,0,1,0,0,0,0,0,0,0,2
712,48315973047,2,0,0,0,0,0,0,1,0,0,0,0,0,2
713,47413320761,5,0,0,0,0,0,0,0,1,0,0,0,0,1
714,45907437565,6,0,0,1,0,0,0,0,0,0,0,0,0,1
715,46756094782,5,0,0,0,0,0,1,0,0,0,0,0,0,0
716,46808643911,5,0,0,0,0,0,0,0,1,0,0,0,0,0
717,39729768833,4,0,0,0,0,0,0,1,0,0,0,0,0,0
718,46694611721,5,0,0,0,0,0,0,0,1,0,0,0,0,0
719,46694607111,4,0,2,2,2,2,2,2,2,2,2,2,2,2
720,44685182410,6,0,0,0,0,0,0,0,0,0,0,0,1,1
721,44622431662,4,0,2,2,2,2,2,2,2,2,2,2,2,1
722,44622431572,4,0,0,0,0,0,0,0,0,0,0,1,0,1
723,44622431502,4,0,0,0,0,1,0,0,0,0,0,0,0,2
724,44622431372,4,0,0,0,0,0,0,0,0,0,1,0,0,2
725,44671942111,3,0,0,0,0,0,0,1,0,0,0,0,0,1
726,43933062501,2,0,2,2,2,2,2,2,2,2,2,2,2,1
727,43175406362,5,0,0,1,0,0,0,0,0,0,0,0,0,0
728,46641794952,4,0,0,0,0,0,0,0,0,0,0,0,1,1
729,45779353875,6,0,2,2,2,2,2,2,2,2,2,2,2,2
730,43841829041,5,0,2,2,2,2,2,2,2,2,2,2,2,0
731,41829837670,4,0,0,0,0,0,0,0,0,0,0,0,1,1
732,28378977477,0,0,0,0,1,0,0,0,0,0,0,0,0,2
733,40911376430,0,0,2,2,2,2,2,2,2,2,2,2,2,0
734,39417569972,1,0,0,0,0,1,0,0,0,0,0,0,0,1
735,38975118951,2,0,0,0,0,0,1,0,0,0,0,0,0,0
736,38219514854,0,0,0,0,0,0,0,0,0,0,0,0,1,0
737,26679602789,0,0,0,0,0,0,0,0,0,1,0,0,0,0
738,37376883172,0,0,2,2,2,2,2,2,2,2,2,2,2,1
739,36570808173,2,0,0,0,0,0,0,0,0,0,0,1,0,1
740,37118180351,0,0,0,0,0,0,0,0,0,0,1,0,0,0
741,35685484664,1,0,0,0,0,0,0,1,0,0,0,0,0,1
742,33919347891,3,0,2,2,2,2,2,2,2,2,2,2,2,1
743,39019815482,2,0,2,2,2,2,2,2,2,2,2,2,2,1
744,27156811079,3,0,0,1,0,0,0,0,0,0,0,0,0,0
745,38442254386,4,0,2,2,2,2,2,2,2,2,2,2,2,2
746,37173937495,0,0,0,0,0,1,0,0,0,0,0,0,0,2
747,36066927654,0,0,0,0,0,1,0,0,0,0,0,0,0,2
748,35442281573,1,0,0,0,0,0,0,0,0,0,0,1,0,2
749,35364054743,5,0,0,0,0,0,0,1,0,0,0,0,0,2
750,34814251024,2,1,2,2,2,2,2,2,2,2,2,2,2,2
751,35387990602,5,0,0,0,0,0,1,0,0,0,0,0,0,1
752,34336351984,0,0,0,0,0,0,0,1,0,0,0,0,0,2
753,33501212421,1,0,0,0,0,0,0,0,1,0,0,0,0,0
754,33002852020,1,0,0,0,0,0,0,0,0,0,0,0,1,1
755,32363158814,4,0,0,0,0,0,0,0,0,1,0,0,0,2
756,33160121305,5,0,0,0,0,0,0,0,0,0,1,0,0,2
757,32633227181,5,0,0,0,0,1,0,0,0,0,0,0,0,2
758,32430978456,4,0,0,0,0,0,1,0,0,0,0,0,0,2
759,31691774252,3,0,0,0,1,0,0,0,0,0,0,0,0,0
760,31340442991,2,0,0,0,0,0,0,1,0,0,0,0,0,2
761,30350819916,5,0,0,0,0,0,0,0,0,1,0,0,0,2
762,30261046665,5,0,2,2,2,2,2,2,2,2,2,2,2,0
763,30092693426,4,0,2,2,2,2,2,2,2,2,2,2,2,1
764,33160118765,5,0,0,0,0,0,0,0,0,1,0,0,0,0
765,33160103765,5,0,0,0,0,0,0,0,0,1,0,0,0,1
766,26426462263,6,0,0,0,0,0,0,0,1,0,0,0,0,2
767,26713192266,0,0,0,0,0,0,0,0,0,1,0,0,0,2
768,26672478111,0,0,0,0,0,0,0,0,0,1,0,0,0,0
769,26466033210,6,0,0,0,0,0,0,0,1,0,0,0,0,0
770,26402696120,6,0,2,2,2,2,2,2,2,2,2,2,2,0
771,24626448836,0,0,0,0,0,0,0,1,0,0,0,0,0,2
772,24545181285,0,0,2,2,2,2,2,2,2,2,2,2,2,0
773,24179576060,6,0,0,0,0,0,0,0,0,0,0,0,1,0
774,24331672182,4,0,0,0,0,0,0,0,0,0,0,1,0,2
775,23971924776,5,0,2,2,2,2,2,2,2,2,2,2,2,2
776,26132826074,3,0,2,2,2,2,2,2,2,2,2,2,2,0
777,26583391802,6,0,0,1,0,0,0,0,0,0,0,0,0,1
778,25586974104,2,0,0,0,0,0,0,1,0,0,0,0,0,1
779,24854745500,0,0,0,0,0,0,1,0,0,0,0,0,0,0
780,24324091143,6,0,0,0,0,0,1,0,0,0,0,0,0,2
781,24583302419,0,0,0,0,0,0,0,0,0,0,0,1,0,0
782,24252579644,6,0,0,0,0,0,1,0,0,0,0,0,0,0
783,23694154952,0,0,2,2,2,2,2,2,2,2,2,2,2,2
784,22441855316,2,0,0,0,0,0,0,0,0,1,0,0,0,0
785,21575347869,0,0,2,2,2,2,2,2,2,2,2,2,2,2
786,20328265319,0,1,2,2,2,2,2,2,2,2,2,2,2,2
787,19387445260,0,0,0,0,0,0,0,0,0,1,0,0,0,1
788,18620192772,0,0,2,2,2,2,2,2,2,2,2,2,2,0
789,16675779678,3,0,2,2,2,2,2,2,2,2,2,2,2,2
790,15347553226,1,1,0,0,0,0,0,0,0,0,1,0,0,0
791,20053452662,0,0,0,0,0,0,1,0,0,0,0,0,0,1
792,19884786962,0,0,0,0,0,0,0,0,0,0,0,0,1,2
793,16528053493,0,0,2,2,2,2,2,2,2,2,2,2,2,1
794,16344467667,0,0,0,0,0,0,0,0,0,1,0,0,0,1
795,15511787012,2,0,0,1,0,0,0,0,0,0,0,0,0,0
796,14649228106,0,0,2,2,2,2,2,2,2,2,2,2,2,0
797,50951726531,6,0,2,2,2,2,2,2,2,2,2,2,2,1
798,50282376643,3,0,0,0,0,0,0,0,0,1,0,0,0,2
799,50029294317,4,0,0,0,0,0,0,1,0,0,0,0,0,1
800,51103185823,3,0,0,0,0,0,0,0,0,0,0,1,0,1
801,50956154752,5,0,0,1,0,0,0,0,0,0,0,0,0,0
802,50288261852,1,1,2,2,2,2,2,2,2,2,2,2,2,1
803,49894328062,6,0,0,0,0,1,0,0,0,0,0,0,0,0
804,49506253733,2,-1,-1,-1,-1,-1,-1,-1,-1,-1,-1,-1,-1,-1
805,48912354891,2,0,0,0,0,0,0,0,0,0,0,0,1,1
806,48830663747,1,0,0,0,0,0,1,0,0,0,0,0,0,1
807,48823981812,5,0,2,2,2,2,2,2,2,2,2,2,2,1
808,48767537933,2,0,2,2,2,2,2,2,2,2,2,2,2,2
809,48651702718,4,0,0,0,0,0,0,0,1,0,0,0,0,0
810,48652175677,4,0,0,0,0,1,0,0,0,0,0,0,0,1
811,48549124832,0,0,2,2,2,2,2,2,2,2,2,2,2,2
812,48534614081,0,0,2,2,2,2,2,2,2,2,2,2,2,0
813,48526511256,0,0,2,2,2,2,2,2,2,2,2,2,2,2
814,48510102977,4,0,0,0,0,0,0,0,0,0,1,0,0,1
815,48501577077,4,0,2,2,2,2,2,2,2,2,2,2,2,1
816,50363893942,1,0,0,0,0,0,0,0,0,0,0,0,1,1
817,49997867437,6,0,2,2,2,2,2,2,2,2,2,2,2,0
818,49340168963,0,0,0,0,0,1,0,0,0,0,0,0,0,1
819,48916600543,1,0,0,0,0,0,0,0,0,0,0,0,1,1
820,48734979188,1,0,0,1,0,0,0,0,0,0,0,0,0,2
821,48536115706,0,0,0,1,0,0,0,0,0,0,0,0,0,0
822,48285977981,2,0,0,0,0,0,1,0,0,0,0,0,0,1
823,48277588241,2,0,0,0,0,0,0,0,0,0,1,0,0,0
824,48261306677,2,0,0,0,0,1,0,0,0,0,0,0,0,0
825,48184597077,0,0,0,0,0,0,0,0,0,0,0,1,0,2
826,48176480842,0,0,0,0,0,1,0,0,0,0,0,0,0,1
827,48137298722,0,0,2,2,2,2,2,2,2,2,2,2,2,2
828,48111973592,3,0,0,0,0,0,0,0,0,0,0,1,0,2
829,47088992164,2,0,0,0,0,0,0,1,0,0,0,0,0,1
830,47525221762,4,0,0,0,0,1,0,0,0,0,0,0,0,2
831,47561471591,2,0,0,0,0,1,0,0,0,0,0,0,0,2
832,44747627675,6,0,2,2,2,2,2,2,2,2,2,2,2,2
833,44946393591,6,0,0,0,0,0,0,0,0,0,0,1,0,2
834,48238725242,1,0,2,2,2,2,2,2,2,2,2,2,2,1
835,48193873222,2,0,2,2,2,2,2,2,2,2,2,2,2,1
836,48176504636,0,0,0,0,0,0,0,0,0,1,0,0,0,1
837,48035887913,1,0,0,0,1,0,0,0,0,0,0,0,0,2
838,48018515548,1,0,0,0,0,0,0,0,0,1,0,0,0,2
839,47985060603,3,0,0,1,0,0,0,0,0,0,0,0,0,0
840,47496097211,5,0,0,0,0,0,1,0,0,0,0,0,0,1
841,32497235207,2,0,0,0,0,1,0,0,0,0,0,0,0,2
842,46611085414,4,0,0,0,1,0,0,0,0,0,0,0,0,2
843,44058008180,2,0,0,0,0,0,0,0,0,0,0,1,0,1
844,44532427535,4,0,0,0,0,0,0,0,1,0,0,0,0,0
845,44819677961,4,0,0,0,0,0,0,0,0,0,1,0,0,2
846,28506723518,0,0,0,0,0,0,0,1,0,0,0,0,0,1
847,28052534158,6,0,0,0,0,0,0,0,0,0,0,1,0,1
848,41650155611,3,0,2,2,2,2,2,2,2,2,2,2,2,2
849,26509685887,6,0,0,0,0,0,0,0,0,1,0,0,0,1
850,38869563974,2,0,2,2,2,2,2,2,2,2,2,2,2,1
851,34931349934,2,0,0,0,1,0,0,0,0,0,0,0,0,0
852,28246744067,6,0,2,2,2,2,2,2,2,2,2,2,2,0
853,40716296105,1,0,0,0,0,0,0,0,1,0,0,0,0,0
854,40471247715,4,0,0,0,0,1,0,0,0,0,0,0,0,2
855,37628812860,0,0,0,0,1,0,0,0,0,0,0,0,0,1
856,37878975451,0,0,2,2,2,2,2,2,2,2,2,2,2,2
857,36101186001,0,0,0,0,0,1,0,0,0,0,0,0,0,1
858,35833009360,0,0,0,0,0,0,0,0,0,0,0,1,0,1
859,35783584125,0,1,0,0,1,0,0,0,0,0,0,0,0,1
860,35417042471,5,0,0,0,0,0,1,0,0,0,0,0,0,1
861,35246419381,5,0,2,2,2,2,2,2,2,2,2,2,2,2
862,33716042725,3,0,0,0,0,0,0,0,0,1,0,0,0,0
863,32631395371,5,0,0,0,1,0,0,0,0,0,0,0,0,1
864,31702317446,3,1,0,0,0,0,0,0,0,0,0,1,0,0
865,34250182935,0,0,0,0,0,0,0,0,0,0,0,1,0,0
866,33913557121,3,0,0,0,0,1,0,0,0,0,0,0,0,0
867,33423756545,1,0,0,0,0,0,0,0,0,0,1,0,0,0
868,31301522974,2,0,0,0,0,0,1,0,0,0,0,0,0,0
869,30777760071,1,0,0,0,0,0,0,1,0,0,0,0,0,2
870,27629093726,2,0,0,0,0,0,0,0,0,1,0,0,0,0
871,29713447491,0,0,0,0,0,0,0,0,0,1,0,0,0,0
872,28986729862,4,0,0,0,0,0,1,0,0,0,0,0,0,0
873,28986725082,4,0,0,0,0,1,0,0,0,0,0,0,0,0
874,27009026503,6,0,0,0,0,0,0,0,0,0,0,0,1,0
875,21192348098,5,0,2,2,2,2,2,2,2,2,2,2,2,1
876,20019492218,0,0,0,1,0,0,0,0,0,0,0,0,0,2
877,14443483415,0,0,0,0,0,0,0,0,0,0,1,0,0,2
878,13916860217,0,0,0,0,0,0,1,0,0,0,0,0,0,2
879,13358227345,0,1,0,0,1,0,0,0,0,0,0,0,0,2
880,19534672106,0,0,2,2,2,2,2,2,2,2,2,2,2,1
881,16425410043,0,0,0,0,0,0,1,0,0,0,0,0,0,0
882,16600310959,0,1,0,0,0,0,0,0,0,1,0,0,0,0
883,15925308766,3,0,0,0,0,0,0,0,1,0,0,0,0,2
884,15029828204,1,1,2,2,2,2,2,2,2,2,2,2,2,2
885,15114346880,1,0,0,0,0,0,0,0,0,0,0,1,0,0
886,14442335184,0,1,0,0,0,0,0,0,0,0,0,0,1,1
887,7365354944,6,0,0,0,0,0,0,0,0,0,0,1,0,0
888,6759782515,3,0,0,0,0,0,0,0,0,0,0,0,1,0
889,8022693800,1,0,0,0,0,0,0,0,1,0,0,0,0,1
890,8022656131,1,0,0,1,0,0,0,0,0,0,0,0,0,0
891,8022650101,1,0,2,2,2,2,2,2,2,2,2,2,2,2
892,7466178410,3,0,2,2,2,2,2,2,2,2,2,2,2,1
893,7365355468,6,0,2,2,2,2,2,2,2,2,2,2,2,1
894,7105776591,6,0,2,2,2,2,2,2,2,2,2,2,2,2
895,6916250756,3,0,0,0,0,1,0,0,0,0,0,0,0,2
896,6916247106,3,0,0,0,0,0,0,0,0,0,1,0,0,0
897,31787185887,3,0,2,2,2,2,2,2,2,2,2,2,2,0
898,16396824141,0,1,0,0,0,0,0,0,0,0,0,0,1,2
899,32322708707,3,0,2,2,2,2,2,2,2,2,2,2,2,0
900,49959626682,1,0,0,0,0,0,0,0,0,0,1,0,0,0
901,49237683853,6,1,0,0,1,0,0,0,0,0,0,0,0,2
902,38680577204,1,0,0,0,0,0,0,0,0,0,0,0,1,1
903,24761500507,0,1,2,2,2,2,2,2,2,2,2,2,2,2
904,35706998084,1,1,0,0,0,0,0,0,0,0,0,0,1,0
905,33116582065,5,0,0,0,0,0,1,0,0,0,0,0,0,1
906,32547226621,5,0,0,0,0,0,0,0,0,0,0,0,1,0
907,50264829283,3,1,2,2,2,2,2,2,2,2,2,2,2,0
908,50251071047,3,1,0,0,0,0,0,0,0,0,0,0,1,0
909,50494086923,2,0,0,1,0,0,0,0,0,0,0,0,0,1
910,48045532978,1,1,2,2,2,2,2,2,2,2,2,2,2,1
911,32056343318,3,0,0,0,0,0,0,1,0,0,0,0,0,2
912,43166397360,5,0,0,0,0,0,1,0,0,0,0,0,0,0
913,28158761437,6,0,0,0,0,0,0,1,0,0,0,0,0,1
914,24906543507,0,1,0,0,0,0,0,1,0,0,0,0,0,2
915,38352795465,4,1,0,0,1,0,0,0,0,0,0,0,0,1
916,35371853444,5,0,2,2,2,2,2,2,2,2,2,2,2,0
917,35585691281,1,0,0,0,0,0,0,0,0,0,0,0,1,0
918,24810295337,0,0,0,0,0,0,0,0,0,0,1,0,0,1
919,36938137480,4,0,0,0,0,0,1,0,0,0,0,0,0,1
920,36566877716,2,1,0,0,0,0,0,0,1,0,0,0,0,0
921,35034318231,2,0,0,0,1,0,0,0,0,0,0,0,0,1
922,31706107401,3,0,0,0,0,0,0,0,0,0,0,1,0,2
923,31540749992,6,0,0,0,0,0,0,0,0,0,0,1,0,0
924,31621155445,3,0,2,2,2,2,2,2,2,2,2,2,2,2
925,31583723946,3,0,0,0,0,1,0,0,0,0,0,0,0,2
926,29815403234,0,0,2,2,2,2,2,2,2,2,2,2,2,2
927,32883010970,5,0,0,0,0,0,0,0,0,1,0,0,0,0
928,32895582115,5,0,0,0,0,0,0,0,0,1,0,0,0,1
929,32335216112,4,0,0,0,0,0,0,0,0,0,0,1,0,1
930,30660098422,1,0,0,0,0,1,0,0,0,0,0,0,0,1
931,22092641364,2,1,0,0,0,0,1,0,0,0,0,0,0,0
932,19767106679,0,0,0,1,0,0,0,0,0,0,0,0,0,2
933,18006181261,5,0,2,2,2,2,2,2,2,2,2,2,2,0
934,50215324528,2,0,0,0,0,0,0,0,0,1,0,0,0,1
935,50659442346,1,1,2,2,2,2,2,2,2,2,2,2,2,2
936,50511266408,5,1,0,0,0,0,0,0,0,1,0,0,0,1
937,49948377683,6,1,2,2,2,2,2,2,2,2,2,2,2,2
938,49888446342,6,0,2,2,2,2,2,2,2,2,2,2,2,2
939,49143442963,3,0,2,2,2,2,2,2,2,2,2,2,2,0
940,49039022641,0,1,0,0,0,1,0,0,0,0,0,0,0,1
941,49003348118,4,0,2,2,2,2,2,2,2,2,2,2,2,2
942,51004943950,3,1,0,0,0,0,0,0,0,0,0,1,0,0
943,48333091257,2,0,2,2,2,2,2,2,2,2,2,2,2,2
944,45283182564,3,0,2,2,2,2,2,2,2,2,2,2,2,2
945,42028162860,5,1,0,0,0,0,0,0,0,0,0,0,1,1
946,29945347238,0,0,0,0,1,0,0,0,0,0,0,0,0,1
947,45458710361,2,0,2,2,2,2,2,2,2,2,2,2,2,2
948,42489386520,3,0,0,0,0,0,0,0,0,0,1,0,0,0
949,39543330430,1,1,0,0,0,0,0,0,0,0,0,1,0,2
950,27480097358,5,0,0,0,0,0,0,0,0,0,1,0,0,1
951,40549550224,0,0,2,2,2,2,2,2,2,2,2,2,2,0
952,25924865607,3,0,0,0,0,1,0,0,0,0,0,0,0,1
953,26575129898,6,0,2,2,2,2,2,2,2,2,2,2,2,2
954,39510746315,1,0,0,0,0,0,0,0,1,0,0,0,0,2
955,39183593171,1,1,2,2,2,2,2,2,2,2,2,2,2,0
956,39673549730,4,0,2,2,2,2,2,2,2,2,2,2,2,0
957,25468296657,2,0,0,0,0,0,0,0,1,0,0,0,0,1
958,25468272047,2,1,2,2,2,2,2,2,2,2,2,2,2,2
959,35483161205,1,0,2,2,2,2,2,2,2,2,2,2,2,0
960,33942027486,3,1,0,0,1,0,0,0,0,0,0,0,0,2
961,33249332252,6,1,0,0,1,0,0,0,0,0,0,0,0,2
962,31770702411,3,0,0,0,0,0,0,0,0,0,0,1,0,1
963,33799573381,3,1,2,2,2,2,2,2,2,2,2,2,2,0
964,33888216846,3,1,0,0,0,0,0,1,0,0,0,0,0,0
965,33771684562,3,0,0,0,0,0,0,0,0,0,0,1,0,2
966,33418414736,1,0,0,1,0,0,0,0,0,0,0,0,0,2
967,33310296571,6,1,0,0,0,0,0,0,0,0,1,0,0,0
968,30164297830,1,0,2,2,2,2,2,2,2,2,2,2,2,0
969,19435745445,0,1,0,0,0,0,0,1,0,0,0,0,0,2
970,7982681630,1,1,2,2,2,2,2,2,2,2,2,2,2,2
971,50775832671,4,0,0,0,0,0,0,0,0,0,0,1,0,1
972,49054223911,0,-1,-1,-1,-1,-1,-1,-1,-1,-1,-1,-1,-1,-1
973,49053671843,0,0,0,0,1,0,0,0,0,0,0,0,0,0
974,46719586765,5,0,2,2,2,2,2,2,2,2,2,2,2,0
975,32558433727,5,0,0,1,0,0,0,0,0,0,0,0,0,1
976,33679486714,2,0,0,0,0,0,0,0,0,0,0,0,1,1
977,34520642945,5,1,0,0,0,0,0,0,0,0,0,1,0,2
978,34380209341,5,0,2,2,2,2,2,2,2,2,2,2,2,0
979,34469142726,5,0,0,0,0,0,0,0,0,0,1,0,0,1
980,34467093166,5,1,0,0,0,0,0,0,1,0,0,0,0,2
981,33347345375,6,0,0,0,0,0,1,0,0,0,0,0,0,0
982,30607811135,4,0,0,0,0,0,0,0,0,1,0,0,0,2
983,22276276238,2,0,0,0,0,0,0,0,1,0,0,0,0,0
984,14406533013,0,0,0,0,0,0,0,0,0,0,0,0,1,0
985,48852046782,4,1,0,0,1,0,0,0,0,0,0,0,0,1
986,41081655441,1,1,0,0,1,0,0,0,0,0,0,0,0,2
987,46766131335,5,1,0,0,0,0,0,0,0,1,0,0,0,1
988,50051896053,0,1,0,0,0,0,0,0,0,0,0,1,0,1
989,43761170232,5,0,0,0,0,0,0,0,1,0,0,0,0,2
990,49308558378,3,1,2,2,2,2,2,2,2,2,2,2,2,2
991,29019921307,4,1,2,2,2,2,2,2,2,2,2,2,2,0
992,28785914514,6,1,2,2,2,2,2,2,2,2,2,2,2,0
993,48786439312,2,0,0,0,0,0,0,0,1,0,0,0,0,1
994,20225742405,0,0,0,0,0,0,0,0,0,0,0,0,1,0
995,19600733654,0,0,0,0,0,0,0,0,0,0,0,1,0,2
996,36783208735,4,0,0,0,0,0,0,0,1,0,0,0,0,2
997,46626001792,4,0,0,0,0,0,0,1,0,0,0,0,0,2
998,50565313872,6,0,2,2,2,2,2,2,2,2,2,2,2,1
999,40795084473,0,1,2,2,2,2,2,2,2,2,2,2,2,0
1000,39920063583,4,1,0,0,0,0,0,0,0,0,1,0,0,2
1001,25727072777,3,1,0,0,0,0,0,0,0,0,0,1,0,1
1002,27594467560,2,1,0,0,0,0,0,1,0,0,0,0,0,0
1003,23306186475,1,0,2,2,2,2,2,2,2,2,2,2,2,1
1004,27983592882,5,1,2,2,2,2,2,2,2,2,2,2,2,0
1005,19152683249,0,0,2,2,2,2,2,2,2,2,2,2,2,0
1006,18629846584,0,1,0,0,0,0,1,0,0,0,0,0,0,0
1007,17371865275,1,0,0,0,0,0,0,0,0,0,1,0,0,2
1008,50774571746,4,1,0,0,0,0,1,0,0,0,0,0,0,1
1009,50696977478,2,0,0,0,1,0,0,0,0,0,0,0,0,2
1010,50149583552,5,0,0,0,0,0,0,0,1,0,0,0,0,2
1011,49692997962,5,1,0,0,0,0,1,0,0,0,0,0,0,1
1012,50659759957,1,1,2,2,2,2,2,2,2,2,2,2,2,2
1013,50755588156,4,1,2,2,2,2,2,2,2,2,2,2,2,0
1014,50382408266,0,1,0,0,0,0,0,0,1,0,0,0,0,0
1015,49616242431,0,0,2,2,2,2,2,2,2,2,2,2,2,2
1016,49297742828,1,0,0,1,0,0,0,0,0,0,0,0,0,2
1017,49405493617,3,1,0,0,0,1,0,0,0,0,0,0,0,2
1018,38504757935,4,1,0,0,0,0,0,0,0,0,0,0,1,0
1019,38577855016,1,0,0,0,0,0,0,0,1,0,0,0,0,2
1020,34617619610,1,0,0,0,0,0,0,1,0,0,0,0,0,1
1021,38559142995,4,0,0,0,0,0,1,0,0,0,0,0,0,1
1022,47068669602,2,1,0,0,0,0,0,0,0,0,0,0,1,1
1023,31746040307,3,0,2,2,2,2,2,2,2,2,2,2,2,0
1024,39374094572,1,1,0,1,0,0,0,0,0,0,0,0,0,1
1025,33486634314,1,0,0,0,0,1,0,0,0,0,0,0,0,1
1026,21834543029,0,0,0,0,1,0,0,0,0,0,0,0,0,0
1027,28180070674,6,0,0,0,0,0,0,0,0,0,0,0,1,0
1028,16872375090,3,0,0,0,0,0,0,0,1,0,0,0,0,1
1029,8116571232,2,0,0,0,1,0,0,0,0,0,0,0,0,1
1030,6055215982,3,1,0,1,0,0,0,0,0,0,0,0,0,1
1031,50961088888,5,1,0,0,0,0,0,0,0,1,0,0,0,2
1032,49858298031,0,1,0,0,0,0,0,0,0,0,0,1,0,0
1033,48039071111,1,0,0,0,0,0,0,0,0,0,0,1,0,1
1034,33864247498,3,1,0,0,0,0,0,0,0,0,1,0,0,0
1035,46785287885,5,1,0,0,1,0,0,0,0,0,0,0,0,2
1036,30349419452,5,1,0,0,1,0,0,0,0,0,0,0,0,2
1037,32866207757,5,0,0,0,0,0,0,0,0,0,0,1,0,2
1038,50002436286,4,0,2,2,2,2,2,2,2,2,2,2,2,0
1039,33711932648,3,0,0,0,0,0,0,0,0,0,0,1,0,1
1040,25968794770,3,0,2,2,2,2,2,2,2,2,2,2,2,2
1041,16989965092,4,0,0,0,0,0,0,0,0,0,0,1,0,1
1042,40380378193,3,1,0,0,0,0,0,0,0,0,0,0,1,0
1043,50951337243,6,1,0,0,0,0,0,0,0,0,1,0,0,2
1044,50514999633,5,1,0,0,0,0,1,0,0,0,0,0,0,2
1045,50227362582,4,1,0,0,0,0,0,0,0,0,0,1,0,2
1046,49218561868,2,0,0,0,0,0,0,1,0,0,0,0,0,2
1047,47646842682,2,1,0,0,0,0,1,0,0,0,0,0,0,0
1048,33559504973,1,1,0,0,0,0,0,0,0,0,1,0,0,1
1049,46972113114,1,0,2,2,2,2,2,2,2,2,2,2,2,0
1050,40210884560,1,0,0,0,0,0,0,0,1,0,0,0,0,0
1051,33884380108,3,1,2,2,2,2,2,2,2,2,2,2,2,1
1052,50710967613,4,1,0,0,0,0,1,0,0,0,0,0,0,0
1053,50487220583,2,0,0,0,0,0,0,0,0,0,0,1,0,1
1054,49514913443,2,0,0,0,0,0,0,0,0,0,0,1,0,1
1055,25792649787,3,0,0,0,1,0,0,0,0,0,0,0,0,2
1056,39303163921,1,0,2,2,2,2,2,2,2,2,2,2,2,2
1057,35997993406,0,0,2,2,2,2,2,2,2,2,2,2,2,2
1058,32344659441,4,0,2,2,2,2,2,2,2,2,2,2,2,0
1059,26175070972,3,0,2,2,2,2,2,2,2,2,2,2,2,1
1060,22567466373,2,1,2,2,2,2,2,2,2,2,2,2,2,0
1061,21875383018,0,0,0,0,0,0,0,0,0,1,0,0,0,1
1062,35057839696,2,0,2,2,2,2,2,2,2,2,2,2,2,0
1063,30932726716,2,0,0,0,0,0,0,0,0,1,0,0,0,1
1064,8692549086,5,0,0,0,0,1,0,0,0,0,0,0,0,2
1065,51074810623,2,0,0,0,0,0,0,0,0,0,0,1,0,0
1066,49356410247,6,0,0,0,0,0,0,0,0,0,1,0,0,1
1067,47929886491,0,0,2,2,2,2,2,2,2,2,2,2,2,0
1068,41889493041,5,0,0,0,0,0,0,0,0,1,0,0,0,1
1069,34477757640,5,0,0,0,0,0,0,1,0,0,0,0,0,0
1070,9446047311,6,0,0,0,1,0,0,0,0,0,0,0,0,2
1071,8131694027,2,0,0,0,0,0,0,0,0,1,0,0,0,0
1072,8000347281,1,0,0,0,0,0,0,0,0,0,1,0,0,2
1073,7980165375,1,0,2,2,2,2,2,2,2,2,2,2,2,2
1074,7693182858,1,0,2,2,2,2,2,2,2,2,2,2,2,0
1075,7538578492,3,0,2,2,2,2,2,2,2,2,2,2,2,2
1076,19229891254,0,0,0,0,0,0,0,0,1,0,0,0,0,0
1077,16483546813,0,0,2,2,2,2,2,2,2,2,2,2,2,2
1078,16845108719,3,0,2,2,2,2,2,2,2,2,2,2,2,2
1079,8492487890,6,0,2,2,2,2,2,2,2,2,2,2,2,1
1080,8092378840,2,0,0,0,0,0,0,0,0,0,0,0,1,0
1081,7847232470,1,0,0,0,0,1,0,0,0,0,0,0,0,1
1082,8198576276,2,0,0,0,1,0,0,0,0,0,0,0,0,1
1083,8195693033,2,0,2,2,2,2,2,2,2,2,2,2,2,1
1084,8194125082,2,0,2,2,2,2,2,2,2,2,2,2,2,0
1085,8034559925,1,1,0,0,0,0,0,0,0,0,0,0,1,1
1086,7558203956,3,0,0,0,0,0,0,0,0,0,1,0,0,0
1087,7557404328,3,0,2,2,2,2,2,2,2,2,2,2,2,1
1088,7847213302,1,0,0,0,0,0,0,0,0,0,1,0,0,2
1089,7733509720,1,0,2,2,2,2,2,2,2,2,2,2,2,1
1090,49177076143,4,1,0,0,0,0,0,0,0,1,0,0,0,0
1091,50866668288,1,0,0,0,0,0,0,0,0,0,1,0,0,1
1092,50444604161,1,0,0,0,0,1,0,0,0,0,0,0,0,2
1093,40391500590,2,0,0,0,0,0,0,0,0,0,0,0,1,1
1094,25541455468,2,0,0,0,0,0,1,0,0,0,0,0,0,1
1095,23759443370,0,0,0,0,0,0,0,0,0,0,0,1,0,0
1096,23724409710,0,0,2,2,2,2,2,2,2,2,2,2,2,0
1097,29687223031,0,0,0,0,0,0,0,0,0,1,0,0,0,2
1098,51158834640,5,0,2,2,2,2,2,2,2,2,2,2,2,2
1099,49175605842,4,0,0,0,0,0,0,0,0,0,0,1,0,1
1100,44696901062,6,1,0,0,1,0,0,0,0,0,0,0,0,1
1101,23759611862,0,1,2,2,2,2,2,2,2,2,2,2,2,0
1102,25963261326,3,1,2,2,2,2,2,2,2,2,2,2,2,1
1103,51024111158,4,1,2,2,2,2,2,2,2,2,2,2,2,0
1104,50601563757,2,1,0,0,0,1,0,0,0,0,0,0,0,2
1105,50590269467,2,1,0,0,0,0,0,0,0,1,0,0,0,0
1106,50046870268,4,1,0,0,0,0,0,0,0,1,0,0,0,0
1107,50254110796,3,1,0,0,0,0,0,0,0,0,0,0,1,2
1108,49058480442,0,1,0,0,0,0,0,1,0,0,0,0,0,2
1109,48845747576,1,1,0,0,0,0,0,0,0,0,0,1,0,1
1110,49816360332,4,1,0,0,1,0,0,0,0,0,0,0,0,0
1111,48978874741,4,1,0,0,0,0,0,1,0,0,0,0,0,1
1112,48428267652,4,1,0,0,0,0,0,0,0,0,1,0,0,0
1113,48428260437,4,1,0,0,0,0,0,0,0,0,1,0,0,0
1114,48428248817,4,1,0,0,1,0,0,0,0,0,0,0,0,2
1115,48428241577,4,1,0,0,0,0,1,0,0,0,0,0,0,0
1116,51104943425,3,1,0,0,0,0,0,0,0,1,0,0,0,1
1117,50521647861,5,1,0,0,0,0,1,0,0,0,0,0,0,0
1118,50754918842,4,1,0,0,0,0,0,0,0,0,0,0,1,1
1119,50151270241,3,1,2,2,2,2,2,2,2,2,2,2,2,2
1120,49053190412,0,1,0,0,0,0,0,0,0,0,0,0,1,1
1121,46106919785,5,1,0,0,0,0,1,0,0,0,0,0,0,1
1122,42881492954,4,1,0,0,0,0,0,1,0,0,0,0,0,0
1123,42716064614,3,1,0,0,0,0,1,0,0,0,0,0,0,0
1124,43274410102,5,1,2,2,2,2,2,2,2,2,2,2,2,0
1125,43240706450,5,1,0,0,0,0,0,0,0,1,0,0,0,2
1126,43773699761,5,1,2,2,2,2,2,2,2,2,2,2,2,2
1127,50661692406,1,0,0,1,0,0,0,0,0,0,0,0,0,2
1128,26330781725,4,1,0,0,0,0,0,1,0,0,0,0,0,0
1129,13361335553,0,1,0,0,0,0,1,0,0,0,0,0,0,1
1130,26304826396,4,0,0,0,0,0,0,1,0,0,0,0,0,1
1131,17178386294,1,1,0,0,0,0,0,1,0,0,0,0,0,1
1132,47206562942,2,1,0,0,0,0,0,0,0,0,1,0,0,0
1133,44134376585,2,0,0,0,1,0,0,0,0,0,0,0,0,1
1134,51182737588,6,0,2,2,2,2,2,2,2,2,2,2,2,1
1135,50402216073,1,1,2,2,2,2,2,2,2,2,2,2,2,2
1136,50294817873,1,1,0,0,0,0,0,0,1,0,0,0,0,2
1137,50260990046,0,1,2,2,2,2,2,2,2,2,2,2,2,2
1138,49973024908,2,1,0,0,0,0,0,0,0,0,1,0,0,1
1139,49452663127,3,1,0,0,0,0,0,0,0,0,1,0,0,0
1140,49364614528,6,1,2,2,2,2,2,2,2,2,2,2,2,0
1141,49073671026,0,1,2,2,2,2,2,2,2,2,2,2,2,1
1142,15572718563,2,1,0,1,0,0,0,0,0,0,0,0,0,2
1143,47052296162,2,0,0,0,0,1,0,0,0,0,0,0,0,2
1144,46303202324,4,1,0,0,0,0,0,0,0,1,0,0,0,0
1145,29418736417,4,1,0,0,1,0,0,0,0,0,0,0,0,2
1146,40461580520,4,1,2,2,2,2,2,2,2,2,2,2,2,2
1147,41480373094,3,1,0,0,0,0,0,1,0,0,0,0,0,1
1148,36802959734,4,1,2,2,2,2,2,2,2,2,2,2,2,1
1149,49829057143,6,0,2,2,2,2,2,2,2,2,2,2,2,2
1150,49235257452,6,1,0,1,0,0,0,0,0,0,0,0,0,0
1151,40536853383,2,1,0,1,0,0,0,0,0,0,0,0,0,0
1152,40503072445,4,1,0,0,0,0,0,0,0,0,0,1,0,2
1153,48723865916,1,1,0,0,0,0,0,0,0,1,0,0,0,0
1154,38626210122,1,0,0,0,0,0,0,0,0,0,1,0,0,0
1155,26553692204,6,0,0,0,1,0,0,0,0,0,0,0,0,0
1156,22708604903,1,0,0,0,0,0,0,0,0,1,0,0,0,0
1157,49039614718,0,1,2,2,2,2,2,2,2,2,2,2,2,1
1158,49040118511,0,1,2,2,2,2,2,2,2,2,2,2,2,0
1159,50983009897,1,0,2,2,2,2,2,2,2,2,2,2,2,1
1160,29950366751,0,0,0,0,0,0,0,0,0,0,1,0,0,0
1161,23846397781,0,0,0,0,0,1,0,0,0,0,0,0,0,1
1162,8639854675,5,0,0,0,0,0,0,0,0,0,1,0,0,2
1163,50735085251,5,0,0,0,0,0,0,1,0,0,0,0,0,1
1164,50525911398,6,1,0,0,1,0,0,0,0,0,0,0,0,1
1165,49932284306,3,0,2,2,2,2,2,2,2,2,2,2,2,1
1166,49726347462,2,1,0,0,0,1,0,0,0,0,0,0,0,0
1167,39878501743,4,1,0,0,0,0,0,0,0,0,0,1,0,1
1168,30009334351,0,0,2,2,2,2,2,2,2,2,2,2,2,1
1169,50712635678,1,1,0,0,0,0,0,0,0,0,0,1,0,1
1170,35716767191,1,0,0,0,0,1,0,0,0,0,0,0,0,2
1171,50232906997,4,0,0,0,0,0,0,1,0,0,0,0,0,1
1172,49960296276,1,1,0,0,0,0,0,0,0,0,1,0,0,0
1173,49788976212,3,1,0,0,0,1,0,0,0,0,0,0,0,1
1174,49687667887,5,0,0,0,0,0,0,1,0,0,0,0,0,1
1175,26642498658,0,1,2,2,2,2,2,2,2,2,2,2,2,1
1176,48851107441,4,0,2,2,2,2,2,2,2,2,2,2,2,2
1177,9274691703,6,1,0,0,0,0,1,0,0,0,0,0,0,1
1178,28840094527,6,0,0,1,0,0,0,0,0,0,0,0,0,2
1179,39782686575,4,0,0,0,0,1,0,0,0,0,0,0,0,2
1180,51205592180,3,0,0,0,0,0,0,0,0,0,1,0,0,0
1181,51096227603,5,0,0,0,0,0,1,0,0,0,0,0,0,1
1182,50914099198,6,0,0,0,0,0,0,0,1,0,0,0,0,0
1183,50867753461,1,0,2,2,2,2,2,2,2,2,2,2,2,0
1184,49139278186,3,0,0,0,0,0,0,0,0,0,1,0,0,2
1185,48988577721,3,0,2,2,2,2,2,2,2,2,2,2,2,0
1186,48319142282,2,0,0,0,0,1,0,0,0,0,0,0,0,1
1187,46764481872,5,0,0,0,1,0,0,0,0,0,0,0,0,0
1188,42757912392,3,0,0,0,1,0,0,0,0,0,0,0,0,0
1189,42481762952,0,0,2,2,2,2,2,2,2,2,2,2,2,0
1190,47923450437,4,0,0,0,0,0,0,0,1,0,0,0,0,2
1191,39586444555,2,0,2,2,2,2,2,2,2,2,2,2,2,2
1192,34695702093,1,0,0,0,0,0,0,1,0,0,0,0,0,1
1193,35118748560,5,0,2,2,2,2,2,2,2,2,2,2,2,1
1194,34279457224,0,0,0,0,0,0,0,0,0,0,1,0,0,1
1195,33028875292,4,0,0,0,0,0,0,0,1,0,0,0,0,0
1196,32214414401,2,1,0,0,0,0,0,0,0,1,0,0,0,0
1197,33297666790,6,0,0,0,0,0,0,0,0,0,0,0,1,1
1198,32020802062,3,0,0,0,0,0,1,0,0,0,0,0,0,2
1199,23263542303,1,0,0,0,0,0,0,0,1,0,0,0,0,1
1200,29439190002,4,0,0,0,0,0,0,0,1,0,0,0,0,1
1201,28930861651,4,0,0,0,0,0,0,0,1,0,0,0,0,2
1202,28186269603,6,0,2,2,2,2,2,2,2,2,2,2,2,2
1203,24592369751,0,0,0,1,0,0,0,0,0,0,0,0,0,0
1204,24304363700,6,0,0,1,0,0,0,0,0,0,0,0,0,1
1205,24426696725,0,0,2,2,2,2,2,2,2,2,2,2,2,0
1206,24048140841,5,0,0,0,0,0,1,0,0,0,0,0,0,2
1207,23577950420,1,0,2,2,2,2,2,2,2,2,2,2,2,1
1208,23216475155,1,0,2,2,2,2,2,2,2,2,2,2,2,0
1209,32941322558,5,0,0,0,0,0,0,0,0,0,0,1,0,0
1210,29763185677,0,0,0,0,0,0,0,0,1,0,0,0,0,1
1211,41668729164,4,0,2,2,2,2,2,2,2,2,2,2,2,1
1212,42587746504,3,0,0,0,0,0,0,0,0,0,0,1,0,2
1213,34850855850,2,0,2,2,2,2,2,2,2,2,2,2,2,1
1214,21555648421,1,0,0,0,0,1,0,0,0,0,0,0,0,2
1215,21358905960,5,0,0,0,0,0,0,0,0,0,1,0,0,1
1216,20047666678,0,0,2,2,2,2,2,2,2,2,2,2,2,1
1217,46021792514,0,0,0,0,1,0,0,0,0,0,0,0,0,0
1218,30631356337,1,0,0,0,0,0,0,0,0,0,0,1,0,1
1219,14964111740,3,1,2,2,2,2,2,2,2,2,2,2,2,0
1220,50102766857,5,0,0,0,0,0,0,0,0,0,0,0,1,2
1221,50724747718,5,1,0,0,0,0,0,1,0,0,0,0,0,1
1222,50680450017,1,1,0,0,0,0,0,0,0,0,1,0,0,0
1223,46299143755,5,0,0,0,0,0,0,1,0,0,0,0,0,1
1224,8571482035,6,0,0,0,0,1,0,0,0,0,0,0,0,1
1225,8857223174,6,1,0,0,1,0,0,0,0,0,0,0,0,2
1226,48340802766,2,1,0,0,0,1,0,0,0,0,0,0,0,1
1227,49309408667,3,1,2,2,2,2,2,2,2,2,2,2,2,0
1228,48846095903,2,1,0,0,0,0,0,1,0,0,0,0,0,2
1229,50466443698,2,0,2,2,2,2,2,2,2,2,2,2,2,2
1230,50892521992,6,1,0,0,0,0,0,0,0,0,0,1,0,0
1231,28406417529,0,1,2,2,2,2,2,2,2,2,2,2,2,0
1232,9970181596,6,1,0,0,0,0,0,0,0,1,0,0,0,0
1233,48163063556,0,1,2,2,2,2,2,2,2,2,2,2,2,0
1234,48163136482,0,1,2,2,2,2,2,2,2,2,2,2,2,0
1235,26629701615,6,0,2,2,2,2,2,2,2,2,2,2,2,2
1236,23923051736,5,0,0,0,0,0,0,0,0,0,0,1,0,2
1237,35583956910,1,1,0,0,0,0,0,0,0,0,0,1,0,2
1238,24445160773,0,0,0,0,0,0,0,0,1,0,0,0,0,0
1239,50815776106,2,0,0,0,0,0,0,0,0,1,0,0,0,2
1240,50111142278,5,1,0,0,0,0,0,0,0,0,0,0,1,2
1241,23598516942,1,0,0,0,0,1,0,0,0,0,0,0,0,2
1242,37075409032,4,1,2,2,2,2,2,2,2,2,2,2,2,2
1243,27809835925,5,1,2,2,2,2,2,2,2,2,2,2,2,0
1244,50693806386,6,1,0,0,0,1,0,0,0,0,0,0,0,1
1245,48803958831,5,0,0,0,1,0,0,0,0,0,0,0,0,2
1246,50584904151,2,0,0,0,0,1,0,0,0,0,0,0,0,2
1247,20586941922,1,0,0,0,0,0,0,0,1,0,0,0,0,0
1248,20583695062,1,0,0,0,0,1,0,0,0,0,0,0,0,1
1249,27150371977,3,1,0,0,0,0,0,0,1,0,0,0,0,2
1250,48396512961,3,0,0,0,0,0,0,0,0,1,0,0,0,2
1251,23645806778,0,1,0,0,0,0,0,1,0,0,0,0,0,2
1252,50906124727,3,1,2,2,2,2,2,2,2,2,2,2,2,0
1253,48633693521,5,0,0,0,0,0,0,0,0,0,1,0,0,1
1254,51168506319,5,1,0,0,0,0,0,0,0,1,0,0,0,0
1255,51138471410,5,1,0,0,1,0,0,0,0,0,0,0,0,0
1256,51121577019,1,1,0,0,0,0,0,0,0,0,0,1,0,0
1257,51036685527,2,1,0,0,0,1,0,0,0,0,0,0,0,2
1258,50976382291,6,1,2,2,2,2,2,2,2,2,2,2,2,0
1259,50565551803,6,1,2,2,2,2,2,2,2,2,2,2,2,0
1260,50545666133,6,0,0,0,0,0,0,0,0,1,0,0,0,2
1261,50144366341,5,0,0,0,0,1,0,0,0,0,0,0,0,2
1262,49792853963,3,0,0,0,0,0,0,0,0,1,0,0,0,1
1263,49739901187,2,0,0,1,0,0,0,0,0,0,0,0,0,0
1264,48848788877,4,1,0,0,0,1,0,0,0,0,0,0,0,2
1265,48700211333,1,1,2,2,2,2,2,2,2,2,2,2,2,1
1266,48681018358,1,1,0,0,0,0,0,0,0,1,0,0,0,0
1267,46850166044,5,1,0,0,1,0,0,0,0,0,0,0,0,2
1268,46850118594,5,1,0,1,0,0,0,0,0,0,0,0,0,1
1269,40483809223,4,1,0,0,0,0,0,0,0,0,0,1,0,2
1270,46693017804,4,0,0,0,0,0,1,0,0,0,0,0,0,1
1271,33479557898,1,1,0,0,0,1,0,0,0,0,0,0,0,1
1272,37825818255,4,0,0,0,0,0,0,0,1,0,0,0,0,2
1273,38679962572,1,0,0,0,0,0,0,1,0,0,0,0,0,1
1274,50721386132,4,0,0,0,0,0,0,0,0,1,0,0,0,2
1275,50687529118,6,1,0,0,0,0,0,1,0,0,0,0,0,0
1276,49855621017,0,1,0,0,0,0,0,0,0,1,0,0,0,0
1277,49750058621,0,1,0,0,0,0,0,1,0,0,0,0,0,1
1278,49674133071,0,1,2,2,2,2,2,2,2,2,2,2,2,0
1279,49197496077,4,1,0,0,0,1,0,0,0,0,0,0,0,2
1280,47720036872,5,0,2,2,2,2,2,2,2,2,2,2,2,1
1281,40756999953,0,0,0,0,0,0,1,0,0,0,0,0,0,1
1282,33281489718,6,0,0,0,0,0,0,0,0,1,0,0,0,1
1283,34210884900,0,1,0,0,0,0,0,0,0,0,0,0,1,2
1284,34389291411,5,1,2,2,2,2,2,2,2,2,2,2,2,0
1285,34133438520,0,1,0,0,0,0,0,0,0,0,0,1,0,1
1286,26214460670,4,1,0,0,0,0,0,1,0,0,0,0,0,2
1287,33663919966,1,1,0,0,0,0,0,0,0,0,0,1,0,2
1288,32273593100,2,1,0,0,0,0,0,0,1,0,0,0,0,1
1289,31790701794,3,1,0,1,0,0,0,0,0,0,0,0,0,0
1290,51137253882,4,1,0,0,0,1,0,0,0,0,0,0,0,1
1291,50847573477,4,0,0,0,0,0,0,0,1,0,0,0,0,2
1292,49799780782,3,1,0,1,0,0,0,0,0,0,0,0,0,0
1293,49595861426,5,0,2,2,2,2,2,2,2,2,2,2,2,2
1294,50124552292,3,1,2,2,2,2,2,2,2,2,2,2,2,1
1295,49606840311,5,1,0,0,0,0,0,0,0,0,0,1,0,2
1296,48665874606,4,0,0,0,0,0,0,0,0,0,0,1,0,1
1297,51223354441,6,1,0,0,0,0,0,1,0,0,0,0,0,0
1298,51222462727,5,1,0,0,0,0,0,0,0,0,1,0,0,0
1299,51222307818,5,1,2,2,2,2,2,2,2,2,2,2,2,0
1300,51220605644,5,1,0,0,0,0,1,0,0,0,0,0,0,0
1301,51216691422,6,1,0,0,0,0,0,0,0,1,0,0,0,0
1302,51217342135,5,1,0,0,0,1,0,0,0,0,0,0,0,0
1303,51215406592,3,1,2,2,2,2,2,2,2,2,2,2,2,0
1304,51215636004,3,1,0,0,0,0,0,0,0,0,0,0,1,0
1305,51215879160,3,1,0,0,0,1,0,0,0,0,0,0,0,0
1306,51214545194,3,1,0,0,0,0,0,0,1,0,0,0,0,0
1307,51212534172,3,1,2,2,2,2,2,2,2,2,2,2,2,0
1308,51208220389,3,1,0,0,0,0,1,0,0,0,0,0,0,0
1309,51206237447,3,1,2,2,2,2,2,2,2,2,2,2,2,0
1310,51207503350,3,1,0,1,0,0,0,0,0,0,0,0,0,0
1311,51207023269,3,1,0,0,0,1,0,0,0,0,0,0,0,0
1312,51213903100,3,1,0,0,0,0,0,0,0,0,0,1,0,0
1313,51207272588,3,1,0,0,0,0,0,1,0,0,0,0,0,0
1314,51206628381,4,1,0,1,0,0,0,0,0,0,0,0,0,0
1315,51200767944,3,1,0,0,0,0,1,0,0,0,0,0,0,0
1316,51196469259,3,1,2,2,2,2,2,2,2,2,2,2,2,0
1317,51195491191,3,1,2,2,2,2,2,2,2,2,2,2,2,0
1318,51196234590,3,1,0,0,0,0,0,0,0,0,1,0,0,0
1319,51194409877,3,1,0,0,0,0,0,0,1,0,0,0,0,0
1320,51194357287,3,1,0,0,0,0,0,0,0,0,0,1,0,0
1321,51195240393,4,1,0,0,1,0,0,0,0,0,0,0,0,0
1322,51194229332,3,1,0,0,0,0,0,0,0,0,0,1,0,0
1323,51196082177,3,1,2,2,2,2,2,2,2,2,2,2,2,0
1324,51194411986,3,1,2,2,2,2,2,2,2,2,2,2,2,0
1325,51189856840,3,0,0,0,0,0,0,0,0,1,0,0,0,1
1326,51190479497,3,1,0,0,0,0,0,0,1,0,0,0,0,0
1327,51188588842,1,1,2,2,2,2,2,2,2,2,2,2,2,0
1328,51186652629,1,1,0,0,0,0,0,1,0,0,0,0,0,0
1329,51185591566,1,1,2,2,2,2,2,2,2,2,2,2,2,0
1330,51184872268,6,1,0,0,0,0,1,0,0,0,0,0,0,0
1331,51182461253,6,0,0,0,0,0,0,0,0,0,1,0,0,0
1332,51179245048,6,1,2,2,2,2,2,2,2,2,2,2,2,0
1333,51180089300,6,1,0,0,1,0,0,0,0,0,0,0,0,0
1334,51176939116,6,1,2,2,2,2,2,2,2,2,2,2,2,0
1335,51176333891,6,1,0,1,0,0,0,0,0,0,0,0,0,0
1336,51185086631,1,1,0,0,0,0,0,0,0,0,1,0,0,0
1337,51185473279,1,1,2,2,2,2,2,2,2,2,2,2,2,0
1338,51183780498,6,1,0,0,0,0,0,0,0,0,1,0,0,0
1339,51177087920,6,1,0,0,0,0,1,0,0,0,0,0,0,0
1340,51177423067,6,0,2,2,2,2,2,2,2,2,2,2,2,0
1341,51176545248,6,1,0,0,0,0,0,0,0,0,1,0,0,2
1342,51177007094,6,1,0,0,0,0,0,0,1,0,0,0,0,0
1343,51170029656,5,1,0,0,0,0,0,0,1,0,0,0,0,0
1344,51163365620,5,1,2,2,2,2,2,2,2,2,2,2,2,0
1345,51161356477,5,1,0,0,0,0,0,0,0,0,0,1,0,0
1346,51153099656,5,1,2,2,2,2,2,2,2,2,2,2,2,0
1347,51153494264,5,1,2,2,2,2,2,2,2,2,2,2,2,0
1348,51146486871,5,1,0,0,0,0,0,0,0,0,1,0,0,2
1349,51163653318,5,1,2,2,2,2,2,2,2,2,2,2,2,0
1350,51163514275,5,1,2,2,2,2,2,2,2,2,2,2,2,0
1351,51160084130,5,0,0,0,0,0,0,0,1,0,0,0,0,0
1352,51152299226,5,0,0,0,0,1,0,0,0,0,0,0,0,2
1353,51148525337,2,0,2,2,2,2,2,2,2,2,2,2,2,0
1354,51147790407,2,1,0,0,0,0,0,0,0,0,0,0,1,2
1355,51146869213,2,1,2,2,2,2,2,2,2,2,2,2,2,0
1356,51147712515,2,1,0,0,0,1,0,0,0,0,0,0,0,1
1357,51151626872,2,0,0,0,1,0,0,0,0,0,0,0,0,2
1358,51147790492,2,1,0,0,0,0,0,0,0,1,0,0,0,2
1359,51215736072,3,0,0,0,0,0,0,0,0,0,0,0,1,0
1360,51215677107,3,1,0,1,0,0,0,0,0,0,0,0,0,0
1361,51221850897,5,1,0,0,0,0,0,1,0,0,0,0,0,0
1362,51143360649,5,0,2,2,2,2,2,2,2,2,2,2,2,2
1363,50524769572,5,1,0,0,1,0,0,0,0,0,0,0,0,0
1364,48995722006,6,1,2,2,2,2,2,2,2,2,2,2,2,0
1365,48985845766,4,1,2,2,2,2,2,2,2,2,2,2,2,1
1366,48921553533,5,1,2,2,2,2,2,2,2,2,2,2,2,1
1367,50087854597,3,0,2,2,2,2,2,2,2,2,2,2,2,0
1368,49906998637,4,0,2,2,2,2,2,2,2,2,2,2,2,2
1369,45574485812,2,1,2,2,2,2,2,2,2,2,2,2,2,2
1370,48847539347,3,0,0,0,0,0,0,0,0,0,1,0,0,2
1371,48974907941,4,1,2,2,2,2,2,2,2,2,2,2,2,2
1372,46337895205,3,0,2,2,2,2,2,2,2,2,2,2,2,2
1373,30056408357,4,0,2,2,2,2,2,2,2,2,2,2,2,0
1374,37646644900,0,0,0,0,0,1,0,0,0,0,0,0,0,0
1375,34544328160,1,1,0,0,1,0,0,0,0,0,0,0,0,0
1376,31965694125,3,0,2,2,2,2,2,2,2,2,2,2,2,0
1377,30182168074,2,0,0,0,0,0,0,0,0,1,0,0,0,0
1378,30814000475,0,0,2,2,2,2,2,2,2,2,2,2,2,1
1379,28963004380,4,0,0,0,1,0,0,0,0,0,0,0,0,2
1380,27430584143,5,0,2,2,2,2,2,2,2,2,2,2,2,2
1381,28009841926,4,0,0,0,0,0,0,0,0,0,0,0,1,1
1382,24611022723,0,0,0,0,0,0,0,0,0,1,0,0,0,0
1383,24030318280,5,0,2,2,2,2,2,2,2,2,2,2,2,2
1384,23446115464,1,0,2,2,2,2,2,2,2,2,2,2,2,2
1385,50064295967,0,1,0,0,0,0,0,0,0,0,1,0,0,2
1386,48151184287,0,1,0,0,0,0,1,0,0,0,0,0,0,2
1387,38155450804,0,0,2,2,2,2,2,2,2,2,2,2,2,1
1388,35732876083,1,1,2,2,2,2,2,2,2,2,2,2,2,2
1389,36541896415,2,1,2,2,2,2,2,2,2,2,2,2,2,0
1390,18169642214,0,0,0,0,0,0,0,0,1,0,0,0,0,1
1391,18242593912,0,0,0,0,0,0,0,1,0,0,0,0,0,2
1392,17194120850,1,0,0,0,0,0,0,0,1,0,0,0,0,0
1393,50344515586,4,0,0,0,0,0,0,0,0,0,0,1,0,2
1394,45306021232,3,0,0,0,0,0,0,1,0,0,0,0,0,0
1395,47949914907,0,0,0,1,0,0,0,0,0,0,0,0,0,0
1396,43902369731,5,1,0,1,0,0,0,0,0,0,0,0,0,0
1397,43813277821,5,1,0,0,0,0,0,0,1,0,0,0,0,2
1398,40487114982,4,1,0,0,0,0,0,0,0,0,0,1,0,2
1399,34668977714,1,1,0,0,0,1,0,0,0,0,0,0,0,2
1400,34544244333,5,1,2,2,2,2,2,2,2,2,2,2,2,2
1401,34458101824,5,0,2,2,2,2,2,2,2,2,2,2,2,2
1402,38912104285,2,0,0,0,0,0,0,1,0,0,0,0,0,0
1403,35859206043,0,1,2,2,2,2,2,2,2,2,2,2,2,2
1404,36589211725,2,1,0,0,0,0,1,0,0,0,0,0,0,1
1405,36496165006,2,1,0,0,0,0,0,0,0,0,0,1,0,0
1406,33027138964,3,0,0,1,0,0,0,0,0,0,0,0,0,0
1407,27382688686,5,1,0,0,0,0,0,0,0,1,0,0,0,1
1408,27466603286,5,0,0,0,0,0,1,0,0,0,0,0,0,1
1409,15189674660,1,0,0,0,0,0,1,0,0,0,0,0,0,1
1410,48602956331,5,1,0,0,0,0,0,0,0,0,0,0,1,2
1411,48003732018,3,1,2,2,2,2,2,2,2,2,2,2,2,1
1412,31046521675,3,1,2,2,2,2,2,2,2,2,2,2,2,0
1413,49399926111,3,1,0,0,0,0,0,0,0,1,0,0,0,2
1414,31945610492,3,0,0,1,0,0,0,0,0,0,0,0,0,0
1415,51185797336,1,1,2,2,2,2,2,2,2,2,2,2,2,0
1416,32186026847,2,1,0,0,1,0,0,0,0,0,0,0,0,1
1417,38890934412,2,1,2,2,2,2,2,2,2,2,2,2,2,1
1418,21063186551,5,0,0,0,0,0,0,0,0,0,0,0,1,1
1419,20829746342,5,0,0,0,0,0,0,0,0,0,1,0,0,1
1420,20096460520,0,0,2,2,2,2,2,2,2,2,2,2,2,0
1421,32214599440,2,0,0,0,0,1,0,0,0,0,0,0,0,0
1422,21417297719,5,1,0,0,0,1,0,0,0,0,0,0,0,0
1423,47694967761,5,1,0,0,0,0,0,0,0,0,0,0,1,2
1424,30275087953,5,0,2,2,2,2,2,2,2,2,2,2,2,2
1425,49651684311,0,0,2,2,2,2,2,2,2,2,2,2,2,2
1426,31511222608,6,1,2,2,2,2,2,2,2,2,2,2,2,0
1427,48932940127,5,1,0,1,0,0,0,0,0,0,0,0,0,0
1428,48012452266,3,1,0,0,0,0,0,0,0,0,0,0,1,0
1429,48012520212,3,1,2,2,2,2,2,2,2,2,2,2,2,1
1430,31963409857,3,0,0,0,0,0,0,0,0,1,0,0,0,2
1431,30084706138,4,0,0,0,0,0,0,0,1,0,0,0,0,2
1432,41966966881,5,0,0,0,0,0,1,0,0,0,0,0,0,2
1433,30691349746,1,1,0,0,0,0,0,1,0,0,0,0,0,0
1434,19286161782,0,1,2,2,2,2,2,2,2,2,2,2,2,1
1435,31525050605,6,1,0,0,0,0,0,0,1,0,0,0,0,0
1436,50816041278,2,1,0,0,1,0,0,0,0,0,0,0,0,0
1437,49949047892,6,1,2,2,2,2,2,2,2,2,2,2,2,0
1438,51228070926,6,1,0,0,1,0,0,0,0,0,0,0,0,2
1439,42599303202,3,0,0,0,0,0,0,0,0,1,0,0,0,1
1440,40978042825,0,1,0,0,0,0,0,1,0,0,0,0,0,2
1441,43817373104,5,1,0,0,0,0,0,0,0,0,0,0,1,2
1442,22213626614,2,1,0,1,0,0,0,0,0,0,0,0,0,2
1443,18379700143,0,1,0,0,0,0,0,0,0,0,1,0,0,0
1444,18874228051,0,1,0,0,0,0,0,0,0,1,0,0,0,2
1445,49612444741,0,1,0,0,0,0,0,0,0,0,0,1,0,1
1446,50006170651,4,0,2,2,2,2,2,2,2,2,2,2,2,0
1447,32025192387,3,0,0,0,0,0,0,0,0,0,0,1,0,1
1448,32730722334,0,0,2,2,2,2,2,2,2,2,2,2,2,0
1449,50354675396,4,1,0,0,0,0,0,0,0,0,0,0,1,0
1450,25831548867,3,0,0,0,0,0,0,1,0,0,0,0,0,2
1451,40473610133,4,0,0,0,0,1,0,0,0,0,0,0,0,0
1452,24227930095,6,0,0,0,0,0,0,0,0,1,0,0,0,0
1453,21290291202,5,0,0,1,0,0,0,0,0,0,0,0,0,2
1454,6885974630,3,0,0,0,0,0,1,0,0,0,0,0,0,2
1455,50430763657,4,1,0,0,1,0,0,0,0,0,0,0,0,2
1456,50430590591,4,1,0,1,0,0,0,0,0,0,0,0,0,2
1457,50429898893,4,0,2,2,2,2,2,2,2,2,2,2,2,1
1458,50429895673,4,0,0,0,0,1,0,0,0,0,0,0,0,2
1459,50429894888,4,1,0,0,0,0,1,0,0,0,0,0,0,0
1460,50429891983,4,1,0,0,0,0,0,0,0,0,0,1,0,2
1461,50429895938,4,1,2,2,2,2,2,2,2,2,2,2,2,2
1462,50430763032,4,1,0,0,0,0,0,1,0,0,0,0,0,0
1463,32236940208,2,0,0,0,0,0,1,0,0,0,0,0,0,1
1464,45383999144,3,0,0,0,0,0,0,0,0,1,0,0,0,0
1465,39444806610,1,1,0,0,0,0,0,0,0,0,0,1,0,0
1466,37123353253,0,1,2,2,2,2,2,2,2,2,2,2,2,2
1467,50430758722,4,1,0,0,1,0,0,0,0,0,0,0,0,1
1468,50430588776,4,1,0,0,0,0,0,0,0,1,0,0,0,2
1469,39329947945,1,0,2,2,2,2,2,2,2,2,2,2,2,0
1470,23619514389,0,0,0,0,0,0,0,0,0,0,0,1,0,0
1471,21058823855,5,1,0,0,0,1,0,0,0,0,0,0,0,2
1472,20249058254,0,0,2,2,2,2,2,2,2,2,2,2,2,1
1473,20844341316,5,0,0,0,0,0,0,0,1,0,0,0,0,2
1474,20839685106,5,0,0,0,0,0,0,0,0,1,0,0,0,2
1475,20818934896,1,1,0,1,0,0,0,0,0,0,0,0,0,1
1476,20215683854,0,0,0,0,1,0,0,0,0,0,0,0,0,2
1477,20624723489,1,0,2,2,2,2,2,2,2,2,2,2,2,2
1478,20799637552,1,0,0,0,0,1,0,0,0,0,0,0,0,1
1479,20468061549,0,0,0,0,0,0,0,0,1,0,0,0,0,2
1480,20464604510,0,0,0,0,0,0,0,0,0,0,0,0,1,0
1481,20625704296,1,0,0,0,0,1,0,0,0,0,0,0,0,0
1482,20527916565,1,1,0,0,0,0,0,0,0,0,1,0,0,1
1483,19872883648,0,1,2,2,2,2,2,2,2,2,2,2,2,1
1484,19686563265,0,0,0,0,0,0,0,0,0,0,1,0,0,2
1485,19065176403,0,0,0,0,0,0,0,0,0,0,0,0,1,0
1486,19657862166,0,0,2,2,2,2,2,2,2,2,2,2,2,0
1487,19364371956,0,0,0,0,1,0,0,0,0,0,0,0,0,2
1488,18779352530,0,0,0,0,0,0,0,0,0,0,0,1,0,1
1489,18940717046,0,1,2,2,2,2,2,2,2,2,2,2,2,1
1490,18070993970,5,0,2,2,2,2,2,2,2,2,2,2,2,1
1491,18067995040,5,1,0,0,0,0,0,0,1,0,0,0,0,2
1492,18256970661,0,0,2,2,2,2,2,2,2,2,2,2,2,2
1493,49006577813,4,0,0,0,0,0,1,0,0,0,0,0,0,1
1494,48887362451,2,1,2,2,2,2,2,2,2,2,2,2,2,0
1495,50239250457,4,0,0,0,0,0,0,0,0,1,0,0,0,0
1496,49881333996,0,1,2,2,2,2,2,2,2,2,2,2,2,0
1497,41285453491,1,1,2,2,2,2,2,2,2,2,2,2,2,0
1498,34440990722,5,1,0,0,0,0,0,1,0,0,0,0,0,2
1499,50937818873,2,1,2,2,2,2,2,2,2,2,2,2,2,0
1500,50013822262,2,0,2,2,2,2,2,2,2,2,2,2,2,1
1501,50053872288,0,1,0,0,0,0,0,1,0,0,0,0,0,0
1502,50014415133,2,1,0,0,0,0,0,0,1,0,0,0,0,0
1503,49888214437,6,1,0,0,0,0,0,0,0,0,1,0,0,0
1504,49788840961,3,1,2,2,2,2,2,2,2,2,2,2,2,0
1505,49432677892,3,1,0,1,0,0,0,0,0,0,0,0,0,2
1506,49401874428,2,1,0,0,0,0,0,0,0,0,0,0,1,0
1507,49391854581,3,1,2,2,2,2,2,2,2,2,2,2,2,0
1508,49391379283,3,1,2,2,2,2,2,2,2,2,2,2,2,0
1509,49267596817,3,1,2,2,2,2,2,2,2,2,2,2,2,0
1510,49253562541,4,1,0,0,0,1,0,0,0,0,0,0,0,0
1511,50938395121,2,1,0,0,0,0,0,0,0,1,0,0,0,0
1512,50058609913,0,1,0,0,0,0,0,0,1,0,0,0,0,2
1513,49887141013,6,1,0,1,0,0,0,0,0,0,0,0,0,0
1514,49427313387,3,1,0,0,1,0,0,0,0,0,0,0,0,0
1515,49382752703,3,1,2,2,2,2,2,2,2,2,2,2,2,0
1516,49383192966,3,1,0,0,0,0,1,0,0,0,0,0,0,0
1517,49253088848,3,1,2,2,2,2,2,2,2,2,2,2,2,0
1518,43103754354,5,1,2,2,2,2,2,2,2,2,2,2,2,0
1519,40537112022,0,1,0,0,0,1,0,0,0,0,0,0,0,1
1520,50978981138,6,0,0,1,0,0,0,0,0,0,0,0,0,1
1521,49321100271,3,0,0,0,0,0,0,0,0,0,0,1,0,1
1522,36188281222,4,0,0,0,0,0,0,0,1,0,0,0,0,1
1523,36955230200,4,0,0,0,0,0,0,1,0,0,0,0,0,0
1524,35122555720,5,0,2,2,2,2,2,2,2,2,2,2,2,1
1525,42648130604,3,0,0,0,0,0,0,0,0,1,0,0,0,1
1526,40818217180,0,0,0,0,0,0,0,0,1,0,0,0,0,1
1527,28723418778,6,0,2,2,2,2,2,2,2,2,2,2,2,0
1528,27587861847,2,0,2,2,2,2,2,2,2,2,2,2,2,1
1529,36507119615,2,0,0,1,0,0,0,0,0,0,0,0,0,2
1530,41700658401,4,0,2,2,2,2,2,2,2,2,2,2,2,1
1531,40652676902,0,0,0,0,0,0,0,1,0,0,0,0,0,2
1532,28281208719,6,0,0,0,0,0,0,0,0,0,0,0,1,1
1533,38742025575,1,0,2,2,2,2,2,2,2,2,2,2,2,1
1534,34996429845,2,0,0,0,0,0,1,0,0,0,0,0,0,2
1535,32978649814,5,0,0,0,0,0,0,0,0,0,0,1,0,1
1536,34323322511,0,0,2,2,2,2,2,2,2,2,2,2,2,2
1537,33264410893,6,0,0,0,0,0,0,0,0,0,0,1,0,0
1538,33861112205,3,0,0,0,0,0,0,0,0,1,0,0,0,2
1539,32714831916,0,0,2,2,2,2,2,2,2,2,2,2,2,2
1540,28615919965,0,0,2,2,2,2,2,2,2,2,2,2,2,2
1541,50792310463,3,1,0,0,0,0,0,0,0,0,1,0,0,0
1542,49454193498,4,0,0,0,0,0,0,0,0,0,1,0,0,0
1543,49589378573,5,0,2,2,2,2,2,2,2,2,2,2,2,0
1544,40279846460,3,0,0,0,0,0,0,0,0,0,1,0,0,2
1545,7934060276,1,1,2,2,2,2,2,2,2,2,2,2,2,2
1546,9596181418,6,1,2,2,2,2,2,2,2,2,2,2,2,0
1547,9740991095,6,0,0,0,0,0,1,0,0,0,0,0,0,0
1548,9526089958,6,1,2,2,2,2,2,2,2,2,2,2,2,0
1549,4661621916,4,1,0,0,0,0,0,0,0,0,0,1,0,0
1550,50423788011,5,1,2,2,2,2,2,2,2,2,2,2,2,0
1551,41942617861,5,1,0,0,0,1,0,0,0,0,0,0,0,0
1552,35533208090,1,1,2,2,2,2,2,2,2,2,2,2,2,1
1553,33768086463,3,1,0,0,0,0,0,1,0,0,0,0,0,0
1554,51214190404,3,1,2,2,2,2,2,2,2,2,2,2,2,2
1555,51179000294,6,1,0,1,0,0,0,0,0,0,0,0,0,0
1556,50941174662,3,1,2,2,2,2,2,2,2,2,2,2,2,1
1557,50719961162,1,0,0,0,0,0,0,1,0,0,0,0,0,0
1558,50496199893,2,0,0,0,0,0,0,0,0,0,1,0,0,1
1559,50702625157,4,0,2,2,2,2,2,2,2,2,2,2,2,0
1560,50619335532,5,0,0,0,0,1,0,0,0,0,0,0,0,0
1561,50454368866,1,0,2,2,2,2,2,2,2,2,2,2,2,2
1562,49443586561,1,1,0,0,0,1,0,0,0,0,0,0,0,2
1563,49093745166,3,0,0,0,0,1,0,0,0,0,0,0,0,1
1564,51008763677,3,1,0,0,0,0,0,0,0,0,0,1,0,0
1565,50986310656,1,1,0,0,1,0,0,0,0,0,0,0,0,2
1566,50920954817,2,0,2,2,2,2,2,2,2,2,2,2,2,2
1567,50315931376,4,1,0,0,0,0,0,1,0,0,0,0,0,1
1568,49734198531,2,1,0,0,1,0,0,0,0,0,0,0,0,0
1569,45812476172,6,0,2,2,2,2,2,2,2,2,2,2,2,0
1570,45606949562,2,0,0,0,0,0,0,1,0,0,0,0,0,0
1571,44453625675,3,0,0,0,0,0,1,0,0,0,0,0,0,2
1572,42923725030,4,0,0,0,0,0,0,0,0,0,0,1,0,0
1573,42831066782,3,0,0,0,0,0,0,0,0,0,0,0,1,0
1574,43897483261,5,0,2,2,2,2,2,2,2,2,2,2,2,1
1575,29910824898,0,0,0,0,0,0,0,0,0,0,0,0,1,2
1576,38811954871,2,1,0,0,0,0,1,0,0,0,0,0,0,2
1577,37839903421,0,1,2,2,2,2,2,2,2,2,2,2,2,1
1578,39635196784,4,1,0,0,0,0,0,0,0,1,0,0,0,0
1579,36441948645,4,1,2,2,2,2,2,2,2,2,2,2,2,0
1580,36198539675,4,1,0,0,0,0,0,0,0,1,0,0,0,1
1581,35552192262,1,1,0,0,0,0,0,0,0,1,0,0,0,0
1582,35910010541,0,1,0,0,1,0,0,0,0,0,0,0,0,2
1583,51137546112,5,0,0,0,0,0,0,0,1,0,0,0,0,0
1584,51202653241,3,0,0,0,0,0,0,0,0,0,0,0,1,0
1585,51183403592,6,1,0,1,0,0,0,0,0,0,0,0,0,2
1586,51220103738,5,0,2,2,2,2,2,2,2,2,2,2,2,0
1587,51205404936,3,0,0,0,1,0,0,0,0,0,0,0,0,1
1588,50852573208,4,1,0,0,0,0,0,0,0,0,0,1,0,2
1589,50343170562,4,0,2,2,2,2,2,2,2,2,2,2,2,1
1590,6969591875,6,1,0,0,0,0,0,0,1,0,0,0,0,1
1591,32804131677,5,0,0,0,0,0,0,0,0,0,1,0,0,0
1592,32207617037,2,1,2,2,2,2,2,2,2,2,2,2,2,2
1593,51210278999,3,0,0,1,0,0,0,0,0,0,0,0,0,0
1594,32298505917,1,0,0,0,0,1,0,0,0,0,0,0,0,2
1595,33034512563,5,1,2,2,2,2,2,2,2,2,2,2,2,0
1596,37390875414,0,0,0,0,0,0,0,0,1,0,0,0,0,1
1597,1107877214,1,0,0,0,1,0,0,0,0,0,0,0,0,0
1598,29890539314,0,0,2,2,2,2,2,2,2,2,2,2,2,1
1599,29389680783,4,0,0,0,0,1,0,0,0,0,0,0,0,1
1600,25723006464,3,0,0,0,0,0,0,0,0,0,0,1,0,2
1601,23427342104,1,1,2,2,2,2,2,2,2,2,2,2,2,2
1602,30620238975,1,0,0,0,0,0,0,0,1,0,0,0,0,1
1603,29005098780,4,1,0,0,0,0,1,0,0,0,0,0,0,0
1604,26721297446,0,1,2,2,2,2,2,2,2,2,2,2,2,0
1605,26312554756,4,1,0,0,0,0,0,0,1,0,0,0,0,1
1606,25306208265,4,0,0,0,0,0,0,0,0,0,1,0,0,0
1607,20914215128,5,1,2,2,2,2,2,2,2,2,2,2,2,2
1608,18936316091,0,1,0,0,0,0,0,1,0,0,0,0,0,2
1609,17080490447,4,0,0,0,0,0,0,0,0,0,0,0,1,1
1610,16728180275,3,1,0,0,0,0,0,0,0,0,1,0,0,2
1611,15298210728,1,1,0,0,0,1,0,0,0,0,0,0,0,0
1612,14845540667,1,1,0,0,1,0,0,0,0,0,0,0,0,0
1613,14870142403,1,1,0,1,0,0,0,0,0,0,0,0,0,0
1614,16593124969,0,0,0,0,0,0,0,0,0,0,0,0,1,2
1615,16499476019,0,1,0,0,0,0,0,0,0,0,0,1,0,0
1616,400304837,1,1,0,0,0,0,0,1,0,0,0,0,0,0
1617,16217490370,0,1,0,1,0,0,0,0,0,0,0,0,0,2
1618,16090386459,0,1,0,0,1,0,0,0,0,0,0,0,0,1
1619,15011287903,1,1,0,0,0,0,1,0,0,0,0,0,0,0
1620,14369973065,0,0,0,0,0,1,0,0,0,0,0,0,0,0
1621,14024648425,0,0,0,0,1,0,0,0,0,0,0,0,0,1
1622,13453608724,0,1,0,0,0,0,0,1,0,0,0,0,0,0
1623,12598646743,1,0,2,2,2,2,2,2,2,2,2,2,2,0
1624,12411749784,1,0,0,0,0,1,0,0,0,0,0,0,0,0
1625,9409361310,6,1,0,0,0,0,1,0,0,0,0,0,0,0
1626,9406545317,6,1,0,0,0,0,0,0,0,1,0,0,0,1
1627,9630291979,6,0,0,0,1,0,0,0,0,0,0,0,0,0
1628,9455743135,6,0,2,2,2,2,2,2,2,2,2,2,2,1
1629,9408670524,6,0,0,0,0,0,0,0,0,0,0,0,1,0
1630,8314735181,6,1,0,0,1,0,0,0,0,0,0,0,0,0
1631,8008166770,1,0,0,0,0,0,0,0,0,0,0,1,0,0
1632,7711391834,1,0,0,0,0,0,0,0,0,0,1,0,0,0
1633,7171138217,6,0,0,0,0,0,0,0,0,0,0,0,1,1
1634,7498713934,3,0,2,2,2,2,2,2,2,2,2,2,2,1
1635,7535158058,3,1,0,0,0,0,0,0,0,0,1,0,0,0
1636,7498539156,3,1,0,0,0,1,0,0,0,0,0,0,0,1
1637,6976503800,6,0,2,2,2,2,2,2,2,2,2,2,2,0
1638,6837524440,3,1,0,0,0,0,0,0,0,0,0,1,0,2
1639,6312222472,6,1,2,2,2,2,2,2,2,2,2,2,2,0
1640,6569467063,6,0,0,0,0,0,0,0,1,0,0,0,0,0
1641,6292229892,6,1,0,0,0,0,0,0,1,0,0,0,0,0
1642,51217284266,5,0,2,2,2,2,2,2,2,2,2,2,2,1
1643,51115198310,6,1,0,0,0,0,0,0,0,0,0,0,1,0
1644,50766720316,4,0,2,2,2,2,2,2,2,2,2,2,2,0
1645,50188252662,1,0,2,2,2,2,2,2,2,2,2,2,2,0
1646,49484262636,2,0,0,0,0,0,0,0,0,0,0,1,0,0
1647,48944443883,5,1,0,0,0,0,0,0,0,0,0,0,1,0
1648,49846704052,2,0,0,0,0,1,0,0,0,0,0,0,0,0
1649,49845858543,2,0,0,0,0,0,0,0,0,0,0,0,1,0
1650,48905545677,2,0,0,0,0,0,0,0,0,0,1,0,0,0
1651,47952844038,0,0,2,2,2,2,2,2,2,2,2,2,2,2
1652,30880500817,2,1,0,0,0,0,0,0,0,0,0,1,0,1
1653,45258644934,3,1,0,0,0,1,0,0,0,0,0,0,0,0
1654,45786759631,6,1,0,0,0,0,0,1,0,0,0,0,0,0
1655,29443193538,4,1,0,0,0,0,0,0,0,0,0,1,0,0
1656,42359317065,0,1,0,0,0,0,0,0,0,0,1,0,0,2
1657,29710697478,0,1,0,0,0,0,0,0,0,0,0,1,0,0
1658,39571714202,1,0,0,0,0,0,0,0,0,0,0,1,0,0
1659,25360170978,2,0,0,0,0,0,0,0,0,0,0,1,0,2
1660,50766720341,4,0,0,0,0,0,0,0,0,0,1,0,0,2
1661,50022484861,2,1,0,0,0,0,0,0,0,0,1,0,0,1
1662,51054155831,1,1,0,1,0,0,0,0,0,0,0,0,0,1
1663,49724024257,2,0,0,0,0,0,0,0,1,0,0,0,0,0
1664,49984730202,6,1,0,1,0,0,0,0,0,0,0,0,0,0
1665,6795579267,3,1,2,2,2,2,2,2,2,2,2,2,2,1
1666,50940336473,2,0,0,0,0,0,1,0,0,0,0,0,0,0
1667,44744960375,6,0,0,0,0,0,0,1,0,0,0,0,0,1
1668,9413232234,6,1,0,0,0,0,1,0,0,0,0,0,0,0
1669,49453733688,4,0,0,0,0,0,0,0,0,0,1,0,0,0
1670,49521716591,2,1,2,2,2,2,2,2,2,2,2,2,2,1
1671,13672383333,0,1,0,0,0,0,0,0,0,0,1,0,0,0
1672,49498003346,2,1,0,0,0,0,0,0,0,0,1,0,0,0
1673,27561968957,4,1,0,0,0,0,0,0,0,0,0,1,0,0
1674,46525930435,6,1,2,2,2,2,2,2,2,2,2,2,2,0
1675,50623952002,5,1,0,0,0,0,0,1,0,0,0,0,0,1
1676,50623956287,5,1,2,2,2,2,2,2,2,2,2,2,2,0
1677,42369334385,0,1,0,0,0,0,0,0,0,0,0,0,1,0
1678,14180137015,0,1,2,2,2,2,2,2,2,2,2,2,2,1
1679,6602718909,3,1,0,0,0,0,0,0,0,0,0,0,1,0
1680,48626363836,5,1,2,2,2,2,2,2,2,2,2,2,2,0
1681,49971142187,2,1,2,2,2,2,2,2,2,2,2,2,2,2
1682,13851885183,0,0,0,0,0,1,0,0,0,0,0,0,0,2
1683,46838490975,5,1,2,2,2,2,2,2,2,2,2,2,2,1
1684,50637157957,5,0,0,0,0,0,0,0,0,0,0,1,0,2
1685,50637157802,5,1,0,0,0,1,0,0,0,0,0,0,0,0
1686,9433806963,6,1,0,0,0,0,0,0,0,0,1,0,0,1
1687,9433801657,6,1,0,0,0,0,0,0,0,0,0,0,1,2
1688,9406610269,6,1,0,0,0,0,0,0,0,1,0,0,0,0
1689,46808465471,5,1,0,0,0,0,0,1,0,0,0,0,0,0
1690,40162765673,1,1,0,0,0,0,1,0,0,0,0,0,0,0
1691,51011687890,4,1,0,0,0,0,0,0,0,0,0,0,1,2
1692,50635904761,5,1,0,0,0,0,0,0,0,0,0,0,1,1
1693,50623113228,5,0,2,2,2,2,2,2,2,2,2,2,2,1
1694,50622754803,5,1,2,2,2,2,2,2,2,2,2,2,2,0
1695,45159743365,3,0,0,0,1,0,0,0,0,0,0,0,0,1
1696,51080176828,4,0,0,1,0,0,0,0,0,0,0,0,0,1
1697,51080176118,2,0,0,0,0,0,0,0,0,0,1,0,0,2
1698,51011687520,3,1,2,2,2,2,2,2,2,2,2,2,2,2
1699,51080966022,5,1,0,0,0,0,0,0,0,0,0,1,0,1
1700,51127534925,6,0,0,0,0,0,0,0,0,0,1,0,0,1
1701,45655448262,3,0,0,0,0,0,0,0,0,0,1,0,0,0
1702,42370151822,0,1,0,0,0,0,0,0,0,0,0,0,1,0
1703,41264290924,1,1,0,0,0,0,1,0,0,0,0,0,0,0
1704,51199582714,3,1,0,0,0,0,0,0,0,0,0,1,0,0
1705,49945892092,5,0,0,0,0,0,0,0,1,0,0,0,0,0
1706,47092538302,2,0,0,1,0,0,0,0,0,0,0,0,0,0
1707,42634169264,3,0,0,0,1,0,0,0,0,0,0,0,0,1
1708,30879286111,2,0,0,0,0,0,1,0,0,0,0,0,0,1
1709,26708623901,0,0,2,2,2,2,2,2,2,2,2,2,2,1
1710,50472215352,2,0,0,0,0,1,0,0,0,0,0,0,0,1
1711,51069294227,5,1,0,0,0,0,0,0,0,0,1,0,0,0
1712,49200351566,4,1,0,0,0,1,0,0,0,0,0,0,0,1
1713,48520187361,0,1,2,2,2,2,2,2,2,2,2,2,2,0
1714,46943099071,1,1,2,2,2,2,2,2,2,2,2,2,2,2
1715,49992980691,6,1,0,0,0,0,0,1,0,0,0,0,0,2
1716,51211999020,3,0,0,0,0,0,1,0,0,0,0,0,0,0
1717,47793812232,5,1,2,2,2,2,2,2,2,2,2,2,2,0
1718,31541639382,6,0,2,2,2,2,2,2,2,2,2,2,2,1
1719,48939640116,5,0,0,1,0,0,0,0,0,0,0,0,0,0
1720,50872342917,1,0,2,2,2,2,2,2,2,2,2,2,2,0
1721,50236013562,4,1,0,0,0,0,0,0,0,0,0,1,0,0
1722,48853108473,4,1,0,0,0,0,0,0,1,0,0,0,0,0
1723,49636584523,0,1,0,0,0,0,0,0,0,0,0,0,1,1
1724,48852401091,4,1,2,2,2,2,2,2,2,2,2,2,2,1
1725,47706180152,5,1,0,0,0,0,1,0,0,0,0,0,0,0
1726,46135587892,5,1,0,0,0,0,0,1,0,0,0,0,0,2
1727,45259509505,3,1,0,0,0,0,0,0,0,0,0,1,0,1
1728,44895083015,6,1,0,0,1,0,0,0,0,0,0,0,0,0
1729,45027178754,2,1,2,2,2,2,2,2,2,2,2,2,2,2
1730,30701382737,1,1,2,2,2,2,2,2,2,2,2,2,2,0
1731,43305600675,5,1,0,0,0,0,0,0,0,0,1,0,0,2
1732,44242778105,2,1,0,0,0,0,0,0,0,0,0,0,1,1
1733,44453910572,3,1,0,0,0,0,0,0,0,0,1,0,0,2
1734,30568968848,4,1,0,0,1,0,0,0,0,0,0,0,0,2
1735,42156357371,5,1,0,0,0,0,0,0,1,0,0,0,0,2
1736,42030838161,5,1,0,0,0,0,0,0,0,0,0,0,1,2
1737,38419329070,4,1,2,2,2,2,2,2,2,2,2,2,2,0
1738,37054161655,4,0,0,0,0,0,0,0,0,0,1,0,0,0
1739,36557858746,2,1,0,0,0,0,0,0,0,0,0,0,1,1
1740,50715903463,1,1,0,0,0,0,0,1,0,0,0,0,0,1
1741,50881479093,6,1,2,2,2,2,2,2,2,2,2,2,2,2
1742,49220440318,2,1,0,0,0,0,0,0,0,0,0,0,1,2
1743,35309943913,5,-1,-1,-1,-1,-1,-1,-1,-1,-1,-1,-1,-1,-1
1744,34690369874,1,1,0,1,0,0,0,0,0,0,0,0,0,1
1745,24052559073,5,0,0,0,0,0,0,1,0,0,0,0,0,1
1746,19724539822,0,1,0,0,0,0,0,0,0,0,0,1,0,0
1747,18217439913,0,0,2,2,2,2,2,2,2,2,2,2,2,0
1748,16537170125,0,1,2,2,2,2,2,2,2,2,2,2,2,0
1749,8696533503,6,1,2,2,2,2,2,2,2,2,2,2,2,0
1750,7708075872,1,1,0,0,1,0,0,0,0,0,0,0,0,1
1751,6884227888,3,1,2,2,2,2,2,2,2,2,2,2,2,0
1752,5962339427,3,0,2,2,2,2,2,2,2,2,2,2,2,1
1753,51154043675,5,1,0,0,0,0,0,0,0,0,1,0,0,0
1754,49882975366,0,1,0,0,0,0,0,1,0,0,0,0,0,1
1755,49445540296,1,0,2,2,2,2,2,2,2,2,2,2,2,1
1756,49445057083,1,1,2,2,2,2,2,2,2,2,2,2,2,2
1757,48542767351,0,1,2,2,2,2,2,2,2,2,2,2,2,2
1758,48364825076,3,1,0,0,0,0,0,0,1,0,0,0,0,0
1759,46965075421,1,0,0,0,0,1,0,0,0,0,0,0,0,2
1760,46037148695,0,0,0,0,0,0,1,0,0,0,0,0,0,2
1761,44299077064,2,1,2,2,2,2,2,2,2,2,2,2,2,2
1762,44239019952,2,1,0,0,0,0,0,0,1,0,0,0,0,0
1763,37987497672,0,0,2,2,2,2,2,2,2,2,2,2,2,1
1764,50251633492,3,1,0,0,0,0,1,0,0,0,0,0,0,2
1765,50859488138,4,1,0,0,0,0,0,0,1,0,0,0,0,0
1766,50136231558,1,1,0,0,0,0,0,0,1,0,0,0,0,0
1767,50137647048,2,1,0,0,0,0,0,0,0,0,0,0,1,2
1768,50839548572,4,1,0,0,0,0,0,0,0,1,0,0,0,0
1769,50260137326,0,0,0,0,0,0,0,1,0,0,0,0,0,0
1770,40215587203,1,0,0,0,0,0,0,0,0,1,0,0,0,2
1771,42982682412,4,0,0,0,0,0,0,0,1,0,0,0,0,0
1772,28075815527,6,0,0,1,0,0,0,0,0,0,0,0,0,1
1773,48750643768,2,1,2,2,2,2,2,2,2,2,2,2,2,0
1774,48807213638,5,0,2,2,2,2,2,2,2,2,2,2,2,0
1775,47943133643,0,1,2,2,2,2,2,2,2,2,2,2,2,1
1776,47958656882,0,0,0,0,1,0,0,0,0,0,0,0,0,0
1777,47942887262,0,0,2,2,2,2,2,2,2,2,2,2,2,1
1778,50623103583,5,1,2,2,2,2,2,2,2,2,2,2,2,2
1779,6202617472,3,1,2,2,2,2,2,2,2,2,2,2,2,0
1780,42342913282,0,0,0,0,0,0,0,0,0,0,0,1,0,1
1781,43332099472,5,0,0,0,0,0,0,0,0,0,0,0,1,1
1782,49682534663,2,0,0,0,0,0,1,0,0,0,0,0,0,2
1783,49499558828,2,1,2,2,2,2,2,2,2,2,2,2,2,2
1784,49377504978,2,0,0,0,0,1,0,0,0,0,0,0,0,2
1785,50933761888,2,1,2,2,2,2,2,2,2,2,2,2,2,0
1786,50202072517,2,0,0,0,0,0,0,0,0,0,0,1,0,1
1787,50904698572,2,0,0,0,0,0,0,1,0,0,0,0,0,1
1788,15986511954,3,0,0,0,0,0,0,0,1,0,0,0,0,2
1789,15986510664,3,1,0,0,0,0,0,0,0,0,0,0,1,2
1790,49611726931,3,1,2,2,2,2,2,2,2,2,2,2,2,2
1791,47755019692,5,1,2,2,2,2,2,2,2,2,2,2,2,0
1792,50643319642,1,0,0,0,0,0,0,0,0,0,0,0,1,0
1793,50902674093,2,1,0,0,0,0,1,0,0,0,0,0,0,0
1794,51004274537,3,0,0,0,1,0,0,0,0,0,0,0,0,0
1795,46924291832,1,1,0,0,0,1,0,0,0,0,0,0,0,1
1796,46912637522,5,1,0,0,1,0,0,0,0,0,0,0,0,2
1797,38138998822,0,1,0,1,0,0,0,0,0,0,0,0,0,0
1798,50698332486,4,1,2,2,2,2,2,2,2,2,2,2,2,0
1799,51011794761,4,1,2,2,2,2,2,2,2,2,2,2,2,0
1800,50374784763,0,0,2,2,2,2,2,2,2,2,2,2,2,2
1801,6347823269,6,1,0,1,0,0,0,0,0,0,0,0,0,0
1802,5839903420,6,0,0,0,0,0,0,0,0,0,0,0,1,0
1803,49600699767,5,1,2,2,2,2,2,2,2,2,2,2,2,1
1804,40293308233,3,1,2,2,2,2,2,2,2,2,2,2,2,0
1805,51129939959,6,1,2,2,2,2,2,2,2,2,2,2,2,0
1806,51128638220,6,1,0,0,0,0,0,1,0,0,0,0,0,1
1807,50648311546,1,1,0,0,0,0,1,0,0,0,0,0,0,0
1808,49909981567,4,1,2,2,2,2,2,2,2,2,2,2,2,0
1809,49583015423,5,1,0,0,0,0,0,0,0,0,1,0,0,1
1810,49396378788,3,1,2,2,2,2,2,2,2,2,2,2,2,2
1811,49909161403,4,0,2,2,2,2,2,2,2,2,2,2,2,2
1812,49769175812,6,1,0,0,0,0,0,0,0,0,1,0,0,1
1813,49757533776,0,1,0,0,0,1,0,0,0,0,0,0,0,2
1814,49744734322,2,1,0,0,0,0,0,1,0,0,0,0,0,2
1815,49738588442,2,1,0,0,0,0,1,0,0,0,0,0,0,1
1816,49742698121,2,0,2,2,2,2,2,2,2,2,2,2,2,1
1817,51104377090,3,0,0,0,0,0,1,0,0,0,0,0,0,0
1818,51103144922,6,1,0,0,0,1,0,0,0,0,0,0,0,0
1819,51102895483,6,1,2,2,2,2,2,2,2,2,2,2,2,1
1820,51100871731,6,1,0,0,0,0,0,0,0,0,0,1,0,1
1821,51096772052,5,1,0,0,0,0,0,0,0,1,0,0,0,2
1822,51096755299,5,1,0,0,0,0,0,0,1,0,0,0,0,2
1823,51104485147,3,1,0,0,0,0,0,0,0,1,0,0,0,0
1824,51103223042,3,1,0,0,0,0,0,0,0,1,0,0,0,1
1825,51100392256,5,1,0,0,0,0,1,0,0,0,0,0,0,0
1826,51097045208,5,1,2,2,2,2,2,2,2,2,2,2,2,2
1827,51096388306,5,1,0,0,0,0,0,0,0,0,0,0,1,1
1828,51096387791,5,1,0,0,0,0,0,0,0,1,0,0,0,2
1829,51101506120,6,1,0,0,0,0,0,0,0,0,0,1,0,0
1830,51097044678,5,1,0,0,0,0,0,0,1,0,0,0,0,1
1831,51100828584,6,1,0,0,0,0,0,0,0,0,0,0,1,2
1832,51102882972,6,1,0,0,0,0,0,0,1,0,0,0,0,2
1833,51101020253,6,1,0,0,0,1,0,0,0,0,0,0,0,0
1834,51096929753,5,1,0,0,0,0,1,0,0,0,0,0,0,1
1835,51103273506,3,1,2,2,2,2,2,2,2,2,2,2,2,2
1836,51098132471,1,1,0,1,0,0,0,0,0,0,0,0,0,2
1837,51104923107,3,1,0,0,0,1,0,0,0,0,0,0,0,1
1838,51096412059,5,1,2,2,2,2,2,2,2,2,2,2,2,2
1839,51102550481,6,1,0,0,0,0,0,0,0,0,1,0,0,1
1840,51105173246,3,1,0,1,0,0,0,0,0,0,0,0,0,1
1841,30256047788,5,1,2,2,2,2,2,2,2,2,2,2,2,0
1842,50674744391,1,1,0,0,0,0,0,0,1,0,0,0,0,1
1843,51147977880,2,1,0,0,0,0,0,0,0,0,0,1,0,0
1844,51147651859,2,1,2,2,2,2,2,2,2,2,2,2,2,1
1845,50827178976,3,0,0,0,0,0,1,0,0,0,0,0,0,0
1846,50622981968,5,1,0,0,0,0,0,0,0,0,0,1,0,2
1847,50623800802,5,1,2,2,2,2,2,2,2,2,2,2,2,0
1848,50439594773,4,1,2,2,2,2,2,2,2,2,2,2,2,1
1849,50827179646,3,0,0,0,0,0,0,0,0,0,0,0,1,1
1850,50639071673,5,1,0,0,0,0,0,0,0,1,0,0,0,1
1851,49914721086,4,1,0,0,0,0,0,0,0,0,1,0,0,0
1852,49127707381,2,0,0,0,0,1,0,0,0,0,0,0,0,2
1853,49029155306,4,1,0,0,0,0,0,1,0,0,0,0,0,1
1854,51146867716,3,1,2,2,2,2,2,2,2,2,2,2,2,2
1855,50926832932,2,1,0,0,0,0,0,1,0,0,0,0,0,2
1856,50697587448,4,1,2,2,2,2,2,2,2,2,2,2,2,1
1857,50639903612,5,0,0,0,0,0,0,0,0,0,0,1,0,2
1858,49862319207,0,1,0,0,0,0,0,1,0,0,0,0,0,0
1859,49411440927,3,1,0,0,0,0,0,0,0,0,0,1,0,0
1860,49523727728,2,1,0,0,0,0,0,1,0,0,0,0,0,2
1861,31599728007,3,1,0,0,0,0,0,0,0,1,0,0,0,1
1862,44824987304,6,1,0,1,0,0,0,0,0,0,0,0,0,0
1863,39880840563,4,0,2,2,2,2,2,2,2,2,2,2,2,0
1864,46078097144,0,0,0,1,0,0,0,0,0,0,0,0,0,2
1865,42991279530,4,1,0,1,0,0,0,0,0,0,0,0,0,0
1866,43580551301,5,1,0,0,0,0,1,0,0,0,0,0,0,2
1867,42178774044,5,1,0,1,0,0,0,0,0,0,0,0,0,0
1868,43647785155,5,1,2,2,2,2,2,2,2,2,2,2,2,2
1869,44426095152,3,1,0,1,0,0,0,0,0,0,0,0,0,0
1870,39298178155,1,1,2,2,2,2,2,2,2,2,2,2,2,1
1871,37766626066,0,1,0,0,0,0,0,0,0,0,0,1,0,1
1872,40714068732,0,0,0,0,0,0,0,0,0,1,0,0,0,1
1873,39489607255,1,1,0,0,0,0,0,0,0,0,0,1,0,1
1874,24214797117,6,1,0,0,0,0,0,0,1,0,0,0,0,0
1875,36934030552,4,1,0,0,1,0,0,0,0,0,0,0,0,0
1876,36581334390,2,1,0,0,0,0,1,0,0,0,0,0,0,2
1877,34563540024,1,0,2,2,2,2,2,2,2,2,2,2,2,2
1878,33731555934,3,0,2,2,2,2,2,2,2,2,2,2,2,2
1879,36743100922,4,0,0,0,0,0,0,0,1,0,0,0,0,1
1880,35825962225,0,1,2,2,2,2,2,2,2,2,2,2,2,0
1881,35054880722,2,0,0,0,1,0,0,0,0,0,0,0,0,1
1882,35054879192,2,1,0,0,0,0,0,0,0,0,1,0,0,2
1883,51146192217,5,1,0,1,0,0,0,0,0,0,0,0,0,2
1884,50697589048,4,1,0,0,1,0,0,0,0,0,0,0,0,1
1885,51146191887,5,1,2,2,2,2,2,2,2,2,2,2,2,1
1886,50943895972,5,1,0,0,1,0,0,0,0,0,0,0,0,1
1887,51147978055,2,0,2,2,2,2,2,2,2,2,2,2,2,2
1888,51002711148,1,0,0,0,0,0,0,0,0,0,1,0,0,0
1889,50939369281,2,0,0,0,0,0,0,1,0,0,0,0,0,1
1890,48361909892,3,0,0,0,0,0,0,0,1,0,0,0,0,2
1891,49592942267,5,1,2,2,2,2,2,2,2,2,2,2,2,2
1892,40420946962,4,0,0,0,0,0,0,1,0,0,0,0,0,0
1893,36397590972,4,1,0,0,0,1,0,0,0,0,0,0,0,1
1894,34958404830,2,0,0,0,0,0,0,0,0,0,0,1,0,1
1895,27923336752,5,0,0,0,0,0,0,0,0,0,0,0,1,0
1896,26425388235,6,1,0,0,0,0,1,0,0,0,0,0,0,0
1897,19429896498,0,0,0,0,0,1,0,0,0,0,0,0,0,2
1898,27576318264,2,0,2,2,2,2,2,2,2,2,2,2,2,1
1899,22227191266,2,1,2,2,2,2,2,2,2,2,2,2,2,2
1900,15330478694,1,1,0,0,0,0,0,1,0,0,0,0,0,0
1901,14574453593,0,1,2,2,2,2,2,2,2,2,2,2,2,0
1902,12845622745,0,1,0,0,0,0,0,0,0,0,1,0,0,1
1903,8738044066,6,1,0,0,0,0,0,0,0,0,0,0,1,0
1904,9290224309,6,0,0,0,0,0,1,0,0,0,0,0,0,2
1905,9327015025,6,1,2,2,2,2,2,2,2,2,2,2,2,1
1906,8403429148,6,1,0,0,0,0,0,0,1,0,0,0,0,0
1907,8268846240,6,1,0,0,0,0,1,0,0,0,0,0,0,0
1908,8138273072,2,1,0,0,0,0,0,0,0,1,0,0,0,0
1909,8027380146,1,0,2,2,2,2,2,2,2,2,2,2,2,0
1910,6883684154,3,1,0,0,0,1,0,0,0,0,0,0,0,0
1911,6866123190,3,1,0,0,0,0,0,0,0,1,0,0,0,1
1912,7012236739,6,1,0,1,0,0,0,0,0,0,0,0,0,0
1913,6941937543,3,1,0,0,1,0,0,0,0,0,0,0,0,1
1914,6788232649,3,1,0,1,0,0,0,0,0,0,0,0,0,0
1915,6887692251,3,1,0,0,0,1,0,0,0,0,0,0,0,1
1916,6579362985,6,0,2,2,2,2,2,2,2,2,2,2,2,1
1917,51177273764,6,0,2,2,2,2,2,2,2,2,2,2,2,0
1918,51164731925,5,0,2,2,2,2,2,2,2,2,2,2,2,0
1919,50835975781,4,0,0,0,0,0,0,0,0,0,1,0,0,2
1920,50229253618,4,1,2,2,2,2,2,2,2,2,2,2,2,2
1921,50201577481,1,1,0,0,1,0,0,0,0,0,0,0,0,2
1922,49822821691,6,1,0,0,0,0,0,0,0,0,1,0,0,0
1923,49733962127,2,1,2,2,2,2,2,2,2,2,2,2,2,2
1924,49791342497,3,1,0,1,0,0,0,0,0,0,0,0,0,2
1925,49534586968,2,1,0,0,0,0,0,0,0,0,1,0,0,0
1926,49293218357,3,0,2,2,2,2,2,2,2,2,2,2,2,2
1927,49019047762,4,1,2,2,2,2,2,2,2,2,2,2,2,2
1928,48474116856,4,0,0,0,1,0,0,0,0,0,0,0,0,2
1929,49874546893,0,1,0,0,0,0,1,0,0,0,0,0,0,0
1930,49761684797,4,0,0,0,0,1,0,0,0,0,0,0,0,1
1931,48139515721,0,1,0,1,0,0,0,0,0,0,0,0,0,0
1932,48068746878,3,0,0,0,0,0,0,0,0,0,0,1,0,0
1933,48061173666,2,0,0,0,0,1,0,0,0,0,0,0,0,1
1934,33987017538,3,1,0,0,0,0,0,0,0,1,0,0,0,0
1935,46808058735,5,1,0,1,0,0,0,0,0,0,0,0,0,1
1936,46668449845,4,1,0,0,0,0,0,0,0,0,1,0,0,2
1937,31641043567,3,0,0,0,0,0,0,1,0,0,0,0,0,1
1938,48274968952,2,0,0,0,0,0,0,0,0,1,0,0,0,0
1939,33936770758,3,1,2,2,2,2,2,2,2,2,2,2,2,0
1940,40617923773,0,1,0,0,1,0,0,0,0,0,0,0,0,0
1941,32641342067,5,0,0,0,0,0,0,0,0,0,0,0,1,1
1942,40617917573,0,1,2,2,2,2,2,2,2,2,2,2,2,0
1943,32528649867,5,1,2,2,2,2,2,2,2,2,2,2,2,0
1944,31134223407,5,1,0,0,0,0,0,0,0,0,1,0,0,1
1945,44782215775,6,1,0,1,0,0,0,0,0,0,0,0,0,0
1946,43988751771,2,0,0,0,0,0,0,0,0,0,0,0,1,0
1947,29519343418,4,1,0,0,1,0,0,0,0,0,0,0,0,2
1948,28227036007,6,0,2,2,2,2,2,2,2,2,2,2,2,0
1949,43091826081,5,0,0,0,0,0,0,0,0,0,0,0,1,0
1950,28278046918,6,0,0,0,0,0,0,0,0,1,0,0,0,2
1951,39313112805,1,0,2,2,2,2,2,2,2,2,2,2,2,0
1952,40842663112,0,0,0,0,0,0,0,0,0,0,0,0,1,2
1953,40209855741,1,0,0,0,0,1,0,0,0,0,0,0,0,1
1954,39140180545,1,0,0,0,0,1,0,0,0,0,0,0,0,0
1955,38663081390,1,0,2,2,2,2,2,2,2,2,2,2,2,2
1956,26338272058,4,1,0,1,0,0,0,0,0,0,0,0,0,1
1957,37920441314,0,1,0,1,0,0,0,0,0,0,0,0,0,0
1958,28033440729,5,0,0,1,0,0,0,0,0,0,0,0,0,2
1959,39695040632,4,0,0,0,1,0,0,0,0,0,0,0,0,0
1960,51141810933,5,1,2,2,2,2,2,2,2,2,2,2,2,1
1961,50422056106,5,0,0,0,1,0,0,0,0,0,0,0,0,1
1962,50296257242,1,0,0,0,0,0,0,0,0,1,0,0,0,0
1963,50094952381,3,1,2,2,2,2,2,2,2,2,2,2,2,2
1964,50011741141,4,1,2,2,2,2,2,2,2,2,2,2,2,2
1965,50027226737,4,1,2,2,2,2,2,2,2,2,2,2,2,2
1966,50992357033,1,1,0,0,0,0,0,0,0,0,0,0,1,2
1967,51184856243,6,1,0,0,1,0,0,0,0,0,0,0,0,2
1968,50421895472,5,0,2,2,2,2,2,2,2,2,2,2,2,1
1969,49900482233,6,0,0,0,0,0,0,0,0,0,0,0,1,1
1970,50365047616,1,1,0,0,0,0,1,0,0,0,0,0,0,0
1971,48036483782,1,0,0,0,0,0,0,0,0,0,1,0,0,0
1972,46435746302,5,0,0,0,0,0,0,1,0,0,0,0,0,0
1973,45353488405,3,0,0,0,0,0,0,0,0,0,1,0,0,0
1974,45972273541,1,1,0,0,0,0,0,0,1,0,0,0,0,1
1975,47224639822,2,1,0,0,0,0,1,0,0,0,0,0,0,1
1976,46359837755,3,1,2,2,2,2,2,2,2,2,2,2,2,1
1977,32332417197,4,1,0,0,0,0,0,0,0,0,1,0,0,2
1978,46551040394,6,1,0,0,0,0,1,0,0,0,0,0,0,2
1979,33398487908,6,1,2,2,2,2,2,2,2,2,2,2,2,1
1980,43536969902,3,1,2,2,2,2,2,2,2,2,2,2,2,0
1981,43131426982,5,1,0,0,0,0,0,0,0,0,0,0,1,1
1982,42395951224,0,1,0,0,0,1,0,0,0,0,0,0,0,1
1983,42820595655,2,1,0,0,0,0,0,0,1,0,0,0,0,2
1984,50628585393,5,1,0,0,0,1,0,0,0,0,0,0,0,0
1985,49896679823,6,0,0,1,0,0,0,0,0,0,0,0,0,2
1986,49878298262,0,0,0,0,0,0,0,0,0,0,1,0,0,1
1987,50742609473,2,1,2,2,2,2,2,2,2,2,2,2,2,1
1988,49864836621,0,0,0,0,0,0,0,0,0,1,0,0,0,2
1989,49968749586,1,0,0,0,0,0,1,0,0,0,0,0,0,2
1990,50469475563,2,1,2,2,2,2,2,2,2,2,2,2,2,0
1991,46260703434,5,0,0,0,0,1,0,0,0,0,0,0,0,0
1992,49290499486,3,1,2,2,2,2,2,2,2,2,2,2,2,2
1993,49285327312,3,1,0,0,0,0,0,0,0,1,0,0,0,2
1994,50837949361,4,0,2,2,2,2,2,2,2,2,2,2,2,1
1995,27827190585,5,1,0,0,0,0,0,0,0,1,0,0,0,0
1996,46386885534,3,0,0,0,0,1,0,0,0,0,0,0,0,0
1997,51206829988,3,0,0,0,0,0,1,0,0,0,0,0,0,0
1998,51073696256,2,0,0,0,0,1,0,0,0,0,0,0,0,0
1999,51005046213,3,0,0,0,0,0,0,0,0,1,0,0,0,1
2000,50940530117,2,0,2,2,2,2,2,2,2,2,2,2,2,0
2001,50680790197,1,0,0,0,0,0,0,0,0,1,0,0,0,0
2002,51216357703,3,0,0,0,0,1,0,0,0,0,0,0,0,1
2003,50814629298,3,1,2,2,2,2,2,2,2,2,2,2,2,0
2004,50815450047,2,0,0,0,0,0,0,1,0,0,0,0,0,1
2005,50811998572,3,0,2,2,2,2,2,2,2,2,2,2,2,0
2006,50707824997,4,1,0,0,0,0,0,0,1,0,0,0,0,1
2007,50571417887,1,1,0,0,0,0,0,0,0,0,0,0,1,1
2008,50499214498,5,0,0,0,1,0,0,0,0,0,0,0,0,1
2009,50493438431,2,1,0,0,0,1,0,0,0,0,0,0,0,0
2010,50582412136,2,0,0,0,0,0,0,0,1,0,0,0,0,0
2011,50182212482,2,0,2,2,2,2,2,2,2,2,2,2,2,2
2012,49671431991,0,0,2,2,2,2,2,2,2,2,2,2,2,2
2013,49499794067,2,0,0,0,1,0,0,0,0,0,0,0,0,0
2014,49436630002,1,0,0,0,0,0,0,0,0,1,0,0,0,0
2015,49091676607,3,0,0,0,0,0,0,0,0,0,0,1,0,0
2016,48822764183,5,0,0,0,0,0,0,1,0,0,0,0,0,0
2017,48807457993,5,0,2,2,2,2,2,2,2,2,2,2,2,0
2018,49300955181,2,0,0,0,0,0,0,0,1,0,0,0,0,2
2019,48992911037,6,0,0,0,0,1,0,0,0,0,0,0,0,0
2020,48976833287,4,0,2,2,2,2,2,2,2,2,2,2,2,0
2021,48806545408,5,0,2,2,2,2,2,2,2,2,2,2,2,0
2022,48573796791,0,1,2,2,2,2,2,2,2,2,2,2,2,0
2023,48493223562,4,0,0,0,0,0,0,0,0,1,0,0,0,0
2024,48356624182,2,0,0,0,0,0,0,0,1,0,0,0,0,0
2025,48249223986,1,0,0,0,0,0,0,0,0,0,0,0,1,0
2026,48211993481,1,0,2,2,2,2,2,2,2,2,2,2,2,0
2027,48121341386,3,0,2,2,2,2,2,2,2,2,2,2,2,0
2028,48098289362,3,0,2,2,2,2,2,2,2,2,2,2,2,2
2029,48097107053,3,0,0,0,0,0,0,1,0,0,0,0,0,2
2030,48182871636,0,0,0,0,0,0,0,0,0,0,0,0,1,1
2031,48121346031,3,0,0,0,1,0,0,0,0,0,0,0,0,0
2032,47942432382,0,0,0,0,0,0,0,0,0,0,1,0,0,0
2033,46849134635,5,0,0,1,0,0,0,0,0,0,0,0,0,0
2034,32762879397,1,1,0,0,0,0,0,0,0,0,0,0,1,0
2035,40643327653,0,0,2,2,2,2,2,2,2,2,2,2,2,1
2036,48121436782,3,0,0,0,0,0,0,0,1,0,0,0,0,2
2037,40764220543,0,0,0,0,1,0,0,0,0,0,0,0,0,1
2038,45684071424,6,0,0,0,0,0,0,0,0,0,0,0,1,0
2039,31420794917,2,0,0,0,0,0,1,0,0,0,0,0,0,0
2040,32390511138,4,1,0,0,1,0,0,0,0,0,0,0,0,0
2041,30623834894,1,0,0,0,0,0,0,0,0,0,0,0,1,0
2042,45053483414,3,0,2,2,2,2,2,2,2,2,2,2,2,1
2043,32470430888,0,0,2,2,2,2,2,2,2,2,2,2,2,0
2044,32168544258,3,0,0,0,0,0,0,0,1,0,0,0,0,0
2045,44144420620,2,0,0,0,1,0,0,0,0,0,0,0,0,0
2046,32018829978,3,0,0,0,0,0,0,0,1,0,0,0,0,0
2047,43963205000,2,0,0,0,1,0,0,0,0,0,0,0,0,1
2048,31908959008,3,0,0,0,0,0,0,1,0,0,0,0,0,1
2049,31908879318,3,0,2,2,2,2,2,2,2,2,2,2,2,0
2050,45729952222,6,0,0,0,1,0,0,0,0,0,0,0,0,2
2051,45729880952,6,0,2,2,2,2,2,2,2,2,2,2,2,2
2052,43960667370,2,0,0,0,0,0,0,0,0,1,0,0,0,2
2053,45778444391,6,0,0,0,0,0,0,0,0,0,0,0,1,2
2054,31891332598,0,0,0,0,0,0,0,1,0,0,0,0,0,2
2055,31542057098,6,0,2,2,2,2,2,2,2,2,2,2,2,2
2056,44473354275,2,0,2,2,2,2,2,2,2,2,2,2,2,1
2057,44334732245,3,0,2,2,2,2,2,2,2,2,2,2,2,1
2058,42936832000,4,0,0,0,0,0,1,0,0,0,0,0,0,2
2059,44440040084,3,0,0,0,0,0,0,0,0,0,1,0,0,0
2060,43811019494,5,1,0,0,0,0,0,0,0,0,0,1,0,1
2061,44467412062,3,0,0,0,0,0,0,0,1,0,0,0,0,1
2062,44417479892,3,0,0,0,0,0,0,1,0,0,0,0,0,0
2063,42577798524,3,0,0,0,1,0,0,0,0,0,0,0,0,0
2064,43765604362,5,0,0,0,0,0,1,0,0,0,0,0,0,2
2065,41559151240,3,0,0,1,0,0,0,0,0,0,0,0,0,2
2066,42458747195,0,0,0,0,0,0,0,0,0,1,0,0,0,0
2067,28494082347,0,1,2,2,2,2,2,2,2,2,2,2,2,2
2068,43034818072,2,1,0,1,0,0,0,0,0,0,0,0,0,0
2069,42304122554,5,0,0,0,0,0,0,0,0,0,0,0,1,2
2070,28872213968,6,0,0,0,0,1,0,0,0,0,0,0,0,0
2071,40872226630,0,0,0,0,0,0,0,0,1,0,0,0,0,1
2072,27658380397,2,1,0,0,0,0,0,0,1,0,0,0,0,2
2073,42334006891,2,0,2,2,2,2,2,2,2,2,2,2,2,0
2074,28235350268,6,0,0,0,0,0,0,1,0,0,0,0,0,0
2075,50939733353,2,0,0,0,0,0,1,0,0,0,0,0,0,1
2076,50934803241,2,0,0,1,0,0,0,0,0,0,0,0,0,2
2077,50784645646,1,0,0,1,0,0,0,0,0,0,0,0,0,2
2078,50940520197,2,0,0,0,0,0,0,1,0,0,0,0,0,2
2079,50842933357,4,1,2,2,2,2,2,2,2,2,2,2,2,2
2080,50707826297,4,0,2,2,2,2,2,2,2,2,2,2,2,1
2081,50940533187,2,0,0,0,0,0,0,0,0,0,1,0,0,0
2082,50818226073,2,0,0,0,1,0,0,0,0,0,0,0,0,2
2083,50815474887,2,0,0,0,0,0,0,0,0,1,0,0,0,1
2084,50707857112,4,0,2,2,2,2,2,2,2,2,2,2,2,2
2085,51176008268,5,0,0,0,0,0,0,0,0,1,0,0,0,1
2086,50735788662,2,1,0,0,0,1,0,0,0,0,0,0,0,0
2087,49661635172,0,0,0,0,0,1,0,0,0,0,0,0,0,0
2088,32929227887,5,1,0,0,0,0,0,0,0,1,0,0,0,1
2089,32255555968,2,1,0,0,1,0,0,0,0,0,0,0,0,0
2090,45130129491,3,0,0,0,0,0,0,0,0,1,0,0,0,2
2091,51042757928,4,0,2,2,2,2,2,2,2,2,2,2,2,0
2092,50706240353,4,1,2,2,2,2,2,2,2,2,2,2,2,0
2093,50544532067,1,1,0,0,0,0,0,0,0,0,0,0,1,0
2094,47963254713,0,0,0,0,0,0,0,0,0,0,1,0,0,0
2095,47739388992,5,0,0,0,0,0,0,0,0,0,0,0,1,0
2096,31716690538,0,0,0,0,0,0,0,0,0,0,1,0,0,0
2097,30865336188,1,0,2,2,2,2,2,2,2,2,2,2,2,2
2098,28138249527,6,0,2,2,2,2,2,2,2,2,2,2,2,0
2099,28536117527,0,0,0,0,0,0,0,0,0,1,0,0,0,2
2100,25379870268,2,0,0,0,0,0,0,0,0,1,0,0,0,1
2101,37998325645,0,0,0,0,0,0,0,0,0,1,0,0,0,0
2102,25227797907,4,0,0,0,0,0,0,0,0,1,0,0,0,0
2103,28280866209,6,0,0,0,0,0,0,0,0,0,0,1,0,2
2104,39032207312,2,0,2,2,2,2,2,2,2,2,2,2,2,0
2105,27285550509,5,0,0,0,0,0,0,0,0,0,1,0,0,1
2106,25050732578,4,0,0,0,0,0,0,0,0,1,0,0,0,1
2107,26554378869,6,0,0,0,1,0,0,0,0,0,0,0,0,0
2108,38020322756,0,0,0,0,0,0,0,0,0,0,1,0,0,2
2109,36978205504,4,0,0,0,0,1,0,0,0,0,0,0,0,0
2110,9959552964,6,1,2,2,2,2,2,2,2,2,2,2,2,0
2111,36987234105,4,0,0,0,0,0,0,0,1,0,0,0,0,1
2112,36594072421,2,0,0,1,0,0,0,0,0,0,0,0,0,0
2113,34089852554,0,0,0,0,0,0,0,1,0,0,0,0,0,0
2114,35755750896,0,0,2,2,2,2,2,2,2,2,2,2,2,0
2115,34658404840,1,0,0,0,0,0,0,0,0,0,1,0,0,1
2116,31836688715,3,0,0,0,0,0,0,0,0,1,0,0,0,0
2117,31370165971,2,1,0,0,0,0,0,0,0,1,0,0,0,1
2118,30979912676,2,0,0,0,0,0,0,1,0,0,0,0,0,2
2119,30457952260,4,0,0,0,0,0,0,0,0,0,1,0,0,1
2120,33294749293,6,0,0,0,0,0,1,0,0,0,0,0,0,0
2121,33521823436,1,0,0,0,0,1,0,0,0,0,0,0,0,1
2122,32327129616,4,0,0,0,1,0,0,0,0,0,0,0,0,0
2123,31924459641,3,0,0,0,0,1,0,0,0,0,0,0,0,2
2124,31776957551,3,0,0,0,0,0,0,0,0,0,0,1,0,0
2125,31743085055,2,0,0,0,0,0,1,0,0,0,0,0,0,0
2126,31482214912,2,0,2,2,2,2,2,2,2,2,2,2,2,0
2127,31513151321,6,0,0,0,1,0,0,0,0,0,0,0,0,1
2128,30677401063,1,0,0,0,0,0,0,0,0,0,1,0,0,1
2129,30397948700,1,0,0,1,0,0,0,0,0,0,0,0,0,1
2130,30656429286,1,1,0,0,0,0,1,0,0,0,0,0,0,0
2131,30580476686,4,0,0,0,0,0,0,0,1,0,0,0,0,0
2132,29204742303,4,1,0,0,0,0,0,0,0,0,1,0,0,0
2133,29251223216,4,0,0,1,0,0,0,0,0,0,0,0,0,0
2134,24136609566,6,0,0,0,0,0,0,0,1,0,0,0,0,0
2135,23465822741,1,0,0,0,0,0,0,0,0,0,0,0,1,1
2136,22105675141,2,0,0,0,0,0,0,0,0,0,1,0,0,0
2137,20840465055,5,0,0,1,0,0,0,0,0,0,0,0,0,0
2138,20388086706,0,0,0,0,0,0,0,0,0,0,0,1,0,0
2139,18974995108,0,0,0,1,0,0,0,0,0,0,0,0,0,0
2140,18427614164,0,0,2,2,2,2,2,2,2,2,2,2,2,1
2141,24291922016,6,1,2,2,2,2,2,2,2,2,2,2,2,0
2142,23581315335,1,0,0,0,0,0,0,0,0,0,0,1,0,2
2143,22507182839,2,0,0,0,1,0,0,0,0,0,0,0,0,2
2144,20796943940,1,0,0,0,0,0,0,0,0,1,0,0,0,2
2145,17270645024,1,0,0,0,0,0,0,0,0,0,1,0,0,1
2146,16947324938,4,1,0,1,0,0,0,0,0,0,0,0,0,0
2147,16543102988,0,1,0,0,0,0,0,0,1,0,0,0,0,0
2148,17529596753,5,0,2,2,2,2,2,2,2,2,2,2,2,0
2149,17793154342,5,0,0,0,0,0,0,0,1,0,0,0,0,0
2150,17470716455,5,0,0,0,0,0,0,0,1,0,0,0,0,0
2151,17184028247,1,0,0,0,0,0,0,1,0,0,0,0,0,0
2152,17201196891,1,0,0,0,0,0,0,0,1,0,0,0,0,1
2153,44404735870,3,0,2,2,2,2,2,2,2,2,2,2,2,0
2154,43771244640,5,0,0,0,0,0,0,0,0,0,1,0,0,1
2155,45215197815,3,1,0,0,1,0,0,0,0,0,0,0,0,2
2156,44674851905,4,0,0,0,0,1,0,0,0,0,0,0,0,1
2157,50702099941,4,1,0,1,0,0,0,0,0,0,0,0,0,2
2158,51036937157,2,1,0,0,0,0,0,0,1,0,0,0,0,0
2159,51025221063,4,0,0,1,0,0,0,0,0,0,0,0,0,1
2160,51001159432,1,0,0,0,0,0,0,0,0,1,0,0,0,0
2161,50299919688,1,0,0,0,1,0,0,0,0,0,0,0,0,0
2162,50222496057,1,0,0,0,0,0,0,0,1,0,0,0,0,2
2163,50222471217,2,0,0,0,0,0,0,0,0,0,0,0,1,0
2164,50239837968,4,1,0,0,0,0,0,0,0,1,0,0,0,0
2165,50233906187,4,0,0,0,0,0,0,0,0,1,0,0,0,0
2166,50233658596,4,1,0,0,0,0,0,1,0,0,0,0,0,2
2167,50176995441,2,0,0,0,1,0,0,0,0,0,0,0,0,2
2168,49696795478,5,0,0,0,0,0,0,1,0,0,0,0,0,0
2169,49689764352,5,0,2,2,2,2,2,2,2,2,2,2,2,0
2170,49597020322,5,1,2,2,2,2,2,2,2,2,2,2,2,2
2171,49596725377,4,0,0,0,0,0,0,0,0,1,0,0,0,0
2172,49595959953,5,0,2,2,2,2,2,2,2,2,2,2,2,1
2173,49595416273,5,0,2,2,2,2,2,2,2,2,2,2,2,0
2174,49588334651,5,0,0,0,0,0,0,0,0,1,0,0,0,1
2175,49445834937,1,1,0,0,0,0,1,0,0,0,0,0,0,0
2176,49295979826,3,0,2,2,2,2,2,2,2,2,2,2,2,0
2177,49061082052,0,1,0,0,0,0,1,0,0,0,0,0,0,1
2178,49303264367,3,0,0,0,0,0,0,0,0,0,1,0,0,0
2179,49247393382,6,1,2,2,2,2,2,2,2,2,2,2,2,0
2180,49227851512,2,1,0,0,0,1,0,0,0,0,0,0,0,0
2181,49222777188,2,0,0,0,0,0,0,0,0,0,0,1,0,0
2182,49221700803,2,0,0,0,0,1,0,0,0,0,0,0,0,0
2183,49150973678,3,0,2,2,2,2,2,2,2,2,2,2,2,1
2184,49090028696,0,0,2,2,2,2,2,2,2,2,2,2,2,0
2185,48972204497,4,0,0,0,0,0,0,0,1,0,0,0,0,0
2186,48937060586,5,0,0,0,0,0,0,0,0,1,0,0,0,0
2187,48859293237,4,0,0,0,0,0,1,0,0,0,0,0,0,2
2188,48835351061,1,1,0,0,0,0,0,0,1,0,0,0,0,0
2189,48408144591,4,0,0,0,0,0,0,0,0,0,1,0,0,0
2190,48956148536,5,0,2,2,2,2,2,2,2,2,2,2,2,0
2191,48735555823,1,0,0,0,0,0,1,0,0,0,0,0,0,2
2192,48655118831,4,1,2,2,2,2,2,2,2,2,2,2,2,1
2193,48654755788,4,0,0,0,0,0,0,1,0,0,0,0,0,2
2194,48602489632,5,1,2,2,2,2,2,2,2,2,2,2,2,1
2195,48541282532,0,0,0,1,0,0,0,0,0,0,0,0,0,0
2196,48458366736,4,0,2,2,2,2,2,2,2,2,2,2,2,0
2197,48407082771,4,1,0,0,1,0,0,0,0,0,0,0,0,0
2198,48399183041,3,0,0,0,0,0,0,0,0,0,0,0,1,2
2199,48067203823,2,0,0,0,0,0,0,0,0,1,0,0,0,0
2200,48282261056,2,0,0,0,1,0,0,0,0,0,0,0,0,2
2201,48282119787,2,0,0,0,1,0,0,0,0,0,0,0,0,2
2202,48281625526,2,0,2,2,2,2,2,2,2,2,2,2,2,2
2203,48170273807,0,0,0,0,0,0,0,1,0,0,0,0,0,1
2204,48144317371,0,1,0,0,0,0,0,0,0,1,0,0,0,2
2205,48067209968,2,0,0,0,0,0,0,0,0,0,0,1,0,2
2206,48067264432,3,0,0,1,0,0,0,0,0,0,0,0,0,1
2207,48067261692,2,0,0,0,0,0,0,0,0,1,0,0,0,2
2208,48067155676,2,0,0,0,0,0,0,1,0,0,0,0,0,0
2209,48067179153,2,0,2,2,2,2,2,2,2,2,2,2,2,0
2210,47940974256,0,0,0,1,0,0,0,0,0,0,0,0,0,0
2211,33850382098,3,0,0,0,0,0,0,0,0,0,1,0,0,1
2212,14604983614,0,0,2,2,2,2,2,2,2,2,2,2,2,0
2213,47306599812,2,0,2,2,2,2,2,2,2,2,2,2,2,0
2214,33861384998,3,0,0,0,0,0,0,0,1,0,0,0,0,0
2215,40771782813,0,0,0,0,0,1,0,0,0,0,0,0,0,0
2216,47706678661,5,0,2,2,2,2,2,2,2,2,2,2,2,0
2217,33829244758,3,0,0,0,0,0,1,0,0,0,0,0,0,0
2218,33829020198,4,0,0,0,0,0,0,0,0,0,0,0,1,0
2219,40615346963,0,0,2,2,2,2,2,2,2,2,2,2,2,1
2220,47431700101,5,0,2,2,2,2,2,2,2,2,2,2,2,2
2221,40437352983,4,1,2,2,2,2,2,2,2,2,2,2,2,2
2222,33285239448,6,0,0,0,0,0,0,0,0,0,0,0,1,1
2223,40159326883,1,1,2,2,2,2,2,2,2,2,2,2,2,2
2224,40119146853,1,0,0,0,0,1,0,0,0,0,0,0,0,2
2225,40114207473,1,0,0,0,0,1,0,0,0,0,0,0,0,2
2226,46354841084,3,0,0,0,0,0,0,1,0,0,0,0,0,2
2227,40111519303,1,0,2,2,2,2,2,2,2,2,2,2,2,2
2228,32134414607,3,0,0,0,0,0,0,1,0,0,0,0,0,2
2229,46162419315,5,0,0,0,0,0,0,0,0,0,0,1,0,2
2230,47023242092,2,1,0,0,0,0,0,0,0,1,0,0,0,2
2231,46160311385,5,0,0,0,0,1,0,0,0,0,0,0,0,2
2232,40113476733,1,0,0,0,0,0,0,0,0,0,1,0,0,2
2233,50960121207,5,0,0,0,0,1,0,0,0,0,0,0,0,0
2234,51048838877,1,1,0,0,0,0,1,0,0,0,0,0,0,0
2235,50974111437,6,0,0,0,0,0,0,0,0,0,1,0,0,2
2236,50409819576,6,0,2,2,2,2,2,2,2,2,2,2,2,0
2237,50355976017,4,0,2,2,2,2,2,2,2,2,2,2,2,0
2238,50195548141,1,0,0,0,0,0,0,0,0,0,1,0,0,0
2239,49924951983,3,1,0,0,0,0,1,0,0,0,0,0,0,1
2240,48527171086,0,0,2,2,2,2,2,2,2,2,2,2,2,2
2241,48390231211,3,0,0,0,0,0,0,0,0,1,0,0,0,0
2242,48390226556,3,0,2,2,2,2,2,2,2,2,2,2,2,0
2243,50981744667,6,0,2,2,2,2,2,2,2,2,2,2,2,1
2244,49813183187,4,0,0,0,0,0,0,0,0,0,0,1,0,2
2245,49566600273,2,0,0,0,0,0,0,0,1,0,0,0,0,0
2246,49532145271,2,0,0,0,0,0,0,0,0,0,0,1,0,0
2247,49475832391,2,0,2,2,2,2,2,2,2,2,2,2,2,0
2248,49179385591,4,0,0,0,0,0,0,1,0,0,0,0,0,0
2249,49179588457,4,0,2,2,2,2,2,2,2,2,2,2,2,0
2250,48935867843,5,0,0,0,0,0,1,0,0,0,0,0,0,1
2251,48904807521,2,1,2,2,2,2,2,2,2,2,2,2,2,1
2252,48745631107,1,1,0,0,1,0,0,0,0,0,0,0,0,0
2253,48540490702,0,0,0,0,0,0,1,0,0,0,0,0,0,2
2254,48058452692,2,0,0,0,0,0,0,0,0,1,0,0,0,2
2255,40407369503,4,0,0,0,0,0,0,0,0,0,0,0,1,1
2256,47294066661,2,1,0,0,0,0,0,0,0,0,0,1,0,1
2257,33188405358,5,0,2,2,2,2,2,2,2,2,2,2,2,2
2258,48077765611,3,1,2,2,2,2,2,2,2,2,2,2,2,2
2259,48017515952,1,0,0,0,0,0,1,0,0,0,0,0,0,0
2260,47954221512,0,0,0,1,0,0,0,0,0,0,0,0,0,0
2261,47954255686,0,0,0,1,0,0,0,0,0,0,0,0,0,1
2262,33641396548,1,0,0,0,1,0,0,0,0,0,0,0,0,0
2263,46602448125,4,0,0,0,0,0,0,1,0,0,0,0,0,0
2264,40551806673,0,0,0,0,0,0,0,1,0,0,0,0,0,0
2265,32575423727,5,1,0,0,0,0,0,0,0,0,0,0,1,1
2266,46794057254,4,0,0,0,0,0,0,0,0,0,1,0,0,2
2267,47361550492,5,0,0,0,0,0,0,0,0,0,0,0,1,1
2268,33496136408,1,0,0,0,0,1,0,0,0,0,0,0,0,0
2269,30466186348,4,0,0,0,0,0,1,0,0,0,0,0,0,1
2270,29322942278,4,0,0,0,0,0,0,0,0,0,0,0,1,0
2271,38651116860,1,0,0,0,0,0,0,0,1,0,0,0,0,1
2272,29094678327,4,1,0,0,1,0,0,0,0,0,0,0,0,0
2273,43175370634,5,1,0,0,0,0,0,0,0,1,0,0,0,0
2274,42043824860,3,0,0,0,0,0,0,0,1,0,0,0,0,0
2275,41571014274,3,0,0,0,0,0,0,0,1,0,0,0,0,2
2276,27959406108,5,0,0,0,0,0,0,0,0,0,1,0,0,1
2277,41560824882,3,0,0,0,0,0,0,0,0,1,0,0,0,0
2278,41454786651,3,0,0,0,0,0,0,0,1,0,0,0,0,1
2279,41333709141,2,1,0,0,0,1,0,0,0,0,0,0,0,0
2280,39165436750,1,0,0,0,0,0,1,0,0,0,0,0,0,0
2281,40973775151,0,0,2,2,2,2,2,2,2,2,2,2,2,2
2282,37176619316,0,0,0,0,0,0,0,0,0,0,1,0,0,2
2283,36466892343,2,0,0,0,0,1,0,0,0,0,0,0,0,0
2284,36107256184,0,1,2,2,2,2,2,2,2,2,2,2,2,0
2285,35847141001,0,0,0,0,0,0,0,0,0,0,0,1,0,2
2286,24235651167,6,1,0,0,0,0,0,0,1,0,0,0,0,0
2287,39047435391,2,0,0,0,0,0,0,0,0,0,0,1,0,0
2288,24033526417,5,0,0,0,0,0,0,0,0,0,1,0,0,2
2289,37924633122,0,0,0,0,0,0,0,0,0,0,1,0,0,0
2290,37857092972,0,0,0,0,0,0,1,0,0,0,0,0,0,0
2291,36794253114,4,1,0,0,1,0,0,0,0,0,0,0,0,2
2292,37457508882,0,0,0,1,0,0,0,0,0,0,0,0,0,0
2293,36964161306,4,0,0,0,0,0,0,0,0,0,0,1,0,1
2294,35621413654,1,0,0,0,0,0,0,0,0,0,0,0,1,0
2295,36304212095,4,0,0,1,0,0,0,0,0,0,0,0,0,0
2296,35723577160,1,0,0,0,1,0,0,0,0,0,0,0,0,1
2297,35191291294,5,0,2,2,2,2,2,2,2,2,2,2,2,0
2298,35578861822,1,1,0,0,0,0,0,0,0,0,1,0,0,0
2299,35391849521,5,0,0,0,0,0,0,0,0,0,0,0,1,0
2300,34942028880,2,0,2,2,2,2,2,2,2,2,2,2,2,0
2301,34752569530,2,0,0,0,0,0,1,0,0,0,0,0,0,2
2302,31930326494,3,0,0,0,1,0,0,0,0,0,0,0,0,2
2303,32773920630,5,0,0,0,0,0,0,0,0,0,0,0,1,1
2304,32941763641,5,0,2,2,2,2,2,2,2,2,2,2,2,0
2305,31245248473,5,1,2,2,2,2,2,2,2,2,2,2,2,0
2306,31375082020,2,0,0,0,0,0,0,0,0,0,0,1,0,0
2307,30456997570,4,0,0,0,0,0,0,1,0,0,0,0,0,2
2308,31794048035,3,0,2,2,2,2,2,2,2,2,2,2,2,0
2309,31861733712,3,0,2,2,2,2,2,2,2,2,2,2,2,2
2310,31260112076,5,0,0,0,0,0,0,0,0,1,0,0,0,1
2311,30615814500,0,1,0,0,0,0,0,0,1,0,0,0,0,1
2312,30133227020,4,0,2,2,2,2,2,2,2,2,2,2,2,2
2313,29316651356,4,0,0,0,0,1,0,0,0,0,0,0,0,0
2314,29239866272,4,0,0,0,0,0,0,0,0,0,0,0,1,0
2315,30081137184,4,0,2,2,2,2,2,2,2,2,2,2,2,1
2316,30339858080,5,1,0,0,0,0,0,0,0,1,0,0,0,1
2317,29919915880,0,0,0,0,0,0,0,1,0,0,0,0,0,1
2318,29821354562,0,0,0,0,0,0,0,1,0,0,0,0,0,0
2319,29796463292,0,1,0,0,0,0,0,1,0,0,0,0,0,1
2320,28978244974,4,0,2,2,2,2,2,2,2,2,2,2,2,1
2321,29291631755,4,0,0,1,0,0,0,0,0,0,0,0,0,0
2322,29291556695,4,1,2,2,2,2,2,2,2,2,2,2,2,1
2323,29137193576,4,0,0,0,0,0,0,0,0,1,0,0,0,2
2324,29084215586,4,1,0,0,0,0,0,0,0,0,1,0,0,2
2325,28485265004,0,0,0,0,0,0,0,1,0,0,0,0,0,0
2326,29037275735,4,0,0,0,0,0,0,0,1,0,0,0,0,0
2327,28335124235,0,0,0,0,0,0,0,0,0,1,0,0,0,2
2328,28301284856,6,0,2,2,2,2,2,2,2,2,2,2,2,2
2329,27451244231,5,0,0,0,0,0,0,0,1,0,0,0,0,0
2330,27747132290,2,0,0,0,0,0,0,0,0,1,0,0,0,2
2331,27836028656,5,0,0,0,0,0,0,0,0,0,0,0,1,2
2332,27527462961,5,0,2,2,2,2,2,2,2,2,2,2,2,0
2333,26953339284,6,0,0,0,0,0,0,0,0,1,0,0,0,0
2334,27421039261,5,0,0,0,0,0,0,0,1,0,0,0,0,0
2335,26227401333,4,0,0,0,0,0,0,0,0,0,0,0,1,2
2336,25059172872,4,0,2,2,2,2,2,2,2,2,2,2,2,0
2337,24281845263,6,0,0,0,1,0,0,0,0,0,0,0,0,0
2338,21902623100,0,0,2,2,2,2,2,2,2,2,2,2,2,0
2339,21664331398,0,0,0,0,0,0,0,0,0,1,0,0,0,0
2340,21752751746,0,0,0,0,0,0,0,1,0,0,0,0,0,0
2341,21891113180,0,1,0,0,0,0,0,0,1,0,0,0,0,1
2342,21880824119,0,0,2,2,2,2,2,2,2,2,2,2,2,2
2343,21745867938,0,0,0,0,0,0,0,0,1,0,0,0,0,2
2344,21385376569,5,0,0,0,0,0,1,0,0,0,0,0,0,0
2345,21223120169,5,1,2,2,2,2,2,2,2,2,2,2,2,1
2346,48113525423,3,0,2,2,2,2,2,2,2,2,2,2,2,0
2347,48950653533,5,0,2,2,2,2,2,2,2,2,2,2,2,0
2348,48719744101,1,0,0,0,0,0,0,0,0,0,0,1,0,2
2349,48625477887,5,1,2,2,2,2,2,2,2,2,2,2,2,2
2350,49183472412,4,0,0,0,0,0,0,0,0,0,0,0,1,2
2351,49693850126,5,0,0,0,0,0,0,0,0,1,0,0,0,0
2352,49362951436,6,1,2,2,2,2,2,2,2,2,2,2,2,0
2353,48625482677,5,0,2,2,2,2,2,2,2,2,2,2,2,1
2354,51188052079,1,0,0,0,0,0,0,0,1,0,0,0,0,0
2355,49363160497,6,0,2,2,2,2,2,2,2,2,2,2,2,0
2356,47954241703,0,0,0,0,0,0,0,0,0,0,0,0,1,1
2357,47940539996,0,0,0,0,1,0,0,0,0,0,0,0,0,0
2358,48242806547,1,0,0,1,0,0,0,0,0,0,0,0,0,2
2359,49574345071,2,0,0,0,0,0,0,0,0,0,0,1,0,1
2360,9377525705,6,1,2,2,2,2,2,2,2,2,2,2,2,0
2361,42450089715,0,1,0,0,0,1,0,0,0,0,0,0,0,0
2362,51022480451,4,0,0,0,0,0,0,0,0,0,1,0,0,1
2363,50126630601,3,0,0,0,0,0,0,0,0,0,0,0,1,0
2364,39960137663,4,0,0,1,0,0,0,0,0,0,0,0,0,0
2365,17245119429,1,1,0,0,0,0,1,0,0,0,0,0,0,0
2366,43881108264,5,1,0,0,0,0,0,0,1,0,0,0,0,2
2367,26588191489,6,1,0,0,0,0,0,0,1,0,0,0,0,0
2368,16685915265,3,0,0,1,0,0,0,0,0,0,0,0,0,0
2369,49946021286,6,0,0,0,0,0,0,0,0,0,0,1,0,1
2370,26632640842,4,1,0,0,0,0,0,0,0,0,0,0,1,0
2371,50445313756,1,1,2,2,2,2,2,2,2,2,2,2,2,1
2372,44837293884,6,0,2,2,2,2,2,2,2,2,2,2,2,2
2373,48591188736,0,1,0,0,0,1,0,0,0,0,0,0,0,0
2374,51175942205,5,0,0,0,0,0,0,0,0,0,0,0,1,2
2375,51047949091,1,1,0,0,0,0,0,0,0,1,0,0,0,0
2376,50272743572,3,1,0,0,0,1,0,0,0,0,0,0,0,0
2377,49075154533,0,1,2,2,2,2,2,2,2,2,2,2,2,1
2378,34621133834,1,0,2,2,2,2,2,2,2,2,2,2,2,1
2379,17071115109,4,0,0,0,1,0,0,0,0,0,0,0,0,0
2380,15199730117,1,1,0,0,0,0,0,0,1,0,0,0,0,1
2381,15159755599,1,1,2,2,2,2,2,2,2,2,2,2,2,0
2382,7884365214,2,1,2,2,2,2,2,2,2,2,2,2,2,0
2383,51047945856,1,0,2,2,2,2,2,2,2,2,2,2,2,2
2384,50569575711,1,0,2,2,2,2,2,2,2,2,2,2,2,1
2385,50153632921,3,0,0,0,0,0,0,0,0,0,0,1,0,2
2386,49768589463,6,1,0,0,0,1,0,0,0,0,0,0,0,0
2387,49232545081,3,0,0,0,0,0,0,0,1,0,0,0,0,1
2388,49228399363,2,1,0,0,0,0,0,0,0,0,0,1,0,2
2389,43781411011,5,1,0,0,0,0,0,0,0,1,0,0,0,0
2390,42591614344,3,1,0,0,1,0,0,0,0,0,0,0,0,2
2391,48727247612,1,1,0,0,0,0,0,0,0,0,0,1,0,0
2392,26653886219,0,0,2,2,2,2,2,2,2,2,2,2,2,0
2393,49740909018,2,1,0,0,0,0,0,0,0,0,0,1,0,1
2394,38770899314,2,1,0,0,0,1,0,0,0,0,0,0,0,0
2395,50814588293,3,1,0,0,0,0,0,1,0,0,0,0,0,1
2396,49455863172,4,0,2,2,2,2,2,2,2,2,2,2,2,0
2397,49424281217,3,0,0,0,0,1,0,0,0,0,0,0,0,1
2398,45636741694,2,0,0,0,0,0,0,0,0,0,0,0,1,0
2399,41898164720,5,1,0,0,0,0,0,1,0,0,0,0,0,0
2400,34141276782,0,0,0,1,0,0,0,0,0,0,0,0,0,1
2401,33789848488,3,0,0,0,0,0,0,0,1,0,0,0,0,0
2402,37713808164,0,1,2,2,2,2,2,2,2,2,2,2,2,1
2403,20408484586,0,0,0,0,0,0,0,1,0,0,0,0,0,2
2404,13940126018,0,1,0,0,0,0,0,0,0,0,0,1,0,1
2405,8205853953,6,0,0,0,0,0,0,0,1,0,0,0,0,1
2406,6940686811,3,1,0,0,0,0,0,0,0,0,1,0,0,1
2407,47949954143,0,0,2,2,2,2,2,2,2,2,2,2,2,0
2408,28794821837,6,0,2,2,2,2,2,2,2,2,2,2,2,0
2409,50190047396,1,0,2,2,2,2,2,2,2,2,2,2,2,2
2410,50344250687,4,0,0,0,0,0,0,0,0,0,0,1,0,0
2411,47256848962,2,1,2,2,2,2,2,2,2,2,2,2,2,0
2412,46453823824,6,0,0,0,0,0,0,0,0,0,0,0,1,2
2413,30094019838,4,0,0,0,0,0,0,0,0,0,0,1,0,1
2414,50973530438,6,1,2,2,2,2,2,2,2,2,2,2,2,0
2415,48151157501,0,1,0,0,0,0,0,0,1,0,0,0,0,0
2416,48032307218,1,1,0,0,0,0,0,0,0,0,1,0,0,0
2417,9478595881,6,1,0,0,0,0,0,0,0,0,0,0,1,1
2418,49555996661,5,1,0,0,0,1,0,0,0,0,0,0,0,1
2419,50195828518,1,1,0,0,0,0,0,0,0,0,1,0,0,2
2420,50877781482,1,0,2,2,2,2,2,2,2,2,2,2,2,2
2421,48741060507,1,0,0,0,0,0,0,0,0,0,1,0,0,1
2422,36511196110,2,1,0,0,0,0,0,0,0,0,1,0,0,0
2423,30449486065,4,0,0,0,0,0,1,0,0,0,0,0,0,2
2424,6372989747,6,1,0,0,1,0,0,0,0,0,0,0,0,0
2425,32048949887,3,1,0,0,1,0,0,0,0,0,0,0,0,0
2426,40466391843,4,1,0,0,0,0,0,0,0,0,0,0,1,2
2427,47777720441,5,1,0,0,0,0,0,1,0,0,0,0,0,2
2428,50306571368,1,1,0,0,0,0,0,0,0,0,0,0,1,0
2429,50638732663,5,0,2,2,2,2,2,2,2,2,2,2,2,2
2430,51116963095,3,0,0,0,0,0,0,0,0,0,0,1,0,0
2431,49911213181,4,0,0,0,0,0,0,0,0,0,1,0,0,1
2432,40153790512,1,0,0,0,0,0,1,0,0,0,0,0,0,0
2433,19215964976,0,1,0,0,1,0,0,0,0,0,0,0,0,2
2434,38727234121,1,1,0,0,0,0,1,0,0,0,0,0,0,0
2435,15580019016,2,1,0,1,0,0,0,0,0,0,0,0,0,0
2436,50671017396,1,0,0,0,0,0,0,0,0,0,0,0,1,1
2437,48591044187,0,0,0,0,0,0,1,0,0,0,0,0,0,1
2438,49254981707,5,0,0,0,1,0,0,0,0,0,0,0,0,0
2439,37699718624,0,0,0,0,0,0,0,0,1,0,0,0,0,0
2440,32233358891,2,0,0,0,0,0,0,0,0,0,1,0,0,0
2441,50921208813,2,0,2,2,2,2,2,2,2,2,2,2,2,2
2442,50225106678,2,1,2,2,2,2,2,2,2,2,2,2,2,1
2443,48090146471,3,0,2,2,2,2,2,2,2,2,2,2,2,2
2444,50331708516,4,1,2,2,2,2,2,2,2,2,2,2,2,0
2445,50443983881,1,1,0,0,0,0,0,0,0,0,1,0,0,0
2446,50732593907,5,0,2,2,2,2,2,2,2,2,2,2,2,0
2447,37687480882,0,0,0,0,1,0,0,0,0,0,0,0,0,2
2448,50877951613,3,0,0,0,0,0,0,1,0,0,0,0,0,0
2449,48997428132,6,0,0,1,0,0,0,0,0,0,0,0,0,2
2450,44952882275,6,0,0,0,0,1,0,0,0,0,0,0,0,0
2451,7785220620,1,0,0,0,0,0,0,0,1,0,0,0,0,0
2452,5941831693,3,1,0,1,0,0,0,0,0,0,0,0,0,1
2453,48842307657,1,0,0,0,0,0,0,0,0,0,0,0,1,1
2454,48131250578,0,0,2,2,2,2,2,2,2,2,2,2,2,0
2455,8940823776,6,0,0,0,0,0,1,0,0,0,0,0,0,0
2456,28135734928,6,1,2,2,2,2,2,2,2,2,2,2,2,2
2457,36438333005,4,1,2,2,2,2,2,2,2,2,2,2,2,2
2458,50812077091,3,0,0,1,0,0,0,0,0,0,0,0,0,0
2459,23067749159,1,0,2,2,2,2,2,2,2,2,2,2,2,0
2460,30223817487,5,1,0,0,0,0,0,0,0,0,1,0,0,0
2461,27521373837,5,1,2,2,2,2,2,2,2,2,2,2,2,0
2462,26078880758,3,0,0,0,0,0,0,0,0,1,0,0,0,2
2463,25564265968,2,0,0,0,0,0,0,0,1,0,0,0,0,1
2464,25094165758,4,1,2,2,2,2,2,2,2,2,2,2,2,1
2465,37774072065,0,1,0,0,0,0,0,0,0,0,0,0,1,1
2466,50852809662,4,1,0,0,1,0,0,0,0,0,0,0,0,0
2467,50291578341,1,1,2,2,2,2,2,2,2,2,2,2,2,0
2468,51223427018,6,1,0,1,0,0,0,0,0,0,0,0,0,0
2469,21417816651,5,0,0,0,0,0,0,0,0,0,0,1,0,2
2470,27981075381,5,0,0,0,0,0,0,0,0,1,0,0,0,2
2471,50246071187,3,1,0,0,0,0,0,0,0,0,0,1,0,2
2472,50914678852,2,1,2,2,2,2,2,2,2,2,2,2,2,1
2473,15834371248,3,1,2,2,2,2,2,2,2,2,2,2,2,2
2474,32766438728,3,1,0,0,0,0,0,0,0,1,0,0,0,1
2475,50135913008,3,1,0,0,0,0,0,0,0,0,1,0,0,1
2476,19602895651,2,1,0,0,0,1,0,0,0,0,0,0,0,2
2477,49847453908,2,1,0,0,0,0,0,0,0,0,0,0,1,1
2478,47100329641,2,1,2,2,2,2,2,2,2,2,2,2,2,0
2479,45388381341,3,0,2,2,2,2,2,2,2,2,2,2,2,0
2480,6934737332,3,1,2,2,2,2,2,2,2,2,2,2,2,0
2481,50748617771,2,0,2,2,2,2,2,2,2,2,2,2,2,2
2482,49641181158,0,1,0,0,0,0,0,0,1,0,0,0,0,1
2483,49348300103,4,1,0,0,0,0,0,0,0,0,0,0,1,1
2484,49311006732,3,1,0,0,0,0,1,0,0,0,0,0,0,2
2485,48645858792,4,0,0,0,0,1,0,0,0,0,0,0,0,0
2486,47931794533,0,0,0,0,1,0,0,0,0,0,0,0,0,0
2487,47627906831,2,0,2,2,2,2,2,2,2,2,2,2,2,2
2488,46705527145,5,1,0,0,0,0,0,0,0,1,0,0,0,1
2489,31491162257,4,0,2,2,2,2,2,2,2,2,2,2,2,1
2490,43078312980,4,0,2,2,2,2,2,2,2,2,2,2,2,1
2491,44178784601,2,0,0,0,0,0,0,0,0,0,0,0,1,2
2492,43460108594,0,1,2,2,2,2,2,2,2,2,2,2,2,0
2493,43279077224,5,1,0,0,0,0,0,0,0,0,0,1,0,0
2494,30903572588,2,1,0,0,0,0,0,0,0,0,1,0,0,1
2495,28521172527,0,0,0,0,0,0,0,0,0,0,0,0,1,0
2496,40973092881,0,0,0,0,0,0,0,0,0,0,0,1,0,2
2497,39883396824,4,0,2,2,2,2,2,2,2,2,2,2,2,0
2498,37117231835,0,0,0,0,0,0,1,0,0,0,0,0,0,0
2499,23439164729,1,0,0,0,0,0,0,0,0,0,1,0,0,0
2500,25679660411,3,1,2,2,2,2,2,2,2,2,2,2,2,0
2501,8270500458,6,1,2,2,2,2,2,2,2,2,2,2,2,2
2502,17298169989,1,1,0,0,1,0,0,0,0,0,0,0,0,2
2503,9542209643,6,1,0,0,0,0,0,1,0,0,0,0,0,2
2504,9294103716,6,1,2,2,2,2,2,2,2,2,2,2,2,2
2505,9548368444,6,0,0,0,0,0,0,0,1,0,0,0,0,2
2506,9392375965,6,1,0,0,1,0,0,0,0,0,0,0,0,1
2507,8022495390,1,0,0,0,0,0,0,0,1,0,0,0,0,2
2508,7362698860,6,1,0,0,0,0,0,0,0,0,1,0,0,1
2509,7595112978,3,0,0,0,0,1,0,0,0,0,0,0,0,0
2510,50636438787,5,0,0,0,0,0,0,0,0,0,0,1,0,0
2511,50405075396,6,0,0,0,0,0,0,0,0,0,1,0,0,1
2512,49260653528,6,0,0,0,0,1,0,0,0,0,0,0,0,1
2513,48237938662,1,0,0,0,0,0,0,0,1,0,0,0,0,0
2514,32184319157,1,0,0,0,0,0,0,1,0,0,0,0,0,2
2515,46581010222,4,0,2,2,2,2,2,2,2,2,2,2,2,0
2516,45632681045,2,0,0,0,0,0,0,1,0,0,0,0,0,2
2517,39715476790,4,0,0,0,0,1,0,0,0,0,0,0,0,1
2518,40880672931,0,0,0,0,0,0,0,0,1,0,0,0,0,1
2519,49648750937,0,0,2,2,2,2,2,2,2,2,2,2,2,0
2520,49692351597,5,1,2,2,2,2,2,2,2,2,2,2,2,2
2521,49802396316,3,1,0,0,0,0,0,0,0,1,0,0,0,1
2522,7435119538,6,1,0,0,0,0,0,0,0,0,1,0,0,0
2523,50107871836,5,1,0,0,0,0,0,0,1,0,0,0,0,2
2524,33825685308,3,1,0,0,0,0,0,1,0,0,0,0,0,0
2525,16203787686,0,1,0,0,0,0,0,0,0,0,0,1,0,0
2526,46453079662,6,0,0,0,0,0,0,0,0,0,1,0,0,0
2527,51009019305,3,0,0,0,0,0,1,0,0,0,0,0,0,0
2528,50816561952,2,0,0,0,0,0,0,0,0,1,0,0,0,2
2529,50427519748,5,0,0,0,0,0,0,0,0,1,0,0,0,1
2530,50362418208,1,0,0,0,0,0,0,0,1,0,0,0,0,2
2531,50362417868,1,0,0,1,0,0,0,0,0,0,0,0,0,2
2532,50312291671,4,0,0,0,0,0,0,0,0,1,0,0,0,1
2533,50139366071,4,0,0,0,0,0,0,0,0,0,1,0,0,2
2534,50312456147,4,0,2,2,2,2,2,2,2,2,2,2,2,2
2535,50287815443,1,0,0,0,0,0,0,0,0,0,0,0,1,2
2536,49957723326,1,0,0,0,0,0,0,1,0,0,0,0,0,0
2537,48983097926,4,0,0,0,0,0,0,0,0,0,1,0,0,2
2538,48773441888,2,0,0,0,0,0,1,0,0,0,0,0,0,0
2539,49845100093,2,0,0,0,1,0,0,0,0,0,0,0,0,1
2540,50194340677,1,0,0,1,0,0,0,0,0,0,0,0,0,0
2541,49079840642,0,0,0,0,0,0,0,0,0,0,1,0,0,0
2542,47735763212,5,0,2,2,2,2,2,2,2,2,2,2,2,1
2543,37750466325,0,0,0,0,0,0,1,0,0,0,0,0,0,1
2544,35675097383,1,0,0,0,1,0,0,0,0,0,0,0,0,0
2545,35675158303,1,0,0,0,0,0,0,0,0,0,1,0,0,0
2546,51173766897,5,0,0,0,1,0,0,0,0,0,0,0,0,0
2547,51078200091,2,0,0,0,0,0,0,0,0,0,0,0,1,2
2548,29450369191,4,0,0,0,0,0,0,0,0,0,1,0,0,2
2549,6512135073,6,0,0,0,0,0,0,0,1,0,0,0,0,0
2550,5861694499,6,0,2,2,2,2,2,2,2,2,2,2,2,2
2551,38137145536,0,0,0,0,0,0,0,0,0,0,0,1,0,2
2552,50661446271,1,0,0,0,0,0,0,0,1,0,0,0,0,1
2553,51070955126,2,0,0,0,1,0,0,0,0,0,0,0,0,0
2554,50965963753,6,0,2,2,2,2,2,2,2,2,2,2,2,2
2555,50908584133,6,0,0,1,0,0,0,0,0,0,0,0,0,1
2556,50262741288,0,1,0,0,0,0,1,0,0,0,0,0,0,1
2557,49716783871,2,0,0,0,0,0,0,0,0,0,1,0,0,1
2558,46786822882,5,0,0,0,0,0,1,0,0,0,0,0,0,2
2559,50961308583,5,0,0,0,0,0,1,0,0,0,0,0,0,1
2560,50623107698,5,1,0,0,0,0,1,0,0,0,0,0,0,2
2561,12786947264,0,1,0,0,1,0,0,0,0,0,0,0,0,2
2562,35657078586,1,0,2,2,2,2,2,2,2,2,2,2,2,0
2563,34771361756,2,1,0,0,0,0,1,0,0,0,0,0,0,0
2564,19175598682,0,1,2,2,2,2,2,2,2,2,2,2,2,0
2565,9732079007,6,1,0,0,0,0,0,0,1,0,0,0,0,2
2566,9666149014,6,1,0,1,0,0,0,0,0,0,0,0,0,1
2567,9402026952,6,1,0,0,0,0,0,0,1,0,0,0,0,2
2568,50870958483,1,0,0,0,0,0,1,0,0,0,0,0,0,1
2569,50791842046,3,1,0,0,0,1,0,0,0,0,0,0,0,1
2570,50746404668,2,1,0,0,1,0,0,0,0,0,0,0,0,0
2571,50636051271,5,0,0,1,0,0,0,0,0,0,0,0,0,2
2572,50608055001,2,0,0,0,0,0,0,0,1,0,0,0,0,2
2573,50584526242,2,1,0,0,0,0,0,0,0,0,0,0,1,2
2574,50379196032,0,0,2,2,2,2,2,2,2,2,2,2,2,0
2575,50282343682,3,1,0,1,0,0,0,0,0,0,0,0,0,2
2576,50280735321,3,0,0,0,0,1,0,0,0,0,0,0,0,1
2577,50685965941,3,0,0,0,0,0,0,0,0,0,0,0,1,0
2578,50640513961,5,0,0,0,0,0,0,1,0,0,0,0,0,0
2579,50639752648,5,0,0,0,0,0,0,0,0,0,0,1,0,0
2580,50393274478,0,1,0,0,0,1,0,0,0,0,0,0,0,0
2581,50267358497,3,1,0,0,0,0,0,0,0,1,0,0,0,2
2582,50257703416,0,1,0,0,0,0,0,0,0,1,0,0,0,0
2583,49920544498,1,0,0,0,0,1,0,0,0,0,0,0,0,1
2584,49649156157,0,0,2,2,2,2,2,2,2,2,2,2,2,1
2585,49311629258,3,0,0,0,1,0,0,0,0,0,0,0,0,1
2586,49075863522,0,1,0,0,0,1,0,0,0,0,0,0,0,2
2587,49042305482,0,1,0,0,0,0,0,1,0,0,0,0,0,2
2588,49021474462,4,0,2,2,2,2,2,2,2,2,2,2,2,0
2589,50782270237,2,1,0,1,0,0,0,0,0,0,0,0,0,1
2590,50416918262,5,1,2,2,2,2,2,2,2,2,2,2,2,2
2591,49913740087,4,1,0,0,1,0,0,0,0,0,0,0,0,0
2592,49679796058,2,0,2,2,2,2,2,2,2,2,2,2,2,1
2593,49335218176,0,1,0,1,0,0,0,0,0,0,0,0,0,1
2594,49232529251,2,0,0,1,0,0,0,0,0,0,0,0,0,1
2595,49215067801,2,0,0,1,0,0,0,0,0,0,0,0,0,2
2596,49061190608,0,1,0,1,0,0,0,0,0,0,0,0,0,1
2597,48753518946,2,1,0,0,0,0,0,0,1,0,0,0,0,1
2598,33583241818,1,0,0,1,0,0,0,0,0,0,0,0,0,1
2599,47400057701,5,1,2,2,2,2,2,2,2,2,2,2,2,0
2600,46987438011,2,1,0,0,0,0,0,0,0,0,1,0,0,2
2601,33646353778,1,0,0,1,0,0,0,0,0,0,0,0,0,0
2602,46559947024,6,1,0,0,0,0,0,0,1,0,0,0,0,0
2603,45508327142,2,1,0,0,0,0,0,0,0,0,0,1,0,0
2604,31530119188,6,0,0,1,0,0,0,0,0,0,0,0,0,1
2605,45685465054,6,0,0,0,1,0,0,0,0,0,0,0,0,2
2606,46363524101,3,0,0,0,0,0,0,0,0,0,0,0,1,1
2607,45966535792,6,0,2,2,2,2,2,2,2,2,2,2,2,0
2608,43321291151,5,0,0,0,0,0,0,0,0,0,1,0,0,1
2609,44638311514,4,1,0,0,0,0,0,0,0,0,1,0,0,2
2610,28452339107,0,1,0,0,0,0,1,0,0,0,0,0,0,1
2611,38932833581,2,0,2,2,2,2,2,2,2,2,2,2,2,1
2612,38094710384,0,0,2,2,2,2,2,2,2,2,2,2,2,0
2613,36727265680,4,0,0,0,0,0,1,0,0,0,0,0,0,1
2614,34820388742,2,1,0,1,0,0,0,0,0,0,0,0,0,2
2615,34576285350,1,0,2,2,2,2,2,2,2,2,2,2,2,2
2616,34179747781,0,1,0,0,0,0,0,0,0,0,0,0,1,1
2617,36017393351,0,0,0,0,1,0,0,0,0,0,0,0,0,2
2618,33789231153,3,0,0,0,0,0,1,0,0,0,0,0,0,0
2619,33926471600,3,1,0,0,0,0,0,0,0,0,1,0,0,2
2620,51091001291,5,0,2,2,2,2,2,2,2,2,2,2,2,0
2621,51176008947,5,0,2,2,2,2,2,2,2,2,2,2,2,1
2622,50865048246,2,0,2,2,2,2,2,2,2,2,2,2,2,2
2623,50281456631,3,0,0,0,0,0,0,0,0,0,0,1,0,0
2624,49766272602,6,1,0,0,0,0,0,0,1,0,0,0,0,0
2625,48557243666,0,0,0,0,1,0,0,0,0,0,0,0,0,2
2626,49438821127,1,1,0,0,0,0,0,0,0,0,1,0,0,2
2627,32321065547,2,1,2,2,2,2,2,2,2,2,2,2,2,1
2628,46645807252,4,1,0,0,0,0,0,0,0,0,0,0,1,2
2629,33878327161,3,1,2,2,2,2,2,2,2,2,2,2,2,2
2630,34347189623,0,0,0,0,0,0,1,0,0,0,0,0,0,0
2631,34217397063,0,0,0,0,0,0,0,0,1,0,0,0,0,0
2632,34671195751,1,0,2,2,2,2,2,2,2,2,2,2,2,0
2633,28618229944,0,1,0,0,0,0,0,0,1,0,0,0,0,1
2634,27218828183,5,0,0,0,0,0,0,1,0,0,0,0,0,0
2635,24929746583,4,1,2,2,2,2,2,2,2,2,2,2,2,1
2636,31004635481,0,1,2,2,2,2,2,2,2,2,2,2,2,1
2637,28579043994,0,1,2,2,2,2,2,2,2,2,2,2,2,2
2638,28316056703,6,1,0,0,0,0,0,0,0,1,0,0,0,0
2639,26950946876,6,0,0,0,0,0,0,0,0,0,0,1,0,0
2640,25556467245,2,1,0,0,0,0,0,0,0,1,0,0,0,2
2641,20526772910,5,1,2,2,2,2,2,2,2,2,2,2,2,0
2642,18854892554,0,0,2,2,2,2,2,2,2,2,2,2,2,1
2643,18718421646,0,1,2,2,2,2,2,2,2,2,2,2,2,1
2644,16600940879,0,1,0,0,0,0,0,0,0,1,0,0,0,0
2645,9232952752,6,1,2,2,2,2,2,2,2,2,2,2,2,0
2646,9344568734,6,1,2,2,2,2,2,2,2,2,2,2,2,0
2647,8925506040,6,1,0,0,0,0,0,0,0,1,0,0,0,0
2648,9383004527,6,0,0,0,0,0,0,1,0,0,0,0,0,2
2649,9084216156,6,1,0,0,1,0,0,0,0,0,0,0,0,0
2650,9526764192,6,1,0,0,0,1,0,0,0,0,0,0,0,0
2651,9341797505,6,1,0,1,0,0,0,0,0,0,0,0,0,2
2652,8292530007,6,0,0,0,0,0,0,0,0,0,0,0,1,0
2653,7293879756,6,0,0,0,0,0,0,0,0,0,0,0,1,0
2654,7293879000,6,0,2,2,2,2,2,2,2,2,2,2,2,0
2655,8181992336,2,1,0,0,0,1,0,0,0,0,0,0,0,2
2656,7997025489,1,0,0,0,0,0,0,0,0,0,1,0,0,0
2657,7937300796,1,0,0,1,0,0,0,0,0,0,0,0,0,1
2658,7632919608,3,1,0,0,0,0,0,0,0,0,1,0,0,2
2659,7596329288,3,1,2,2,2,2,2,2,2,2,2,2,2,0
2660,7007537570,6,0,0,0,0,0,0,0,1,0,0,0,0,1
2661,7574649130,3,1,0,0,0,1,0,0,0,0,0,0,0,0
2662,7293415898,6,0,0,0,0,0,0,0,0,0,0,0,1,1
2663,6901500732,3,1,0,0,0,1,0,0,0,0,0,0,0,2
2664,6958180263,6,1,0,0,0,0,1,0,0,0,0,0,0,0
2665,6811989034,3,0,0,0,0,0,0,0,0,0,1,0,0,1
2666,6954822753,6,1,0,0,0,0,0,0,1,0,0,0,0,2
2667,6907738377,3,0,0,0,0,0,0,1,0,0,0,0,0,0
2668,6830115849,3,0,0,0,0,0,0,0,0,0,0,0,1,1
2669,6004264340,3,1,0,0,0,0,0,0,0,1,0,0,0,2
2670,6363331651,6,0,0,1,0,0,0,0,0,0,0,0,0,0
2671,5995906752,3,1,0,0,1,0,0,0,0,0,0,0,0,2
2672,51082902738,5,1,2,2,2,2,2,2,2,2,2,2,2,2
2673,51004940510,3,0,0,0,0,1,0,0,0,0,0,0,0,0
2674,50245498891,3,1,0,0,0,0,1,0,0,0,0,0,0,1
2675,50899270707,2,0,0,0,0,0,1,0,0,0,0,0,0,0
2676,50898354988,2,0,0,0,0,0,1,0,0,0,0,0,0,1
2677,48986483948,4,0,0,0,0,1,0,0,0,0,0,0,0,1
2678,48952464257,5,0,0,0,0,0,0,1,0,0,0,0,0,0
2679,48802540542,5,0,0,0,1,0,0,0,0,0,0,0,0,2
2680,48667421893,4,0,0,0,1,0,0,0,0,0,0,0,0,0
2681,47829855381,5,1,0,0,0,0,0,0,0,1,0,0,0,0
2682,31030723997,1,1,0,0,0,0,0,0,0,0,0,1,0,2
2683,47923891346,0,0,0,0,0,0,0,0,0,1,0,0,0,2
2684,32841428117,5,0,0,0,0,0,0,1,0,0,0,0,0,1
2685,40427026623,4,0,2,2,2,2,2,2,2,2,2,2,2,1
2686,32390488587,4,0,0,0,0,0,0,0,0,0,0,1,0,2
2687,32941305338,5,1,0,0,1,0,0,0,0,0,0,0,0,0
2688,45674939034,5,1,0,0,0,0,0,0,0,1,0,0,0,1
2689,46388130201,3,0,2,2,2,2,2,2,2,2,2,2,2,2
2690,46843912172,5,1,0,0,0,0,0,1,0,0,0,0,0,1
2691,32621187908,5,1,0,1,0,0,0,0,0,0,0,0,0,0
2692,46086269542,2,1,2,2,2,2,2,2,2,2,2,2,2,2
2693,44677618045,5,1,0,0,0,0,0,0,0,1,0,0,0,2
2694,45565841411,2,1,2,2,2,2,2,2,2,2,2,2,2,0
2695,33516573588,1,0,0,0,0,0,0,0,0,0,0,1,0,0
2696,46183756295,5,1,2,2,2,2,2,2,2,2,2,2,2,0
2697,39949079573,4,0,0,0,0,0,0,0,0,1,0,0,0,1
2698,46679318111,4,1,2,2,2,2,2,2,2,2,2,2,2,1
2699,32278729258,2,1,0,0,0,0,0,1,0,0,0,0,0,0
2700,44651047304,4,1,0,0,0,1,0,0,0,0,0,0,0,2
2701,43397934744,0,1,0,0,0,0,0,0,0,0,0,0,1,2
2702,42741064961,3,0,2,2,2,2,2,2,2,2,2,2,2,1
2703,42608303090,3,0,0,0,0,1,0,0,0,0,0,0,0,0
2704,30005570208,0,0,0,0,0,0,0,0,0,0,0,1,0,2
2705,42026678884,5,1,0,0,0,0,0,0,0,0,0,1,0,0
2706,27872764567,5,1,0,0,0,0,1,0,0,0,0,0,0,0
2707,27871672147,5,1,2,2,2,2,2,2,2,2,2,2,2,1
2708,42564808621,3,1,0,0,0,1,0,0,0,0,0,0,0,0
2709,40918680465,0,1,0,0,1,0,0,0,0,0,0,0,0,2
2710,40243630161,2,0,2,2,2,2,2,2,2,2,2,2,2,0
2711,39294466502,1,1,2,2,2,2,2,2,2,2,2,2,2,2
2712,50938889348,2,0,0,0,0,0,1,0,0,0,0,0,0,1
2713,24006610528,5,1,2,2,2,2,2,2,2,2,2,2,2,0
2714,38819998801,2,0,0,1,0,0,0,0,0,0,0,0,0,0
2715,38532317001,4,0,2,2,2,2,2,2,2,2,2,2,2,2
2716,38149408876,0,1,0,0,0,0,0,0,0,1,0,0,0,2
2717,51029120116,4,0,2,2,2,2,2,2,2,2,2,2,2,1
2718,50097771976,4,1,2,2,2,2,2,2,2,2,2,2,2,0
2719,49980574893,2,1,2,2,2,2,2,2,2,2,2,2,2,0
2720,50899017107,2,0,2,2,2,2,2,2,2,2,2,2,2,0
2721,50421170958,5,0,2,2,2,2,2,2,2,2,2,2,2,2
2722,50869726702,1,1,0,0,0,0,0,0,1,0,0,0,0,1
2723,51151237004,2,0,0,0,0,0,1,0,0,0,0,0,0,0
2724,50009982641,4,1,2,2,2,2,2,2,2,2,2,2,2,1
2725,49977706536,2,0,2,2,2,2,2,2,2,2,2,2,2,0
2726,49687280453,5,1,2,2,2,2,2,2,2,2,2,2,2,1
2727,50764167641,2,0,0,0,0,0,0,0,0,0,0,1,0,2
2728,49455842128,4,0,0,0,0,0,1,0,0,0,0,0,0,1
2729,49271472382,3,0,2,2,2,2,2,2,2,2,2,2,2,2
2730,48692740133,1,1,0,1,0,0,0,0,0,0,0,0,0,2
2731,48715639858,1,1,0,1,0,0,0,0,0,0,0,0,0,0
2732,48055448366,2,1,0,0,0,0,0,0,0,1,0,0,0,1
2733,46494463511,6,1,0,0,0,0,0,0,0,1,0,0,0,0
2734,45658571954,4,0,0,0,0,0,1,0,0,0,0,0,0,1
2735,44504702520,3,0,0,0,1,0,0,0,0,0,0,0,0,0
2736,45145795245,3,0,0,0,0,0,0,0,1,0,0,0,0,2
2737,31793208068,3,0,0,0,0,1,0,0,0,0,0,0,0,1
2738,43927814852,2,0,2,2,2,2,2,2,2,2,2,2,2,0
2739,42953000554,4,1,0,1,0,0,0,0,0,0,0,0,0,2
2740,41845248710,4,1,0,0,0,0,1,0,0,0,0,0,0,2
2741,42443447974,0,0,0,0,0,0,0,0,0,0,1,0,0,1
2742,42879925152,4,0,2,2,2,2,2,2,2,2,2,2,2,2
2743,43199798871,5,1,2,2,2,2,2,2,2,2,2,2,2,1
2744,50258010293,0,1,0,0,1,0,0,0,0,0,0,0,0,0
2745,48496912356,4,1,2,2,2,2,2,2,2,2,2,2,2,1
2746,50202695568,2,0,0,0,0,0,0,0,0,0,0,0,1,0
2747,31685252408,3,0,0,0,0,0,0,0,0,0,0,0,1,1
2748,41353930220,3,0,0,0,0,0,0,0,0,0,0,0,1,0
2749,16328099791,0,1,2,2,2,2,2,2,2,2,2,2,2,0
2750,29933923031,0,0,0,0,0,0,0,0,0,0,1,0,0,0
2751,29861532568,0,0,2,2,2,2,2,2,2,2,2,2,2,1
2752,32757277147,0,0,0,0,0,1,0,0,0,0,0,0,0,0
2753,6945510437,6,1,2,2,2,2,2,2,2,2,2,2,2,2
2754,51223811386,6,0,0,0,1,0,0,0,0,0,0,0,0,2
2755,50654340478,1,1,2,2,2,2,2,2,2,2,2,2,2,0
2756,50639079053,5,1,0,0,0,0,0,0,0,0,1,0,0,1
2757,9344599568,6,1,2,2,2,2,2,2,2,2,2,2,2,0
2758,46705517114,5,1,0,0,0,0,0,0,1,0,0,0,0,0
2759,9409366548,6,0,0,0,0,0,0,0,0,0,1,0,0,2
2760,50815327621,3,1,0,0,0,0,0,1,0,0,0,0,0,0
2761,9410426841,6,1,2,2,2,2,2,2,2,2,2,2,2,2
2762,49067834937,0,1,2,2,2,2,2,2,2,2,2,2,2,0
2763,48988831573,4,0,0,0,0,0,0,0,0,0,0,0,1,2
2764,51099370963,1,1,0,0,0,0,0,1,0,0,0,0,0,0
2765,51098218711,1,1,2,2,2,2,2,2,2,2,2,2,2,1
2766,51097219748,1,0,0,1,0,0,0,0,0,0,0,0,0,2
2767,51096677364,5,1,2,2,2,2,2,2,2,2,2,2,2,1
2768,51097142313,1,1,0,0,0,0,0,0,0,1,0,0,0,2
2769,51097305795,1,1,2,2,2,2,2,2,2,2,2,2,2,2
2770,51097190380,1,0,0,0,0,0,0,0,0,0,0,1,0,1
2771,51097137375,3,1,0,0,0,0,0,0,1,0,0,0,0,1
2772,49043493888,0,1,0,0,0,0,0,0,0,0,0,1,0,0
2773,51098456912,1,1,0,0,0,0,1,0,0,0,0,0,0,0
2774,51104327895,3,0,2,2,2,2,2,2,2,2,2,2,2,2
2775,50907932918,6,1,0,0,0,0,0,0,0,0,0,0,1,0
2776,49044102281,0,0,2,2,2,2,2,2,2,2,2,2,2,2
2777,49503125541,2,0,0,0,0,0,0,0,0,0,1,0,0,2
2778,49136867567,3,1,0,0,0,0,1,0,0,0,0,0,0,0
2779,28411779518,0,1,0,0,0,1,0,0,0,0,0,0,0,2
2780,39361923664,1,1,0,0,0,0,0,0,0,0,0,0,1,1
2781,51098904393,1,1,2,2,2,2,2,2,2,2,2,2,2,1
2782,51098132516,1,1,0,0,1,0,0,0,0,0,0,0,0,0
2783,51100899033,6,0,2,2,2,2,2,2,2,2,2,2,2,2
2784,51103278782,3,1,2,2,2,2,2,2,2,2,2,2,2,2
2785,51103510898,3,0,0,1,0,0,0,0,0,0,0,0,0,2
2786,51106183375,3,0,0,0,0,0,1,0,0,0,0,0,0,2
2787,51098889136,1,0,2,2,2,2,2,2,2,2,2,2,2,1
2788,51100392206,4,0,0,0,0,0,1,0,0,0,0,0,0,1
2789,51104528529,3,1,0,0,0,0,0,0,0,1,0,0,0,2
2790,51102791244,6,1,0,0,0,0,0,0,0,1,0,0,0,2
2791,32421482207,4,1,0,0,0,0,0,0,0,0,0,1,0,2
2792,39656722593,4,1,0,0,0,0,0,0,1,0,0,0,0,0
2793,31157173137,5,1,0,0,0,0,0,1,0,0,0,0,0,2
2794,44805485274,2,0,0,0,0,0,0,0,0,1,0,0,0,2
2795,44238824805,2,1,0,1,0,0,0,0,0,0,0,0,0,2
2796,44860037511,6,1,2,2,2,2,2,2,2,2,2,2,2,1
2797,42859835150,4,0,0,1,0,0,0,0,0,0,0,0,0,2
2798,41764311245,4,1,2,2,2,2,2,2,2,2,2,2,2,1
2799,25578997557,2,1,0,0,0,0,0,0,0,1,0,0,0,1
2800,26882550119,6,0,2,2,2,2,2,2,2,2,2,2,2,2
2801,36283875303,4,0,2,2,2,2,2,2,2,2,2,2,2,2
2802,34479077675,5,0,2,2,2,2,2,2,2,2,2,2,2,2
2803,39656723253,4,1,2,2,2,2,2,2,2,2,2,2,2,0
2804,31568734378,0,0,0,0,1,0,0,0,0,0,0,0,0,2
2805,40267579800,3,0,0,1,0,0,0,0,0,0,0,0,0,1
2806,26029407888,3,1,2,2,2,2,2,2,2,2,2,2,2,2
2807,25826112516,3,1,0,0,0,1,0,0,0,0,0,0,0,1
2808,31169488150,5,1,0,0,0,0,0,0,0,0,1,0,0,2
2809,15275807556,1,1,0,0,0,0,0,1,0,0,0,0,0,1
2810,49801312667,3,1,2,2,2,2,2,2,2,2,2,2,2,2
2811,49336863446,0,1,0,0,0,0,0,0,1,0,0,0,0,0
2812,49336863261,0,1,2,2,2,2,2,2,2,2,2,2,2,1
2813,48449073051,4,1,2,2,2,2,2,2,2,2,2,2,2,2
2814,48449071536,4,1,0,0,1,0,0,0,0,0,0,0,0,1
2815,40758156253,0,1,2,2,2,2,2,2,2,2,2,2,2,0
2816,42438551940,0,1,0,0,0,0,0,0,0,0,1,0,0,0
2817,43808152841,5,1,0,0,0,0,0,0,1,0,0,0,0,0
2818,27530168407,5,1,0,0,0,0,0,0,0,0,1,0,0,1
2819,40134767254,1,0,0,1,0,0,0,0,0,0,0,0,0,2
2820,50602559862,2,1,0,0,0,0,1,0,0,0,0,0,0,0
2821,50133984348,3,1,0,1,0,0,0,0,0,0,0,0,0,1
2822,50129722816,3,1,2,2,2,2,2,2,2,2,2,2,2,1
2823,50326555623,4,1,0,0,0,0,1,0,0,0,0,0,0,0
2824,50148816597,5,1,0,0,0,0,0,0,0,0,1,0,0,1
2825,51154551459,5,1,0,0,1,0,0,0,0,0,0,0,0,1
2826,24218464257,6,1,0,0,0,0,0,0,0,0,0,1,0,0
2827,49601372448,5,1,2,2,2,2,2,2,2,2,2,2,2,0
2828,49021716088,4,1,0,1,0,0,0,0,0,0,0,0,0,2
2829,49000811747,1,0,0,0,0,0,0,0,0,1,0,0,0,0
2830,48836109697,1,1,0,0,1,0,0,0,0,0,0,0,0,1
2831,48799922258,4,1,2,2,2,2,2,2,2,2,2,2,2,0
2832,48695037872,1,0,0,0,0,0,0,0,0,0,0,0,1,1
2833,48689678632,1,1,0,0,0,1,0,0,0,0,0,0,0,0
2834,49317268018,3,1,0,1,0,0,0,0,0,0,0,0,0,0
2835,49174409888,4,1,0,0,0,0,1,0,0,0,0,0,0,2
2836,48718330691,1,1,0,0,0,0,0,0,1,0,0,0,0,0
2837,47746759242,5,0,0,0,1,0,0,0,0,0,0,0,0,2
2838,47751595771,5,0,0,0,1,0,0,0,0,0,0,0,0,1
2839,32755936727,0,0,0,0,0,0,0,0,0,0,1,0,0,2
2840,47188370781,2,1,0,0,0,1,0,0,0,0,0,0,0,1
2841,32246433127,2,1,0,1,0,0,0,0,0,0,0,0,0,1
2842,40162043443,1,0,2,2,2,2,2,2,2,2,2,2,2,1
2843,45237055365,3,1,2,2,2,2,2,2,2,2,2,2,2,1
2844,45425281014,2,1,0,0,0,0,0,0,0,0,1,0,0,1
2845,29974306328,0,0,0,0,0,0,0,0,0,0,1,0,0,1
2846,29386478898,4,1,2,2,2,2,2,2,2,2,2,2,2,2
2847,29155209858,4,1,0,0,0,0,0,0,0,0,0,1,0,2
2848,41708562410,4,0,0,0,0,0,0,0,0,0,0,0,1,0
2849,13065461395,0,1,0,0,0,1,0,0,0,0,0,0,0,0
2850,51184372181,6,1,0,0,0,0,1,0,0,0,0,0,0,0
2851,51133649424,2,1,2,2,2,2,2,2,2,2,2,2,2,2
2852,51132859601,2,1,0,0,0,0,1,0,0,0,0,0,0,1
2853,51133048858,2,0,0,0,0,0,0,0,0,1,0,0,0,1
2854,51029248672,3,1,0,0,0,1,0,0,0,0,0,0,0,2
2855,50820169803,2,1,0,1,0,0,0,0,0,0,0,0,0,1
2856,50771664596,4,1,0,0,0,0,0,1,0,0,0,0,0,1
2857,50671591436,1,0,2,2,2,2,2,2,2,2,2,2,2,1
2858,50637783452,5,0,0,0,0,1,0,0,0,0,0,0,0,0
2859,50577517261,1,1,0,0,0,0,0,0,0,1,0,0,0,2
2860,49819794882,4,1,2,2,2,2,2,2,2,2,2,2,2,0
2861,50337196202,1,1,2,2,2,2,2,2,2,2,2,2,2,0
2862,15414894806,1,1,0,0,0,0,0,0,0,0,0,0,1,0
2863,49438127713,1,1,0,0,1,0,0,0,0,0,0,0,0,2
2864,5864198482,6,1,0,0,0,1,0,0,0,0,0,0,0,1
2865,5870477263,3,0,2,2,2,2,2,2,2,2,2,2,2,0
2866,5864309564,3,0,0,0,0,0,0,0,0,1,0,0,0,0
2867,5864078440,6,1,0,1,0,0,0,0,0,0,0,0,0,0
2868,47136881442,2,1,0,0,0,0,1,0,0,0,0,0,0,1
2869,49327020678,3,1,0,0,0,0,1,0,0,0,0,0,0,2
2870,43340533702,5,0,0,0,0,0,1,0,0,0,0,0,0,2
2871,38449036925,4,0,0,1,0,0,0,0,0,0,0,0,0,0
2872,8089601824,2,0,2,2,2,2,2,2,2,2,2,2,2,0
2873,51066027261,4,0,2,2,2,2,2,2,2,2,2,2,2,0
2874,50973418011,6,0,0,0,1,0,0,0,0,0,0,0,0,0
2875,51195281817,3,0,2,2,2,2,2,2,2,2,2,2,2,2
2876,50976387493,6,1,2,2,2,2,2,2,2,2,2,2,2,1
2877,51136045468,2,0,0,1,0,0,0,0,0,0,0,0,0,1
2878,40075482323,1,1,2,2,2,2,2,2,2,2,2,2,2,0
2879,30127113955,4,0,0,0,0,0,0,0,0,0,1,0,0,0
2880,50148156312,5,0,0,0,0,0,0,0,0,0,0,0,1,1
2881,50947966128,6,0,0,0,0,0,0,0,0,0,0,0,1,0
2882,50940606243,2,1,0,0,0,0,1,0,0,0,0,0,0,1
2883,50238925362,4,0,2,2,2,2,2,2,2,2,2,2,2,2
2884,50226497676,4,1,0,0,0,1,0,0,0,0,0,0,0,0
2885,50138510277,3,1,0,1,0,0,0,0,0,0,0,0,0,2
2886,50238712621,4,1,2,2,2,2,2,2,2,2,2,2,2,1
2887,49069968547,0,1,0,0,0,0,0,0,0,0,0,0,1,2
2888,49871420636,0,1,0,0,0,0,0,1,0,0,0,0,0,1
2889,50926836196,2,1,2,2,2,2,2,2,2,2,2,2,2,2
2890,49870918423,0,1,2,2,2,2,2,2,2,2,2,2,2,2
2891,49598205436,5,1,0,0,0,1,0,0,0,0,0,0,0,2
2892,28931218868,4,0,2,2,2,2,2,2,2,2,2,2,2,2
2893,39446807075,1,0,0,0,0,0,0,0,0,0,0,0,1,1
2894,35559480384,1,1,0,0,0,0,1,0,0,0,0,0,0,1
2895,50945124141,6,1,0,0,0,0,1,0,0,0,0,0,0,2
2896,16222197522,0,0,2,2,2,2,2,2,2,2,2,2,2,0
2897,47724790011,5,1,0,0,0,0,0,1,0,0,0,0,0,0
2898,50014586403,2,1,0,0,0,0,0,0,0,0,0,0,1,1
2899,38145496161,0,1,2,2,2,2,2,2,2,2,2,2,2,0
2900,40135485920,1,1,0,0,0,0,0,0,0,0,1,0,0,0
2901,47266168911,2,0,0,0,0,0,0,1,0,0,0,0,0,1
2902,26909891319,6,1,0,0,0,0,0,0,0,1,0,0,0,0
2903,49936776028,3,1,0,0,0,0,0,0,0,0,0,0,1,2
2904,15284840557,1,1,0,0,0,0,0,0,1,0,0,0,0,2
2905,41409147255,3,1,0,0,1,0,0,0,0,0,0,0,0,2
2906,40359418240,3,1,0,0,0,0,1,0,0,0,0,0,0,2
2907,50814635348,3,1,2,2,2,2,2,2,2,2,2,2,2,1
2908,23771171318,0,1,2,2,2,2,2,2,2,2,2,2,2,1
2909,9529470437,6,1,0,0,0,0,0,0,0,0,0,1,0,2
2910,9454163521,6,1,2,2,2,2,2,2,2,2,2,2,2,2
2911,51121280856,1,1,2,2,2,2,2,2,2,2,2,2,2,1
2912,33699868158,3,1,0,0,0,0,0,0,0,0,0,1,0,1
2913,9475484216,6,1,0,0,0,0,0,1,0,0,0,0,0,0
2914,51116584665,6,0,0,0,0,0,0,0,0,0,0,1,0,0
2915,50955310143,5,0,0,0,0,1,0,0,0,0,0,0,0,1
2916,49235462987,6,0,0,1,0,0,0,0,0,0,0,0,0,1
2917,42596346414,3,0,0,0,0,0,0,1,0,0,0,0,0,0
2918,6167297503,3,0,0,0,0,0,0,0,0,0,0,0,1,0
2919,50904722593,2,0,0,1,0,0,0,0,0,0,0,0,0,2
2920,48996728806,6,0,2,2,2,2,2,2,2,2,2,2,2,2
2921,48844556068,1,0,0,0,0,0,0,0,1,0,0,0,0,2
2922,48777876233,2,0,2,2,2,2,2,2,2,2,2,2,2,0
2923,46982534885,2,0,0,1,0,0,0,0,0,0,0,0,0,0
2924,34000111948,3,0,0,0,1,0,0,0,0,0,0,0,0,0
2925,47651294002,2,1,2,2,2,2,2,2,2,2,2,2,2,2
2926,33531797638,1,0,0,0,0,0,0,0,0,0,1,0,0,1
2927,51207499714,3,0,2,2,2,2,2,2,2,2,2,2,2,1
2928,51143181777,5,1,2,2,2,2,2,2,2,2,2,2,2,0
2929,51127455001,6,0,0,0,0,1,0,0,0,0,0,0,0,1
2930,50535966581,1,0,2,2,2,2,2,2,2,2,2,2,2,0
2931,51177755806,6,0,0,0,0,0,0,1,0,0,0,0,0,1
2932,50497060967,2,0,0,0,0,1,0,0,0,0,0,0,0,1
2933,50497060022,2,0,0,0,0,0,1,0,0,0,0,0,0,1
2934,40205512971,1,0,0,0,0,0,0,0,1,0,0,0,0,0
2935,41773271470,4,0,0,0,1,0,0,0,0,0,0,0,0,0
2936,38558294631,4,0,0,0,0,0,0,0,0,0,0,0,1,2
2937,51146787696,5,0,0,0,1,0,0,0,0,0,0,0,0,2
2938,50385979616,0,1,2,2,2,2,2,2,2,2,2,2,2,2
2939,50769287478,4,1,0,0,0,0,0,0,0,0,0,0,1,0
2940,44451406920,3,0,2,2,2,2,2,2,2,2,2,2,2,0
2941,32123516128,3,0,2,2,2,2,2,2,2,2,2,2,2,1
2942,38933477005,2,1,0,0,0,0,0,0,1,0,0,0,0,2
2943,15139547727,1,1,0,0,0,0,0,0,0,0,1,0,0,2
2944,39113187015,1,0,0,0,0,0,0,0,0,0,0,0,1,2
2945,43628793630,5,1,0,0,0,0,0,0,1,0,0,0,0,1
2946,48242908491,1,0,2,2,2,2,2,2,2,2,2,2,2,0
2947,50109110692,5,1,0,0,0,0,1,0,0,0,0,0,0,0
2948,50686920063,6,0,0,1,0,0,0,0,0,0,0,0,0,1
2949,48641332531,1,1,0,0,0,0,1,0,0,0,0,0,0,0
2950,9395187732,6,1,0,0,0,0,0,0,0,0,0,0,1,2
2951,50856534311,4,0,0,0,0,0,0,0,0,0,1,0,0,1
2952,7669551412,3,1,0,0,0,0,0,0,0,0,0,0,1,0
2953,49588645468,5,1,2,2,2,2,2,2,2,2,2,2,2,0
2954,24377348608,0,1,0,0,0,0,0,0,0,0,1,0,0,0
2955,51112385733,6,0,0,0,0,1,0,0,0,0,0,0,0,2
2956,44341520560,3,1,0,0,0,1,0,0,0,0,0,0,0,1
2957,31100626924,4,0,0,0,0,0,0,0,0,0,0,1,0,0
2958,28932771100,4,1,2,2,2,2,2,2,2,2,2,2,2,1
2959,8397761503,6,0,2,2,2,2,2,2,2,2,2,2,2,2
2960,51045020882,4,0,0,0,0,0,0,1,0,0,0,0,0,0
2961,50783584707,1,1,0,0,0,0,0,0,0,1,0,0,0,1
2962,50649921381,1,0,0,0,0,0,0,0,1,0,0,0,0,0
2963,50146086118,5,0,0,0,0,0,0,0,0,0,0,0,1,1
2964,49949153638,6,0,2,2,2,2,2,2,2,2,2,2,2,2
2965,49931114576,3,0,0,0,0,0,0,0,0,0,0,1,0,1
2966,48895905272,2,0,0,1,0,0,0,0,0,0,0,0,0,0
2967,48727129036,1,0,0,0,0,1,0,0,0,0,0,0,0,1
2968,48599732797,5,0,0,0,0,0,1,0,0,0,0,0,0,1
2969,48599719512,4,0,0,0,0,0,0,0,0,0,0,1,0,0
2970,48599704977,3,0,2,2,2,2,2,2,2,2,2,2,2,0
2971,48585745966,0,0,0,0,0,0,0,0,0,1,0,0,0,1
2972,48585667461,0,0,0,0,0,0,0,0,0,0,0,1,0,2
2973,48585800607,0,0,0,0,0,0,0,0,0,0,0,0,1,1
2974,48585616831,0,0,2,2,2,2,2,2,2,2,2,2,2,0
2975,47679930921,5,1,2,2,2,2,2,2,2,2,2,2,2,0
2976,45370938115,3,0,2,2,2,2,2,2,2,2,2,2,2,2
2977,43536817975,0,0,2,2,2,2,2,2,2,2,2,2,2,0
2978,42593737610,3,0,0,0,0,0,0,0,0,0,0,1,0,2
2979,42084503444,5,0,0,0,0,0,1,0,0,0,0,0,0,2
2980,28928490228,4,0,0,0,0,1,0,0,0,0,0,0,0,2
2981,41871862725,3,0,0,0,0,0,0,0,0,1,0,0,0,0
2982,50860910817,4,0,0,0,1,0,0,0,0,0,0,0,0,1
2983,50860809241,4,1,2,2,2,2,2,2,2,2,2,2,2,0
2984,50860808856,4,0,0,0,0,0,0,0,0,1,0,0,0,1
2985,51202076981,3,0,0,0,0,0,0,0,0,1,0,0,0,2
2986,50783480301,1,0,2,2,2,2,2,2,2,2,2,2,2,1
2987,50712485946,1,0,0,0,0,0,0,1,0,0,0,0,0,2
2988,17181772408,1,0,0,0,0,0,1,0,0,0,0,0,0,0
2989,49906238332,6,0,0,0,0,0,1,0,0,0,0,0,0,0
2990,36431921125,4,1,2,2,2,2,2,2,2,2,2,2,2,0
2991,35188195722,5,0,2,2,2,2,2,2,2,2,2,2,2,1
2992,31175599081,5,0,0,1,0,0,0,0,0,0,0,0,0,1
2993,30038913303,3,0,0,0,0,1,0,0,0,0,0,0,0,2
2994,29974239254,0,0,0,0,0,0,0,0,1,0,0,0,0,0
2995,30533953505,4,1,0,0,0,0,0,1,0,0,0,0,0,2
2996,29323082033,4,0,0,0,1,0,0,0,0,0,0,0,0,0
2997,18716199918,0,0,0,0,0,0,0,0,0,0,1,0,0,0
2998,16910493437,4,0,0,0,0,0,0,0,0,0,1,0,0,0
2999,49906241922,3,0,0,0,0,0,0,0,0,0,0,0,1,0
3000,51053412671,1,1,0,0,0,0,0,1,0,0,0,0,0,0
3001,51150059392,2,0,2,2,2,2,2,2,2,2,2,2,2,2
3002,51020142193,4,0,0,0,0,0,0,0,0,0,0,0,1,1
3003,50878627468,4,0,0,0,0,0,0,0,1,0,0,0,0,2
3004,50763417051,4,0,0,0,0,1,0,0,0,0,0,0,0,1
3005,50642119033,1,0,0,0,0,1,0,0,0,0,0,0,0,1
3006,50614688833,2,0,0,0,1,0,0,0,0,0,0,0,0,2
3007,50398598263,0,0,0,0,0,0,0,0,1,0,0,0,0,2
3008,50334538756,1,0,2,2,2,2,2,2,2,2,2,2,2,1
3009,16449198865,1,0,0,0,0,0,0,0,0,0,0,1,0,0
3010,16455930437,0,0,2,2,2,2,2,2,2,2,2,2,2,2
3011,47369735311,5,0,2,2,2,2,2,2,2,2,2,2,2,0
3012,40592851353,0,0,2,2,2,2,2,2,2,2,2,2,2,1
3013,50927515442,2,0,0,0,0,0,0,0,0,0,0,1,0,2
3014,51097516359,1,0,2,2,2,2,2,2,2,2,2,2,2,2
3015,50601137118,2,0,0,0,0,0,0,1,0,0,0,0,0,1
3016,50736520808,2,0,2,2,2,2,2,2,2,2,2,2,2,2
3017,49989349917,6,0,2,2,2,2,2,2,2,2,2,2,2,1
3018,49714043026,2,0,0,0,0,0,0,1,0,0,0,0,0,1
3019,48384139697,3,0,0,0,0,0,0,0,0,0,1,0,0,2
3020,50609722593,2,0,0,0,0,0,0,0,0,1,0,0,0,2
3021,50149483046,5,0,0,0,0,1,0,0,0,0,0,0,0,0
3022,50078544131,5,0,2,2,2,2,2,2,2,2,2,2,2,0
3023,49796873467,3,0,0,0,0,0,0,0,0,1,0,0,0,0
3024,48632384568,5,0,2,2,2,2,2,2,2,2,2,2,2,2
3025,48530786272,0,0,0,0,0,0,0,0,0,0,0,1,0,2
3026,29870026637,0,0,0,0,0,0,0,0,0,1,0,0,0,1
3027,29161516477,4,0,2,2,2,2,2,2,2,2,2,2,2,1
3028,41039097882,2,0,2,2,2,2,2,2,2,2,2,2,2,1
3029,40372919604,3,0,2,2,2,2,2,2,2,2,2,2,2,0
3030,38404311244,4,1,0,0,0,0,0,1,0,0,0,0,0,1
3031,26222730269,4,0,0,0,0,0,0,0,1,0,0,0,0,1
3032,35696243146,1,0,0,1,0,0,0,0,0,0,0,0,0,0
3033,31896727273,2,0,0,0,0,0,1,0,0,0,0,0,0,0
3034,31380632373,2,0,2,2,2,2,2,2,2,2,2,2,2,0
3035,31042736522,2,0,0,0,0,0,1,0,0,0,0,0,0,1
3036,28510168294,0,1,0,0,0,0,0,1,0,0,0,0,0,0
3037,28342244282,0,0,0,0,0,0,0,0,0,0,0,0,1,1
3038,27136000743,3,0,2,2,2,2,2,2,2,2,2,2,2,1
3039,25807176710,3,0,0,0,0,0,0,0,0,1,0,0,0,1
3040,21861060644,0,0,0,1,0,0,0,0,0,0,0,0,0,1
3041,21968928325,0,0,2,2,2,2,2,2,2,2,2,2,2,0
3042,49607023552,5,0,0,0,1,0,0,0,0,0,0,0,0,1
3043,51000182372,1,0,2,2,2,2,2,2,2,2,2,2,2,2
3044,49949671036,6,0,2,2,2,2,2,2,2,2,2,2,2,1
3045,30289210623,5,0,0,0,0,0,1,0,0,0,0,0,0,0
3046,8720668964,6,0,0,0,0,1,0,0,0,0,0,0,0,2
3047,32003577351,3,0,2,2,2,2,2,2,2,2,2,2,2,0
3048,49650690732,0,0,0,0,0,0,0,1,0,0,0,0,0,0
3049,40455354430,4,1,0,0,1,0,0,0,0,0,0,0,0,1
3050,50372234367,0,0,0,0,0,0,0,0,1,0,0,0,0,2
3051,50725968278,5,1,0,1,0,0,0,0,0,0,0,0,0,0
3052,49713480547,2,0,0,0,1,0,0,0,0,0,0,0,0,1
3053,46463212031,6,0,0,0,0,1,0,0,0,0,0,0,0,0
3054,44354420120,3,1,0,0,0,0,0,1,0,0,0,0,0,2
3055,29989416368,0,0,2,2,2,2,2,2,2,2,2,2,2,0
3056,42349324005,0,1,0,0,0,0,0,0,1,0,0,0,0,1
3057,43844582332,5,0,0,1,0,0,0,0,0,0,0,0,0,2
3058,41198480050,1,1,2,2,2,2,2,2,2,2,2,2,2,0
3059,51002312513,1,0,0,0,0,0,1,0,0,0,0,0,0,2
3060,26234246848,4,1,0,0,0,0,0,0,0,1,0,0,0,1
3061,35026512505,2,1,0,0,0,0,0,0,1,0,0,0,0,0
3062,42184539154,5,0,0,1,0,0,0,0,0,0,0,0,0,2
3063,15038743768,1,1,0,0,0,0,0,0,0,0,1,0,0,2
3064,14757564867,2,1,0,0,0,0,0,1,0,0,0,0,0,1
3065,13201676785,0,1,0,0,0,0,0,0,0,0,0,1,0,2
3066,12817093305,0,1,2,2,2,2,2,2,2,2,2,2,2,1
3067,9091685677,6,1,0,0,0,1,0,0,0,0,0,0,0,0
3068,7805770976,1,0,0,0,0,0,0,0,0,0,0,1,0,1
3069,7533019476,3,0,0,0,1,0,0,0,0,0,0,0,0,0
3070,7749558524,1,1,0,0,0,1,0,0,0,0,0,0,0,1
3071,48851445351,4,1,0,0,0,0,1,0,0,0,0,0,0,0
3072,46733059755,5,0,0,0,0,0,0,0,0,0,0,1,0,2
3073,39845064330,4,1,0,0,0,0,0,0,0,0,0,1,0,1
3074,25630907397,3,1,2,2,2,2,2,2,2,2,2,2,2,0
3075,38691205870,1,1,0,0,0,0,0,1,0,0,0,0,0,1
3076,40265229971,3,1,0,0,0,1,0,0,0,0,0,0,0,0
3077,40137181052,2,1,0,0,0,0,0,1,0,0,0,0,0,0
3078,39459260954,1,1,2,2,2,2,2,2,2,2,2,2,2,2
3079,51107859009,4,0,0,0,0,0,0,0,0,0,1,0,0,1
3080,49333179832,0,1,0,0,0,0,0,0,0,0,0,0,1,0
3081,32549849567,5,1,0,1,0,0,0,0,0,0,0,0,0,0
3082,32260001768,2,1,0,0,1,0,0,0,0,0,0,0,0,0
3083,51009307122,3,1,0,0,0,0,0,0,1,0,0,0,0,0
3084,50787069223,1,1,0,0,0,0,0,0,0,0,0,1,0,2
3085,49748902458,0,0,2,2,2,2,2,2,2,2,2,2,2,2
3086,49799631503,3,1,0,0,0,1,0,0,0,0,0,0,0,0
3087,49597953372,5,0,2,2,2,2,2,2,2,2,2,2,2,0
3088,48820520193,5,0,2,2,2,2,2,2,2,2,2,2,2,0
3089,46879032974,5,0,0,0,0,0,0,0,0,0,0,1,0,1
3090,28531451287,0,0,0,0,1,0,0,0,0,0,0,0,0,1
3091,51082254532,5,0,0,0,0,0,1,0,0,0,0,0,0,1
3092,49464049121,4,0,2,2,2,2,2,2,2,2,2,2,2,0
3093,48866249377,4,0,2,2,2,2,2,2,2,2,2,2,2,0
3094,48644575393,3,0,0,0,0,0,0,0,0,0,0,1,0,1
3095,50937203432,2,1,0,0,0,0,0,1,0,0,0,0,0,0
3096,50912565542,6,0,0,0,0,0,0,1,0,0,0,0,0,1
3097,50616181178,2,0,0,0,1,0,0,0,0,0,0,0,0,0
3098,50718728887,1,0,0,0,0,0,0,0,0,0,1,0,0,0
3099,50674669631,1,0,2,2,2,2,2,2,2,2,2,2,2,0
3100,50548567471,6,0,0,0,0,0,0,0,0,0,0,0,1,1
3101,49778687326,3,1,0,1,0,0,0,0,0,0,0,0,0,0
3102,49012881078,4,0,0,0,0,0,0,0,0,0,1,0,0,1
3103,49004650358,4,0,0,0,1,0,0,0,0,0,0,0,0,0
3104,48656569753,4,0,0,0,0,0,1,0,0,0,0,0,0,0
3105,47977829816,3,0,0,0,0,0,0,0,0,1,0,0,0,2
3106,47563611491,2,0,2,2,2,2,2,2,2,2,2,2,2,0
3107,44310743990,3,0,0,0,0,0,0,0,0,1,0,0,0,0
3108,32047579288,3,0,0,0,0,0,0,0,1,0,0,0,0,0
3109,44096663610,2,0,2,2,2,2,2,2,2,2,2,2,2,1
3110,45793162702,6,0,2,2,2,2,2,2,2,2,2,2,2,0
3111,46258532311,5,0,2,2,2,2,2,2,2,2,2,2,2,0
3112,44153395790,2,0,0,0,0,0,0,0,0,0,0,1,0,0
3113,30867009207,2,0,2,2,2,2,2,2,2,2,2,2,2,0
3114,43294752712,5,0,2,2,2,2,2,2,2,2,2,2,2,0
3115,41151712034,1,0,0,0,0,0,0,0,0,0,1,0,0,0
3116,27956497028,5,0,2,2,2,2,2,2,2,2,2,2,2,0
3117,40405113711,3,0,2,2,2,2,2,2,2,2,2,2,2,1
3118,24198723657,6,0,2,2,2,2,2,2,2,2,2,2,2,2
3119,36893500766,4,0,0,0,0,1,0,0,0,0,0,0,0,1
3120,34735471621,2,0,0,0,0,0,0,0,0,0,0,0,1,1
3121,34463927781,5,0,0,1,0,0,0,0,0,0,0,0,0,0
3122,50503510401,5,0,0,0,0,0,0,0,0,1,0,0,0,2
3123,49176843951,4,0,2,2,2,2,2,2,2,2,2,2,2,2
3124,42592900960,3,0,2,2,2,2,2,2,2,2,2,2,2,0
3125,45880324075,6,1,0,0,0,0,0,0,0,0,1,0,0,0
3126,28407355902,0,1,0,0,0,0,0,0,0,0,1,0,0,0
3127,26258675773,4,0,2,2,2,2,2,2,2,2,2,2,2,2
3128,23220728999,1,0,2,2,2,2,2,2,2,2,2,2,2,0
3129,14889448135,1,1,0,0,0,0,0,0,0,0,0,0,1,0
3130,9622736322,6,0,0,0,0,0,1,0,0,0,0,0,0,1
3131,7990641731,1,1,0,0,0,0,0,0,0,0,1,0,0,1
3132,8184035019,2,0,0,0,0,1,0,0,0,0,0,0,0,2
3133,8011286741,1,0,2,2,2,2,2,2,2,2,2,2,2,0
3134,7781274750,1,0,0,0,0,0,0,0,0,0,0,1,0,0
3135,6950914098,6,0,0,0,0,0,0,0,0,0,0,1,0,1
3136,6888306887,3,0,0,0,0,0,0,1,0,0,0,0,0,0
3137,6804855545,3,0,0,0,0,0,1,0,0,0,0,0,0,1
3138,6205641787,3,0,0,0,0,0,0,0,0,0,0,1,0,1
3139,6140682150,3,0,2,2,2,2,2,2,2,2,2,2,2,2
3140,6541083725,6,1,0,0,0,0,0,0,0,0,0,0,1,0
3141,6212165023,3,0,0,0,0,0,0,0,0,0,1,0,0,0
3142,5982660659,3,1,0,0,0,0,0,1,0,0,0,0,0,0
3143,50604394816,2,0,0,0,0,0,0,0,1,0,0,0,0,0
3144,50676043391,1,0,2,2,2,2,2,2,2,2,2,2,2,0
3145,48915307187,2,0,0,0,0,0,0,1,0,0,0,0,0,0
3146,48070341981,3,0,0,0,1,0,0,0,0,0,0,0,0,1
3147,48209641081,1,1,0,0,0,0,0,0,1,0,0,0,0,1
3148,32752939867,0,0,0,0,0,0,0,1,0,0,0,0,0,0
3149,47220460321,2,0,0,0,0,0,0,1,0,0,0,0,0,1
3150,45361209895,3,0,2,2,2,2,2,2,2,2,2,2,2,2
3151,43698219894,5,0,0,0,1,0,0,0,0,0,0,0,0,2
3152,26321534448,4,0,0,0,0,0,0,1,0,0,0,0,0,0
3153,39407913831,1,0,0,0,0,1,0,0,0,0,0,0,0,1
3154,25488143658,2,1,2,2,2,2,2,2,2,2,2,2,2,0
3155,50160049403,3,0,0,1,0,0,0,0,0,0,0,0,0,0
3156,50078750061,5,0,2,2,2,2,2,2,2,2,2,2,2,0
3157,50168264727,3,0,2,2,2,2,2,2,2,2,2,2,2,1
3158,50792161271,3,0,0,0,0,0,1,0,0,0,0,0,0,2
3159,50093466537,3,0,0,0,0,1,0,0,0,0,0,0,0,0
3160,50830464376,3,0,0,0,0,0,0,0,0,1,0,0,0,0
3161,49131702512,3,1,0,0,0,0,0,0,0,0,0,1,0,2
3162,46339966382,3,0,2,2,2,2,2,2,2,2,2,2,2,2
3163,50017861946,2,0,0,0,0,0,0,0,1,0,0,0,0,1
3164,51069059783,4,0,0,1,0,0,0,0,0,0,0,0,0,2
3165,49841401881,2,0,0,0,0,0,0,0,0,1,0,0,0,2
3166,36728161091,4,1,0,0,0,0,0,1,0,0,0,0,0,2
3167,44663910152,4,1,0,0,0,0,0,0,0,0,0,0,1,2
3168,33563710035,1,1,2,2,2,2,2,2,2,2,2,2,2,0
3169,37877147742,0,1,2,2,2,2,2,2,2,2,2,2,2,0
3170,51219582366,5,0,0,0,0,0,0,1,0,0,0,0,0,2
3171,51220192399,5,0,0,1,0,0,0,0,0,0,0,0,0,1
3172,51168578482,5,0,2,2,2,2,2,2,2,2,2,2,2,1
3173,51169994504,5,0,0,1,0,0,0,0,0,0,0,0,0,2
3174,51168521547,5,0,2,2,2,2,2,2,2,2,2,2,2,2
3175,51169923824,6,0,0,0,0,1,0,0,0,0,0,0,0,2
3176,50983946486,1,0,0,0,1,0,0,0,0,0,0,0,0,1
3177,50968521706,6,0,2,2,2,2,2,2,2,2,2,2,2,1
3178,50823319822,3,0,0,0,0,0,0,0,0,0,0,1,0,1
3179,50765344022,4,0,0,0,1,0,0,0,0,0,0,0,0,2
3180,50684754497,1,0,0,0,0,0,0,0,0,0,0,0,1,1
3181,50659022841,1,0,0,0,1,0,0,0,0,0,0,0,0,0
3182,50573098156,1,0,2,2,2,2,2,2,2,2,2,2,2,0
3183,49574752972,2,1,2,2,2,2,2,2,2,2,2,2,2,0
3184,49836542906,2,0,2,2,2,2,2,2,2,2,2,2,2,1
3185,49813916026,4,0,2,2,2,2,2,2,2,2,2,2,2,0
3186,42054855114,4,0,0,0,0,0,0,0,0,0,0,1,0,1
3187,46979663735,1,0,0,0,0,0,0,0,1,0,0,0,0,2
3188,50636327143,5,1,0,0,0,0,0,0,0,0,0,0,1,1
3189,50500080932,5,0,2,2,2,2,2,2,2,2,2,2,2,2
3190,46090903595,3,0,0,0,0,0,0,0,0,0,0,0,1,0
3191,51126532972,6,0,0,0,0,0,0,1,0,0,0,0,0,1
3192,50854739346,4,0,2,2,2,2,2,2,2,2,2,2,2,2
3193,44242507095,2,0,0,0,0,1,0,0,0,0,0,0,0,2
3194,51184090571,6,0,2,2,2,2,2,2,2,2,2,2,2,2
3195,50979029717,6,0,0,0,1,0,0,0,0,0,0,0,0,1
3196,50874502523,1,0,0,0,0,0,0,1,0,0,0,0,0,1
3197,50297891486,1,0,0,0,0,0,0,1,0,0,0,0,0,0
3198,33760698358,3,0,0,0,0,0,0,0,0,0,1,0,0,0
3199,46162175524,5,0,0,0,0,0,0,0,0,0,1,0,0,2
3200,48316119381,2,1,0,0,0,0,0,0,1,0,0,0,0,0
3201,50701688603,4,1,0,0,0,0,0,0,0,0,1,0,0,1
3202,40090131485,1,0,0,0,0,0,1,0,0,0,0,0,0,2
3203,50370334316,0,0,2,2,2,2,2,2,2,2,2,2,2,0
3204,50370497682,0,1,0,0,0,0,0,0,1,0,0,0,0,2
3205,40927115772,0,0,0,0,0,0,1,0,0,0,0,0,0,1
3206,46950221915,1,0,0,0,0,0,1,0,0,0,0,0,0,0
3207,47760679782,5,0,0,0,0,0,0,1,0,0,0,0,0,2
3208,40263227534,3,0,0,0,0,1,0,0,0,0,0,0,0,2
3209,40274408414,3,0,2,2,2,2,2,2,2,2,2,2,2,0
3210,40932889702,0,0,0,0,0,0,0,0,0,0,1,0,0,2
3211,27097974598,3,1,2,2,2,2,2,2,2,2,2,2,2,1
3212,40968972101,0,0,0,0,1,0,0,0,0,0,0,0,0,1
3213,40926423662,0,0,2,2,2,2,2,2,2,2,2,2,2,2
3214,39177392000,1,0,0,0,0,0,0,1,0,0,0,0,0,1
3215,16800769230,3,0,0,0,0,0,0,0,0,0,1,0,0,1
3216,5949143077,3,1,0,0,1,0,0,0,0,0,0,0,0,0
3217,5948745797,3,0,2,2,2,2,2,2,2,2,2,2,2,2
3218,51120798065,1,0,0,0,0,0,0,1,0,0,0,0,0,0
3219,51040401802,4,0,0,0,0,0,0,0,0,0,0,1,0,1
3220,50690727122,6,1,0,0,1,0,0,0,0,0,0,0,0,0
3221,49873527533,0,0,0,0,0,1,0,0,0,0,0,0,0,0
3222,49832519353,6,0,0,0,0,0,1,0,0,0,0,0,0,1
3223,49617123167,0,0,0,1,0,0,0,0,0,0,0,0,0,0
3224,49405734888,3,0,0,0,0,0,1,0,0,0,0,0,0,1
3225,49833309001,2,0,0,0,1,0,0,0,0,0,0,0,0,0
3226,49832883471,3,0,2,2,2,2,2,2,2,2,2,2,2,1
3227,48506556017,4,0,0,0,1,0,0,0,0,0,0,0,0,0
3228,47969566208,0,0,0,0,0,0,0,0,0,0,0,1,0,2
3229,45983204872,0,1,2,2,2,2,2,2,2,2,2,2,2,0
3230,44758011745,6,0,0,0,0,0,0,0,0,0,1,0,0,0
3231,50720138641,1,1,0,0,0,0,0,0,1,0,0,0,0,2
3232,50687500368,6,0,0,0,0,1,0,0,0,0,0,0,0,1
3233,50598149643,2,0,2,2,2,2,2,2,2,2,2,2,2,2
3234,50968199361,6,0,0,0,0,0,0,0,1,0,0,0,0,0
3235,42753474910,3,0,0,0,1,0,0,0,0,0,0,0,0,0
3236,27124246009,3,0,0,0,0,0,1,0,0,0,0,0,0,2
3237,37152727870,0,1,0,0,0,0,0,0,1,0,0,0,0,0
3238,24113767236,4,1,2,2,2,2,2,2,2,2,2,2,2,2
3239,16510393288,0,0,0,0,0,0,1,0,0,0,0,0,0,2
3240,45968914494,6,0,0,0,0,0,0,1,0,0,0,0,0,1
3241,49301270148,3,0,0,0,1,0,0,0,0,0,0,0,0,0
3242,50900588183,2,1,2,2,2,2,2,2,2,2,2,2,2,0
3243,49167547562,1,0,0,0,0,0,1,0,0,0,0,0,0,0
3244,48723809771,1,0,2,2,2,2,2,2,2,2,2,2,2,1
3245,48838526067,1,0,0,0,0,0,0,0,0,0,0,0,1,0
3246,48803041492,5,0,0,1,0,0,0,0,0,0,0,0,0,1
3247,48432187287,4,1,0,0,0,0,0,0,0,0,0,0,1,0
3248,38657334121,1,0,2,2,2,2,2,2,2,2,2,2,2,0
3249,38256579031,0,0,0,0,0,0,0,0,1,0,0,0,0,1
3250,23649530048,0,0,2,2,2,2,2,2,2,2,2,2,2,0
3251,35743646380,0,0,0,0,0,0,0,0,1,0,0,0,0,2
3252,35669590702,1,0,0,0,0,0,0,1,0,0,0,0,0,2
3253,32777889256,5,0,0,0,0,0,0,0,1,0,0,0,0,1
3254,29969614460,0,0,0,0,0,0,0,0,0,1,0,0,0,0
3255,28828418061,6,0,0,0,0,0,0,1,0,0,0,0,0,0
3256,27173784692,3,0,0,0,0,0,0,0,1,0,0,0,0,1
3257,26881561392,6,0,0,0,0,0,0,0,0,1,0,0,0,2
3258,25048612941,4,0,2,2,2,2,2,2,2,2,2,2,2,1
3259,49225491588,2,0,0,1,0,0,0,0,0,0,0,0,0,1
3260,50167416381,3,1,2,2,2,2,2,2,2,2,2,2,2,0
3261,50866570906,1,1,0,0,0,0,0,0,1,0,0,0,0,2
3262,20160694206,0,1,0,0,0,0,1,0,0,0,0,0,0,1
3263,14789367049,1,1,0,0,0,0,0,0,0,1,0,0,0,1
3264,8294839191,6,1,0,0,1,0,0,0,0,0,0,0,0,1
3265,8034728631,3,1,0,0,0,0,0,0,0,1,0,0,0,1
3266,8034728517,1,0,2,2,2,2,2,2,2,2,2,2,2,2
3267,6289395247,6,0,0,0,0,1,0,0,0,0,0,0,0,1
3268,50815404206,3,1,0,0,0,0,0,0,0,0,0,1,0,0
3269,48822662618,5,1,0,0,0,0,0,0,0,0,1,0,0,0
3270,9576586963,6,1,0,0,0,1,0,0,0,0,0,0,0,0
3271,9537472897,6,1,0,0,0,0,0,1,0,0,0,0,0,1
3272,49426014398,3,0,0,0,0,0,0,0,0,0,0,0,1,2
3273,47818211352,5,1,2,2,2,2,2,2,2,2,2,2,2,1
3274,48187599411,0,0,2,2,2,2,2,2,2,2,2,2,2,2
3275,44995609125,6,0,0,0,0,0,0,0,0,0,1,0,0,2
3276,43589743821,5,0,0,1,0,0,0,0,0,0,0,0,0,1
3277,42670577975,3,1,0,0,0,0,0,0,0,0,1,0,0,1
3278,16089126690,5,1,0,0,0,0,0,0,0,0,1,0,0,1
3279,8653936083,5,0,2,2,2,2,2,2,2,2,2,2,2,2
3280,50793762561,3,0,2,2,2,2,2,2,2,2,2,2,2,2
3281,48123135852,0,0,0,0,0,0,0,0,1,0,0,0,0,0
3282,30501118495,4,0,0,0,1,0,0,0,0,0,0,0,0,2
3283,24648963478,0,0,0,0,0,0,0,0,0,0,0,0,1,0
3284,24340011892,0,1,2,2,2,2,2,2,2,2,2,2,2,1
3285,49174423498,4,1,2,2,2,2,2,2,2,2,2,2,2,0
3286,50083767466,3,0,0,1,0,0,0,0,0,0,0,0,0,1
3287,38706888474,1,1,0,0,0,0,1,0,0,0,0,0,0,1
3288,33996749893,3,1,2,2,2,2,2,2,2,2,2,2,2,1
3289,7212585744,6,0,2,2,2,2,2,2,2,2,2,2,2,0
3290,27157438564,3,1,0,0,0,0,0,0,1,0,0,0,0,0
3291,38042329106,0,1,0,0,1,0,0,0,0,0,0,0,0,0
3292,31917580210,3,1,0,0,0,0,0,0,0,0,0,1,0,1
3293,5285489399,6,0,0,1,0,0,0,0,0,0,0,0,0,2
3294,50416170611,6,0,2,2,2,2,2,2,2,2,2,2,2,0
3295,49200659823,4,1,2,2,2,2,2,2,2,2,2,2,2,1
3296,50775977611,4,1,2,2,2,2,2,2,2,2,2,2,2,1
3297,33293707184,6,1,0,0,0,0,0,0,0,0,0,1,0,1
3298,16991341521,4,0,2,2,2,2,2,2,2,2,2,2,2,2
3299,15550169311,2,0,2,2,2,2,2,2,2,2,2,2,2,2
3300,15410500719,1,1,2,2,2,2,2,2,2,2,2,2,2,2
3301,15367206380,1,0,0,0,0,0,0,0,0,0,0,0,1,2
3302,14932656203,1,0,0,0,0,1,0,0,0,0,0,0,0,1
3303,49718959728,2,0,0,0,1,0,0,0,0,0,0,0,0,2
3304,28603658717,0,1,0,0,0,0,0,0,1,0,0,0,0,1
3305,49941847697,3,0,0,1,0,0,0,0,0,0,0,0,0,0
3306,36169736671,4,1,0,1,0,0,0,0,0,0,0,0,0,1
3307,33440494880,1,1,0,0,0,0,1,0,0,0,0,0,0,2
3308,47980540803,3,1,0,0,0,1,0,0,0,0,0,0,0,1
3309,34396199746,5,1,0,0,0,1,0,0,0,0,0,0,0,0
3310,6241169859,3,1,0,0,0,0,0,0,0,1,0,0,0,0
3311,50434571421,4,1,2,2,2,2,2,2,2,2,2,2,2,1
3312,50646129477,1,0,2,2,2,2,2,2,2,2,2,2,2,1
3313,50739945431,2,1,0,0,0,0,0,0,0,1,0,0,0,1
3314,9399320109,6,1,0,0,0,1,0,0,0,0,0,0,0,1
3315,48023994121,1,0,0,0,0,0,1,0,0,0,0,0,0,0
3316,6238953828,3,1,2,2,2,2,2,2,2,2,2,2,2,0
3317,39641115491,4,0,0,0,0,0,0,0,0,0,0,0,1,1
3318,8559045866,6,1,0,0,0,0,1,0,0,0,0,0,0,1
3319,50859947942,4,1,0,1,0,0,0,0,0,0,0,0,0,0
3320,50806750458,3,1,0,0,0,0,1,0,0,0,0,0,0,0
3321,50519243066,5,1,0,0,0,0,0,0,0,0,0,0,1,2
3322,48827826046,1,1,2,2,2,2,2,2,2,2,2,2,2,2
3323,41034163292,0,1,0,0,0,0,0,0,0,1,0,0,0,2
3324,51216172251,3,0,2,2,2,2,2,2,2,2,2,2,2,0
3325,51213805859,3,1,0,0,0,0,0,0,0,0,0,1,0,1
3326,50737482376,2,1,0,0,0,0,0,0,0,1,0,0,0,0
3327,50521779438,5,1,2,2,2,2,2,2,2,2,2,2,2,1
3328,50521788448,5,0,0,0,0,0,0,0,0,0,1,0,0,2
3329,49747986857,3,1,0,0,0,0,0,0,0,0,0,0,1,0
3330,49524009523,2,0,0,1,0,0,0,0,0,0,0,0,0,1
3331,49909632127,4,0,0,0,0,1,0,0,0,0,0,0,0,2
3332,49723751212,3,0,0,1,0,0,0,0,0,0,0,0,0,0
3333,49959947497,1,0,0,0,0,0,0,0,1,0,0,0,0,0
3334,49959169823,1,0,2,2,2,2,2,2,2,2,2,2,2,1
3335,49830801493,6,0,0,0,0,0,1,0,0,0,0,0,0,1
3336,49821797803,6,0,0,0,0,0,0,0,0,0,0,0,1,0
3337,50019763431,2,0,0,0,0,0,0,0,1,0,0,0,0,1
3338,49972941572,2,1,2,2,2,2,2,2,2,2,2,2,2,0
3339,49959947147,1,0,0,0,0,0,0,0,1,0,0,0,0,0
3340,49857658228,0,0,2,2,2,2,2,2,2,2,2,2,2,0
3341,34085723764,0,0,0,0,0,0,0,1,0,0,0,0,0,0
3342,42691949682,3,1,2,2,2,2,2,2,2,2,2,2,2,0
3343,49760654362,0,1,0,1,0,0,0,0,0,0,0,0,0,2
3344,9329531042,6,1,0,0,0,0,0,0,0,1,0,0,0,1
3345,50692952961,6,0,2,2,2,2,2,2,2,2,2,2,2,0
3346,50663271226,1,0,0,0,0,0,0,0,0,1,0,0,0,1
3347,49878633033,0,0,0,0,0,0,0,0,0,0,0,0,1,0
3348,50360841916,1,1,0,0,0,1,0,0,0,0,0,0,0,0
3349,48865007426,4,0,2,2,2,2,2,2,2,2,2,2,2,0
3350,47593190541,2,0,2,2,2,2,2,2,2,2,2,2,2,0
3351,30282303357,5,0,2,2,2,2,2,2,2,2,2,2,2,1
3352,43465987382,0,1,0,0,0,0,0,0,0,0,0,0,1,0
3353,50786160277,1,0,0,1,0,0,0,0,0,0,0,0,0,1
3354,50949106833,6,0,0,0,0,0,0,0,0,0,0,0,1,2
3355,49243381242,6,0,2,2,2,2,2,2,2,2,2,2,2,0
3356,46497833474,6,0,2,2,2,2,2,2,2,2,2,2,2,2
3357,43313183070,5,0,0,0,0,0,0,0,1,0,0,0,0,0
3358,38758315155,1,0,2,2,2,2,2,2,2,2,2,2,2,1
3359,24715394998,0,0,0,0,0,0,0,0,0,0,1,0,0,1
3360,34261735435,0,1,2,2,2,2,2,2,2,2,2,2,2,0
3361,29767181014,0,0,0,0,0,0,0,1,0,0,0,0,0,1
3362,29775906875,0,0,0,0,0,0,1,0,0,0,0,0,0,0
3363,22980991966,1,0,2,2,2,2,2,2,2,2,2,2,2,2
3364,17437386213,5,0,2,2,2,2,2,2,2,2,2,2,2,0
3365,50889898607,6,0,2,2,2,2,2,2,2,2,2,2,2,1
3366,50294668877,1,0,0,0,0,0,0,0,0,0,0,0,1,0
3367,49061763607,0,1,0,0,1,0,0,0,0,0,0,0,0,0
3368,48285125276,2,1,2,2,2,2,2,2,2,2,2,2,2,0
3369,50148912541,5,0,0,0,0,0,0,0,0,0,1,0,0,2
3370,49595624911,5,0,0,0,1,0,0,0,0,0,0,0,0,0
3371,49171710697,4,0,0,0,0,0,0,1,0,0,0,0,0,0
3372,50502114642,5,0,0,0,0,1,0,0,0,0,0,0,0,2
3373,50353031271,4,0,0,0,0,0,0,0,0,0,1,0,0,2
3374,50010171247,4,1,2,2,2,2,2,2,2,2,2,2,2,0
3375,48364048981,3,0,0,0,0,0,1,0,0,0,0,0,0,2
3376,40583256603,0,0,0,0,0,0,0,0,0,0,1,0,0,2
3377,32847378707,5,0,0,0,0,0,1,0,0,0,0,0,0,0
3378,43727142981,5,0,0,0,0,0,1,0,0,0,0,0,0,0
3379,37182125444,0,0,2,2,2,2,2,2,2,2,2,2,2,1
3380,30540225381,4,0,0,0,0,0,0,0,0,0,0,1,0,1
3381,25042184474,4,1,2,2,2,2,2,2,2,2,2,2,2,2
3382,24720413833,0,0,0,0,0,0,0,0,0,0,0,0,1,1
3383,24472949229,0,0,2,2,2,2,2,2,2,2,2,2,2,0
3384,49344956686,0,0,0,1,0,0,0,0,0,0,0,0,0,0
3385,48326139036,2,0,0,0,0,0,0,0,0,1,0,0,0,1
3386,49895109361,6,0,0,0,0,1,0,0,0,0,0,0,0,0
3387,9716704371,6,0,0,0,0,0,0,1,0,0,0,0,0,2
3388,50827678286,3,1,0,0,0,0,0,1,0,0,0,0,0,0
3389,50554037881,6,1,2,2,2,2,2,2,2,2,2,2,2,0
3390,49698635362,5,1,0,0,0,0,0,0,0,0,0,1,0,0
3391,48636660372,5,0,0,0,0,0,0,0,0,0,1,0,0,2
3392,48371246381,3,1,0,0,0,0,0,0,1,0,0,0,0,0
3393,44747649221,6,0,2,2,2,2,2,2,2,2,2,2,2,0
3394,47448282501,5,0,0,0,0,1,0,0,0,0,0,0,0,0
3395,46528150911,6,1,2,2,2,2,2,2,2,2,2,2,2,0
3396,50841168326,4,1,0,1,0,0,0,0,0,0,0,0,0,0
3397,50837359186,4,1,0,0,0,0,0,0,0,1,0,0,0,0
3398,50422386178,5,0,2,2,2,2,2,2,2,2,2,2,2,2
3399,50339316501,1,0,0,1,0,0,0,0,0,0,0,0,0,2
3400,50240542296,4,1,2,2,2,2,2,2,2,2,2,2,2,0
3401,49675810543,2,1,0,0,0,0,0,0,0,0,1,0,0,1
3402,49044027058,0,0,0,0,0,0,0,0,0,0,0,1,0,1
3403,51023002151,4,0,2,2,2,2,2,2,2,2,2,2,2,0
3404,51020315262,3,0,0,0,0,0,0,0,0,0,1,0,0,2
3405,48969268496,3,1,2,2,2,2,2,2,2,2,2,2,2,0
3406,48969444482,4,1,0,0,0,0,0,0,1,0,0,0,0,2
3407,46098369074,4,0,2,2,2,2,2,2,2,2,2,2,2,0
3408,46314575821,3,0,0,0,0,0,0,0,0,0,0,1,0,2
3409,28186418397,6,0,2,2,2,2,2,2,2,2,2,2,2,0
3410,37068345442,4,0,2,2,2,2,2,2,2,2,2,2,2,0
3411,30966758534,2,1,0,0,0,0,0,0,0,0,0,0,1,1
3412,27241084973,5,0,0,0,0,0,0,0,0,0,0,1,0,0
3413,27758301221,5,0,0,1,0,0,0,0,0,0,0,0,0,0
3414,27755945701,2,1,2,2,2,2,2,2,2,2,2,2,2,2
3415,21326230743,5,0,0,0,1,0,0,0,0,0,0,0,0,0
3416,49548270343,5,0,0,0,0,0,0,0,0,0,0,0,1,0
3417,48968724023,2,0,2,2,2,2,2,2,2,2,2,2,2,2
3418,8247570415,6,1,0,0,0,1,0,0,0,0,0,0,0,0
3419,50157822558,3,0,0,0,0,0,1,0,0,0,0,0,0,1
3420,48268025321,2,1,0,0,0,0,1,0,0,0,0,0,0,0
3421,41626348254,3,0,0,0,0,0,1,0,0,0,0,0,0,0
3422,38153457365,0,0,2,2,2,2,2,2,2,2,2,2,2,1
3423,26010238828,3,0,0,1,0,0,0,0,0,0,0,0,0,1
3424,38984044355,2,0,0,0,0,0,0,0,0,1,0,0,0,0
3425,35181500754,5,0,0,0,0,0,1,0,0,0,0,0,0,0
3426,34957638104,2,0,0,0,0,0,0,0,1,0,0,0,0,0
3427,20713391334,1,0,0,0,0,0,1,0,0,0,0,0,0,0
3428,20809513972,1,0,2,2,2,2,2,2,2,2,2,2,2,1
3429,48942458542,5,1,2,2,2,2,2,2,2,2,2,2,2,0
3430,27704879201,2,0,0,0,0,1,0,0,0,0,0,0,0,0
3431,25437032510,2,0,2,2,2,2,2,2,2,2,2,2,2,0
3432,49879805477,0,0,0,0,0,0,0,0,1,0,0,0,0,0
3433,29142376978,4,1,2,2,2,2,2,2,2,2,2,2,2,0
3434,50986263158,1,0,0,0,0,0,0,0,0,1,0,0,0,2
3435,50822538141,2,0,2,2,2,2,2,2,2,2,2,2,2,2
3436,14212616392,0,1,0,0,0,0,1,0,0,0,0,0,0,2
3437,48810455147,5,1,0,1,0,0,0,0,0,0,0,0,0,1
3438,51217922975,5,0,0,0,0,0,0,0,0,0,1,0,0,2
3439,49917749113,1,0,2,2,2,2,2,2,2,2,2,2,2,2
3440,51217767655,5,0,0,0,0,1,0,0,0,0,0,0,0,2
3441,35957901095,0,1,0,0,0,0,0,0,0,0,0,1,0,2
3442,35569232250,1,1,2,2,2,2,2,2,2,2,2,2,2,2
3443,51003458743,1,1,0,0,0,0,1,0,0,0,0,0,0,1
3444,48890943553,2,0,0,0,0,0,0,1,0,0,0,0,0,0
3445,48591331207,0,1,2,2,2,2,2,2,2,2,2,2,2,2
3446,51199016693,3,0,0,0,0,0,1,0,0,0,0,0,0,1
3447,32144655932,3,1,0,0,0,0,0,0,0,0,0,1,0,1
3448,50623848996,5,1,0,0,0,0,0,1,0,0,0,0,0,2
3449,46203623585,5,1,0,1,0,0,0,0,0,0,0,0,0,2
3450,41311417675,1,0,2,2,2,2,2,2,2,2,2,2,2,1
3451,41311404765,1,0,0,1,0,0,0,0,0,0,0,0,0,1
3452,50793624178,3,1,2,2,2,2,2,2,2,2,2,2,2,1
3453,897433210,6,1,0,0,1,0,0,0,0,0,0,0,0,0
3454,44401686615,3,1,0,0,0,0,0,0,0,1,0,0,0,0
3455,30069623862,4,1,2,2,2,2,2,2,2,2,2,2,2,2
3456,35022633274,2,1,0,0,0,0,0,0,0,0,0,1,0,0
3457,29714282388,0,0,0,0,0,0,0,0,0,0,0,0,1,2
3458,48384500712,3,0,0,0,0,0,0,0,0,0,1,0,0,2
3459,45991700294,0,1,0,0,0,0,1,0,0,0,0,0,0,2
3460,43664633194,5,0,0,0,0,0,0,0,0,0,1,0,0,2
3461,42694581255,3,1,2,2,2,2,2,2,2,2,2,2,2,0
3462,50697588463,4,1,2,2,2,2,2,2,2,2,2,2,2,2
3463,9594651375,6,1,0,0,0,0,1,0,0,0,0,0,0,2
3464,26761549267,0,0,2,2,2,2,2,2,2,2,2,2,2,2
3465,40482259211,4,0,2,2,2,2,2,2,2,2,2,2,2,2
3466,26791425619,6,1,2,2,2,2,2,2,2,2,2,2,2,0
3467,44078644235,2,0,2,2,2,2,2,2,2,2,2,2,2,0
3468,50894090376,6,0,0,1,0,0,0,0,0,0,0,0,0,0
3469,50435826638,4,0,2,2,2,2,2,2,2,2,2,2,2,1
3470,50308346581,1,0,0,1,0,0,0,0,0,0,0,0,0,0
3471,50232201771,4,0,0,0,0,0,1,0,0,0,0,0,0,1
3472,49078543562,0,0,2,2,2,2,2,2,2,2,2,2,2,0
3473,48903929236,2,0,0,0,0,0,0,0,1,0,0,0,0,1
3474,48519478517,0,0,2,2,2,2,2,2,2,2,2,2,2,2
3475,48728820683,1,0,0,0,1,0,0,0,0,0,0,0,0,1
3476,32662868687,0,0,2,2,2,2,2,2,2,2,2,2,2,0
3477,50630387796,5,0,0,0,0,0,0,0,0,1,0,0,0,0
3478,50630388056,5,0,2,2,2,2,2,2,2,2,2,2,2,0
3479,50585082532,2,0,0,0,0,0,0,0,1,0,0,0,0,2
3480,50433829828,5,1,0,1,0,0,0,0,0,0,0,0,0,2
3481,50434691422,4,0,2,2,2,2,2,2,2,2,2,2,2,1
3482,50434523106,4,1,0,0,0,0,0,0,0,0,0,0,1,1
3483,50433829163,4,0,0,0,0,0,0,1,0,0,0,0,0,2
3484,50433827978,4,1,0,0,0,0,0,0,0,0,0,1,0,1
3485,49991213948,6,0,0,0,0,0,1,0,0,0,0,0,0,0
3486,49665536871,0,0,0,0,0,0,0,1,0,0,0,0,0,0
3487,49535807283,2,0,0,0,0,0,0,0,0,0,0,1,0,1
3488,49471139551,2,0,0,0,0,1,0,0,0,0,0,0,0,2
3489,49375703638,1,0,0,0,0,0,1,0,0,0,0,0,0,0
3490,49175566166,4,0,0,0,1,0,0,0,0,0,0,0,0,1
3491,49030701508,1,0,0,0,0,0,0,0,0,0,0,0,1,1
3492,48639757717,5,0,0,0,0,1,0,0,0,0,0,0,0,2
3493,47684561482,5,0,0,0,0,0,0,0,0,1,0,0,0,1
3494,48034839843,1,0,0,0,1,0,0,0,0,0,0,0,0,2
3495,33870179358,3,0,0,0,0,0,0,1,0,0,0,0,0,0
3496,32580469707,5,0,2,2,2,2,2,2,2,2,2,2,2,1
3497,33662965808,1,0,2,2,2,2,2,2,2,2,2,2,2,2
3498,32526428727,5,0,2,2,2,2,2,2,2,2,2,2,2,0
3499,47415344642,5,0,2,2,2,2,2,2,2,2,2,2,2,2
3500,32465724207,4,0,0,0,0,0,0,0,0,0,0,0,1,1
3501,47373394961,5,0,0,0,0,0,0,0,0,0,0,1,0,2
3502,33012744438,2,0,2,2,2,2,2,2,2,2,2,2,2,1
3503,45714517404,6,0,2,2,2,2,2,2,2,2,2,2,2,1
3504,44663008251,4,0,2,2,2,2,2,2,2,2,2,2,2,1
3505,29172165747,4,0,0,1,0,0,0,0,0,0,0,0,0,1
3506,44042091682,2,0,0,0,0,0,0,0,0,0,0,1,0,2
3507,29113162577,4,0,0,0,0,0,0,1,0,0,0,0,0,1
3508,49991738851,6,0,2,2,2,2,2,2,2,2,2,2,2,0
3509,25533415667,2,0,0,1,0,0,0,0,0,0,0,0,0,0
3510,35433803390,5,0,2,2,2,2,2,2,2,2,2,2,2,0
3511,44513756764,4,1,0,0,0,0,0,0,0,0,1,0,0,0
3512,50090345156,3,1,0,0,0,0,0,0,0,0,0,0,1,0
3513,50259568448,0,0,0,0,0,0,0,0,1,0,0,0,0,2
3514,18195419381,0,1,2,2,2,2,2,2,2,2,2,2,2,0
3515,16427834788,0,1,0,0,0,0,0,0,0,1,0,0,0,1
3516,39751661192,4,1,0,0,0,0,0,0,0,0,0,0,1,1
3517,49679555358,2,1,0,1,0,0,0,0,0,0,0,0,0,0
3518,48933348333,5,0,0,0,0,0,0,0,0,0,0,0,1,0
3519,26791513144,6,1,0,0,0,0,0,1,0,0,0,0,0,1
3520,51006859101,3,0,0,1,0,0,0,0,0,0,0,0,0,0
3521,50645266433,1,0,0,1,0,0,0,0,0,0,0,0,0,1
3522,50279592517,3,0,0,0,0,0,0,0,0,0,0,1,0,0
3523,50452585691,1,0,0,0,0,1,0,0,0,0,0,0,0,2
3524,50315713752,4,0,2,2,2,2,2,2,2,2,2,2,2,1
3525,49772136423,6,0,2,2,2,2,2,2,2,2,2,2,2,1
3526,49767556716,6,0,0,1,0,0,0,0,0,0,0,0,0,2
3527,49744148168,2,1,2,2,2,2,2,2,2,2,2,2,2,2
3528,49513087176,2,0,2,2,2,2,2,2,2,2,2,2,2,1
3529,49378805612,3,0,2,2,2,2,2,2,2,2,2,2,2,0
3530,49874527488,0,0,0,0,0,1,0,0,0,0,0,0,0,2
3531,49819737703,3,0,0,0,1,0,0,0,0,0,0,0,0,1
3532,49671036238,0,0,0,0,0,0,0,1,0,0,0,0,0,0
3533,49479921208,2,0,0,1,0,0,0,0,0,0,0,0,0,0
3534,48807847168,5,0,0,0,0,0,0,1,0,0,0,0,0,0
3535,48756814918,2,1,0,1,0,0,0,0,0,0,0,0,0,0
3536,49707211441,2,0,0,0,0,0,1,0,0,0,0,0,0,2
3537,49702120456,5,0,0,0,0,0,0,0,0,0,1,0,0,0
3538,49130609387,3,0,0,0,0,1,0,0,0,0,0,0,0,0
3539,48624775907,5,0,2,2,2,2,2,2,2,2,2,2,2,1
3540,48610081268,5,0,2,2,2,2,2,2,2,2,2,2,2,1
3541,49078245287,0,0,0,0,0,0,0,1,0,0,0,0,0,0
3542,48667217011,4,0,0,0,0,0,0,0,1,0,0,0,0,2
3543,47902542831,5,0,0,0,0,0,0,0,0,0,1,0,0,0
3544,33544565528,1,0,0,0,0,0,0,0,0,0,1,0,0,0
3545,47128914062,2,0,0,0,0,0,0,0,0,0,0,0,1,0
3546,32384598698,4,0,0,0,0,0,0,0,0,0,0,0,1,0
3547,44758112185,6,0,0,1,0,0,0,0,0,0,0,0,0,1
3548,44579676870,4,0,0,0,0,0,0,1,0,0,0,0,0,1
3549,44753323004,6,0,0,0,0,0,0,0,1,0,0,0,0,0
3550,44332624722,3,1,0,1,0,0,0,0,0,0,0,0,0,1
3551,41391395054,3,0,2,2,2,2,2,2,2,2,2,2,2,0
3552,40929118045,0,0,2,2,2,2,2,2,2,2,2,2,2,0
3553,29248486097,4,0,0,1,0,0,0,0,0,0,0,0,0,0
3554,43413895984,0,1,0,0,0,0,0,0,0,0,0,0,1,1
3555,42918136185,4,0,2,2,2,2,2,2,2,2,2,2,2,0
3556,41827525581,4,0,0,0,0,0,0,0,0,0,0,1,0,0
3557,26791267158,5,0,2,2,2,2,2,2,2,2,2,2,2,0
3558,39145147941,1,0,0,0,1,0,0,0,0,0,0,0,0,0
3559,26244276179,4,0,2,2,2,2,2,2,2,2,2,2,2,0
3560,38786171585,2,0,0,0,0,0,1,0,0,0,0,0,0,0
3561,36223412802,4,0,0,0,1,0,0,0,0,0,0,0,0,0
3562,35406669680,5,0,0,0,0,0,0,0,1,0,0,0,0,0
3563,34240286444,0,0,2,2,2,2,2,2,2,2,2,2,2,2
3564,34809334181,2,0,0,0,0,0,0,0,0,0,0,1,0,0
3565,34359133522,5,0,2,2,2,2,2,2,2,2,2,2,2,1
3566,35740057383,4,0,0,0,0,1,0,0,0,0,0,0,0,2
3567,35043365276,2,0,2,2,2,2,2,2,2,2,2,2,2,2
3568,33458434403,1,0,0,0,0,0,0,0,0,1,0,0,0,0
3569,51122947921,1,0,2,2,2,2,2,2,2,2,2,2,2,1
3570,51189692298,1,0,2,2,2,2,2,2,2,2,2,2,2,0
3571,50851406986,4,0,0,0,0,1,0,0,0,0,0,0,0,1
3572,51140725726,5,0,2,2,2,2,2,2,2,2,2,2,2,1
3573,51195929193,3,0,0,0,0,0,0,0,0,0,0,1,0,1
3574,51190287267,3,0,0,1,0,0,0,0,0,0,0,0,0,0
3575,50129210792,3,0,0,0,0,0,0,0,0,0,1,0,0,1
3576,49996318983,6,0,0,0,0,0,0,0,0,0,1,0,0,2
3577,49086752987,0,0,2,2,2,2,2,2,2,2,2,2,2,2
3578,47982934831,3,0,0,0,0,0,0,0,0,0,0,0,1,0
3579,49576292932,2,0,2,2,2,2,2,2,2,2,2,2,2,1
3580,48481392671,4,0,0,1,0,0,0,0,0,0,0,0,0,2
3581,46321228055,3,0,2,2,2,2,2,2,2,2,2,2,2,1
3582,25746265538,3,0,2,2,2,2,2,2,2,2,2,2,2,2
3583,35216941486,5,1,0,0,0,0,0,1,0,0,0,0,0,2
3584,35084299362,2,1,0,0,0,0,0,0,0,0,0,1,0,1
3585,40675572135,0,0,0,0,0,0,0,1,0,0,0,0,0,2
3586,34935001864,3,0,2,2,2,2,2,2,2,2,2,2,2,0
3587,35211056020,5,0,2,2,2,2,2,2,2,2,2,2,2,2
3588,30907373513,2,0,0,1,0,0,0,0,0,0,0,0,0,1
3589,31206317420,5,0,2,2,2,2,2,2,2,2,2,2,2,0
3590,30186167274,3,0,2,2,2,2,2,2,2,2,2,2,2,1
3591,21071597459,5,0,0,0,0,0,0,1,0,0,0,0,0,1
3592,22576383994,3,0,0,0,0,0,0,0,1,0,0,0,0,2
3593,21617843154,0,0,0,1,0,0,0,0,0,0,0,0,0,0
3594,20494156259,0,0,2,2,2,2,2,2,2,2,2,2,2,0
3595,20052428090,0,0,0,0,0,0,0,1,0,0,0,0,0,1
3596,18871513894,0,1,0,0,1,0,0,0,0,0,0,0,0,0
3597,19052884182,1,0,0,0,0,0,0,0,1,0,0,0,0,0
3598,16487059683,0,0,2,2,2,2,2,2,2,2,2,2,2,0
3599,14920816454,1,0,0,0,0,0,0,0,1,0,0,0,0,1
3600,13261104783,0,0,0,0,0,0,0,0,1,0,0,0,0,0
3601,16162178126,0,0,0,0,0,0,0,0,1,0,0,0,0,0
3602,15427084407,1,0,2,2,2,2,2,2,2,2,2,2,2,1
3603,13723921445,0,1,0,0,0,0,0,0,0,0,0,0,1,0
3604,13439176005,0,0,0,0,0,0,0,1,0,0,0,0,0,2
3605,13379064493,0,0,0,0,0,1,0,0,0,0,0,0,0,0
3606,8703443519,6,1,0,0,0,1,0,0,0,0,0,0,0,0
3607,8677555327,5,0,2,2,2,2,2,2,2,2,2,2,2,2
3608,9717285295,6,0,0,0,0,0,0,1,0,0,0,0,0,0
3609,9437837201,6,0,0,1,0,0,0,0,0,0,0,0,0,1
3610,9368748113,6,0,0,0,0,0,0,0,0,0,1,0,0,0
3611,9361359583,6,0,0,0,0,1,0,0,0,0,0,0,0,1
3612,9239852649,6,0,0,0,0,0,0,0,0,0,0,1,0,0
3613,9113507114,6,0,0,0,0,0,0,0,0,0,0,1,0,0
3614,9014156246,6,0,0,0,1,0,0,0,0,0,0,0,0,2
3615,8774357635,6,0,0,0,0,1,0,0,0,0,0,0,0,0
3616,8730308963,6,0,2,2,2,2,2,2,2,2,2,2,2,0
3617,8677711228,5,0,0,0,0,0,0,0,0,0,0,0,1,2
3618,8677707632,5,0,0,0,0,0,0,0,0,1,0,0,0,2
3619,8657456300,5,0,2,2,2,2,2,2,2,2,2,2,2,2
3620,8646238466,5,0,0,0,1,0,0,0,0,0,0,0,0,1
3621,8645132223,5,0,0,0,0,0,0,1,0,0,0,0,0,1
3622,8622733200,5,0,0,0,0,1,0,0,0,0,0,0,0,2
3623,9468579831,6,0,0,0,0,0,0,0,0,0,0,0,1,0
3624,8662622008,5,0,0,0,0,0,0,0,0,1,0,0,0,1
3625,8736402937,6,0,0,0,0,0,0,0,0,0,0,0,1,1
3626,8677718104,5,0,2,2,2,2,2,2,2,2,2,2,2,1
3627,8656347643,5,0,0,0,0,0,0,1,0,0,0,0,0,1
3628,8310671403,6,0,2,2,2,2,2,2,2,2,2,2,2,0
3629,7704037164,1,0,2,2,2,2,2,2,2,2,2,2,2,0
3630,8435041308,6,0,0,0,0,0,0,0,0,0,0,0,1,2
3631,8368730265,6,0,2,2,2,2,2,2,2,2,2,2,2,2
3632,7995172747,1,0,2,2,2,2,2,2,2,2,2,2,2,1
3633,7951843070,1,0,0,0,0,1,0,0,0,0,0,0,0,0
3634,7868015814,1,1,2,2,2,2,2,2,2,2,2,2,2,2
3635,7793324438,1,1,2,2,2,2,2,2,2,2,2,2,2,1
3636,7695587222,1,0,2,2,2,2,2,2,2,2,2,2,2,0
3637,7673130646,6,0,0,0,0,0,0,1,0,0,0,0,0,0
3638,7577703972,3,0,0,0,0,0,0,0,0,0,1,0,0,0
3639,7530630672,3,0,2,2,2,2,2,2,2,2,2,2,2,2
3640,7476965392,3,0,0,0,0,0,0,0,0,1,0,0,0,0
3641,7403539096,6,0,0,1,0,0,0,0,0,0,0,0,0,1
3642,7223228010,6,0,0,0,1,0,0,0,0,0,0,0,0,0
3643,7828518224,1,0,0,0,0,0,0,0,0,0,0,1,0,2
3644,7157344726,6,0,0,1,0,0,0,0,0,0,0,0,0,0
3645,6966428218,6,0,0,0,0,0,0,0,0,0,0,0,1,0
3646,6962998516,6,0,2,2,2,2,2,2,2,2,2,2,2,2
3647,6787952552,3,0,2,2,2,2,2,2,2,2,2,2,2,2
3648,6840584661,4,1,2,2,2,2,2,2,2,2,2,2,2,1
3649,6771913609,3,1,2,2,2,2,2,2,2,2,2,2,2,1
3650,6603209631,3,0,2,2,2,2,2,2,2,2,2,2,2,1
3651,5973415023,3,0,0,0,0,0,0,0,0,0,0,1,0,0
3652,5858075236,6,0,0,0,0,0,0,0,0,0,1,0,0,2
3653,6613396215,3,0,0,0,0,0,0,0,0,0,0,0,1,1
3654,6493332527,6,0,0,0,0,0,0,0,1,0,0,0,0,0
3655,6486716315,6,0,0,0,0,0,0,0,1,0,0,0,0,0
3656,6442540519,6,0,0,0,1,0,0,0,0,0,0,0,0,0
3657,6438540339,6,0,2,2,2,2,2,2,2,2,2,2,2,0
3658,6346623781,6,0,0,0,0,0,1,0,0,0,0,0,0,0
3659,6347209852,6,0,0,0,0,0,0,0,0,0,0,1,0,0
3660,6285926806,3,1,0,0,0,0,0,0,0,0,1,0,0,0
3661,6240630173,3,0,0,0,0,0,0,0,1,0,0,0,0,2
3662,6187297206,3,0,0,0,0,0,0,0,0,0,1,0,0,0
3663,6097101769,3,0,0,0,0,0,0,0,0,0,0,1,0,2
3664,6065100222,3,0,0,0,0,1,0,0,0,0,0,0,0,0
3665,6033717823,3,0,0,0,0,0,0,0,1,0,0,0,0,2
3666,5810281679,6,0,0,0,0,0,0,1,0,0,0,0,0,0
3667,50807822631,3,0,2,2,2,2,2,2,2,2,2,2,2,0
3668,50625081491,3,0,2,2,2,2,2,2,2,2,2,2,2,1
3669,50318722433,4,0,2,2,2,2,2,2,2,2,2,2,2,1
3670,50218856401,2,0,0,0,0,0,0,0,0,0,0,0,1,0
3671,50706862616,4,0,2,2,2,2,2,2,2,2,2,2,2,0
3672,50323220011,4,0,0,0,0,0,0,0,0,0,0,0,1,2
3673,49737926743,2,0,0,1,0,0,0,0,0,0,0,0,0,2
3674,49727684796,2,0,0,0,0,0,0,0,0,0,1,0,0,1
3675,49644314787,0,0,0,0,0,1,0,0,0,0,0,0,0,0
3676,48642632273,2,0,0,0,1,0,0,0,0,0,0,0,0,0
3677,49847607083,2,0,0,0,0,0,0,0,0,0,0,1,0,0
3678,49598278136,5,0,0,0,0,0,0,0,1,0,0,0,0,0
3679,49384107848,3,0,0,1,0,0,0,0,0,0,0,0,0,2
3680,49293443322,3,0,2,2,2,2,2,2,2,2,2,2,2,0
3681,48851876636,4,0,2,2,2,2,2,2,2,2,2,2,2,0
3682,48635684906,5,0,2,2,2,2,2,2,2,2,2,2,2,2
3683,48628819527,5,0,0,0,0,1,0,0,0,0,0,0,0,0
3684,48181356581,0,0,2,2,2,2,2,2,2,2,2,2,2,0
3685,48140598363,0,0,0,0,0,0,0,0,0,0,0,0,1,1
3686,46822436755,5,0,0,0,0,0,0,0,0,0,0,0,1,1
3687,32684499227,0,0,2,2,2,2,2,2,2,2,2,2,2,2
3688,40595605943,0,0,2,2,2,2,2,2,2,2,2,2,2,2
3689,47152979082,2,0,0,0,0,1,0,0,0,0,0,0,0,1
3690,45999024435,0,0,0,1,0,0,0,0,0,0,0,0,0,2
3691,48283849317,2,0,0,0,0,0,0,0,0,0,0,0,1,1
3692,48172317857,0,0,2,2,2,2,2,2,2,2,2,2,2,0
3693,48162725981,0,0,0,0,0,0,1,0,0,0,0,0,0,0
3694,48027151911,1,0,2,2,2,2,2,2,2,2,2,2,2,0
3695,47981588441,3,0,2,2,2,2,2,2,2,2,2,2,2,0
3696,47939783952,0,0,0,0,0,0,1,0,0,0,0,0,0,1
3697,47808099392,5,0,0,1,0,0,0,0,0,0,0,0,0,2
3698,32673708647,0,0,0,0,0,0,0,0,0,0,0,1,0,0
3699,46544873742,6,0,0,0,1,0,0,0,0,0,0,0,0,0
3700,45442113235,2,0,0,0,0,1,0,0,0,0,0,0,0,0
3701,47438037281,5,0,0,0,0,0,0,0,0,0,1,0,0,0
3702,45156633505,3,0,0,0,0,0,0,0,0,1,0,0,0,0
3703,43391129560,0,0,0,0,0,0,0,0,0,1,0,0,0,0
3704,46620537064,4,0,0,0,0,0,0,0,0,1,0,0,0,1
3705,33158456638,5,0,0,0,0,0,0,1,0,0,0,0,0,1
3706,45556522825,2,0,0,0,0,0,0,0,0,1,0,0,0,1
3707,31426834897,2,0,0,0,0,0,1,0,0,0,0,0,0,0
3708,30262518428,5,0,0,0,0,1,0,0,0,0,0,0,0,1
3709,41853306485,4,0,0,0,1,0,0,0,0,0,0,0,0,1
3710,28167607177,6,0,2,2,2,2,2,2,2,2,2,2,2,1
3711,26881809127,6,0,0,0,1,0,0,0,0,0,0,0,0,0
3712,40847567581,0,0,2,2,2,2,2,2,2,2,2,2,2,2
3713,39063911494,2,0,0,0,0,0,0,1,0,0,0,0,0,0
3714,37120158504,0,0,2,2,2,2,2,2,2,2,2,2,2,2
3715,24893792178,0,0,2,2,2,2,2,2,2,2,2,2,2,1
3716,38667819912,1,0,0,0,0,0,0,0,0,0,0,0,1,2
3717,24002323058,5,0,0,0,0,0,0,1,0,0,0,0,0,0
3718,37088901803,5,0,2,2,2,2,2,2,2,2,2,2,2,1
3719,51179698104,6,0,2,2,2,2,2,2,2,2,2,2,2,0
3720,50534217756,1,0,2,2,2,2,2,2,2,2,2,2,2,0
3721,49931685196,3,0,0,0,0,0,0,0,0,0,1,0,0,0
3722,49994674763,6,0,2,2,2,2,2,2,2,2,2,2,2,0
3723,50444221647,1,0,2,2,2,2,2,2,2,2,2,2,2,1
3724,50349735993,4,0,0,0,0,0,0,0,1,0,0,0,0,0
3725,50781505013,4,0,0,0,0,0,0,0,0,0,1,0,0,0
3726,50584798422,2,0,2,2,2,2,2,2,2,2,2,2,2,0
3727,49971610523,2,0,0,0,0,0,0,0,0,0,0,1,0,0
3728,49674616366,0,0,2,2,2,2,2,2,2,2,2,2,2,0
3729,49723708856,2,0,2,2,2,2,2,2,2,2,2,2,2,0
3730,49694474043,5,0,0,0,0,0,0,0,0,1,0,0,0,0
3731,48921521792,4,0,0,0,0,0,0,0,1,0,0,0,0,1
3732,48742352326,1,0,0,0,0,1,0,0,0,0,0,0,0,0
3733,48161216752,0,0,0,0,0,0,0,1,0,0,0,0,0,0
3734,33473243798,1,1,0,0,0,0,0,0,0,0,1,0,0,0
3735,47054001942,2,0,2,2,2,2,2,2,2,2,2,2,2,0
3736,46399008684,3,0,0,1,0,0,0,0,0,0,0,0,0,2
3737,31720729768,1,0,0,0,0,0,0,0,0,0,0,1,0,1
3738,29965870047,0,0,2,2,2,2,2,2,2,2,2,2,2,2
3739,29072297387,4,1,0,0,0,1,0,0,0,0,0,0,0,0
3740,42018801490,5,0,0,0,1,0,0,0,0,0,0,0,0,0
3741,50876347008,1,0,0,0,0,0,0,1,0,0,0,0,0,1
3742,49674074383,0,0,0,0,0,0,0,1,0,0,0,0,0,0
3743,42603477574,3,0,2,2,2,2,2,2,2,2,2,2,2,0
3744,20768754894,1,0,0,0,0,0,1,0,0,0,0,0,0,0
3745,8688671915,5,0,2,2,2,2,2,2,2,2,2,2,2,0
3746,30307682146,5,1,2,2,2,2,2,2,2,2,2,2,2,0
3747,50501294791,5,1,0,1,0,0,0,0,0,0,0,0,0,0
3748,46421735674,3,0,2,2,2,2,2,2,2,2,2,2,2,2
3749,51152171035,4,0,2,2,2,2,2,2,2,2,2,2,2,1
3750,7735411958,1,1,2,2,2,2,2,2,2,2,2,2,2,0
3751,49840324008,2,0,2,2,2,2,2,2,2,2,2,2,2,2
3752,51175441603,5,1,0,0,0,1,0,0,0,0,0,0,0,2
3753,51157908532,5,1,2,2,2,2,2,2,2,2,2,2,2,1
3754,51117214113,1,1,0,0,0,0,0,0,0,1,0,0,0,1
3755,51112886067,6,1,0,0,1,0,0,0,0,0,0,0,0,1
3756,51094063929,5,1,2,2,2,2,2,2,2,2,2,2,2,1
3757,51056077047,4,1,0,0,0,0,0,0,0,0,1,0,0,0
3758,51055967011,4,0,0,0,0,0,1,0,0,0,0,0,0,2
3759,51025246938,4,1,2,2,2,2,2,2,2,2,2,2,2,0
3760,51017962887,4,0,0,0,0,0,0,0,1,0,0,0,0,1
3761,50999124383,1,1,0,0,1,0,0,0,0,0,0,0,0,2
3762,50946646662,6,1,0,0,1,0,0,0,0,0,0,0,0,0
3763,50815534631,2,1,2,2,2,2,2,2,2,2,2,2,2,0
3764,50754846336,4,1,0,1,0,0,0,0,0,0,0,0,0,2
3765,50700721672,4,1,0,0,0,0,1,0,0,0,0,0,0,2
3766,50697883073,4,1,0,0,0,0,0,0,0,0,0,1,0,1
3767,50566306887,6,1,0,0,0,0,1,0,0,0,0,0,0,0
3768,50550955997,6,0,0,0,0,0,0,1,0,0,0,0,0,1
3769,50332155812,4,1,0,1,0,0,0,0,0,0,0,0,0,0
3770,50248368442,3,1,0,0,0,0,0,1,0,0,0,0,0,0
3771,50200297068,1,1,0,0,0,1,0,0,0,0,0,0,0,0
3772,49968922202,1,1,0,0,0,0,0,0,0,1,0,0,0,0
3773,49913956073,4,0,2,2,2,2,2,2,2,2,2,2,2,1
3774,49906660008,4,1,2,2,2,2,2,2,2,2,2,2,2,2
3775,49650552702,0,1,0,0,0,0,0,1,0,0,0,0,0,2
3776,43099061250,5,0,0,0,0,0,0,0,0,0,1,0,0,1
3777,49702752846,5,1,0,0,0,0,0,0,0,0,0,1,0,1
3778,49513017268,2,1,0,0,0,0,0,0,0,0,1,0,0,0
3779,49422042626,3,1,2,2,2,2,2,2,2,2,2,2,2,1
3780,49538092308,2,1,0,0,0,0,1,0,0,0,0,0,0,0
3781,49532741481,2,1,2,2,2,2,2,2,2,2,2,2,2,2
3782,49478929918,2,1,2,2,2,2,2,2,2,2,2,2,2,1
3783,49215368932,2,0,0,0,0,0,0,0,0,0,1,0,0,2
3784,49406779851,3,1,0,1,0,0,0,0,0,0,0,0,0,1
3785,49394597147,3,1,0,0,0,0,0,0,0,0,0,1,0,0
3786,48853099782,4,1,0,0,0,0,0,0,0,0,0,0,1,2
3787,48823775668,5,1,0,0,0,0,0,0,1,0,0,0,0,2
3788,47963358416,0,1,0,0,0,0,1,0,0,0,0,0,0,0
3789,46983648094,2,1,0,0,0,0,0,0,1,0,0,0,0,2
3790,40644833663,0,0,0,1,0,0,0,0,0,0,0,0,0,0
3791,47472235272,5,1,0,0,0,0,0,0,0,0,0,1,0,0
3792,47209103182,2,1,0,0,0,0,0,1,0,0,0,0,0,2
3793,46537410374,6,1,2,2,2,2,2,2,2,2,2,2,2,1
3794,33275460818,6,1,2,2,2,2,2,2,2,2,2,2,2,1
3795,43312828390,5,1,0,1,0,0,0,0,0,0,0,0,0,2
3796,36295617842,4,0,0,0,0,0,0,0,1,0,0,0,0,1
3797,29407536148,4,1,2,2,2,2,2,2,2,2,2,2,2,2
3798,42464993191,0,1,2,2,2,2,2,2,2,2,2,2,2,0
3799,51046016826,4,1,0,0,0,1,0,0,0,0,0,0,0,2
3800,50619017222,4,1,2,2,2,2,2,2,2,2,2,2,2,0
3801,50614639773,2,0,2,2,2,2,2,2,2,2,2,2,2,1
3802,51081906021,5,1,0,0,0,0,0,1,0,0,0,0,0,0
3803,51113013548,6,1,2,2,2,2,2,2,2,2,2,2,2,0
3804,50782157356,4,1,2,2,2,2,2,2,2,2,2,2,2,2
3805,50643762218,1,1,0,0,0,0,0,1,0,0,0,0,0,2
3806,50618936038,3,1,2,2,2,2,2,2,2,2,2,2,2,1
3807,50258969288,0,1,0,0,0,0,1,0,0,0,0,0,0,2
3808,50259625916,0,1,0,0,0,0,1,0,0,0,0,0,0,2
3809,50209044043,2,1,2,2,2,2,2,2,2,2,2,2,2,0
3810,50095370857,3,1,0,0,0,1,0,0,0,0,0,0,0,0
3811,49899601743,6,1,0,1,0,0,0,0,0,0,0,0,0,1
3812,49826934578,6,1,0,0,1,0,0,0,0,0,0,0,0,2
3813,49618693487,0,1,0,0,0,1,0,0,0,0,0,0,0,2
3814,49535506468,2,1,0,0,0,0,0,0,0,1,0,0,0,2
3815,49500205351,2,1,2,2,2,2,2,2,2,2,2,2,2,2
3816,49499704478,2,1,0,0,1,0,0,0,0,0,0,0,0,2
3817,49471598461,2,1,0,0,0,0,0,0,0,0,0,0,1,0
3818,49355407777,6,1,2,2,2,2,2,2,2,2,2,2,2,2
3819,49348746668,5,1,0,0,0,0,0,0,0,1,0,0,0,0
3820,49256950821,6,1,0,0,0,0,0,0,0,1,0,0,0,1
3821,49048497997,0,1,2,2,2,2,2,2,2,2,2,2,2,2
3822,48664323207,4,1,2,2,2,2,2,2,2,2,2,2,2,2
3823,51111208371,6,1,0,0,1,0,0,0,0,0,0,0,0,0
3824,50466736687,2,1,2,2,2,2,2,2,2,2,2,2,2,2
3825,51179668501,6,1,2,2,2,2,2,2,2,2,2,2,2,2
3826,50265811543,3,1,2,2,2,2,2,2,2,2,2,2,2,0
3827,51102708376,6,1,2,2,2,2,2,2,2,2,2,2,2,2
3828,48875921716,1,0,0,0,0,0,0,1,0,0,0,0,0,0
3829,26797966708,6,0,0,0,1,0,0,0,0,0,0,0,0,1
3830,28393395909,0,0,2,2,2,2,2,2,2,2,2,2,2,2
3831,30407599231,2,0,0,0,0,0,0,1,0,0,0,0,0,1
3832,28968230071,4,1,0,1,0,0,0,0,0,0,0,0,0,2
3833,26149054310,3,1,0,0,0,0,0,1,0,0,0,0,0,0
3834,31239347765,5,0,0,1,0,0,0,0,0,0,0,0,0,0
3835,26455450492,6,0,2,2,2,2,2,2,2,2,2,2,2,2
3836,26481955111,6,0,0,0,0,0,0,0,0,0,0,0,1,0
3837,17177401865,1,0,0,0,0,0,0,0,0,0,0,1,0,1
3838,21272674995,5,0,2,2,2,2,2,2,2,2,2,2,2,0
3839,9615883605,6,0,2,2,2,2,2,2,2,2,2,2,2,0
3840,10418882135,5,0,0,0,0,1,0,0,0,0,0,0,0,0
3841,51189168491,1,1,0,0,0,0,0,1,0,0,0,0,0,0
3842,49796363841,3,0,2,2,2,2,2,2,2,2,2,2,2,2
3843,49561037281,5,1,0,0,0,0,0,0,0,1,0,0,0,1
3844,49169033311,4,1,0,0,0,0,0,0,0,0,0,0,1,1
3845,49149340416,3,0,0,0,0,1,0,0,0,0,0,0,0,0
3846,49026445346,4,0,0,0,0,0,0,0,0,0,0,0,1,2
3847,48832915436,1,0,0,0,0,0,0,1,0,0,0,0,0,2
3848,48709362078,1,1,2,2,2,2,2,2,2,2,2,2,2,1
3849,48440731656,4,0,0,0,0,0,0,0,0,0,0,1,0,0
3850,47927768752,0,1,2,2,2,2,2,2,2,2,2,2,2,1
3851,47808682292,5,0,0,0,0,0,0,0,0,0,0,1,0,0
3852,45862505704,6,0,0,0,0,1,0,0,0,0,0,0,0,2
3853,30950164137,2,0,0,0,0,0,0,0,0,0,1,0,0,1
3854,30912849978,2,0,0,0,0,0,1,0,0,0,0,0,0,2
3855,42483056895,0,0,0,0,0,0,0,1,0,0,0,0,0,1
3856,51190664449,3,0,0,0,0,0,0,0,0,1,0,0,0,1
3857,51192551540,3,0,0,0,0,0,0,0,0,1,0,0,0,2
3858,51191296782,3,0,0,0,0,0,0,0,0,0,0,1,0,2
3859,51211495998,3,0,0,0,0,0,0,0,0,1,0,0,0,0
3860,50986949433,1,0,2,2,2,2,2,2,2,2,2,2,2,1
3861,50581509387,2,0,0,1,0,0,0,0,0,0,0,0,0,1
3862,50025135401,4,0,0,0,0,0,0,0,0,0,1,0,0,0
3863,50025318547,4,0,0,0,0,0,0,0,0,0,1,0,0,1
3864,49883079248,5,0,0,0,0,0,0,0,0,1,0,0,0,0
3865,50024591118,4,0,0,0,0,0,0,0,0,0,1,0,0,0
3866,50025132676,4,1,0,0,0,0,0,0,1,0,0,0,0,1
3867,49964496143,1,0,0,0,0,0,1,0,0,0,0,0,0,0
3868,49658858297,0,0,0,1,0,0,0,0,0,0,0,0,0,0
3869,49658857832,0,1,0,0,0,1,0,0,0,0,0,0,0,0
3870,49636828448,0,0,0,1,0,0,0,0,0,0,0,0,0,1
3871,49488931736,2,0,2,2,2,2,2,2,2,2,2,2,2,0
3872,49487991743,0,0,0,0,0,0,0,0,1,0,0,0,0,0
3873,49488683177,2,0,0,0,0,0,0,0,1,0,0,0,0,2
3874,49487978233,0,0,0,0,0,1,0,0,0,0,0,0,0,2
3875,49456073898,4,0,2,2,2,2,2,2,2,2,2,2,2,2
3876,49574962316,2,0,0,0,0,0,0,0,0,1,0,0,0,2
3877,49487992533,0,0,0,0,0,0,0,1,0,0,0,0,0,1
3878,49487990458,0,0,0,0,0,0,0,0,0,0,0,1,0,2
3879,49488481996,0,0,0,0,1,0,0,0,0,0,0,0,0,1
3880,49488475086,0,0,2,2,2,2,2,2,2,2,2,2,2,1
3881,49488405291,0,0,2,2,2,2,2,2,2,2,2,2,2,2
3882,49488398956,0,1,0,0,0,0,1,0,0,0,0,0,0,0
3883,49488396556,0,0,0,0,0,0,0,0,1,0,0,0,0,0
3884,49487899408,3,0,0,0,0,1,0,0,0,0,0,0,0,1
3885,49487898488,2,0,2,2,2,2,2,2,2,2,2,2,2,1
3886,49488352056,0,0,0,0,0,0,0,0,0,1,0,0,0,1
3887,49487852358,2,0,0,0,0,0,0,0,0,1,0,0,0,2
3888,49488220171,0,0,2,2,2,2,2,2,2,2,2,2,2,2
3889,49488308886,0,0,2,2,2,2,2,2,2,2,2,2,2,1
3890,49456505486,4,1,0,0,0,0,1,0,0,0,0,0,0,0
3891,49420625541,3,0,0,0,0,0,1,0,0,0,0,0,0,1
3892,49407916946,3,1,0,0,0,0,0,0,0,0,1,0,0,2
3893,49346889813,3,0,0,0,0,1,0,0,0,0,0,0,0,0
3894,49217438012,2,0,2,2,2,2,2,2,2,2,2,2,2,0
3895,49217182651,2,0,0,0,0,0,0,0,0,1,0,0,0,2
3896,49487765318,2,0,2,2,2,2,2,2,2,2,2,2,2,2
3897,49064582836,0,0,0,0,0,0,0,0,0,0,1,0,0,0
3898,48946307092,5,0,0,0,0,0,0,1,0,0,0,0,0,0
3899,48845812376,1,0,0,0,0,0,1,0,0,0,0,0,0,2
3900,49053934191,0,0,0,0,1,0,0,0,0,0,0,0,0,0
3901,48995934936,6,0,2,2,2,2,2,2,2,2,2,2,2,2
3902,48995386783,6,0,0,0,0,0,0,1,0,0,0,0,0,0
3903,48996129982,6,1,0,0,0,0,0,1,0,0,0,0,0,1
3904,48995295863,6,0,0,0,0,0,0,0,0,0,0,1,0,2
3905,48995975692,6,0,0,0,0,0,0,0,1,0,0,0,0,2
3906,48995230273,6,0,2,2,2,2,2,2,2,2,2,2,2,2
3907,48995636991,6,0,0,0,1,0,0,0,0,0,0,0,0,0
3908,33940339288,3,0,0,0,1,0,0,0,0,0,0,0,0,0
3909,15454281753,2,0,0,0,0,1,0,0,0,0,0,0,0,2
3910,15668167587,3,0,0,0,0,0,0,1,0,0,0,0,0,1
3911,16397235982,0,0,0,0,0,0,0,0,1,0,0,0,0,1
3912,47183087851,2,0,0,0,0,0,0,1,0,0,0,0,0,1
3913,47038019252,2,0,0,0,0,0,0,0,0,0,0,1,0,0
3914,32111965197,3,0,2,2,2,2,2,2,2,2,2,2,2,0
3915,46919538425,4,0,0,0,0,0,0,0,0,1,0,0,0,0
3916,33347886868,6,1,2,2,2,2,2,2,2,2,2,2,2,0
3917,46459484354,6,1,0,1,0,0,0,0,0,0,0,0,0,0
3918,33307849798,6,0,2,2,2,2,2,2,2,2,2,2,2,2
3919,46459470644,6,0,2,2,2,2,2,2,2,2,2,2,2,2
3920,46459469184,6,0,2,2,2,2,2,2,2,2,2,2,2,0
3921,39754245303,4,1,0,0,0,0,1,0,0,0,0,0,0,2
3922,31987033278,3,0,0,0,1,0,0,0,0,0,0,0,0,0
3923,45568345721,2,0,0,1,0,0,0,0,0,0,0,0,0,2
3924,44638460985,4,0,0,0,0,0,0,1,0,0,0,0,0,2
3925,45267042411,3,0,0,0,0,0,0,0,1,0,0,0,0,1
3926,30891224448,2,0,0,0,0,0,0,0,0,0,1,0,0,1
3927,44468461471,3,1,2,2,2,2,2,2,2,2,2,2,2,2
3928,43507860455,0,0,0,0,1,0,0,0,0,0,0,0,0,0
3929,43413648504,0,0,2,2,2,2,2,2,2,2,2,2,2,2
3930,43559286695,5,0,2,2,2,2,2,2,2,2,2,2,2,2
3931,43344347694,2,0,0,0,0,0,0,0,1,0,0,0,0,2
3932,27813152747,5,0,0,0,0,0,0,1,0,0,0,0,0,1
3933,27433085927,5,0,0,0,0,0,1,0,0,0,0,0,0,0
3934,43210219864,5,0,0,0,0,0,0,0,0,0,0,1,0,1
3935,41897914872,5,0,0,0,0,0,1,0,0,0,0,0,0,2
3936,28070425978,6,0,2,2,2,2,2,2,2,2,2,2,2,0
3937,28067915738,6,0,2,2,2,2,2,2,2,2,2,2,2,1
3938,27068554547,6,0,2,2,2,2,2,2,2,2,2,2,2,2
3939,41038199365,0,0,0,0,0,0,0,0,1,0,0,0,0,0
3940,51214198733,3,1,0,0,0,0,0,0,0,0,0,0,1,0
3941,50604085071,2,0,0,0,0,0,0,1,0,0,0,0,0,2
3942,50568211546,1,0,0,0,0,0,0,1,0,0,0,0,0,1
3943,49966298496,1,1,0,0,0,0,1,0,0,0,0,0,0,2
3944,47966127257,0,0,0,0,1,0,0,0,0,0,0,0,0,2
3945,50402064911,0,0,0,0,0,0,0,0,0,0,0,1,0,1
3946,50302352837,1,0,0,0,0,0,0,0,0,1,0,0,0,1
3947,50724063768,5,0,0,0,0,0,0,0,0,0,0,0,1,0
3948,50599067543,2,0,0,0,1,0,0,0,0,0,0,0,0,2
3949,50061754806,0,0,2,2,2,2,2,2,2,2,2,2,2,1
3950,50061181518,0,0,2,2,2,2,2,2,2,2,2,2,2,0
3951,50061375397,0,0,0,0,0,0,0,0,1,0,0,0,0,0
3952,49912750238,4,0,2,2,2,2,2,2,2,2,2,2,2,0
3953,49858590967,0,0,0,0,1,0,0,0,0,0,0,0,0,0
3954,49641177562,0,0,0,0,0,0,0,0,0,0,1,0,0,2
3955,50315498342,4,0,0,1,0,0,0,0,0,0,0,0,0,1
3956,50134526073,3,0,2,2,2,2,2,2,2,2,2,2,2,0
3957,49956106187,1,0,0,0,0,0,0,0,0,0,0,1,0,1
3958,49855823348,0,0,0,0,0,1,0,0,0,0,0,0,0,0
3959,49855746278,0,1,0,0,0,0,0,0,0,0,0,0,1,2
3960,49856585187,0,1,0,0,0,0,0,1,0,0,0,0,0,1
3961,49768486623,6,0,2,2,2,2,2,2,2,2,2,2,2,0
3962,49768978956,6,0,0,0,0,0,0,0,0,0,0,1,0,2
3963,49642796471,0,0,0,0,0,1,0,0,0,0,0,0,0,0
3964,49630221976,0,0,0,0,0,0,0,0,1,0,0,0,0,0
3965,49628163732,1,0,0,0,0,1,0,0,0,0,0,0,0,0
3966,49596456293,3,0,0,0,1,0,0,0,0,0,0,0,0,1
3967,49310613782,3,0,0,0,0,0,0,0,0,0,0,1,0,0
3968,49444484891,1,0,0,0,1,0,0,0,0,0,0,0,0,2
3969,49342680762,0,0,0,0,0,0,0,0,0,0,0,0,1,1
3970,49266006063,6,0,2,2,2,2,2,2,2,2,2,2,2,2
3971,49266632827,1,0,0,0,0,0,0,0,0,0,1,0,0,1
3972,49250068912,6,0,2,2,2,2,2,2,2,2,2,2,2,2
3973,49245624721,6,0,0,0,0,0,0,0,0,0,0,0,1,2
3974,49231746096,1,0,2,2,2,2,2,2,2,2,2,2,2,2
3975,49096252306,3,0,0,0,0,1,0,0,0,0,0,0,0,1
3976,49205659036,4,0,2,2,2,2,2,2,2,2,2,2,2,0
3977,49035057606,0,0,0,1,0,0,0,0,0,0,0,0,0,0
3978,48942584661,5,0,0,0,0,0,0,0,0,0,0,0,1,0
3979,48871284367,4,0,0,1,0,0,0,0,0,0,0,0,0,1
3980,49013660352,4,0,0,0,0,0,0,0,0,0,1,0,0,0
3981,48920648776,3,0,0,0,0,0,0,0,0,1,0,0,0,0
3982,48850336787,4,0,0,1,0,0,0,0,0,0,0,0,0,2
3983,48602421011,5,0,0,0,0,0,1,0,0,0,0,0,0,1
3984,48546641736,0,0,2,2,2,2,2,2,2,2,2,2,2,1
3985,48594650482,2,0,0,0,1,0,0,0,0,0,0,0,0,1
3986,48466181307,4,0,2,2,2,2,2,2,2,2,2,2,2,2
3987,48408062166,4,0,0,0,0,0,0,0,0,1,0,0,0,0
3988,48407026396,4,0,2,2,2,2,2,2,2,2,2,2,2,2
3989,48401871007,3,0,0,0,0,0,0,1,0,0,0,0,0,0
3990,48372574456,3,0,0,0,0,0,0,0,0,1,0,0,0,2
3991,48204089001,1,1,0,0,0,1,0,0,0,0,0,0,0,1
3992,48121796782,4,0,0,0,0,0,0,1,0,0,0,0,0,2
3993,48310332192,2,0,0,0,0,0,0,1,0,0,0,0,0,0
3994,48261329292,2,1,2,2,2,2,2,2,2,2,2,2,2,1
3995,48183965131,0,0,0,0,0,0,0,0,0,0,0,1,0,1
3996,48140454022,0,0,0,0,0,0,0,0,0,0,0,1,0,0
3997,48100200153,3,0,2,2,2,2,2,2,2,2,2,2,2,2
3998,48079336992,3,0,0,0,0,0,1,0,0,0,0,0,0,1
3999,48057590601,2,0,0,0,0,1,0,0,0,0,0,0,0,1
4000,48057632368,2,0,2,2,2,2,2,2,2,2,2,2,2,0
4001,48057580041,2,0,0,0,0,0,0,0,1,0,0,0,0,2
4002,50814807072,3,0,0,0,0,0,0,0,0,0,0,1,0,0
4003,50929961953,2,0,2,2,2,2,2,2,2,2,2,2,2,2
4004,51020404503,4,0,0,0,0,0,1,0,0,0,0,0,0,0
4005,50621213668,5,0,0,0,0,0,0,0,0,0,1,0,0,2
4006,49002932111,3,0,2,2,2,2,2,2,2,2,2,2,2,0
4007,46726918914,5,1,0,0,0,0,0,0,0,1,0,0,0,2
4008,46500198804,6,0,0,0,0,0,0,0,0,0,0,0,1,2
4009,46500198254,6,0,0,0,0,1,0,0,0,0,0,0,0,0
4010,50772398267,4,0,2,2,2,2,2,2,2,2,2,2,2,1
4011,48854976528,4,0,2,2,2,2,2,2,2,2,2,2,2,2
4012,48138250961,0,0,0,0,0,0,1,0,0,0,0,0,0,2
4013,41069383782,1,0,2,2,2,2,2,2,2,2,2,2,2,0
4014,40258221944,3,0,2,2,2,2,2,2,2,2,2,2,2,0
4015,27903980475,5,0,0,0,0,0,0,0,1,0,0,0,0,0
4016,8119387893,2,1,0,0,1,0,0,0,0,0,0,0,0,0
4017,7861549218,1,0,0,0,0,0,1,0,0,0,0,0,0,2
4018,51144521837,5,1,0,0,0,0,0,0,0,1,0,0,0,1
4019,49799955351,3,0,2,2,2,2,2,2,2,2,2,2,2,1
4020,50211376178,2,1,0,0,1,0,0,0,0,0,0,0,0,1
4021,49369603808,6,1,0,0,0,0,0,0,1,0,0,0,0,1
4022,50440471463,4,0,0,1,0,0,0,0,0,0,0,0,0,1
4023,51185793776,1,1,2,2,2,2,2,2,2,2,2,2,2,0
4024,51148013583,2,1,0,0,0,0,0,0,0,1,0,0,0,2
4025,51142372730,5,1,0,0,0,0,0,0,0,1,0,0,0,0
4026,51141281261,5,1,0,0,0,0,0,0,0,0,1,0,0,0
4027,50082868006,1,0,0,0,0,0,1,0,0,0,0,0,0,1
4028,51191050825,3,0,0,0,0,0,0,0,0,0,0,1,0,1
4029,42538521862,3,0,0,0,0,0,0,0,0,0,0,0,1,1
4030,42328503382,5,1,0,0,0,0,0,0,0,0,1,0,0,0
4031,39863289074,4,0,2,2,2,2,2,2,2,2,2,2,2,1
4032,35815144762,0,0,2,2,2,2,2,2,2,2,2,2,2,1
4033,24977672538,4,0,0,0,0,0,0,0,0,0,0,0,1,1
4034,31263874914,0,0,2,2,2,2,2,2,2,2,2,2,2,1
4035,51047148341,1,1,2,2,2,2,2,2,2,2,2,2,2,0
4036,50180910383,2,1,0,0,0,0,1,0,0,0,0,0,0,1
4037,50149107496,5,1,0,0,0,0,0,0,0,1,0,0,0,1
4038,49692384517,5,1,0,0,0,0,0,0,0,0,0,0,1,0
4039,49692371277,5,0,0,0,0,0,0,0,1,0,0,0,0,1
4040,49688796026,5,1,0,0,0,0,0,0,0,0,0,1,0,1
4041,49677201102,2,1,0,0,1,0,0,0,0,0,0,0,0,2
4042,49675743626,2,1,0,0,0,0,0,0,0,0,0,1,0,2
4043,49674856063,2,1,2,2,2,2,2,2,2,2,2,2,2,0
4044,8711838105,6,0,2,2,2,2,2,2,2,2,2,2,2,2
4045,8965683402,6,0,0,0,0,0,0,0,1,0,0,0,0,0
4046,30922880937,2,0,2,2,2,2,2,2,2,2,2,2,2,2
4047,41318477134,1,0,0,0,0,1,0,0,0,0,0,0,0,1
4048,50990030146,1,0,0,0,0,0,0,0,0,1,0,0,0,0
4049,47951459463,0,0,0,1,0,0,0,0,0,0,0,0,0,1
4050,43518588885,0,0,2,2,2,2,2,2,2,2,2,2,2,1
4051,42750168184,3,1,0,0,0,0,0,0,1,0,0,0,0,0
4052,49217437327,2,0,0,0,0,0,1,0,0,0,0,0,0,1
4053,39098006834,2,0,0,0,0,0,0,0,0,0,0,1,0,0
4054,24249638838,6,0,2,2,2,2,2,2,2,2,2,2,2,1
4055,36366911486,4,0,0,0,0,0,1,0,0,0,0,0,0,0
4056,34238035456,0,0,0,0,1,0,0,0,0,0,0,0,0,0
4057,34194982426,0,0,0,0,0,1,0,0,0,0,0,0,0,1
4058,29218507432,4,1,2,2,2,2,2,2,2,2,2,2,2,1
4059,25387161273,2,0,0,0,0,0,0,1,0,0,0,0,0,1
4060,28997849644,4,0,0,0,0,0,0,0,0,0,0,1,0,0
4061,29387767741,4,1,0,0,0,0,1,0,0,0,0,0,0,0
4062,26601051996,6,0,2,2,2,2,2,2,2,2,2,2,2,2
4063,22656304036,1,0,0,0,0,0,0,0,0,0,1,0,0,0
4064,24918228406,4,1,0,0,0,0,0,0,1,0,0,0,0,1
4065,23852103350,0,0,2,2,2,2,2,2,2,2,2,2,2,0
4066,21917725526,0,0,0,0,0,1,0,0,0,0,0,0,0,2
4067,8306531766,6,0,0,1,0,0,0,0,0,0,0,0,0,0
4068,8663625303,5,0,2,2,2,2,2,2,2,2,2,2,2,1
4069,50992211612,1,0,0,0,0,0,0,0,0,1,0,0,0,1
4070,50966004458,6,0,0,0,0,1,0,0,0,0,0,0,0,1
4071,50702813288,4,0,2,2,2,2,2,2,2,2,2,2,2,0
4072,49982081626,1,0,0,0,0,0,0,0,0,0,0,1,0,0
4073,49789346372,3,0,0,0,0,0,0,1,0,0,0,0,0,1
4074,49628818141,0,0,2,2,2,2,2,2,2,2,2,2,2,0
4075,49478826551,2,0,0,0,1,0,0,0,0,0,0,0,0,1
4076,49472691283,2,0,0,0,0,0,0,0,0,0,1,0,0,1
4077,49102273918,3,0,0,0,0,0,0,1,0,0,0,0,0,2
4078,49168541868,2,0,0,0,0,0,0,0,1,0,0,0,0,1
4079,49102174852,3,0,0,0,0,0,0,0,0,0,1,0,0,0
4080,48985800721,4,0,0,0,0,0,0,0,0,0,0,0,1,2
4081,48899274291,2,0,0,0,0,0,1,0,0,0,0,0,0,0
4082,48455729591,4,0,0,0,0,0,0,0,0,0,0,1,0,1
4083,48324908876,2,0,0,0,0,0,0,0,0,0,0,0,1,0
4084,48988432246,2,0,2,2,2,2,2,2,2,2,2,2,2,2
4085,48388113012,3,0,0,0,0,0,0,1,0,0,0,0,0,2
4086,48365957051,3,1,0,0,0,0,0,0,0,0,1,0,0,1
4087,48365537242,3,0,0,0,0,0,0,0,1,0,0,0,0,0
4088,48357183702,4,0,0,0,0,0,0,1,0,0,0,0,0,0
4089,48336070156,2,0,0,0,0,0,0,0,0,0,1,0,0,0
4090,48330768566,2,1,0,0,1,0,0,0,0,0,0,0,0,0
4091,48262234197,2,0,0,0,0,0,0,0,0,1,0,0,0,1
4092,48154659987,0,1,0,0,0,0,0,1,0,0,0,0,0,0
4093,48066959037,2,0,0,0,0,0,0,0,0,1,0,0,0,1
4094,48322935136,2,0,0,0,1,0,0,0,0,0,0,0,0,2
4095,48314086716,2,0,0,0,0,0,0,0,0,0,0,0,1,0
4096,48068679362,3,0,0,0,0,0,1,0,0,0,0,0,0,0
4097,48020330137,1,0,2,2,2,2,2,2,2,2,2,2,2,0
4098,48018930863,1,0,0,0,0,0,0,0,0,0,1,0,0,1
4099,48007711893,3,0,0,0,0,0,0,0,0,0,0,0,1,2
4100,47958394791,0,0,2,2,2,2,2,2,2,2,2,2,2,0
4101,46862997485,5,1,2,2,2,2,2,2,2,2,2,2,2,2
4102,46791028235,5,0,0,0,0,0,0,0,0,1,0,0,0,2
4103,40466989613,4,0,0,0,0,0,0,0,0,0,0,0,1,0
4104,46942667364,1,0,0,1,0,0,0,0,0,0,0,0,0,1
4105,32678810867,0,0,0,0,1,0,0,0,0,0,0,0,0,1
4106,33683747648,3,0,0,0,0,0,1,0,0,0,0,0,0,0
4107,46541013815,6,0,0,0,0,0,1,0,0,0,0,0,0,2
4108,46487562465,6,0,0,0,0,0,0,0,0,0,0,0,1,1
4109,47393457241,5,0,0,1,0,0,0,0,0,0,0,0,0,0
4110,46054650865,0,0,0,0,0,1,0,0,0,0,0,0,0,2
4111,31398198557,2,0,0,0,0,0,0,0,0,0,1,0,0,0
4112,46978015132,1,0,0,0,0,0,0,0,0,1,0,0,0,0
4113,47010591011,2,0,0,0,0,0,0,0,0,0,0,1,0,0
4114,46082907385,0,0,0,0,0,1,0,0,0,0,0,0,0,0
4115,39996048013,1,0,0,0,0,0,0,0,0,0,0,1,0,2
4116,46879608382,5,0,0,0,0,0,0,0,0,0,1,0,0,1
4117,46930885691,1,0,0,0,0,0,1,0,0,0,0,0,0,0
4118,46167834614,5,0,0,1,0,0,0,0,0,0,0,0,0,1
4119,31482326757,3,0,0,0,0,0,0,1,0,0,0,0,0,2
4120,44603314400,4,0,0,0,0,0,0,0,0,0,1,0,0,1
4121,31470736397,1,0,0,0,0,1,0,0,0,0,0,0,0,1
4122,46357899342,3,0,0,0,0,0,0,0,0,0,0,1,0,2
4123,45495174815,2,0,0,0,0,0,0,0,0,0,0,1,0,2
4124,46290276962,5,0,0,0,1,0,0,0,0,0,0,0,0,1
4125,46336341601,3,0,0,0,1,0,0,0,0,0,0,0,0,0
4126,45541937754,2,0,2,2,2,2,2,2,2,2,2,2,2,1
4127,32393307618,4,1,0,0,0,0,0,0,0,0,0,0,1,1
4128,44881421744,6,1,0,0,0,0,0,0,0,0,0,0,1,2
4129,31689876588,3,0,0,0,0,0,1,0,0,0,0,0,0,0
4130,45848250542,6,0,0,1,0,0,0,0,0,0,0,0,0,0
4131,45848828341,6,1,0,0,0,0,0,0,0,0,0,0,1,2
4132,45027617324,3,0,0,1,0,0,0,0,0,0,0,0,0,1
4133,45733290021,6,0,0,0,0,0,0,0,0,1,0,0,0,2
4134,44971697514,6,1,0,0,0,0,0,0,0,1,0,0,0,2
4135,44771677335,6,0,0,0,0,0,0,0,1,0,0,0,0,2
4136,44771104475,6,0,0,0,0,0,0,0,0,0,1,0,0,1
4137,45574089841,2,1,0,0,0,0,0,0,0,0,1,0,0,1
4138,44655114675,4,0,0,1,0,0,0,0,0,0,0,0,0,1
4139,31682050298,3,0,0,0,0,0,0,1,0,0,0,0,0,1
4140,44809081684,3,0,2,2,2,2,2,2,2,2,2,2,2,2
4141,31280764678,1,0,0,1,0,0,0,0,0,0,0,0,0,2
4142,45006208602,6,1,2,2,2,2,2,2,2,2,2,2,2,1
4143,44296649624,2,0,0,0,0,0,0,0,0,0,0,0,1,0
4144,31245211008,5,0,0,0,0,0,0,0,0,0,1,0,0,1
4145,31178308688,5,1,2,2,2,2,2,2,2,2,2,2,2,2
4146,30070105487,4,1,0,0,0,0,0,0,0,1,0,0,0,2
4147,44285714424,2,1,0,0,0,0,0,0,0,0,0,0,1,2
4148,43180184070,5,1,0,0,0,0,0,0,0,0,1,0,0,2
4149,44990546461,6,1,0,0,0,1,0,0,0,0,0,0,0,0
4150,44253450794,2,1,2,2,2,2,2,2,2,2,2,2,2,1
4151,44948251851,6,0,2,2,2,2,2,2,2,2,2,2,2,2
4152,44907432031,6,0,2,2,2,2,2,2,2,2,2,2,2,1
4153,30667800468,1,0,0,0,1,0,0,0,0,0,0,0,0,1
4154,43355352495,0,1,0,0,0,0,0,0,0,0,1,0,0,0
4155,42301965130,5,1,2,2,2,2,2,2,2,2,2,2,2,2
4156,44050954541,2,0,0,0,1,0,0,0,0,0,0,0,0,2
4157,42792870454,3,0,2,2,2,2,2,2,2,2,2,2,2,0
4158,43384415082,0,1,0,0,0,0,0,0,0,0,0,0,1,0
4159,43398443781,0,1,0,0,0,0,0,1,0,0,0,0,0,1
4160,42438076545,0,0,2,2,2,2,2,2,2,2,2,2,2,2
4161,42585645364,3,0,0,0,0,0,0,0,1,0,0,0,0,1
4162,41431674630,3,0,0,0,1,0,0,0,0,0,0,0,0,0
4163,28350164097,0,0,0,0,0,0,0,1,0,0,0,0,0,0
4164,42311257475,5,0,0,0,0,0,0,0,0,0,0,1,0,0
4165,42082320875,5,1,0,0,0,0,1,0,0,0,0,0,0,2
4166,42797370981,3,0,0,0,0,0,1,0,0,0,0,0,0,0
4167,42644335551,3,1,0,0,0,1,0,0,0,0,0,0,0,2
4168,50439161752,4,0,2,2,2,2,2,2,2,2,2,2,2,1
4169,50337324236,1,0,0,0,0,0,1,0,0,0,0,0,0,0
4170,50680496136,1,0,2,2,2,2,2,2,2,2,2,2,2,0
4171,49923565273,1,0,2,2,2,2,2,2,2,2,2,2,2,0
4172,49985134741,6,0,0,0,0,0,0,0,1,0,0,0,0,1
4173,50776937502,4,0,2,2,2,2,2,2,2,2,2,2,2,1
4174,47728314621,5,0,0,0,0,0,0,0,0,0,1,0,0,1
4175,28356277188,0,0,0,0,0,0,1,0,0,0,0,0,0,2
4176,50909607258,6,0,0,0,0,0,1,0,0,0,0,0,0,0
4177,45244230264,3,0,2,2,2,2,2,2,2,2,2,2,2,2
4178,36593376861,2,0,2,2,2,2,2,2,2,2,2,2,2,0
4179,27691377217,2,1,0,0,1,0,0,0,0,0,0,0,0,1
4180,49523030591,2,0,2,2,2,2,2,2,2,2,2,2,2,0
4181,49364810046,6,0,0,0,1,0,0,0,0,0,0,0,0,2
4182,49589498483,5,0,0,0,1,0,0,0,0,0,0,0,0,1
4183,48114125023,3,1,0,0,0,1,0,0,0,0,0,0,0,2
4184,49552816021,5,0,0,0,0,1,0,0,0,0,0,0,0,2
4185,49636819318,0,0,2,2,2,2,2,2,2,2,2,2,2,0
4186,49614659897,0,0,2,2,2,2,2,2,2,2,2,2,2,1
4187,49488360146,0,0,0,0,0,0,0,1,0,0,0,0,0,2
4188,49455711708,4,1,0,1,0,0,0,0,0,0,0,0,0,2
4189,48995395993,6,0,0,0,0,0,0,0,0,0,0,0,1,2
4190,48995787051,6,0,2,2,2,2,2,2,2,2,2,2,2,1
4191,48594280637,0,0,0,0,0,0,0,0,0,0,0,0,1,2
4192,48995103923,6,0,0,0,1,0,0,0,0,0,0,0,0,1
4193,48995636086,6,0,0,0,0,0,0,0,0,0,0,1,0,2
4194,48995093123,6,0,0,0,0,0,0,0,0,0,0,0,1,1
4195,48688603553,1,1,0,0,1,0,0,0,0,0,0,0,0,1
4196,46309116815,3,1,0,0,0,0,0,0,1,0,0,0,0,2
4197,40434642195,4,0,0,0,0,0,0,0,0,0,0,1,0,2
4198,41936369741,5,0,0,0,0,0,0,1,0,0,0,0,0,1
4199,26682115147,0,0,0,0,1,0,0,0,0,0,0,0,0,2
4200,49923927521,3,0,0,0,0,0,0,0,0,0,1,0,0,1
4201,49452808032,4,1,2,2,2,2,2,2,2,2,2,2,2,1
4202,49265944343,6,0,2,2,2,2,2,2,2,2,2,2,2,1
4203,49056700337,0,0,0,1,0,0,0,0,0,0,0,0,0,0
4204,50955429138,5,1,0,0,0,0,0,0,0,0,1,0,0,2
4205,48949379953,5,0,2,2,2,2,2,2,2,2,2,2,2,0
4206,50047988548,1,0,0,0,0,0,0,0,0,0,0,1,0,0
4207,38307780632,4,0,0,0,0,0,0,0,0,0,0,0,1,0
4208,38307761892,0,0,2,2,2,2,2,2,2,2,2,2,2,0
4209,8932951688,6,0,2,2,2,2,2,2,2,2,2,2,2,0
4210,40681785122,0,0,0,1,0,0,0,0,0,0,0,0,0,2
4211,21577722973,0,0,0,0,1,0,0,0,0,0,0,0,0,0
4212,16966060686,4,0,0,0,0,0,0,1,0,0,0,0,0,2
4213,46806927554,5,0,0,0,0,0,0,0,0,0,0,0,1,1
4214,34555254763,1,0,0,0,1,0,0,0,0,0,0,0,0,0
4215,25332181246,4,0,0,1,0,0,0,0,0,0,0,0,0,2
4216,50720400046,1,0,0,0,0,0,0,1,0,0,0,0,0,2
4217,48678940882,1,0,2,2,2,2,2,2,2,2,2,2,2,2
4218,39908219994,4,0,2,2,2,2,2,2,2,2,2,2,2,2
4219,30655715936,1,0,0,0,0,0,0,0,0,0,0,1,0,1
4220,24251835406,6,0,2,2,2,2,2,2,2,2,2,2,2,2
4221,23081128540,1,0,2,2,2,2,2,2,2,2,2,2,2,2
4222,22256080235,2,0,2,2,2,2,2,2,2,2,2,2,2,0
4223,16939813427,4,0,0,0,0,0,0,0,0,0,0,0,1,0
4224,11968365023,1,0,0,0,0,0,1,0,0,0,0,0,0,0
4225,10372593424,5,0,0,0,0,0,0,1,0,0,0,0,0,0
4226,49421670722,3,0,0,0,0,0,0,0,0,1,0,0,0,2
4227,50711879243,1,0,0,0,0,0,0,1,0,0,0,0,0,2
4228,50011501283,4,0,2,2,2,2,2,2,2,2,2,2,2,0
4229,50849453531,2,0,0,0,0,0,0,0,1,0,0,0,0,2
4230,50294839166,1,0,0,0,1,0,0,0,0,0,0,0,0,0
4231,49978997292,2,0,0,0,0,0,0,0,0,0,1,0,0,0
4232,49629358292,0,0,2,2,2,2,2,2,2,2,2,2,2,0
4233,49053413253,0,0,0,0,0,0,0,0,0,0,1,0,0,0
4234,46637160515,4,0,0,0,0,0,0,0,0,0,0,0,1,1
4235,15744604791,3,0,0,0,0,1,0,0,0,0,0,0,0,0
4236,32588311847,5,0,0,0,0,0,0,0,0,1,0,0,0,2
4237,44238414911,2,0,2,2,2,2,2,2,2,2,2,2,2,0
4238,43295835434,5,0,0,0,0,0,0,0,0,1,0,0,0,0
4239,40774665412,0,0,2,2,2,2,2,2,2,2,2,2,2,0
4240,39967223644,1,0,0,0,0,0,0,0,0,0,0,1,0,0
4241,27073779859,6,0,0,0,1,0,0,0,0,0,0,0,0,2
4242,36782109183,4,0,2,2,2,2,2,2,2,2,2,2,2,0
4243,36254608322,4,0,0,1,0,0,0,0,0,0,0,0,0,0
4244,35615242053,1,0,0,0,0,0,0,0,0,0,0,1,0,0
4245,35181461713,5,0,0,0,0,0,1,0,0,0,0,0,0,0
4246,35254278692,5,0,2,2,2,2,2,2,2,2,2,2,2,0
4247,30207520601,5,0,0,0,0,1,0,0,0,0,0,0,0,2
4248,35714218221,1,0,2,2,2,2,2,2,2,2,2,2,2,2
4249,32891207281,5,0,2,2,2,2,2,2,2,2,2,2,2,0
4250,23611009233,4,0,0,1,0,0,0,0,0,0,0,0,0,0
4251,22558368066,2,0,2,2,2,2,2,2,2,2,2,2,2,0
4252,25332149286,4,0,0,0,0,0,0,0,0,0,1,0,0,1
4253,24129532822,5,0,0,0,0,0,0,0,0,0,1,0,0,0
4254,23047425025,1,0,0,0,0,0,1,0,0,0,0,0,0,0
4255,22207889401,2,0,0,0,0,0,0,0,0,1,0,0,0,0
4256,22010670029,2,0,0,0,0,0,0,0,0,0,0,0,1,0
4257,18146401246,5,0,0,0,0,1,0,0,0,0,0,0,0,2
4258,14922632083,1,0,0,0,1,0,0,0,0,0,0,0,0,0
4259,15257161367,1,0,0,0,0,0,0,0,1,0,0,0,0,0
4260,9626479070,6,0,0,0,0,0,0,0,0,0,0,0,1,1
4261,49752402387,0,0,2,2,2,2,2,2,2,2,2,2,2,2
4262,49275551453,3,0,0,1,0,0,0,0,0,0,0,0,0,0
4263,39493614935,1,0,2,2,2,2,2,2,2,2,2,2,2,0
4264,24690598467,0,0,0,0,0,0,0,0,0,0,1,0,0,2
4265,36154803225,0,0,0,0,0,1,0,0,0,0,0,0,0,0
4266,34474967173,5,0,2,2,2,2,2,2,2,2,2,2,2,0
4267,30487132622,4,0,2,2,2,2,2,2,2,2,2,2,2,0
4268,24830698890,0,0,0,0,0,0,0,1,0,0,0,0,0,0
4269,30567552766,4,0,2,2,2,2,2,2,2,2,2,2,2,0
4270,14121230978,0,0,0,0,0,0,0,0,0,1,0,0,0,2
4271,49196260901,4,1,0,0,0,0,0,1,0,0,0,0,0,2
4272,48729789553,1,1,0,0,0,0,0,0,0,0,0,1,0,0
4273,48714458767,1,0,0,0,0,0,1,0,0,0,0,0,0,2
4274,48639371226,5,0,0,0,0,0,0,0,0,0,1,0,0,1
4275,48531223886,0,1,0,0,0,0,1,0,0,0,0,0,0,2
4276,48124536163,0,1,0,0,0,0,0,0,1,0,0,0,0,0
4277,48096107417,3,0,2,2,2,2,2,2,2,2,2,2,2,0
4278,41750959272,4,1,2,2,2,2,2,2,2,2,2,2,2,1
4279,39198909490,1,1,0,0,0,0,0,0,0,0,0,0,1,2
4280,28256027988,6,1,0,0,0,0,0,1,0,0,0,0,0,1
4281,49360055428,6,1,0,0,0,0,0,0,0,0,0,0,1,2
4282,49354310088,6,1,0,0,0,0,0,0,0,0,0,0,1,1
4283,49458305126,4,1,0,0,0,0,0,0,1,0,0,0,0,1
4284,49262939216,6,1,0,0,0,0,0,0,0,0,0,1,0,1
4285,49068429816,0,1,0,0,0,0,0,0,0,0,1,0,0,0
4286,41994315192,5,0,0,0,1,0,0,0,0,0,0,0,0,1
4287,46769074545,5,1,2,2,2,2,2,2,2,2,2,2,2,2
4288,50944581651,6,0,0,0,0,0,0,0,0,0,1,0,0,0
4289,50281036778,3,0,0,0,0,0,0,0,0,1,0,0,0,2
4290,50064338647,2,0,0,0,0,0,0,0,0,0,0,1,0,0
4291,50042785798,4,0,2,2,2,2,2,2,2,2,2,2,2,0
4292,49949522733,6,0,0,0,0,0,0,1,0,0,0,0,0,0
4293,49949705766,6,0,0,0,0,0,0,0,0,0,0,1,0,1
4294,49862088202,0,0,0,0,0,0,0,0,0,1,0,0,0,0
4295,49753393278,0,0,0,0,0,0,0,0,0,0,1,0,0,0
4296,49479396847,2,0,0,0,0,0,0,0,0,0,1,0,0,0
4297,49512928481,2,0,0,0,0,0,0,0,0,1,0,0,0,0
4298,49488544566,0,0,0,0,1,0,0,0,0,0,0,0,0,1
4299,47894020971,5,0,0,1,0,0,0,0,0,0,0,0,0,0
4300,48594021607,0,0,2,2,2,2,2,2,2,2,2,2,2,1
4301,48002839297,3,0,0,0,0,0,1,0,0,0,0,0,0,1
4302,47942272371,0,0,0,0,1,0,0,0,0,0,0,0,0,1
4303,46799275695,5,0,0,0,0,0,0,0,0,0,1,0,0,0
4304,50903355797,2,0,0,0,0,0,0,0,0,0,0,1,0,0
4305,50988547407,1,0,0,0,0,0,0,0,0,0,1,0,0,0
4306,50901074711,2,0,0,0,0,0,0,0,0,0,0,0,1,0
4307,49721681557,2,0,2,2,2,2,2,2,2,2,2,2,2,0
4308,50151508247,3,0,0,0,0,0,0,1,0,0,0,0,0,0
4309,50150314186,2,0,0,0,0,0,0,0,0,0,0,0,1,0
4310,50919944331,2,0,0,1,0,0,0,0,0,0,0,0,0,0
4311,50720477517,1,0,0,0,0,0,0,0,0,0,0,1,0,0
4312,34363315393,5,0,2,2,2,2,2,2,2,2,2,2,2,0
4313,27853291309,5,0,0,0,0,1,0,0,0,0,0,0,0,2
4314,33134212492,5,0,0,0,1,0,0,0,0,0,0,0,0,0
4315,33251693645,6,0,0,0,1,0,0,0,0,0,0,0,0,1
4316,12875973555,0,0,2,2,2,2,2,2,2,2,2,2,2,0
4317,51061206816,4,0,2,2,2,2,2,2,2,2,2,2,2,0
4318,51061303376,4,0,0,1,0,0,0,0,0,0,0,0,0,1
4319,39553975645,1,1,2,2,2,2,2,2,2,2,2,2,2,0
4320,23220478680,1,0,2,2,2,2,2,2,2,2,2,2,2,0
4321,39513171324,1,0,0,0,0,0,0,0,0,1,0,0,0,0
4322,37841723421,0,0,0,0,0,0,0,0,0,0,0,1,0,0
4323,33472529126,1,0,0,0,0,0,0,1,0,0,0,0,0,2
4324,31513277735,6,-1,-1,-1,-1,-1,-1,-1,-1,-1,-1,-1,-1,-1
4325,50034436443,4,0,0,0,0,0,0,0,0,0,1,0,0,0
4326,33493137476,1,0,2,2,2,2,2,2,2,2,2,2,2,1
4327,51142387781,5,0,2,2,2,2,2,2,2,2,2,2,2,2
4328,51194900603,3,1,0,0,0,0,0,0,1,0,0,0,0,0
4329,51145585353,5,1,0,0,0,1,0,0,0,0,0,0,0,1
4330,51128575389,6,1,2,2,2,2,2,2,2,2,2,2,2,0
4331,51127608907,6,1,0,0,0,0,0,0,0,0,0,0,1,0
4332,51143346427,5,0,0,0,0,0,0,0,0,0,0,1,0,2
4333,51141498175,5,1,2,2,2,2,2,2,2,2,2,2,2,1
4334,51136662072,2,1,0,0,0,0,0,0,0,0,0,1,0,2
4335,51134435592,2,1,0,1,0,0,0,0,0,0,0,0,0,2
4336,51135127863,2,1,0,1,0,0,0,0,0,0,0,0,0,2
4337,51125617317,6,1,0,0,0,0,1,0,0,0,0,0,0,0
4338,51125589034,6,1,2,2,2,2,2,2,2,2,2,2,2,0
4339,51125207072,1,1,2,2,2,2,2,2,2,2,2,2,2,0
4340,50983497913,1,1,2,2,2,2,2,2,2,2,2,2,2,0
4341,50984250507,1,1,0,0,0,0,0,0,0,0,1,0,0,0
4342,50983072481,1,1,2,2,2,2,2,2,2,2,2,2,2,0
4343,50962842527,5,0,0,1,0,0,0,0,0,0,0,0,0,0
4344,50865835253,1,1,0,0,0,1,0,0,0,0,0,0,0,0
4345,50746019743,2,1,2,2,2,2,2,2,2,2,2,2,2,0
4346,50706646196,4,1,0,1,0,0,0,0,0,0,0,0,0,2
4347,50910304766,6,0,0,0,0,0,0,0,0,1,0,0,0,1
4348,50788707282,1,1,2,2,2,2,2,2,2,2,2,2,2,0
4349,49253049018,2,1,2,2,2,2,2,2,2,2,2,2,2,0
4350,49365858577,6,1,0,0,0,0,0,0,1,0,0,0,0,1
4351,50441121083,4,0,0,0,0,1,0,0,0,0,0,0,0,0
4352,33668837018,1,0,0,0,0,1,0,0,0,0,0,0,0,1
4353,17458645140,5,0,0,0,0,1,0,0,0,0,0,0,0,0
4354,50495487436,2,0,0,0,0,0,0,0,0,0,0,1,0,0
4355,40365602250,3,0,0,0,0,0,0,1,0,0,0,0,0,0
4356,42173814231,5,0,0,0,0,1,0,0,0,0,0,0,0,2
4357,27962087528,5,0,0,0,1,0,0,0,0,0,0,0,0,1
4358,35729347802,1,0,0,0,0,0,0,0,1,0,0,0,0,0
4359,37189519195,0,0,0,1,0,0,0,0,0,0,0,0,0,0
4360,35857954286,0,0,0,0,0,0,0,0,0,0,0,0,1,2
4361,35060599160,2,0,0,0,0,0,0,0,0,1,0,0,0,0
4362,34702012636,2,0,0,1,0,0,0,0,0,0,0,0,0,0
4363,29504536793,4,0,0,0,0,0,0,1,0,0,0,0,0,0
4364,29504427503,4,0,2,2,2,2,2,2,2,2,2,2,2,1
4365,27344905532,5,0,0,0,0,0,0,0,1,0,0,0,0,1
4366,30051370981,4,0,0,0,0,1,0,0,0,0,0,0,0,0
4367,21948314494,0,0,0,0,0,1,0,0,0,0,0,0,0,0
4368,22557332752,2,0,0,0,1,0,0,0,0,0,0,0,0,0
4369,49256547108,6,0,0,0,0,0,0,1,0,0,0,0,0,0
4370,49256675577,6,0,0,0,0,0,0,0,0,0,0,1,0,0
4371,49255779506,6,0,0,1,0,0,0,0,0,0,0,0,0,1
4372,49255553292,6,0,0,0,0,0,0,0,0,1,0,0,0,0
4373,49118992877,3,1,2,2,2,2,2,2,2,2,2,2,2,0
4374,49251892138,1,0,0,0,1,0,0,0,0,0,0,0,0,2
4375,48491675901,4,1,0,0,0,0,0,0,1,0,0,0,0,0
4376,50704591141,4,0,0,0,0,0,0,0,0,0,0,0,1,1
4377,51207268963,3,0,2,2,2,2,2,2,2,2,2,2,2,1
4378,50086794767,3,0,2,2,2,2,2,2,2,2,2,2,2,2
4379,50086707277,3,0,0,0,0,0,0,0,0,1,0,0,0,0
4380,49999718528,3,0,0,0,0,0,0,0,0,1,0,0,0,0
4381,50000226216,4,0,2,2,2,2,2,2,2,2,2,2,2,0
4382,49813863858,4,0,0,0,0,0,0,0,0,0,0,0,1,0
4383,49814604037,4,0,0,0,0,0,0,0,0,0,0,1,0,1
4384,49813665448,4,0,0,0,0,0,0,0,0,1,0,0,0,1
4385,49814510112,4,0,0,0,1,0,0,0,0,0,0,0,0,1
4386,4007193188,1,0,0,0,0,0,1,0,0,0,0,0,0,0
4387,51192092998,3,0,2,2,2,2,2,2,2,2,2,2,2,0
4388,46389760975,3,1,0,0,0,0,0,1,0,0,0,0,0,1
4389,50029612348,4,0,0,1,0,0,0,0,0,0,0,0,0,0
4390,36686483406,4,0,2,2,2,2,2,2,2,2,2,2,2,1
4391,49999204263,2,0,0,0,0,0,0,1,0,0,0,0,0,2
4392,49258177226,6,0,0,0,0,0,0,0,0,0,0,1,0,1
4393,50441477902,4,0,0,0,0,0,0,0,0,0,1,0,0,1
4394,50021649293,1,0,2,2,2,2,2,2,2,2,2,2,2,2
4395,49825491836,6,0,0,1,0,0,0,0,0,0,0,0,0,2
4396,49754901977,0,0,2,2,2,2,2,2,2,2,2,2,2,2
4397,31835681800,3,0,2,2,2,2,2,2,2,2,2,2,2,0
4398,30066397312,4,0,2,2,2,2,2,2,2,2,2,2,2,2
4399,15405970549,1,0,0,1,0,0,0,0,0,0,0,0,0,2
4400,10802326426,1,0,0,0,0,0,0,0,0,0,0,0,1,1
4401,10802197565,5,0,0,0,1,0,0,0,0,0,0,0,0,2
4402,10801590425,5,0,2,2,2,2,2,2,2,2,2,2,2,1
4403,50213548627,2,0,0,0,0,0,0,1,0,0,0,0,0,1
4404,51163869853,5,0,0,0,0,0,0,0,1,0,0,0,0,1
4405,51153084320,5,0,2,2,2,2,2,2,2,2,2,2,2,2
4406,51144875683,5,0,0,0,0,0,0,0,0,0,1,0,0,0
4407,51142870132,5,1,2,2,2,2,2,2,2,2,2,2,2,2
4408,51137327248,5,0,0,0,0,0,0,0,0,0,0,1,0,2
4409,51135298289,2,1,0,0,1,0,0,0,0,0,0,0,0,2
4410,48723320438,1,1,0,0,0,0,0,0,0,0,0,1,0,2
4411,44188073420,2,0,0,0,0,1,0,0,0,0,0,0,0,2
4412,44170809010,2,0,2,2,2,2,2,2,2,2,2,2,2,1
4413,45229380644,3,0,2,2,2,2,2,2,2,2,2,2,2,2
4414,45851243962,6,0,0,0,0,0,0,0,1,0,0,0,0,2
4415,44046613462,2,0,0,0,0,0,0,0,0,1,0,0,0,2
4416,40764959695,0,0,0,0,0,1,0,0,0,0,0,0,0,1
4417,34868677846,2,0,2,2,2,2,2,2,2,2,2,2,2,1
4418,26147376067,3,0,0,0,0,0,0,0,0,0,0,1,0,0
4419,39216302775,1,0,0,0,0,0,1,0,0,0,0,0,0,2
4420,37241918562,0,1,2,2,2,2,2,2,2,2,2,2,2,0
4421,28549769602,0,0,2,2,2,2,2,2,2,2,2,2,2,0
4422,29997954742,0,0,0,0,0,0,0,0,0,0,0,0,1,0
4423,24683255800,0,0,0,1,0,0,0,0,0,0,0,0,0,1
4424,24842094122,0,0,0,0,0,0,1,0,0,0,0,0,0,2
4425,26759822082,0,0,0,0,0,0,0,0,0,0,0,1,0,1
4426,23712848682,0,0,0,0,0,0,0,0,0,0,0,1,0,0
4427,22050309261,2,0,0,0,0,0,0,0,0,1,0,0,0,0
4428,25120333122,4,0,0,0,0,0,0,0,0,1,0,0,0,1
4429,15754345111,3,0,0,0,0,0,0,0,0,0,0,1,0,1
4430,15336956486,1,0,0,1,0,0,0,0,0,0,0,0,0,2
4431,12506143363,1,0,0,0,1,0,0,0,0,0,0,0,0,2
4432,17604645331,5,0,0,0,0,0,0,1,0,0,0,0,0,1
4433,17172279027,1,0,2,2,2,2,2,2,2,2,2,2,2,2
4434,16678732038,3,0,2,2,2,2,2,2,2,2,2,2,2,1
4435,16668784890,3,0,2,2,2,2,2,2,2,2,2,2,2,0
4436,14731683624,0,0,0,1,0,0,0,0,0,0,0,0,0,1
4437,13992196041,0,0,0,0,0,0,0,0,0,0,1,0,0,2
4438,51133245848,2,0,2,2,2,2,2,2,2,2,2,2,2,1
4439,50188882227,1,0,0,0,0,0,0,0,0,0,0,1,0,2
4440,30382454521,0,0,2,2,2,2,2,2,2,2,2,2,2,0
4441,41965604372,5,0,0,0,0,0,0,0,0,0,0,0,1,2
4442,18276695471,0,0,0,0,0,0,0,1,0,0,0,0,0,1
4443,17880243729,5,0,0,0,0,0,0,0,0,1,0,0,0,0
4444,15983540167,3,0,2,2,2,2,2,2,2,2,2,2,2,0
4445,49041153557,0,0,0,0,0,0,0,0,1,0,0,0,0,0
4446,35404942410,5,0,0,0,0,0,0,0,0,0,1,0,0,1
4447,26637849560,0,1,0,0,0,0,0,0,1,0,0,0,0,0
4448,28720426094,6,0,0,0,0,0,0,1,0,0,0,0,0,2
4449,27355611856,5,0,2,2,2,2,2,2,2,2,2,2,2,0
4450,27255270575,5,0,2,2,2,2,2,2,2,2,2,2,2,0
4451,27482154916,5,0,0,0,0,0,1,0,0,0,0,0,0,0
4452,28624562538,0,1,0,0,0,0,0,1,0,0,0,0,0,1
4453,48323349402,2,0,0,0,0,0,0,0,0,0,0,1,0,0
4454,30617864808,1,0,0,0,0,0,0,0,1,0,0,0,0,0
4455,25471284837,2,0,0,0,0,0,0,0,1,0,0,0,0,0
4456,33430801962,1,0,0,1,0,0,0,0,0,0,0,0,0,0
4457,49714372568,2,0,0,1,0,0,0,0,0,0,0,0,0,0
4458,47208038992,2,0,0,0,0,0,0,1,0,0,0,0,0,0
4459,26485081997,6,0,0,0,0,0,0,0,0,1,0,0,0,0
4460,35901830783,0,0,0,0,1,0,0,0,0,0,0,0,0,0
4461,22248100420,2,1,0,1,0,0,0,0,0,0,0,0,0,0
4462,28847344037,6,0,2,2,2,2,2,2,2,2,2,2,2,0
4463,39198749011,1,0,0,0,0,0,1,0,0,0,0,0,0,2
4464,14458211298,0,0,0,0,0,0,0,0,0,1,0,0,0,2
4465,14640462201,0,0,0,0,0,0,0,0,0,0,0,1,0,0
4466,14607563263,0,0,0,0,0,0,0,0,1,0,0,0,0,1
4467,14499327026,0,0,0,0,0,0,0,0,0,1,0,0,0,1
4468,14691990593,0,0,0,0,0,0,0,0,0,0,0,1,0,1
4469,41328510695,1,1,0,0,0,0,1,0,0,0,0,0,0,0
4470,42229507941,5,0,2,2,2,2,2,2,2,2,2,2,2,0
4471,41263115405,1,1,0,0,1,0,0,0,0,0,0,0,0,0
4472,13610704495,0,0,0,0,0,0,1,0,0,0,0,0,0,1
4473,50639823581,5,0,0,0,0,0,0,1,0,0,0,0,0,1
4474,50978189948,6,1,0,0,1,0,0,0,0,0,0,0,0,0
4475,37325440652,0,0,2,2,2,2,2,2,2,2,2,2,2,2
4476,35572285793,1,0,2,2,2,2,2,2,2,2,2,2,2,0
4477,16014927382,3,0,0,1,0,0,0,0,0,0,0,0,0,0
4478,19480801115,0,0,2,2,2,2,2,2,2,2,2,2,2,2
4479,14565842375,0,0,0,1,0,0,0,0,0,0,0,0,0,0
4480,14782066576,1,0,2,2,2,2,2,2,2,2,2,2,2,0
4481,48980314592,4,0,2,2,2,2,2,2,2,2,2,2,2,0
4482,51081312567,5,0,2,2,2,2,2,2,2,2,2,2,2,0
4483,49310512152,3,0,0,0,0,0,1,0,0,0,0,0,0,0
4484,49504628663,2,0,0,0,0,0,0,0,0,1,0,0,0,0
4485,48156403887,0,0,0,0,0,1,0,0,0,0,0,0,0,1
4486,49982587397,3,0,0,0,0,0,0,0,0,0,0,1,0,0
4487,49977198433,2,0,2,2,2,2,2,2,2,2,2,2,2,1
4488,34003847288,3,0,0,0,0,0,0,0,0,0,0,0,1,0
4489,51216519858,3,0,0,0,0,0,0,0,1,0,0,0,0,0
4490,51158902233,5,0,0,0,0,0,0,0,0,0,0,1,0,2
4491,51034604831,2,0,0,0,0,0,0,0,0,0,0,0,1,2
4492,51033852708,2,0,0,1,0,0,0,0,0,0,0,0,0,0
4493,51034578556,2,0,0,0,0,0,0,1,0,0,0,0,0,1
4494,51157997572,5,0,2,2,2,2,2,2,2,2,2,2,2,0
4495,51158653976,5,0,0,0,0,1,0,0,0,0,0,0,0,0
4496,50903022083,2,0,2,2,2,2,2,2,2,2,2,2,2,0
4497,50834091446,2,0,2,2,2,2,2,2,2,2,2,2,2,1
4498,50756447218,4,0,0,0,0,0,0,0,1,0,0,0,0,0
4499,50834143997,3,0,0,0,0,0,0,0,0,0,1,0,0,1
4500,50757284197,4,0,0,0,0,0,0,0,1,0,0,0,0,1
4501,50712564222,1,0,0,1,0,0,0,0,0,0,0,0,0,0
4502,50757200286,4,0,0,1,0,0,0,0,0,0,0,0,0,1
4503,50711753378,1,0,0,1,0,0,0,0,0,0,0,0,0,2
4504,50712466291,1,0,0,0,0,0,0,0,0,0,1,0,0,2
4505,50573835088,1,0,0,0,0,0,0,0,0,1,0,0,0,2
4506,50573825198,1,0,0,1,0,0,0,0,0,0,0,0,0,1
4507,50573816773,1,0,0,0,0,0,0,0,0,0,0,0,1,1
4508,50527053271,1,0,0,0,0,0,1,0,0,0,0,0,0,2
4509,50527185012,1,0,0,0,0,0,0,0,1,0,0,0,0,1
4510,50527173377,1,0,2,2,2,2,2,2,2,2,2,2,2,2
4511,50499670916,5,0,0,0,0,1,0,0,0,0,0,0,0,2
4512,50499802867,5,0,0,0,0,0,0,1,0,0,0,0,0,0
4513,50499625411,5,0,0,0,1,0,0,0,0,0,0,0,0,1
4514,50498898173,2,0,0,0,0,0,0,0,1,0,0,0,0,1
4515,50499601041,5,0,0,0,0,0,0,0,0,0,0,0,1,0
4516,50439456483,4,0,0,0,0,0,1,0,0,0,0,0,0,0
4517,50440322447,4,0,2,2,2,2,2,2,2,2,2,2,2,1
4518,50440321127,4,0,0,0,0,0,1,0,0,0,0,0,0,1
4519,50440377747,4,0,0,0,1,0,0,0,0,0,0,0,0,2
4520,50440200011,4,0,0,0,1,0,0,0,0,0,0,0,0,1
4521,50300260186,1,0,0,0,0,0,1,0,0,0,0,0,0,1
4522,50300258021,1,0,0,1,0,0,0,0,0,0,0,0,0,1
4523,50365914176,1,0,2,2,2,2,2,2,2,2,2,2,2,1
4524,50365204743,1,0,0,0,0,0,0,0,1,0,0,0,0,1
4525,50366054467,1,0,0,0,0,0,0,0,0,1,0,0,0,2
4526,50365159548,1,0,0,0,0,0,0,0,0,1,0,0,0,1
4527,50365155933,1,0,0,0,1,0,0,0,0,0,0,0,0,2
4528,50365996357,1,0,0,0,0,0,0,0,0,0,1,0,0,1
4529,50340173731,4,0,0,0,0,1,0,0,0,0,0,0,0,2
4530,50340172651,1,0,0,1,0,0,0,0,0,0,0,0,0,1
4531,50314308962,4,0,2,2,2,2,2,2,2,2,2,2,2,0
4532,50300237601,1,0,0,1,0,0,0,0,0,0,0,0,0,1
4533,50080926423,5,0,0,0,0,0,0,0,0,1,0,0,0,0
4534,50148959558,5,0,0,0,0,0,0,0,0,0,1,0,0,1
4535,50149733482,5,0,2,2,2,2,2,2,2,2,2,2,2,0
4536,50080935703,5,0,0,0,0,1,0,0,0,0,0,0,0,0
4537,50081480496,5,0,2,2,2,2,2,2,2,2,2,2,2,2
4538,50056508972,0,0,0,0,0,0,0,0,1,0,0,0,0,1
4539,50021136951,2,0,0,0,0,0,0,0,0,0,1,0,0,2
4540,50021119111,2,0,0,1,0,0,0,0,0,0,0,0,0,0
4541,50073444736,5,0,0,0,0,0,0,0,1,0,0,0,0,2
4542,51034570636,2,0,0,0,0,0,0,0,1,0,0,0,0,0
4543,51034692667,2,0,0,0,1,0,0,0,0,0,0,0,0,2
4544,16676225982,3,1,0,0,0,0,0,0,0,0,0,0,1,1
4545,50812078271,3,0,0,0,0,0,0,0,1,0,0,0,0,1
4546,9818706974,6,0,2,2,2,2,2,2,2,2,2,2,2,0
4547,51220575716,6,0,0,0,0,0,0,1,0,0,0,0,0,0
4548,50170566962,2,0,0,0,1,0,0,0,0,0,0,0,0,0
4549,49772445762,6,0,0,0,0,0,0,0,0,0,0,0,1,0
4550,49460643493,4,1,2,2,2,2,2,2,2,2,2,2,2,0
4551,49154328092,3,0,2,2,2,2,2,2,2,2,2,2,2,1
4552,47755701971,5,0,0,0,0,0,0,1,0,0,0,0,0,1
4553,51012859777,4,0,0,0,0,0,0,0,0,0,0,0,1,1
4554,50949682487,6,0,2,2,2,2,2,2,2,2,2,2,2,1
4555,46130118265,5,0,0,0,0,0,0,1,0,0,0,0,0,0
4556,51113144682,6,0,0,0,0,0,1,0,0,0,0,0,0,1
4557,50917963043,2,0,0,0,1,0,0,0,0,0,0,0,0,1
4558,50952165128,6,0,2,2,2,2,2,2,2,2,2,2,2,0
4559,50918637531,2,0,0,0,0,0,0,0,0,0,0,0,1,2
4560,51037366623,4,0,0,0,0,0,0,0,0,0,1,0,0,1
4561,51074512678,2,0,0,0,0,0,1,0,0,0,0,0,0,0
4562,25040104027,4,0,0,0,0,1,0,0,0,0,0,0,0,0
4563,25882572920,3,0,0,0,0,0,0,0,0,0,0,0,1,0
4564,50985139413,1,0,2,2,2,2,2,2,2,2,2,2,2,1
4565,50602943208,2,0,0,0,0,0,0,1,0,0,0,0,0,0
4566,50183656367,2,0,0,0,0,0,0,0,0,1,0,0,0,1
4567,50314551517,4,0,0,0,0,0,0,1,0,0,0,0,0,2
4568,15571910765,2,0,2,2,2,2,2,2,2,2,2,2,2,0
4569,51079835333,2,0,0,0,0,0,0,0,0,0,1,0,0,1
4570,49393828898,3,0,2,2,2,2,2,2,2,2,2,2,2,2
4571,50720977912,3,0,0,0,1,0,0,0,0,0,0,0,0,0
4572,16491154448,0,0,2,2,2,2,2,2,2,2,2,2,2,1
4573,51004175388,2,0,0,0,0,0,0,0,1,0,0,0,0,1
4574,50959115937,5,0,0,0,0,1,0,0,0,0,0,0,0,2
4575,50381500397,0,0,0,0,0,0,0,0,0,1,0,0,0,2
4576,50945214211,6,0,0,0,0,0,0,1,0,0,0,0,0,1
4577,49611125318,5,0,0,0,0,0,0,0,1,0,0,0,0,2
4578,49107153046,3,0,0,0,0,0,1,0,0,0,0,0,0,2
4579,49591674173,5,0,0,1,0,0,0,0,0,0,0,0,0,0
4580,51037391313,4,0,0,0,0,0,0,0,0,0,1,0,0,2
4581,51054986872,4,0,0,0,0,0,0,0,1,0,0,0,0,1
4582,32495578733,1,0,0,0,0,0,0,0,0,1,0,0,0,0
4583,26174802602,3,0,0,0,0,1,0,0,0,0,0,0,0,0
4584,20607040368,1,0,0,0,0,0,0,0,0,0,0,1,0,0
4585,51078820172,2,0,2,2,2,2,2,2,2,2,2,2,2,0
4586,50313488087,4,0,2,2,2,2,2,2,2,2,2,2,2,0
4587,50244075083,2,0,2,2,2,2,2,2,2,2,2,2,2,0
4588,50012842378,2,0,0,0,0,0,0,0,0,1,0,0,0,0
4589,48064409436,2,1,0,0,0,1,0,0,0,0,0,0,0,2
4590,50015710117,2,0,0,0,0,0,0,0,0,0,1,0,0,2
4591,51119644432,1,0,0,1,0,0,0,0,0,0,0,0,0,0
4592,50726807867,5,1,0,0,0,0,0,0,0,0,0,1,0,0
4593,50722114056,5,0,0,0,0,0,0,0,0,0,0,1,0,0
4594,50725971143,5,0,0,0,0,0,0,1,0,0,0,0,0,2
4595,50670567373,1,0,0,0,0,0,0,0,0,0,1,0,0,0
4596,50102402288,5,0,2,2,2,2,2,2,2,2,2,2,2,0
4597,50076391982,5,0,0,0,0,0,0,1,0,0,0,0,0,1
4598,32983338534,0,0,2,2,2,2,2,2,2,2,2,2,2,0
4599,50327707642,4,0,2,2,2,2,2,2,2,2,2,2,2,0
4600,50266861371,3,0,0,0,0,0,0,0,0,1,0,0,0,0
4601,49902682798,6,0,0,0,0,0,1,0,0,0,0,0,0,0
4602,48087169946,3,0,0,0,0,1,0,0,0,0,0,0,0,0
4603,49988203593,6,1,0,0,0,0,0,0,0,1,0,0,0,0
4604,49901803977,6,0,0,0,1,0,0,0,0,0,0,0,0,1
4605,49630686157,0,1,2,2,2,2,2,2,2,2,2,2,2,1
4606,49552627063,5,1,0,0,0,0,0,0,0,0,1,0,0,0
4607,49276942306,3,0,2,2,2,2,2,2,2,2,2,2,2,2
4608,49922627431,1,0,2,2,2,2,2,2,2,2,2,2,2,1
4609,50907127987,6,0,2,2,2,2,2,2,2,2,2,2,2,1
4610,50644552866,1,0,2,2,2,2,2,2,2,2,2,2,2,0
4611,49036107866,0,0,2,2,2,2,2,2,2,2,2,2,2,2
4612,31703834398,3,0,2,2,2,2,2,2,2,2,2,2,2,2
4613,51092529497,5,0,0,1,0,0,0,0,0,0,0,0,0,0
4614,49974936107,2,0,0,0,1,0,0,0,0,0,0,0,0,2
4615,51121080464,1,1,0,1,0,0,0,0,0,0,0,0,0,1
4616,50012105472,2,0,0,1,0,0,0,0,0,0,0,0,0,0
4617,48143790822,0,0,0,0,0,0,0,0,0,0,0,0,1,1
4618,48764354536,2,0,2,2,2,2,2,2,2,2,2,2,2,0
4619,48764028103,2,1,2,2,2,2,2,2,2,2,2,2,2,2
4620,51115040221,6,0,0,0,0,1,0,0,0,0,0,0,0,2
4621,50892491648,6,0,0,1,0,0,0,0,0,0,0,0,0,0
4622,51048008763,1,0,0,0,0,0,0,0,0,1,0,0,0,0
4623,51034606808,2,1,0,0,1,0,0,0,0,0,0,0,0,1
4624,50559601428,6,1,2,2,2,2,2,2,2,2,2,2,2,0
4625,33886224548,3,0,0,0,0,1,0,0,0,0,0,0,0,2
4626,51011687870,4,1,2,2,2,2,2,2,2,2,2,2,2,1
4627,50441790693,4,0,0,1,0,0,0,0,0,0,0,0,0,2
4628,50945096066,6,0,0,0,0,0,0,0,0,0,0,0,1,0
4629,48977087557,4,0,0,0,0,0,0,0,0,1,0,0,0,0
4630,49234661658,6,0,0,0,0,0,0,1,0,0,0,0,0,2
4631,51126932141,6,0,0,0,0,0,0,0,0,1,0,0,0,0
4632,50572670801,1,0,2,2,2,2,2,2,2,2,2,2,2,0
4633,50368211217,6,0,0,0,0,0,0,0,0,0,1,0,0,2
4634,50364044132,1,0,2,2,2,2,2,2,2,2,2,2,2,0
4635,49851615152,2,0,0,0,1,0,0,0,0,0,0,0,0,0
4636,49356881267,6,0,2,2,2,2,2,2,2,2,2,2,2,0
4637,48774575727,2,0,0,1,0,0,0,0,0,0,0,0,0,0
4638,48773726918,2,0,0,0,0,0,0,0,1,0,0,0,0,2
4639,48683039877,1,0,0,0,0,0,1,0,0,0,0,0,0,1
4640,48574276437,0,0,2,2,2,2,2,2,2,2,2,2,2,1
4641,47643496441,2,0,0,0,0,0,1,0,0,0,0,0,0,2
4642,47845998711,5,0,2,2,2,2,2,2,2,2,2,2,2,0
4643,33628472878,1,0,0,0,0,1,0,0,0,0,0,0,0,1
4644,51163820449,5,0,0,0,1,0,0,0,0,0,0,0,0,0
4645,51141258466,5,0,2,2,2,2,2,2,2,2,2,2,2,0
4646,50899827086,2,0,2,2,2,2,2,2,2,2,2,2,2,2
4647,50887954247,6,0,0,0,0,0,1,0,0,0,0,0,0,0
4648,51093160729,5,0,0,0,0,0,0,0,1,0,0,0,0,2
4649,51013142621,4,0,0,0,0,0,0,0,1,0,0,0,0,0
4650,49345286162,0,0,2,2,2,2,2,2,2,2,2,2,2,0
4651,33671446278,1,0,2,2,2,2,2,2,2,2,2,2,2,1
4652,33671446048,1,0,0,0,0,0,0,0,0,1,0,0,0,2
4653,46601693474,4,0,0,0,0,0,0,0,0,1,0,0,0,1
4654,45975600242,0,1,0,0,0,0,0,1,0,0,0,0,0,0
4655,50958254158,5,0,2,2,2,2,2,2,2,2,2,2,2,0
4656,51095575889,5,0,2,2,2,2,2,2,2,2,2,2,2,1
4657,51162087368,2,0,0,0,0,1,0,0,0,0,0,0,0,2
4658,51111279224,6,0,0,0,0,1,0,0,0,0,0,0,0,0
4659,50699473243,4,0,0,0,0,0,0,0,0,0,0,0,1,1
4660,50441251438,4,1,0,0,0,0,0,0,0,0,0,0,1,0
4661,50279691811,3,0,0,0,1,0,0,0,0,0,0,0,0,0
4662,50083485257,2,0,0,1,0,0,0,0,0,0,0,0,0,0
4663,50067630953,5,0,2,2,2,2,2,2,2,2,2,2,2,0
4664,50068416717,5,0,0,0,0,0,0,1,0,0,0,0,0,0
4665,50067938336,5,1,0,0,0,1,0,0,0,0,0,0,0,0
4666,49754365762,0,0,0,0,0,0,0,0,0,0,0,1,0,0
4667,49518662936,2,0,0,0,0,1,0,0,0,0,0,0,0,0
4668,49332051813,0,0,0,0,0,0,0,0,0,0,1,0,0,0
4669,48825281488,5,0,0,0,0,0,0,0,0,1,0,0,0,0
4670,51029596231,2,0,2,2,2,2,2,2,2,2,2,2,2,2
4671,50499079883,5,0,0,0,0,0,0,0,0,0,0,0,1,2
4672,49567713832,2,1,0,0,0,0,1,0,0,0,0,0,0,0
4673,49108534948,3,0,2,2,2,2,2,2,2,2,2,2,2,2
4674,48922839901,5,0,2,2,2,2,2,2,2,2,2,2,2,1
4675,48890950916,2,0,0,0,0,0,0,0,0,0,1,0,0,1
4676,48220899257,1,0,0,0,0,0,0,1,0,0,0,0,0,1
4677,50439856938,4,0,2,2,2,2,2,2,2,2,2,2,2,1
4678,49327838063,1,1,0,0,0,1,0,0,0,0,0,0,0,2
4679,51130450174,3,0,0,0,1,0,0,0,0,0,0,0,0,0
4680,50373415863,0,0,0,0,0,0,0,0,0,0,1,0,0,2
4681,50437902507,4,0,0,0,0,0,1,0,0,0,0,0,0,1
4682,50795223497,3,0,0,0,0,0,0,0,1,0,0,0,0,2
4683,49993170192,6,0,0,0,0,0,0,0,0,1,0,0,0,2
4684,51202420490,3,0,2,2,2,2,2,2,2,2,2,2,2,2
4685,51145059717,5,0,0,0,0,0,0,0,0,0,0,1,0,0
4686,47985257542,3,0,2,2,2,2,2,2,2,2,2,2,2,1
4687,46791449071,5,1,2,2,2,2,2,2,2,2,2,2,2,0
4688,48856652573,4,0,0,0,0,0,0,0,0,1,0,0,0,2
4689,48831713318,1,0,2,2,2,2,2,2,2,2,2,2,2,2
4690,48749548481,2,1,2,2,2,2,2,2,2,2,2,2,2,1
4691,46863968324,5,0,0,0,1,0,0,0,0,0,0,0,0,2
4692,48872208718,4,0,2,2,2,2,2,2,2,2,2,2,2,0
4693,50907100637,5,0,2,2,2,2,2,2,2,2,2,2,2,1
4694,15535454480,2,0,0,0,0,0,0,0,0,0,0,1,0,0
4695,50368820812,0,0,0,0,0,0,0,0,1,0,0,0,0,1
4696,12686028773,1,0,0,0,0,0,1,0,0,0,0,0,0,0
4697,50827273287,3,0,2,2,2,2,2,2,2,2,2,2,2,0
4698,50988731126,1,0,0,0,0,0,1,0,0,0,0,0,0,1
4699,50316240028,4,0,0,0,0,0,0,0,0,0,1,0,0,1
4700,49041299063,0,0,2,2,2,2,2,2,2,2,2,2,2,2
4701,49825303946,6,0,0,0,0,0,1,0,0,0,0,0,0,0
4702,49465355863,4,0,0,0,0,0,0,0,0,0,0,0,1,2
4703,48624649712,5,0,2,2,2,2,2,2,2,2,2,2,2,0
4704,49949342186,6,0,0,0,0,0,1,0,0,0,0,0,0,0
4705,49919119893,1,1,0,0,0,0,0,0,0,0,0,1,0,0
4706,51033364911,2,0,0,0,0,0,1,0,0,0,0,0,0,0
4707,50294363428,1,0,0,0,0,0,0,0,0,0,0,1,0,0
4708,10913075574,1,0,0,0,0,0,0,1,0,0,0,0,0,1
4709,49920959491,1,0,0,0,0,0,0,0,0,0,0,1,0,2
4710,49374995503,6,0,2,2,2,2,2,2,2,2,2,2,2,1
4711,50332424402,4,0,0,0,0,0,0,0,0,0,1,0,0,2
4712,47939123996,0,0,0,1,0,0,0,0,0,0,0,0,0,0
4713,51186584884,1,0,0,0,1,0,0,0,0,0,0,0,0,2
4714,50777926818,4,0,0,1,0,0,0,0,0,0,0,0,0,0
4715,49582225726,5,0,0,0,0,1,0,0,0,0,0,0,0,0
4716,14216185757,0,0,0,0,0,0,0,0,1,0,0,0,0,0
4717,47952976113,0,0,0,0,1,0,0,0,0,0,0,0,0,2
4718,12019907085,1,0,0,0,0,0,1,0,0,0,0,0,0,1
4719,50816373566,2,0,0,0,0,1,0,0,0,0,0,0,0,2
4720,51188048184,1,0,2,2,2,2,2,2,2,2,2,2,2,0
4721,50967964137,6,1,0,0,0,0,0,0,1,0,0,0,0,2
4722,50869840647,1,0,0,0,0,0,1,0,0,0,0,0,0,0
4723,50583669162,2,1,0,0,0,0,0,1,0,0,0,0,0,2
4724,50769580373,4,0,2,2,2,2,2,2,2,2,2,2,2,0
4725,50686853457,5,0,0,0,0,0,1,0,0,0,0,0,0,2
4726,50299258917,1,0,2,2,2,2,2,2,2,2,2,2,2,0
4727,49836159042,2,0,0,0,0,0,0,0,1,0,0,0,0,0
4728,50041875716,4,0,0,0,0,0,0,0,0,0,0,0,1,0
4729,49761341541,0,0,0,0,0,1,0,0,0,0,0,0,0,2
4730,49091196767,3,0,0,0,0,1,0,0,0,0,0,0,0,0
4731,48963448016,1,0,0,0,0,0,0,0,0,0,0,1,0,2
4732,48001626223,3,0,2,2,2,2,2,2,2,2,2,2,2,0
4733,32680025107,0,0,0,0,0,1,0,0,0,0,0,0,0,1
4734,46635282865,4,0,2,2,2,2,2,2,2,2,2,2,2,0
4735,51112148123,6,0,0,0,0,0,1,0,0,0,0,0,0,0
4736,50939115202,2,0,0,0,0,0,0,0,0,0,0,0,1,1
4737,51048995736,1,0,0,0,0,0,0,0,0,0,1,0,0,0
4738,50915709123,2,0,0,0,1,0,0,0,0,0,0,0,0,0
4739,49840298487,2,0,2,2,2,2,2,2,2,2,2,2,2,0
4740,49839985976,2,0,0,0,1,0,0,0,0,0,0,0,0,0
4741,49442091667,1,0,0,0,0,0,0,0,1,0,0,0,0,1
4742,48069225628,3,1,0,0,1,0,0,0,0,0,0,0,0,0
4743,48254146667,3,0,2,2,2,2,2,2,2,2,2,2,2,0
4744,32665443777,0,0,2,2,2,2,2,2,2,2,2,2,2,0
4745,31156465967,5,0,2,2,2,2,2,2,2,2,2,2,2,1
4746,32063054798,3,1,2,2,2,2,2,2,2,2,2,2,2,1
4747,51109196470,6,0,0,0,0,0,0,0,0,1,0,0,0,1
4748,51114501095,6,0,0,1,0,0,0,0,0,0,0,0,0,0
4749,49777612533,6,0,0,0,0,0,0,0,0,0,0,1,0,1
4750,46769823101,5,0,0,0,1,0,0,0,0,0,0,0,0,0
4751,51125402135,5,0,0,0,0,0,0,1,0,0,0,0,0,2
4752,48556922286,0,0,0,0,0,1,0,0,0,0,0,0,0,1
4753,50894741186,6,0,2,2,2,2,2,2,2,2,2,2,2,2
4754,50753140131,4,0,0,0,0,0,0,0,0,0,0,0,1,2
4755,50860093048,4,1,0,0,0,0,0,0,0,0,0,1,0,1
4756,50860907187,4,0,0,0,0,0,0,0,0,1,0,0,0,1
4757,50071804908,5,0,0,0,0,0,0,0,0,0,0,1,0,0
4758,23855921670,0,0,0,0,0,0,0,0,1,0,0,0,0,0
4759,49042435196,0,0,0,0,0,0,0,0,1,0,0,0,0,0
4760,48206610431,1,0,0,1,0,0,0,0,0,0,0,0,0,0
4761,50427172616,5,0,2,2,2,2,2,2,2,2,2,2,2,1
4762,49834471323,2,0,0,0,0,0,0,0,0,0,0,1,0,2
4763,48970198383,4,0,0,0,0,1,0,0,0,0,0,0,0,0
4764,49773727333,6,0,0,0,0,0,0,0,0,1,0,0,0,2
4765,16610879716,0,1,0,0,0,1,0,0,0,0,0,0,0,0
4766,50957188346,5,0,0,0,1,0,0,0,0,0,0,0,0,1
4767,48744369897,1,0,0,0,1,0,0,0,0,0,0,0,0,1
4768,50405549776,6,1,0,0,0,0,0,0,0,1,0,0,0,0
4769,35213388136,5,0,0,0,0,0,0,0,0,0,0,1,0,0
4770,22702076891,1,0,0,0,0,0,0,1,0,0,0,0,0,1
4771,51136656400,2,0,0,0,0,0,1,0,0,0,0,0,0,0
4772,51017095645,4,0,0,0,0,0,0,0,0,0,0,1,0,1
4773,49933990268,3,0,2,2,2,2,2,2,2,2,2,2,2,0
4774,51077038977,2,0,2,2,2,2,2,2,2,2,2,2,2,0
4775,50450071592,1,0,2,2,2,2,2,2,2,2,2,2,2,0
4776,49814811601,4,1,2,2,2,2,2,2,2,2,2,2,2,1
4777,49740911446,2,0,0,0,0,0,0,0,0,0,1,0,0,1
4778,50358488077,1,0,2,2,2,2,2,2,2,2,2,2,2,0
4779,51160968264,5,0,0,0,0,0,1,0,0,0,0,0,0,2
4780,51062365376,4,0,2,2,2,2,2,2,2,2,2,2,2,2
4781,50552211077,6,1,2,2,2,2,2,2,2,2,2,2,2,0
4782,50385441358,0,0,2,2,2,2,2,2,2,2,2,2,2,0
4783,50632587372,5,0,2,2,2,2,2,2,2,2,2,2,2,2
4784,50251934296,3,0,0,0,0,0,0,0,0,1,0,0,0,2
4785,50317106176,4,0,2,2,2,2,2,2,2,2,2,2,2,0
4786,50252386276,3,0,0,0,0,0,0,1,0,0,0,0,0,0
4787,51176711096,6,0,0,0,0,0,0,1,0,0,0,0,0,0
4788,51141492034,5,0,0,0,0,0,0,1,0,0,0,0,0,0
4789,50885622871,6,0,0,0,0,0,0,0,0,0,1,0,0,1
4790,51069169873,4,0,0,0,0,1,0,0,0,0,0,0,0,1
4791,51069962653,2,0,2,2,2,2,2,2,2,2,2,2,2,2
4792,50906967886,4,0,2,2,2,2,2,2,2,2,2,2,2,1
4793,49929579032,3,0,0,0,0,0,0,0,1,0,0,0,0,0
4794,51196650162,3,0,0,0,0,0,0,0,0,0,0,1,0,1
4795,50011633146,4,0,0,0,0,0,0,0,0,0,1,0,0,1
4796,49490311376,2,0,0,0,0,0,0,0,0,1,0,0,0,0
4797,49805699752,3,0,0,0,0,1,0,0,0,0,0,0,0,2
4798,48128606086,0,0,0,0,1,0,0,0,0,0,0,0,0,1
4799,48576236312,0,0,0,0,0,0,1,0,0,0,0,0,0,0
4800,50914089113,6,1,0,0,0,0,0,0,0,0,0,0,1,2
4801,49559484121,5,0,0,0,0,0,0,0,1,0,0,0,0,0
4802,50885768563,6,0,0,0,0,0,1,0,0,0,0,0,0,2
4803,50886490896,6,0,2,2,2,2,2,2,2,2,2,2,2,1
4804,50304578691,1,0,0,0,0,0,0,0,1,0,0,0,0,0
4805,50300828398,1,0,2,2,2,2,2,2,2,2,2,2,2,0
4806,50639820056,5,0,2,2,2,2,2,2,2,2,2,2,2,1
4807,31198357427,5,0,2,2,2,2,2,2,2,2,2,2,2,0
4808,50442651457,6,0,0,0,0,0,0,0,0,1,0,0,0,0
4809,46922030442,1,0,0,0,0,0,0,0,0,0,1,0,0,0
4810,44694040665,6,0,0,0,0,0,0,0,0,0,0,1,0,0
4811,33929871973,3,0,0,0,0,1,0,0,0,0,0,0,0,0
4812,32970656234,5,0,2,2,2,2,2,2,2,2,2,2,2,0
4813,25664139195,3,0,2,2,2,2,2,2,2,2,2,2,2,0
4814,16031949529,3,0,0,0,0,0,0,0,0,1,0,0,0,0
4815,10690638054,5,0,0,0,0,0,1,0,0,0,0,0,0,0
4816,12418224255,1,0,0,0,0,0,1,0,0,0,0,0,0,0
4817,9721239725,6,0,0,0,0,0,0,1,0,0,0,0,0,1
4818,9927124005,6,0,0,0,0,0,0,0,0,1,0,0,0,0
4819,50443815312,1,0,0,0,0,0,0,0,0,1,0,0,0,0
4820,50981810618,6,0,0,0,0,0,1,0,0,0,0,0,0,1
4821,49562671803,5,0,2,2,2,2,2,2,2,2,2,2,2,0
4822,49066071338,0,0,0,0,0,0,0,0,1,0,0,0,0,0
4823,50890098111,6,1,0,0,0,0,0,0,0,0,0,0,1,1
4824,28619664712,0,0,0,0,1,0,0,0,0,0,0,0,0,0
4825,51144768831,5,0,0,0,0,0,0,0,1,0,0,0,0,0
4826,51111216552,6,0,0,0,1,0,0,0,0,0,0,0,0,0
4827,51066552883,4,0,0,1,0,0,0,0,0,0,0,0,0,2
4828,50690269543,6,0,0,0,0,0,0,0,0,0,1,0,0,1
4829,50814101402,3,0,0,0,0,0,0,0,1,0,0,0,0,0
4830,50711482942,2,0,2,2,2,2,2,2,2,2,2,2,2,1
4831,50623957212,5,0,0,0,1,0,0,0,0,0,0,0,0,1
4832,50563723107,6,0,0,0,0,1,0,0,0,0,0,0,0,1
4833,50506115276,5,0,0,0,0,0,0,0,0,0,0,0,1,1
4834,50469290021,2,0,2,2,2,2,2,2,2,2,2,2,2,0
4835,50429860521,6,0,0,0,0,0,0,0,1,0,0,0,0,0
4836,50349712081,4,0,0,0,0,1,0,0,0,0,0,0,0,2
4837,50198550543,1,0,0,0,0,0,1,0,0,0,0,0,0,0
4838,50026822856,4,0,0,0,0,0,0,0,0,1,0,0,0,2
4839,49949723923,6,0,2,2,2,2,2,2,2,2,2,2,2,2
4840,49977289346,2,0,0,0,0,0,0,0,0,0,0,0,1,0
4841,49890312687,6,0,2,2,2,2,2,2,2,2,2,2,2,2
4842,49866131742,0,0,2,2,2,2,2,2,2,2,2,2,2,0
4843,49442796091,1,0,0,0,0,0,1,0,0,0,0,0,0,1
4844,49077865962,0,0,0,0,0,1,0,0,0,0,0,0,0,1
4845,49588455688,5,0,0,0,0,0,0,0,0,0,1,0,0,2
4846,48720371133,1,0,2,2,2,2,2,2,2,2,2,2,2,1
4847,48704658042,1,0,2,2,2,2,2,2,2,2,2,2,2,2
4848,48609241193,5,0,2,2,2,2,2,2,2,2,2,2,2,0
4849,48521100801,0,0,0,0,0,0,1,0,0,0,0,0,0,2
4850,48128390568,0,0,2,2,2,2,2,2,2,2,2,2,2,1
4851,51161369542,5,0,2,2,2,2,2,2,2,2,2,2,2,0
4852,51106246584,3,0,0,0,0,0,1,0,0,0,0,0,0,0
4853,51077024737,2,0,2,2,2,2,2,2,2,2,2,2,2,1
4854,50926503578,2,0,0,0,0,0,0,0,0,0,0,0,1,0
4855,50979030297,6,0,0,0,0,0,0,0,0,0,0,0,1,2
4856,50895905328,6,0,0,0,0,0,0,0,0,1,0,0,0,2
4857,50847207946,4,0,2,2,2,2,2,2,2,2,2,2,2,1
4858,50872473766,1,0,2,2,2,2,2,2,2,2,2,2,2,1
4859,50522539072,5,0,0,0,0,0,0,0,0,0,0,0,1,2
4860,50366654911,1,0,0,0,0,0,1,0,0,0,0,0,0,1
4861,50529210578,1,0,0,0,0,0,0,0,0,1,0,0,0,0
4862,49328474161,0,0,0,0,0,0,0,0,1,0,0,0,0,0
4863,48791620903,2,1,0,0,0,0,0,0,0,0,1,0,0,2
4864,49079401807,0,0,0,0,0,0,0,0,0,0,1,0,0,2
4865,49075290128,0,0,2,2,2,2,2,2,2,2,2,2,2,1
4866,48108817713,3,0,2,2,2,2,2,2,2,2,2,2,2,1
4867,42994796745,4,0,0,0,0,0,0,0,0,0,1,0,0,0
4868,41504964370,3,0,2,2,2,2,2,2,2,2,2,2,2,2
4869,46882553854,5,0,2,2,2,2,2,2,2,2,2,2,2,1
4870,50218727316,2,0,0,0,1,0,0,0,0,0,0,0,0,0
4871,50913651942,6,0,0,1,0,0,0,0,0,0,0,0,0,2
4872,50569717692,1,0,2,2,2,2,2,2,2,2,2,2,2,0
4873,50678286872,1,0,2,2,2,2,2,2,2,2,2,2,2,0
4874,50623106133,5,0,0,0,0,0,0,0,0,1,0,0,0,1
4875,51144455776,5,0,0,0,0,1,0,0,0,0,0,0,0,0
4876,49491545703,2,0,2,2,2,2,2,2,2,2,2,2,2,1
4877,48785590033,2,0,0,1,0,0,0,0,0,0,0,0,0,0
4878,50627427658,4,1,0,0,0,0,0,0,0,0,0,0,1,0
4879,49313023217,3,0,0,0,0,0,0,1,0,0,0,0,0,0
4880,49674644327,2,0,2,2,2,2,2,2,2,2,2,2,2,1
4881,50795796293,3,0,2,2,2,2,2,2,2,2,2,2,2,1
4882,50346238326,4,0,0,0,0,0,0,0,0,0,1,0,0,1
4883,50920941622,2,0,2,2,2,2,2,2,2,2,2,2,2,1
4884,18081272205,5,0,0,0,0,0,0,1,0,0,0,0,0,0
4885,50747354133,2,0,2,2,2,2,2,2,2,2,2,2,2,1
4886,50744844258,2,0,0,0,0,0,0,1,0,0,0,0,0,0
4887,50744133851,2,0,2,2,2,2,2,2,2,2,2,2,2,0
4888,51101694721,6,0,2,2,2,2,2,2,2,2,2,2,2,0
4889,29445938433,4,0,2,2,2,2,2,2,2,2,2,2,2,1
4890,50716240566,1,0,2,2,2,2,2,2,2,2,2,2,2,1
4891,51177280085,6,0,2,2,2,2,2,2,2,2,2,2,2,1
4892,50913856523,6,0,0,0,0,0,0,1,0,0,0,0,0,2
4893,50216431141,2,1,0,1,0,0,0,0,0,0,0,0,0,1
4894,51050865408,1,0,0,0,0,0,0,0,0,0,1,0,0,1
4895,49975617718,2,0,0,0,0,0,0,0,0,1,0,0,0,2
4896,51174323353,5,0,0,0,0,0,0,0,0,0,0,0,1,0
4897,51140484151,5,0,0,1,0,0,0,0,0,0,0,0,0,0
4898,51033280838,2,0,0,0,0,0,1,0,0,0,0,0,0,0
4899,51013110777,4,0,0,0,0,0,0,0,0,0,1,0,0,0
4900,50879117423,6,0,0,0,0,0,0,1,0,0,0,0,0,0
4901,50969655456,6,0,0,0,0,0,0,0,0,0,0,0,1,0
4902,50918005487,2,0,2,2,2,2,2,2,2,2,2,2,2,0
4903,50836602751,4,0,0,0,0,1,0,0,0,0,0,0,0,0
4904,50736552742,2,0,0,0,0,0,1,0,0,0,0,0,0,0
4905,50559527637,6,0,2,2,2,2,2,2,2,2,2,2,2,0
4906,50557323651,6,0,2,2,2,2,2,2,2,2,2,2,2,0
4907,50503890037,5,0,0,0,0,0,0,0,0,1,0,0,0,2
4908,50352632588,4,0,0,0,0,0,0,0,0,0,0,0,1,0
4909,50090201817,3,0,0,0,0,1,0,0,0,0,0,0,0,2
4910,50088664503,3,0,0,0,0,0,0,0,0,0,0,0,1,2
4911,50043501348,4,1,0,0,0,0,0,0,0,0,0,0,1,1
4912,50019045377,2,0,0,0,0,0,0,0,0,0,1,0,0,2
4913,49997995906,6,0,0,0,0,0,0,0,0,0,0,0,1,0
4914,50004450737,4,0,2,2,2,2,2,2,2,2,2,2,2,0
4915,49979382668,2,0,2,2,2,2,2,2,2,2,2,2,2,2
4916,51211755156,3,0,2,2,2,2,2,2,2,2,2,2,2,1
4917,50725637841,5,0,0,0,0,0,0,0,0,0,0,0,1,0
4918,50047596638,4,0,2,2,2,2,2,2,2,2,2,2,2,1
4919,49640885256,0,0,0,0,0,1,0,0,0,0,0,0,0,0
4920,49640866506,0,0,0,0,0,0,1,0,0,0,0,0,0,0
4921,50142360047,5,0,0,0,0,0,1,0,0,0,0,0,0,2
4922,50141550243,5,0,0,1,0,0,0,0,0,0,0,0,0,0
4923,49904156963,6,0,0,0,1,0,0,0,0,0,0,0,0,0
4924,48796551561,1,0,2,2,2,2,2,2,2,2,2,2,2,0
4925,40265781283,3,0,0,1,0,0,0,0,0,0,0,0,0,0
4926,40978318781,0,0,2,2,2,2,2,2,2,2,2,2,2,0
4927,32768229687,4,1,0,0,0,0,0,0,1,0,0,0,0,0
4928,47585679352,2,0,0,0,0,0,0,0,1,0,0,0,0,0
4929,46554354572,6,0,2,2,2,2,2,2,2,2,2,2,2,0
4930,45396233834,3,0,0,0,0,1,0,0,0,0,0,0,0,0
4931,29472906687,4,0,0,0,1,0,0,0,0,0,0,0,0,0
4932,40477316931,4,0,2,2,2,2,2,2,2,2,2,2,2,0
4933,38888532944,2,0,0,0,1,0,0,0,0,0,0,0,0,0
4934,36344541764,4,0,2,2,2,2,2,2,2,2,2,2,2,0
4935,36018445980,0,0,0,0,0,0,0,0,0,0,0,1,0,2
4936,35148434420,5,0,2,2,2,2,2,2,2,2,2,2,2,0
4937,35368740926,5,0,0,0,0,0,0,1,0,0,0,0,0,0
4938,35286302936,5,0,0,0,1,0,0,0,0,0,0,0,0,2
4939,35263795005,5,0,0,0,0,0,0,0,1,0,0,0,0,1
4940,34890369471,2,0,0,0,0,0,1,0,0,0,0,0,0,0
4941,33556587631,1,0,0,0,0,0,1,0,0,0,0,0,0,2
4942,26080958655,3,0,0,1,0,0,0,0,0,0,0,0,0,1
4943,30367850203,5,0,0,0,0,0,0,0,0,0,1,0,0,0
4944,28836205304,6,0,0,0,0,1,0,0,0,0,0,0,0,0
4945,28318223144,4,0,2,2,2,2,2,2,2,2,2,2,2,2
4946,28318148474,6,0,0,0,0,0,1,0,0,0,0,0,0,2
4947,28793333352,6,0,0,0,0,0,0,0,0,0,0,0,1,1
4948,28897813125,6,1,0,0,1,0,0,0,0,0,0,0,0,0
4949,28866573956,6,0,2,2,2,2,2,2,2,2,2,2,2,2
4950,27119517874,3,0,0,0,0,0,0,0,0,0,0,1,0,1
4951,26253482033,4,0,0,0,0,0,0,0,0,0,1,0,0,0
4952,26432307632,6,0,2,2,2,2,2,2,2,2,2,2,2,0
4953,26406918725,6,0,0,0,0,1,0,0,0,0,0,0,0,0
4954,26165388546,3,0,0,0,0,0,0,0,1,0,0,0,0,2
4955,24188547162,6,0,2,2,2,2,2,2,2,2,2,2,2,0
4956,20623101052,1,0,0,0,0,1,0,0,0,0,0,0,0,0
4957,23897810910,0,0,2,2,2,2,2,2,2,2,2,2,2,0
4958,23978286136,5,0,0,0,0,0,0,0,1,0,0,0,0,0
4959,23556194920,1,0,2,2,2,2,2,2,2,2,2,2,2,0
4960,23031295222,1,0,2,2,2,2,2,2,2,2,2,2,2,0
4961,22994326065,1,1,2,2,2,2,2,2,2,2,2,2,2,0
4962,20971250112,5,0,0,0,0,0,0,0,1,0,0,0,0,0
4963,20748274621,1,0,2,2,2,2,2,2,2,2,2,2,2,1
4964,16730741856,3,0,0,0,0,0,0,0,1,0,0,0,0,1
4965,18536320373,0,1,2,2,2,2,2,2,2,2,2,2,2,0
4966,18966454448,0,0,0,0,0,1,0,0,0,0,0,0,0,1
4967,19018484796,0,0,0,0,1,0,0,0,0,0,0,0,0,1
4968,16660393393,3,0,2,2,2,2,2,2,2,2,2,2,2,0
4969,16937266709,4,0,2,2,2,2,2,2,2,2,2,2,2,1
4970,16349581554,0,0,0,0,0,0,1,0,0,0,0,0,0,0
4971,16260017509,0,0,0,0,0,0,0,0,1,0,0,0,0,1
4972,16038208531,3,0,0,0,0,1,0,0,0,0,0,0,0,1
4973,14640691782,0,0,0,0,0,1,0,0,0,0,0,0,0,0
4974,14608093996,0,0,2,2,2,2,2,2,2,2,2,2,2,0
4975,14380125321,0,0,0,0,0,0,0,0,1,0,0,0,0,0
4976,15277247319,2,0,0,0,0,0,0,0,0,0,1,0,0,0
4977,15277246889,1,0,2,2,2,2,2,2,2,2,2,2,2,0
4978,15335614845,1,0,0,0,0,0,0,0,1,0,0,0,0,0
4979,15219709562,1,0,0,0,0,0,0,0,0,0,1,0,0,0
4980,14973219546,1,0,0,0,0,0,0,0,0,1,0,0,0,0
4981,14807375137,1,0,2,2,2,2,2,2,2,2,2,2,2,0
4982,14449866039,0,0,0,0,0,0,0,1,0,0,0,0,0,0
4983,14618492432,0,0,0,0,0,0,1,0,0,0,0,0,0,0
4984,14101869909,0,0,0,0,0,1,0,0,0,0,0,0,0,0
4985,14277577034,0,0,2,2,2,2,2,2,2,2,2,2,2,0
4986,12734984985,2,0,0,0,0,0,0,0,0,0,0,1,0,1
4987,12682953315,1,0,0,0,0,0,0,0,1,0,0,0,0,0
4988,11906052004,1,0,2,2,2,2,2,2,2,2,2,2,2,1
4989,11798674006,1,0,0,0,0,0,0,0,0,0,0,0,1,0
4990,11625507813,1,0,0,0,0,0,0,0,0,0,0,1,0,0
4991,11625187315,1,0,2,2,2,2,2,2,2,2,2,2,2,0
4992,11625413253,1,0,0,0,0,1,0,0,0,0,0,0,0,0
4993,11486527343,1,0,0,1,0,0,0,0,0,0,0,0,0,1
4994,11139575125,1,0,2,2,2,2,2,2,2,2,2,2,2,0
4995,11117105465,1,0,0,0,0,0,0,0,0,0,0,1,0,0
4996,11102879106,1,0,0,0,0,0,0,1,0,0,0,0,0,1
4997,10707237203,5,0,0,0,0,1,0,0,0,0,0,0,0,2
4998,10293117336,5,0,0,0,1,0,0,0,0,0,0,0,0,0
4999,10042822394,5,0,2,2,2,2,2,2,2,2,2,2,2,0
5000,10979632845,1,0,0,0,0,0,0,0,1,0,0,0,0,0
5001,10671588333,5,0,0,0,0,0,0,0,0,1,0,0,0,1
5002,10303858646,5,0,2,2,2,2,2,2,2,2,2,2,2,0
5003,9896368214,6,0,0,0,1,0,0,0,0,0,0,0,0,0
5004,9895623505,6,0,0,0,0,0,0,0,0,0,0,1,0,1
5005,49948829632,6,0,2,2,2,2,2,2,2,2,2,2,2,1
5006,49251515047,6,0,2,2,2,2,2,2,2,2,2,2,2,0
5007,49096737831,3,0,2,2,2,2,2,2,2,2,2,2,2,0
5008,36753767973,4,0,0,0,0,0,0,1,0,0,0,0,0,0
5009,51025529621,4,0,0,0,0,0,0,0,0,1,0,0,0,1
5010,51162008303,1,0,0,0,0,0,0,0,0,0,0,0,1,1
5011,51113182357,6,0,0,0,0,0,0,0,0,0,0,1,0,0
5012,51009868988,3,0,0,0,0,0,0,0,0,0,1,0,0,0
5013,50890600558,6,0,0,0,0,0,1,0,0,0,0,0,0,0
5014,50845880656,4,0,0,0,0,0,0,0,0,1,0,0,0,0
5015,50840359997,4,0,0,0,0,0,1,0,0,0,0,0,0,0
5016,50794098007,3,0,0,0,0,0,0,0,0,0,0,1,0,1
5017,51210979107,3,0,0,1,0,0,0,0,0,0,0,0,0,0
5018,51201962168,3,0,0,0,0,0,1,0,0,0,0,0,0,0
5019,51100477715,6,0,2,2,2,2,2,2,2,2,2,2,2,0
5020,51046926923,3,0,0,0,0,0,0,0,0,0,1,0,0,0
5021,50790338686,1,0,0,0,0,0,0,1,0,0,0,0,0,0
5022,50686546773,4,0,2,2,2,2,2,2,2,2,2,2,2,0
5023,50618771558,2,0,0,0,0,0,0,0,0,0,0,0,1,1
5024,50599463641,2,0,0,0,0,0,0,0,0,1,0,0,0,2
5025,50434235593,4,0,0,0,0,0,0,0,0,1,0,0,0,0
5026,50429571786,5,0,0,0,0,0,0,0,0,0,1,0,0,0
5027,50685560238,1,0,0,1,0,0,0,0,0,0,0,0,0,0
5028,50664917636,1,0,0,0,0,0,1,0,0,0,0,0,0,1
5029,50531690302,1,0,0,0,0,0,0,0,0,0,1,0,0,0
5030,50292629321,1,0,0,0,0,0,0,0,0,0,0,1,0,2
5031,50233304891,4,0,2,2,2,2,2,2,2,2,2,2,2,0
5032,50155636377,3,0,0,0,0,0,0,0,1,0,0,0,0,0
5033,50084652006,3,1,0,0,0,0,0,1,0,0,0,0,0,0
5034,50333315236,4,0,2,2,2,2,2,2,2,2,2,2,2,2
5035,50320425631,4,0,0,0,0,0,0,0,0,0,0,1,0,0
5036,50177328192,2,0,0,0,0,0,0,0,0,0,0,0,1,0
5037,50060751892,0,0,2,2,2,2,2,2,2,2,2,2,2,1
5038,50041121271,4,0,2,2,2,2,2,2,2,2,2,2,2,0
5039,49188094827,1,0,2,2,2,2,2,2,2,2,2,2,2,2
5040,50028994283,4,0,0,0,1,0,0,0,0,0,0,0,0,1
5041,50023113942,3,0,0,1,0,0,0,0,0,0,0,0,0,0
5042,49187161658,4,0,0,0,0,0,0,0,1,0,0,0,0,0
5043,49900666536,6,0,0,0,1,0,0,0,0,0,0,0,0,0
5044,49871947622,0,0,0,0,0,0,0,0,0,0,0,1,0,1
5045,49636077287,0,0,0,1,0,0,0,0,0,0,0,0,0,2
5046,49568297412,2,0,0,0,0,0,0,1,0,0,0,0,0,0
5047,49653847553,0,0,2,2,2,2,2,2,2,2,2,2,2,0
5048,49643682706,0,0,0,0,0,0,0,0,0,1,0,0,0,0
5049,49590532501,5,0,0,0,0,0,0,0,0,1,0,0,0,0
5050,49570140981,2,0,2,2,2,2,2,2,2,2,2,2,2,0
5051,49557684883,5,0,0,1,0,0,0,0,0,0,0,0,0,1
5052,48899430992,2,0,0,0,0,0,0,0,0,1,0,0,0,0
5053,49332328167,0,0,0,0,0,0,0,0,0,0,0,0,1,0
5054,49303234463,3,0,0,0,1,0,0,0,0,0,0,0,0,0
5055,48956012881,5,0,0,0,0,0,0,0,1,0,0,0,0,0
5056,49165759336,3,0,0,0,0,0,0,0,1,0,0,0,0,0
5057,49042674122,0,0,2,2,2,2,2,2,2,2,2,2,2,0
5058,49042618012,0,0,2,2,2,2,2,2,2,2,2,2,2,2
5059,48993378737,6,0,2,2,2,2,2,2,2,2,2,2,2,1
5060,48825980147,1,0,0,0,0,0,0,0,0,0,0,1,0,1
5061,48787842447,2,0,0,1,0,0,0,0,0,0,0,0,0,0
5062,48199771822,1,0,2,2,2,2,2,2,2,2,2,2,2,0
5063,48052019921,2,0,2,2,2,2,2,2,2,2,2,2,2,0
5064,48261797281,2,0,0,0,0,0,1,0,0,0,0,0,0,2
5065,48260358397,2,0,0,0,1,0,0,0,0,0,0,0,0,0
5066,48199836882,1,0,0,0,0,0,0,0,0,0,1,0,0,1
5067,48199745152,1,0,0,0,0,0,1,0,0,0,0,0,0,2
5068,48193318906,0,0,2,2,2,2,2,2,2,2,2,2,2,1
5069,48090167638,3,0,2,2,2,2,2,2,2,2,2,2,2,0
5070,48053344291,2,0,2,2,2,2,2,2,2,2,2,2,2,1
5071,48016724232,1,0,0,0,0,0,0,1,0,0,0,0,0,0
5072,47969680998,3,0,0,0,0,0,0,0,0,0,0,0,1,2
5073,47961007232,0,0,0,0,0,0,0,0,0,1,0,0,0,0
5074,50855858983,4,0,0,0,0,0,0,1,0,0,0,0,0,0
5075,50787312713,1,0,0,0,0,0,1,0,0,0,0,0,0,1
5076,51047730686,1,0,0,0,0,0,0,0,0,0,0,1,0,0
5077,51010575491,3,0,2,2,2,2,2,2,2,2,2,2,2,2
5078,50891281921,6,1,0,0,0,0,0,0,0,1,0,0,0,0
5079,50762154892,4,0,0,0,0,0,0,1,0,0,0,0,0,0
5080,51147115026,2,0,0,0,0,0,0,0,0,0,0,1,0,0
5081,50764511457,3,0,0,0,0,0,0,0,1,0,0,0,0,0
5082,51132405363,2,0,0,0,0,0,0,0,1,0,0,0,0,0
5083,51163347159,4,0,0,0,0,0,0,0,0,0,1,0,0,0
5084,50701320696,4,0,0,0,0,0,0,0,0,0,0,0,1,1
5085,50965755917,6,0,0,0,0,0,0,0,0,0,0,0,1,0
5086,14903895316,1,0,2,2,2,2,2,2,2,2,2,2,2,0
5087,50689230356,6,1,0,0,0,0,0,0,0,0,1,0,0,0
5088,50656843911,1,0,0,0,1,0,0,0,0,0,0,0,0,1
5089,50760561487,4,0,2,2,2,2,2,2,2,2,2,2,2,1
5090,36117949656,0,0,0,0,1,0,0,0,0,0,0,0,0,0
5091,50364655062,1,0,0,0,0,0,0,0,1,0,0,0,0,1
5092,50917960378,2,0,2,2,2,2,2,2,2,2,2,2,2,0
5093,48624696752,5,0,0,0,0,0,0,1,0,0,0,0,0,0
5094,40617769723,0,0,0,1,0,0,0,0,0,0,0,0,0,0
5095,17444087621,5,0,0,0,0,0,1,0,0,0,0,0,0,0
5096,51167039465,5,0,0,0,0,0,0,0,0,1,0,0,0,0
5097,35088829563,2,0,0,0,1,0,0,0,0,0,0,0,0,1
5098,50813537971,3,0,0,1,0,0,0,0,0,0,0,0,0,2
5099,51041763603,4,0,0,0,1,0,0,0,0,0,0,0,0,0
5100,50566938117,1,0,0,0,0,0,0,0,0,1,0,0,0,1
5101,51021446486,4,0,2,2,2,2,2,2,2,2,2,2,2,1
5102,50704940048,4,0,0,0,0,0,0,0,0,1,0,0,0,0
5103,50252951588,3,1,2,2,2,2,2,2,2,2,2,2,2,0
5104,50805495403,3,0,0,0,0,0,0,0,1,0,0,0,0,1
5105,49811688642,3,0,0,0,0,0,0,0,1,0,0,0,0,1
5106,51109149566,6,0,0,0,0,0,0,0,0,0,0,0,1,1
5107,48128135608,0,0,2,2,2,2,2,2,2,2,2,2,2,2
5108,48025145313,1,0,2,2,2,2,2,2,2,2,2,2,2,2
5109,48025018076,1,0,2,2,2,2,2,2,2,2,2,2,2,1
5110,48250559687,1,0,0,0,0,0,0,1,0,0,0,0,0,0
5111,48117078202,3,0,2,2,2,2,2,2,2,2,2,2,2,0
5112,50961778548,3,0,0,0,0,0,0,0,0,0,0,1,0,2
5113,51195058879,3,0,0,0,1,0,0,0,0,0,0,0,0,0
5114,48732228247,1,0,0,0,0,0,0,0,0,0,1,0,0,1
5115,49713736093,2,0,0,0,0,0,0,0,0,1,0,0,0,2
5116,51220844850,5,0,2,2,2,2,2,2,2,2,2,2,2,1
5117,51184586367,6,0,0,0,1,0,0,0,0,0,0,0,0,0
5118,50184622911,2,0,0,0,0,0,0,0,0,0,0,1,0,0
5119,49917420566,1,0,0,0,0,0,0,0,0,0,1,0,0,2
5120,49916892298,3,0,0,0,0,0,0,0,0,0,1,0,0,2
5121,50953274357,4,0,0,0,0,0,1,0,0,0,0,0,0,1
5122,51206143123,3,0,0,0,0,0,0,0,0,0,0,1,0,1
5123,50937604197,2,1,0,1,0,0,0,0,0,0,0,0,0,0
5124,49839508623,2,0,2,2,2,2,2,2,2,2,2,2,2,2
5125,49470548453,2,0,0,1,0,0,0,0,0,0,0,0,0,0
5126,49042412717,0,0,0,0,0,0,0,0,0,0,0,0,1,2
5127,42641943554,2,0,0,0,0,0,0,1,0,0,0,0,0,2
5128,43358444641,0,0,0,0,0,0,0,0,1,0,0,0,0,0
5129,47324996391,5,0,0,0,0,0,0,0,0,1,0,0,0,2
5130,47070615541,2,0,0,0,0,0,0,1,0,0,0,0,0,2
5131,48856057607,4,0,2,2,2,2,2,2,2,2,2,2,2,2
5132,48855852167,4,0,0,0,0,0,0,0,0,0,0,1,0,1
5133,48849525777,4,0,0,0,0,0,0,0,0,0,0,0,1,1
5134,50745150418,2,0,0,0,1,0,0,0,0,0,0,0,0,1
5135,48813214703,5,0,0,0,0,0,0,0,1,0,0,0,0,2
5136,42528396674,3,0,0,0,1,0,0,0,0,0,0,0,0,1
5137,38715072274,1,0,2,2,2,2,2,2,2,2,2,2,2,0
5138,30757968941,1,0,0,0,0,0,0,0,1,0,0,0,0,0
5139,26590704660,6,0,0,0,0,0,0,0,0,1,0,0,0,2
5140,16538041801,0,0,0,0,0,0,1,0,0,0,0,0,0,0
5141,15319913749,1,0,2,2,2,2,2,2,2,2,2,2,2,0
5142,9690072507,6,0,2,2,2,2,2,2,2,2,2,2,2,1
5143,50815138938,3,0,0,0,0,0,0,1,0,0,0,0,0,2
5144,50243905537,1,0,0,0,0,0,0,0,0,0,0,1,0,0
5145,49912446517,4,0,0,0,0,0,0,0,0,0,0,0,1,1
5146,51176323758,6,0,0,0,0,0,0,0,0,0,0,1,0,1
5147,17754448070,5,0,0,0,0,0,0,0,0,0,0,0,1,2
5148,49410011901,3,0,0,0,0,0,0,1,0,0,0,0,0,2
5149,48057369517,2,0,0,1,0,0,0,0,0,0,0,0,0,0
5150,48057241466,2,0,0,0,0,0,0,0,0,0,0,1,0,0
5151,26772992312,0,0,2,2,2,2,2,2,2,2,2,2,2,0
5152,50976174557,6,0,2,2,2,2,2,2,2,2,2,2,2,1
5153,50939801341,2,0,0,1,0,0,0,0,0,0,0,0,0,1
5154,50820590811,2,0,0,0,0,0,0,1,0,0,0,0,0,2
5155,50548240537,6,0,2,2,2,2,2,2,2,2,2,2,2,0
5156,50336451487,1,0,0,0,0,0,0,0,0,0,1,0,0,2
5157,50019417971,2,0,0,0,0,0,0,1,0,0,0,0,0,0
5158,50006936283,4,0,0,0,0,1,0,0,0,0,0,0,0,1
5159,50007462811,4,0,0,0,0,0,1,0,0,0,0,0,0,0
5160,51120551899,1,0,2,2,2,2,2,2,2,2,2,2,2,2
5161,43506095152,0,0,0,0,0,0,0,0,0,0,0,0,1,0
5162,32280797678,2,0,0,0,0,0,0,0,0,0,0,1,0,0
5163,33414537233,0,0,0,0,0,0,0,0,0,1,0,0,0,2
5164,33306400816,6,0,0,0,0,0,0,0,0,0,1,0,0,2
5165,11344764075,1,0,2,2,2,2,2,2,2,2,2,2,2,2
5166,11344045263,1,0,0,0,0,0,0,1,0,0,0,0,0,1
5167,11343903736,1,0,0,0,0,0,1,0,0,0,0,0,0,2
5168,50899930892,2,0,0,0,0,0,0,0,0,1,0,0,0,0
5169,50268326327,3,0,0,0,0,1,0,0,0,0,0,0,0,2
5170,50122463281,3,0,0,0,0,0,0,0,0,1,0,0,0,2
5171,49913601566,4,0,0,0,0,0,0,0,0,0,1,0,0,2
5172,49483617888,2,0,2,2,2,2,2,2,2,2,2,2,2,2
5173,49547386123,5,0,2,2,2,2,2,2,2,2,2,2,2,1
5174,49092133513,3,0,0,0,0,0,0,0,1,0,0,0,0,2
5175,48841430446,1,1,0,0,0,0,0,0,0,0,0,0,1,2
5176,48790975476,2,0,2,2,2,2,2,2,2,2,2,2,2,0
5177,28228821701,6,0,0,0,0,1,0,0,0,0,0,0,0,0
5178,51056817912,4,1,2,2,2,2,2,2,2,2,2,2,2,1
5179,49937327996,3,0,0,0,0,0,0,0,0,1,0,0,0,2
5180,14566604204,0,0,0,0,0,0,1,0,0,0,0,0,0,2
5181,15263587532,1,0,0,0,0,0,0,0,1,0,0,0,0,2
5182,46038949132,0,0,0,0,0,0,0,0,0,0,0,1,0,2
5183,51065843798,4,1,2,2,2,2,2,2,2,2,2,2,2,0
5184,51052080927,1,1,2,2,2,2,2,2,2,2,2,2,2,0
5185,20384891052,0,0,0,1,0,0,0,0,0,0,0,0,0,2
5186,30888184450,2,0,0,0,0,0,1,0,0,0,0,0,0,0
5187,38288113442,0,1,0,0,0,0,0,0,0,0,0,0,1,0
5188,30476243840,4,0,2,2,2,2,2,2,2,2,2,2,2,1
5189,24486530806,0,1,0,0,0,0,0,1,0,0,0,0,0,1
5190,23845262784,0,1,2,2,2,2,2,2,2,2,2,2,2,0
5191,6849679037,3,0,0,0,0,1,0,0,0,0,0,0,0,2
5192,18557061286,0,0,0,0,0,0,0,0,0,1,0,0,0,1
5193,24952915826,4,0,2,2,2,2,2,2,2,2,2,2,2,1
5194,32498911932,3,0,2,2,2,2,2,2,2,2,2,2,2,2
5195,40682278711,0,1,0,0,1,0,0,0,0,0,0,0,0,0
5196,26273405291,4,0,2,2,2,2,2,2,2,2,2,2,2,1
5197,13915837865,0,0,0,0,0,0,0,1,0,0,0,0,0,0
5198,8397050426,6,0,0,0,0,1,0,0,0,0,0,0,0,0
5199,8183139774,2,0,0,0,0,0,0,0,0,0,0,1,0,1
5200,42495051581,3,0,0,0,1,0,0,0,0,0,0,0,0,2
5201,6878904308,3,0,0,0,0,0,0,0,0,0,1,0,0,1
5202,49734211816,2,0,0,0,0,1,0,0,0,0,0,0,0,0
5203,36840081113,4,0,0,1,0,0,0,0,0,0,0,0,0,0
5204,25112977534,4,1,0,0,0,0,0,1,0,0,0,0,0,0
5205,8151460673,2,1,0,0,0,0,0,0,0,0,0,0,1,1
5206,32652353435,0,1,0,0,0,0,1,0,0,0,0,0,0,2
5207,31148337114,5,0,0,0,0,0,0,0,0,0,0,1,0,0
5208,50082739312,5,1,0,0,0,0,0,0,0,0,0,0,1,2
5209,9200356261,6,0,0,0,0,0,0,0,1,0,0,0,0,2
5210,38849668591,2,0,0,0,0,0,0,0,0,0,1,0,0,1
5211,26583110912,6,0,2,2,2,2,2,2,2,2,2,2,2,1
5212,27779211223,5,0,0,0,0,0,0,0,0,0,1,0,0,1
5213,42262694380,5,0,0,0,0,0,0,0,0,0,0,0,1,0
5214,50082496576,5,1,2,2,2,2,2,2,2,2,2,2,2,0
5215,9200952203,6,0,0,0,0,0,0,0,1,0,0,0,0,0
5216,50369913878,0,1,2,2,2,2,2,2,2,2,2,2,2,0
5217,39886317640,4,0,0,0,0,1,0,0,0,0,0,0,0,2
5218,7273021382,6,0,2,2,2,2,2,2,2,2,2,2,2,2
5219,6090081201,3,0,2,2,2,2,2,2,2,2,2,2,2,0
5220,47601002842,2,0,0,0,0,0,0,0,0,0,0,1,0,0
5221,14859071912,1,0,0,0,0,1,0,0,0,0,0,0,0,0
5222,14758570643,1,0,0,0,0,0,0,0,1,0,0,0,0,0
5223,13074937884,0,0,0,0,1,0,0,0,0,0,0,0,0,2
5224,9048623437,6,0,0,0,0,0,0,0,0,1,0,0,0,1
5225,24093863017,5,0,0,1,0,0,0,0,0,0,0,0,0,0
5226,25911929585,3,0,2,2,2,2,2,2,2,2,2,2,2,0
5227,27790424054,5,1,2,2,2,2,2,2,2,2,2,2,2,2
5228,39953735231,4,0,2,2,2,2,2,2,2,2,2,2,2,1
5229,51113394737,6,0,0,0,0,0,0,1,0,0,0,0,0,0
5230,48139345811,0,0,0,0,0,0,0,0,0,1,0,0,0,2
5231,47956057751,0,0,0,0,0,0,0,1,0,0,0,0,0,2
5232,32371964957,4,1,0,0,0,0,0,0,0,0,0,1,0,2
5233,42607207654,3,0,0,0,0,0,0,0,0,0,1,0,0,2
5234,36616006902,2,1,0,0,0,0,0,0,1,0,0,0,0,0
5235,39271147870,1,0,0,0,0,0,0,1,0,0,0,0,0,2
5236,23921700517,5,0,2,2,2,2,2,2,2,2,2,2,2,0
5237,38380063581,4,0,0,0,0,0,0,0,1,0,0,0,0,1
5238,38297502106,0,0,0,0,0,0,0,0,0,0,0,1,0,1
5239,35092816340,2,1,2,2,2,2,2,2,2,2,2,2,2,1
5240,31633393815,3,0,0,0,0,0,1,0,0,0,0,0,0,2
5241,30380213326,5,0,0,0,0,1,0,0,0,0,0,0,0,1
5242,29213820273,4,0,0,0,0,0,0,0,0,0,1,0,0,2
5243,29407501332,4,0,2,2,2,2,2,2,2,2,2,2,2,0
5244,21753961184,0,0,0,0,0,0,0,0,0,0,0,0,1,2
5245,24809522111,0,0,0,0,0,0,0,0,0,1,0,0,0,2
5246,21965251899,0,0,2,2,2,2,2,2,2,2,2,2,2,1
5247,17976727512,5,0,0,0,0,1,0,0,0,0,0,0,0,2
5248,9833302494,6,0,0,0,1,0,0,0,0,0,0,0,0,1
5249,6183451989,3,1,0,0,0,0,0,0,0,1,0,0,0,1
5250,49541559037,4,0,0,0,1,0,0,0,0,0,0,0,0,2
5251,44274125695,2,0,0,0,0,0,1,0,0,0,0,0,0,0
5252,31561783377,6,0,0,0,1,0,0,0,0,0,0,0,0,1
5253,20038190764,0,0,0,0,0,0,0,0,0,0,0,1,0,2
5254,8431909075,6,0,0,0,0,1,0,0,0,0,0,0,0,1
5255,19897837066,0,0,0,0,0,0,0,1,0,0,0,0,0,0
5256,18581987651,0,1,2,2,2,2,2,2,2,2,2,2,2,0
5257,15797667105,3,0,2,2,2,2,2,2,2,2,2,2,2,0
5258,11588879253,1,0,2,2,2,2,2,2,2,2,2,2,2,0
5259,7466921760,3,0,0,0,0,0,0,1,0,0,0,0,0,1
5260,30318696051,5,0,2,2,2,2,2,2,2,2,2,2,2,0
5261,6170070282,3,0,2,2,2,2,2,2,2,2,2,2,2,0
5262,39610008082,4,0,0,0,0,0,0,1,0,0,0,0,0,0
5263,31560534725,6,0,0,0,0,0,0,0,1,0,0,0,0,1
5264,31522255394,6,0,0,0,0,0,0,0,0,0,0,1,0,2
5265,10936744505,1,0,0,0,0,0,0,0,0,0,0,1,0,2
5266,28911650997,4,0,2,2,2,2,2,2,2,2,2,2,2,0
5267,41648818952,2,0,2,2,2,2,2,2,2,2,2,2,2,0
5268,50984523013,1,1,0,0,0,0,1,0,0,0,0,0,0,0
5269,42804019304,3,0,2,2,2,2,2,2,2,2,2,2,2,1
5270,44799496492,6,1,0,0,0,0,0,0,0,0,1,0,0,1
5271,37362390840,0,0,0,0,0,0,0,1,0,0,0,0,0,0
5272,35537651094,1,0,0,0,0,1,0,0,0,0,0,0,0,1
5273,24738517789,0,0,0,0,0,0,0,0,0,1,0,0,0,2
5274,22786727853,1,1,0,0,0,1,0,0,0,0,0,0,0,0
5275,49586251522,5,0,0,0,0,0,0,1,0,0,0,0,0,2
5276,49585502541,5,0,0,0,0,0,0,0,0,0,0,0,1,0
5277,50036893887,3,0,0,1,0,0,0,0,0,0,0,0,0,1
5278,40310847213,3,0,0,0,0,0,0,0,0,0,1,0,0,2
5279,27720400998,2,1,0,1,0,0,0,0,0,0,0,0,0,0
5280,34904250454,2,1,0,0,0,1,0,0,0,0,0,0,0,0
5281,39645760125,4,0,0,0,0,0,0,0,1,0,0,0,0,0
5282,24942242675,4,1,2,2,2,2,2,2,2,2,2,2,2,0
5283,7222420786,6,0,0,0,0,1,0,0,0,0,0,0,0,1
5284,12572360524,1,0,2,2,2,2,2,2,2,2,2,2,2,2
5285,8158636035,2,0,0,0,0,0,0,0,0,1,0,0,0,0
5286,6925251959,3,0,0,0,1,0,0,0,0,0,0,0,0,1
5287,29358383108,4,0,0,0,1,0,0,0,0,0,0,0,0,0
5288,44991789694,6,0,0,0,0,0,0,1,0,0,0,0,0,2
5289,50740989616,2,0,0,0,0,0,0,0,0,1,0,0,0,0
5290,50627518747,5,0,2,2,2,2,2,2,2,2,2,2,2,0
5291,15503337841,2,0,2,2,2,2,2,2,2,2,2,2,2,2
5292,25217070357,4,0,2,2,2,2,2,2,2,2,2,2,2,2
5293,48264327061,2,0,2,2,2,2,2,2,2,2,2,2,2,0
5294,50731101057,5,0,0,0,0,0,0,0,0,0,0,0,1,2
5295,41530769884,3,0,0,0,0,0,0,1,0,0,0,0,0,2
5296,49233127507,4,0,0,0,0,1,0,0,0,0,0,0,0,2
5297,49204585282,4,0,0,0,0,0,0,0,1,0,0,0,0,0
5298,47426704242,5,0,2,2,2,2,2,2,2,2,2,2,2,1
5299,47426699432,5,1,0,0,1,0,0,0,0,0,0,0,0,2
5300,29613602463,0,0,2,2,2,2,2,2,2,2,2,2,2,0
5301,15663138475,2,0,0,0,0,0,0,0,1,0,0,0,0,1
5302,15647904441,2,0,0,0,1,0,0,0,0,0,0,0,0,0
5303,19155284135,0,0,2,2,2,2,2,2,2,2,2,2,2,0
5304,34560407466,1,1,2,2,2,2,2,2,2,2,2,2,2,1
5305,33731687961,3,0,0,0,0,0,0,0,0,0,1,0,0,2
5306,21244858743,5,1,0,0,0,0,1,0,0,0,0,0,0,0
5307,47473258872,5,1,0,0,0,0,0,0,1,0,0,0,0,2
5308,45996728384,0,0,0,0,0,0,0,0,0,0,0,1,0,2
5309,45710358275,6,0,0,1,0,0,0,0,0,0,0,0,0,1
5310,23998463118,5,0,0,0,0,0,0,0,0,1,0,0,0,1
5311,32624992910,5,0,0,0,0,0,0,0,0,0,1,0,0,0
5312,24682244594,1,0,2,2,2,2,2,2,2,2,2,2,2,2
5313,31377031594,2,0,0,1,0,0,0,0,0,0,0,0,0,2
5314,14021304618,0,0,0,0,0,0,0,0,0,0,0,1,0,0
5315,22137375535,2,0,0,0,0,0,0,0,0,0,0,1,0,0
5316,19223191050,0,0,0,0,0,0,0,0,1,0,0,0,0,2
5317,6455257753,6,0,0,0,0,1,0,0,0,0,0,0,0,0
5318,32116531488,3,0,0,0,0,0,0,0,0,0,0,0,1,2
5319,37619517772,0,0,0,0,0,1,0,0,0,0,0,0,0,2
5320,33965899356,3,0,0,0,0,0,0,0,0,0,0,0,1,2
5321,27437694011,5,0,0,0,0,1,0,0,0,0,0,0,0,0
5322,16369465660,0,0,2,2,2,2,2,2,2,2,2,2,2,1
5323,15644836356,2,0,0,0,0,0,1,0,0,0,0,0,0,2
5324,18365477426,0,0,2,2,2,2,2,2,2,2,2,2,2,1
5325,32274100885,2,0,0,0,0,0,0,0,0,0,0,1,0,0
5326,10560439084,5,0,0,0,0,0,1,0,0,0,0,0,0,2
5327,47042061222,2,0,0,0,0,0,0,0,0,0,1,0,0,0
5328,42756102351,3,0,0,0,0,0,0,0,0,0,0,0,1,1
5329,45779375865,6,0,0,0,0,0,1,0,0,0,0,0,0,1
5330,31753106277,3,0,0,0,0,0,0,1,0,0,0,0,0,2
5331,35798395421,0,0,0,0,0,0,0,0,1,0,0,0,0,2
5332,34471335543,5,0,0,0,0,0,0,0,0,1,0,0,0,1
5333,33922892876,3,0,0,1,0,0,0,0,0,0,0,0,0,1
5334,19894121226,0,0,0,0,0,0,0,0,0,1,0,0,0,0
5335,16200289715,0,0,2,2,2,2,2,2,2,2,2,2,2,1
5336,14617239137,0,0,2,2,2,2,2,2,2,2,2,2,2,1
5337,14627291241,0,0,0,0,0,0,0,0,0,0,1,0,0,2
5338,11946210763,1,0,0,0,0,0,0,1,0,0,0,0,0,1
5339,14730326955,0,0,2,2,2,2,2,2,2,2,2,2,2,1
5340,12753257915,0,0,2,2,2,2,2,2,2,2,2,2,2,1
5341,12740872015,0,0,2,2,2,2,2,2,2,2,2,2,2,1
5342,46948673285,1,0,0,1,0,0,0,0,0,0,0,0,0,1
5343,48069134938,3,0,0,0,0,0,0,0,0,0,0,1,0,0
5344,47955459337,0,0,0,0,1,0,0,0,0,0,0,0,0,2
5345,47951758507,1,0,0,0,0,0,0,0,0,1,0,0,0,0
5346,38461087236,4,0,2,2,2,2,2,2,2,2,2,2,2,1
5347,37396788531,1,0,0,1,0,0,0,0,0,0,0,0,0,2
5348,23538371048,1,0,2,2,2,2,2,2,2,2,2,2,2,0
5349,35341246035,5,0,0,0,0,0,0,0,1,0,0,0,0,1
5350,35161355112,5,0,0,0,0,0,0,0,0,1,0,0,0,0
5351,35161352062,5,0,2,2,2,2,2,2,2,2,2,2,2,0
5352,33238009330,4,0,0,0,0,0,0,0,0,0,0,1,0,1
5353,40022608253,1,1,0,1,0,0,0,0,0,0,0,0,0,1
5354,38707505791,1,0,2,2,2,2,2,2,2,2,2,2,2,0
5355,28147628698,6,0,0,0,0,0,0,0,0,0,0,0,1,2
5356,45314581222,3,0,2,2,2,2,2,2,2,2,2,2,2,1
5357,39817485915,4,0,0,0,0,0,0,0,0,0,0,1,0,1
5358,32670347734,0,0,0,0,1,0,0,0,0,0,0,0,0,1
5359,40832279654,0,0,2,2,2,2,2,2,2,2,2,2,2,1
5360,34883029801,2,0,0,1,0,0,0,0,0,0,0,0,0,2
5361,27086093948,4,0,2,2,2,2,2,2,2,2,2,2,2,2
5362,41300694804,1,0,0,0,0,0,0,0,0,0,1,0,0,1
5363,40186794175,1,0,0,0,0,1,0,0,0,0,0,0,0,2
5364,27156697397,3,0,0,0,0,0,1,0,0,0,0,0,0,1
5365,36986842816,4,0,0,0,0,0,0,1,0,0,0,0,0,1
5366,31497355808,6,0,0,0,0,0,1,0,0,0,0,0,0,1
5367,39073941905,2,0,0,0,0,1,0,0,0,0,0,0,0,2
5368,27781438318,5,0,0,0,0,0,0,1,0,0,0,0,0,2
5369,28219272602,6,0,2,2,2,2,2,2,2,2,2,2,2,0
5370,14747963362,0,0,2,2,2,2,2,2,2,2,2,2,2,2
5371,14077467932,0,0,0,0,0,1,0,0,0,0,0,0,0,2
5372,8152080643,2,0,2,2,2,2,2,2,2,2,2,2,2,0
5373,8147740887,2,0,0,0,0,0,0,0,0,0,0,1,0,2
5374,6097161742,3,0,0,0,0,0,0,0,0,0,1,0,0,0
5375,7825739222,1,0,0,0,0,0,0,0,0,0,1,0,0,2
5376,33596873930,1,0,2,2,2,2,2,2,2,2,2,2,2,0
5377,30034295148,2,0,0,0,0,0,0,0,0,1,0,0,0,2
5378,27719071419,2,0,0,1,0,0,0,0,0,0,0,0,0,2
5379,22552804679,2,0,0,0,0,0,0,0,0,0,0,0,1,1
5380,17871641795,5,0,0,1,0,0,0,0,0,0,0,0,0,1
5381,10742233915,5,0,2,2,2,2,2,2,2,2,2,2,2,2
5382,22552790379,2,0,0,0,0,0,0,0,0,1,0,0,0,2
5383,16128414077,0,0,2,2,2,2,2,2,2,2,2,2,2,2
5384,14503953649,0,0,2,2,2,2,2,2,2,2,2,2,2,1
5385,6711588591,3,0,0,0,0,1,0,0,0,0,0,0,0,2
5386,50661665398,1,0,0,0,0,0,0,0,1,0,0,0,0,0
5387,32529778117,5,0,0,0,1,0,0,0,0,0,0,0,0,1
5388,23000167001,1,0,2,2,2,2,2,2,2,2,2,2,2,0
5389,9201217123,6,1,2,2,2,2,2,2,2,2,2,2,2,1
5390,35179655760,5,0,0,0,0,0,0,0,0,1,0,0,0,0
5391,48868895093,4,0,0,0,1,0,0,0,0,0,0,0,0,0
5392,49002905657,2,0,0,0,0,0,0,0,1,0,0,0,0,1
5393,46764768842,5,1,2,2,2,2,2,2,2,2,2,2,2,0
5394,16038848241,3,0,2,2,2,2,2,2,2,2,2,2,2,2
5395,50613311006,2,0,0,1,0,0,0,0,0,0,0,0,0,0
5396,49906663211,4,0,2,2,2,2,2,2,2,2,2,2,2,0
5397,49620281217,0,0,2,2,2,2,2,2,2,2,2,2,2,0
5398,49145603533,3,0,2,2,2,2,2,2,2,2,2,2,2,0
5399,47902141901,5,0,2,2,2,2,2,2,2,2,2,2,2,2
5400,36697004196,4,0,0,0,0,0,0,0,0,0,0,1,0,0
5401,41524421231,3,0,0,0,0,0,0,0,0,0,0,1,0,0
5402,17837847982,5,0,0,0,0,0,0,0,1,0,0,0,0,0
5403,11798520886,1,0,0,0,0,0,0,0,0,0,1,0,0,1
5404,35614761814,1,1,0,0,0,0,0,0,0,1,0,0,0,0
5405,17302401978,1,0,0,1,0,0,0,0,0,0,0,0,0,1
5406,17248261832,1,0,0,0,0,0,0,0,0,1,0,0,0,1
5407,8571536634,6,0,2,2,2,2,2,2,2,2,2,2,2,2
5408,7156338384,6,1,0,0,0,1,0,0,0,0,0,0,0,2
5409,49917265686,1,0,0,0,0,0,0,0,0,0,0,1,0,2
5410,49791318966,3,0,2,2,2,2,2,2,2,2,2,2,2,0
5411,47810527051,5,0,0,0,1,0,0,0,0,0,0,0,0,0
5412,32866901527,5,0,0,0,0,0,1,0,0,0,0,0,0,0
5413,47805853631,5,0,2,2,2,2,2,2,2,2,2,2,2,2
5414,46889567475,5,0,0,0,0,1,0,0,0,0,0,0,0,1
5415,39979360500,1,0,0,0,0,0,0,0,0,0,0,0,1,0
5416,25322626118,4,0,0,0,0,1,0,0,0,0,0,0,0,0
5417,25051000118,4,0,0,0,0,0,0,0,0,0,0,0,1,0
5418,41654917851,4,0,2,2,2,2,2,2,2,2,2,2,2,1
5419,26135166189,3,0,2,2,2,2,2,2,2,2,2,2,2,1
5420,32151619921,3,0,0,0,0,0,1,0,0,0,0,0,0,0
5421,30734328731,1,0,0,1,0,0,0,0,0,0,0,0,0,0
5422,32686069485,0,0,0,1,0,0,0,0,0,0,0,0,0,0
5423,29383856283,4,0,0,0,0,0,0,0,0,1,0,0,0,0
5424,23652384926,0,0,0,0,0,0,1,0,0,0,0,0,0,0
5425,28743761965,6,1,0,0,0,0,0,0,0,0,1,0,0,0
5426,26492601002,6,0,0,0,0,0,1,0,0,0,0,0,0,0
5427,26037674190,3,1,0,0,0,0,0,0,1,0,0,0,0,0
5428,26027056015,3,0,2,2,2,2,2,2,2,2,2,2,2,1
5429,22169850420,2,0,2,2,2,2,2,2,2,2,2,2,2,1
5430,16794171943,3,0,0,0,0,0,0,0,0,0,1,0,0,0
5431,16539871924,0,0,0,0,0,0,0,0,1,0,0,0,0,0
5432,15623040234,2,0,0,0,1,0,0,0,0,0,0,0,0,0
5433,15376551010,1,0,0,0,0,0,0,0,0,0,1,0,0,0
5434,49858260683,0,0,2,2,2,2,2,2,2,2,2,2,2,0
5435,49117857003,3,0,0,0,0,0,0,0,0,1,0,0,0,0
5436,34648393603,1,0,0,1,0,0,0,0,0,0,0,0,0,0
5437,30480114101,4,0,2,2,2,2,2,2,2,2,2,2,2,1
5438,31644762582,3,0,2,2,2,2,2,2,2,2,2,2,2,1
5439,31402103570,2,0,2,2,2,2,2,2,2,2,2,2,2,1
5440,15066383696,1,0,2,2,2,2,2,2,2,2,2,2,2,0
5441,47967409376,0,1,2,2,2,2,2,2,2,2,2,2,2,2
5442,8747929869,6,0,0,0,0,0,0,1,0,0,0,0,0,2
5443,6056684436,3,0,0,0,0,0,0,0,1,0,0,0,0,2
5444,50670388808,1,0,2,2,2,2,2,2,2,2,2,2,2,2
5445,42027659455,5,0,0,0,0,0,0,0,1,0,0,0,0,0
5446,42027651585,5,0,2,2,2,2,2,2,2,2,2,2,2,0
5447,42929610951,4,0,2,2,2,2,2,2,2,2,2,2,2,0
5448,33619312914,1,0,0,0,0,1,0,0,0,0,0,0,0,0
5449,50309472036,4,0,0,0,0,0,0,1,0,0,0,0,0,0
5450,40427620783,4,0,0,1,0,0,0,0,0,0,0,0,0,0
5451,15302590163,1,0,0,0,0,0,0,0,0,0,1,0,0,1
5452,49871248493,1,0,0,1,0,0,0,0,0,0,0,0,0,2
5453,27069471517,6,0,2,2,2,2,2,2,2,2,2,2,2,1
5454,51113064621,6,0,2,2,2,2,2,2,2,2,2,2,2,1
5455,51096051877,5,0,0,0,0,0,0,1,0,0,0,0,0,2
5456,48541595067,0,0,0,0,0,0,1,0,0,0,0,0,0,1
5457,27245722942,5,0,2,2,2,2,2,2,2,2,2,2,2,2
5458,35454448805,1,0,0,1,0,0,0,0,0,0,0,0,0,0
5459,31894473437,1,0,0,0,1,0,0,0,0,0,0,0,0,1
5460,45690386554,6,0,0,0,0,0,0,0,0,0,0,1,0,0
5461,32538964116,5,0,0,0,0,0,0,0,0,1,0,0,0,0
5462,18390777950,0,0,2,2,2,2,2,2,2,2,2,2,2,2
5463,49085029397,0,0,0,0,0,0,1,0,0,0,0,0,0,1
5464,49068418403,1,0,2,2,2,2,2,2,2,2,2,2,2,1
5465,10305544806,5,1,2,2,2,2,2,2,2,2,2,2,2,1
5466,16877461079,3,0,0,0,0,0,0,0,0,1,0,0,0,0
5467,49564256156,3,0,0,0,0,0,1,0,0,0,0,0,0,1
5468,49615270212,0,0,0,0,0,0,0,0,1,0,0,0,0,0
5469,33918476704,3,0,2,2,2,2,2,2,2,2,2,2,2,0
5470,8572585042,5,1,0,0,0,0,0,0,1,0,0,0,0,2
5471,38833160501,2,0,0,0,0,0,0,0,0,1,0,0,0,2
5472,45856036634,6,0,2,2,2,2,2,2,2,2,2,2,2,0
5473,51221007807,5,0,0,0,0,1,0,0,0,0,0,0,0,1
5474,31743805193,3,0,2,2,2,2,2,2,2,2,2,2,2,1
5475,50732557628,5,0,0,0,0,0,0,0,0,0,0,1,0,2
5476,14093750127,0,0,0,0,0,0,1,0,0,0,0,0,0,2
5477,15419643741,1,0,0,0,0,0,0,0,0,0,1,0,0,1
5478,17075214437,4,0,2,2,2,2,2,2,2,2,2,2,2,0
5479,49998911067,1,0,2,2,2,2,2,2,2,2,2,2,2,1
5480,14807760300,1,0,0,0,0,1,0,0,0,0,0,0,0,0
5481,14593337476,0,0,0,0,0,0,0,1,0,0,0,0,0,1
5482,40239570905,1,0,0,0,0,0,0,1,0,0,0,0,0,0
5483,40125065875,1,0,2,2,2,2,2,2,2,2,2,2,2,1
5484,33707493873,3,1,0,0,0,0,0,1,0,0,0,0,0,0
5485,14329783508,0,0,0,1,0,0,0,0,0,0,0,0,0,0
5486,41539356864,3,0,2,2,2,2,2,2,2,2,2,2,2,1
5487,15863172069,3,1,0,0,0,0,0,0,0,0,0,1,0,0
5488,34482768061,5,0,2,2,2,2,2,2,2,2,2,2,2,0
5489,49545129786,5,0,0,0,0,0,0,0,0,0,1,0,0,2
5490,26014574963,3,0,2,2,2,2,2,2,2,2,2,2,2,1
5491,26971199141,6,0,0,0,0,0,1,0,0,0,0,0,0,2
5492,39672766224,4,0,0,0,0,0,0,0,1,0,0,0,0,0
5493,38005019522,0,0,2,2,2,2,2,2,2,2,2,2,2,1
5494,51030179052,2,0,2,2,2,2,2,2,2,2,2,2,2,0
5495,50832024213,3,0,0,0,1,0,0,0,0,0,0,0,0,0
5496,36928773043,4,0,0,0,0,0,1,0,0,0,0,0,0,0
5497,19703935060,0,0,2,2,2,2,2,2,2,2,2,2,2,2
5498,17448116455,5,0,0,0,0,1,0,0,0,0,0,0,0,2
5499,16796094734,3,0,0,0,0,0,0,0,0,0,1,0,0,2
5500,9625523259,6,0,0,0,0,0,0,0,0,0,0,0,1,1
5501,17124336097,1,0,2,2,2,2,2,2,2,2,2,2,2,1
5502,6300729832,6,0,2,2,2,2,2,2,2,2,2,2,2,1
5503,26429620870,6,0,2,2,2,2,2,2,2,2,2,2,2,2
5504,34338677752,0,0,0,0,1,0,0,0,0,0,0,0,0,1
5505,24942042398,4,0,0,0,0,0,1,0,0,0,0,0,0,2
5506,37273579381,0,0,0,0,0,0,0,0,0,0,1,0,0,1
5507,36938002740,4,0,2,2,2,2,2,2,2,2,2,2,2,2
5508,26959808699,6,0,2,2,2,2,2,2,2,2,2,2,2,2
5509,36603882573,2,0,2,2,2,2,2,2,2,2,2,2,2,2
5510,27727234260,2,0,2,2,2,2,2,2,2,2,2,2,2,1
5511,9050800171,6,0,0,1,0,0,0,0,0,0,0,0,0,1
5512,49091096726,2,0,2,2,2,2,2,2,2,2,2,2,2,1
5513,22477025123,2,0,2,2,2,2,2,2,2,2,2,2,2,2
5514,49367466083,6,0,2,2,2,2,2,2,2,2,2,2,2,2
5515,49666160667,0,0,2,2,2,2,2,2,2,2,2,2,2,2
5516,30922899927,2,0,0,0,0,1,0,0,0,0,0,0,0,2
5517,30922803187,2,0,0,0,0,1,0,0,0,0,0,0,0,2
5518,10798324736,5,0,2,2,2,2,2,2,2,2,2,2,2,0
5519,45989045991,0,0,0,0,0,0,0,0,1,0,0,0,0,0
5520,47950841463,0,0,2,2,2,2,2,2,2,2,2,2,2,1
5521,19406698535,0,0,0,0,0,1,0,0,0,0,0,0,0,2
5522,30467781680,4,0,0,0,0,0,0,0,0,0,0,0,1,0
5523,20065068550,1,0,0,1,0,0,0,0,0,0,0,0,0,0
5524,20065989099,0,0,2,2,2,2,2,2,2,2,2,2,2,2
5525,19631591943,0,0,0,0,0,0,0,0,0,0,1,0,0,2
5526,20244559032,0,0,0,0,0,1,0,0,0,0,0,0,0,1
5527,17453165604,5,0,2,2,2,2,2,2,2,2,2,2,2,1
5528,17887923060,5,0,0,0,0,1,0,0,0,0,0,0,0,0
5529,17238207331,1,0,0,0,0,0,0,1,0,0,0,0,0,0
5530,17223268851,1,0,0,0,0,1,0,0,0,0,0,0,0,1
5531,21154318213,5,0,0,0,1,0,0,0,0,0,0,0,0,0
5532,10798167965,5,0,0,0,0,0,0,0,0,1,0,0,0,2
5533,15740239693,3,0,2,2,2,2,2,2,2,2,2,2,2,1
5534,14178504562,0,1,0,0,0,0,0,0,0,0,1,0,0,2
5535,50594624051,2,0,2,2,2,2,2,2,2,2,2,2,2,2
5536,50684914463,1,1,0,0,0,0,0,0,0,1,0,0,0,2
5537,33813655552,3,0,2,2,2,2,2,2,2,2,2,2,2,0
5538,18165551130,0,0,0,0,1,0,0,0,0,0,0,0,0,2
5539,31883923748,3,0,0,0,0,0,0,0,0,0,0,0,1,0
5540,27584842094,2,0,2,2,2,2,2,2,2,2,2,2,2,0
5541,6271967492,3,0,0,0,1,0,0,0,0,0,0,0,0,0
5542,49465318322,4,1,0,0,0,0,0,0,0,0,1,0,0,0
5543,15167345717,1,0,0,0,0,0,0,0,0,0,0,0,1,2
5544,34377910366,5,0,2,2,2,2,2,2,2,2,2,2,2,2
5545,6858739752,3,0,0,0,0,0,0,0,0,0,0,0,1,0
5546,34876254375,2,1,0,0,0,0,0,0,0,0,1,0,0,1
5547,26175687188,4,1,2,2,2,2,2,2,2,2,2,2,2,0
5548,23166920151,1,0,0,0,0,1,0,0,0,0,0,0,0,1
5549,30097748738,4,0,0,0,0,0,0,0,0,0,1,0,0,2
5550,20680534695,1,1,0,0,0,0,0,1,0,0,0,0,0,2
5551,20059568813,0,0,2,2,2,2,2,2,2,2,2,2,2,2
5552,20680512255,1,0,0,0,0,0,0,0,0,0,0,0,1,1
5553,17010315722,4,0,2,2,2,2,2,2,2,2,2,2,2,0
5554,26339289738,4,1,0,0,0,0,0,0,0,0,1,0,0,1
5555,26098525778,3,0,2,2,2,2,2,2,2,2,2,2,2,0
5556,51165677529,5,0,2,2,2,2,2,2,2,2,2,2,2,0
5557,51145453035,5,0,0,0,0,0,0,0,0,1,0,0,0,0
5558,50452829141,1,0,0,0,0,0,0,1,0,0,0,0,0,1
5559,49918540052,1,0,0,0,0,0,0,0,0,0,0,1,0,0
5560,49589215408,5,0,2,2,2,2,2,2,2,2,2,2,2,0
5561,48687803213,1,0,0,0,0,0,0,0,0,0,1,0,0,0
5562,48112012163,3,0,0,0,0,1,0,0,0,0,0,0,0,2
5563,46291274481,5,0,0,0,0,0,0,0,1,0,0,0,0,1
5564,30307648047,5,0,0,0,0,0,0,0,0,0,0,1,0,0
5565,42781944654,3,0,2,2,2,2,2,2,2,2,2,2,2,1
5566,40941437050,0,0,2,2,2,2,2,2,2,2,2,2,2,2
5567,41563346865,3,0,2,2,2,2,2,2,2,2,2,2,2,1
5568,41563343685,3,0,2,2,2,2,2,2,2,2,2,2,2,1
5569,25324045307,4,0,0,0,0,0,0,0,0,0,0,1,0,2
5570,35694896394,1,0,0,0,0,0,0,0,0,0,0,1,0,1
5571,36345919195,4,0,0,0,0,0,0,0,0,1,0,0,0,2
5572,35734593361,1,0,0,0,0,1,0,0,0,0,0,0,0,0
5573,30327201403,5,0,0,0,0,0,0,0,0,0,0,0,1,1
5574,29580234851,0,0,2,2,2,2,2,2,2,2,2,2,2,0
5575,28515632141,0,0,0,0,0,0,0,0,0,0,1,0,0,2
5576,28593952835,0,0,2,2,2,2,2,2,2,2,2,2,2,1
5577,28309674090,6,0,2,2,2,2,2,2,2,2,2,2,2,0
5578,22806217941,1,1,0,0,0,0,0,0,0,0,0,0,1,1
5579,17021898305,4,0,0,0,0,0,0,0,0,0,1,0,0,1
5580,16312086223,0,0,0,0,0,0,0,0,1,0,0,0,0,1
5581,16581390998,0,0,0,0,0,0,0,0,0,1,0,0,0,0
5582,14111114975,0,0,2,2,2,2,2,2,2,2,2,2,2,0
5583,15563572917,2,0,0,0,0,0,0,0,0,0,0,1,0,2
5584,14799048569,1,0,0,0,0,0,0,0,0,1,0,0,0,1
5585,14961672021,1,0,0,0,0,0,0,0,0,1,0,0,0,2
5586,6806533055,3,0,0,0,0,0,1,0,0,0,0,0,0,0
5587,5802506258,6,0,0,0,1,0,0,0,0,0,0,0,0,0
5588,50170120351,2,0,0,0,0,0,0,1,0,0,0,0,0,1
5589,50814477123,3,0,2,2,2,2,2,2,2,2,2,2,2,0
5590,47952854362,0,0,0,0,0,0,0,0,0,0,0,1,0,0
5591,30631520877,1,0,2,2,2,2,2,2,2,2,2,2,2,0
5592,37003701092,4,0,2,2,2,2,2,2,2,2,2,2,2,0
5593,38521751501,4,0,0,0,0,0,1,0,0,0,0,0,0,0
5594,37876573052,0,0,2,2,2,2,2,2,2,2,2,2,2,2
5595,37021123016,4,0,2,2,2,2,2,2,2,2,2,2,2,0
5596,34921891075,2,0,2,2,2,2,2,2,2,2,2,2,2,0
5597,34064127494,0,0,2,2,2,2,2,2,2,2,2,2,2,2
5598,33086075066,5,0,2,2,2,2,2,2,2,2,2,2,2,0
5599,34064626934,0,0,2,2,2,2,2,2,2,2,2,2,2,1
5600,28915046662,4,0,0,0,0,0,0,1,0,0,0,0,0,0
5601,28987711746,4,0,0,0,0,1,0,0,0,0,0,0,0,2
5602,17643441134,5,0,2,2,2,2,2,2,2,2,2,2,2,1
5603,16946639540,4,0,2,2,2,2,2,2,2,2,2,2,2,0
5604,14305827957,0,0,2,2,2,2,2,2,2,2,2,2,2,0
5605,20046469344,0,0,0,1,0,0,0,0,0,0,0,0,0,0
5606,17035010654,4,0,2,2,2,2,2,2,2,2,2,2,2,0
5607,18012034618,5,0,0,0,0,0,0,0,0,0,0,0,1,2
5608,14771436483,1,0,0,0,0,0,0,0,0,0,0,1,0,0
5609,8641534667,5,0,0,1,0,0,0,0,0,0,0,0,0,0
5610,35319851071,5,0,0,1,0,0,0,0,0,0,0,0,0,2
5611,13982771297,0,0,0,0,0,0,0,0,0,1,0,0,0,0
5612,35230758174,5,1,0,0,0,0,0,0,1,0,0,0,0,1
5613,27631554642,2,0,2,2,2,2,2,2,2,2,2,2,2,2
5614,17530706742,5,0,0,0,0,0,1,0,0,0,0,0,0,2
5615,8435682239,6,0,0,1,0,0,0,0,0,0,0,0,0,0
5616,27199339379,3,1,0,0,0,0,0,1,0,0,0,0,0,1
5617,19499737106,0,0,0,0,0,0,0,0,0,1,0,0,0,2
5618,48677905593,1,0,2,2,2,2,2,2,2,2,2,2,2,2
5619,47574095721,2,0,0,0,0,1,0,0,0,0,0,0,0,0
5620,49916936786,1,0,0,0,0,0,1,0,0,0,0,0,0,0
5621,26210740466,4,0,2,2,2,2,2,2,2,2,2,2,2,1
5622,49505775648,2,0,0,0,0,0,0,1,0,0,0,0,0,0
5623,36411311876,4,1,2,2,2,2,2,2,2,2,2,2,2,0
5624,51046055617,4,0,0,0,0,0,0,1,0,0,0,0,0,1
5625,35711754342,1,0,0,0,0,0,0,0,0,0,1,0,0,1
5626,49618199668,0,0,0,0,1,0,0,0,0,0,0,0,0,1
5627,49610452992,5,0,0,0,0,0,1,0,0,0,0,0,0,0
5628,50168147796,3,0,0,0,0,0,0,0,0,0,0,1,0,0
5629,31287828263,2,0,0,0,0,0,0,0,0,0,0,0,1,1
5630,50016897787,2,0,0,0,0,0,0,0,0,0,0,0,1,2
5631,18986718863,0,0,0,0,0,0,0,0,0,0,1,0,0,0
5632,43219557030,5,1,0,0,0,0,0,1,0,0,0,0,0,1
5633,28960261573,4,0,2,2,2,2,2,2,2,2,2,2,2,2
5634,26259634889,4,0,0,0,0,0,0,0,0,0,0,0,1,1
5635,41878259861,4,0,0,1,0,0,0,0,0,0,0,0,0,2
5636,31666243550,3,0,0,0,0,0,0,0,1,0,0,0,0,0
5637,49449221223,1,0,0,0,0,0,0,0,0,0,0,0,1,1
5638,28137307318,6,0,0,1,0,0,0,0,0,0,0,0,0,2
5639,25943347937,3,0,0,0,0,0,0,0,1,0,0,0,0,2
5640,39919525575,4,0,0,0,0,0,0,0,1,0,0,0,0,2
5641,28983478856,4,1,0,0,1,0,0,0,0,0,0,0,0,1
5642,24626615860,0,0,0,0,0,0,0,0,1,0,0,0,0,1
5643,49488570181,0,0,0,0,1,0,0,0,0,0,0,0,0,1
5644,49216629578,2,0,0,0,1,0,0,0,0,0,0,0,0,1
5645,50340675183,4,0,2,2,2,2,2,2,2,2,2,2,2,0
5646,33141455728,5,0,0,0,0,0,0,0,0,0,0,1,0,0
5647,37928212995,0,0,0,0,0,0,1,0,0,0,0,0,0,1
5648,35886895852,0,0,0,0,0,0,0,0,0,0,1,0,0,2
5649,43750786834,5,0,2,2,2,2,2,2,2,2,2,2,2,2
5650,43750777334,5,0,0,0,1,0,0,0,0,0,0,0,0,1
5651,23952489817,5,0,0,0,0,0,0,0,0,0,0,0,1,0
5652,28690278161,5,0,0,0,0,0,0,1,0,0,0,0,0,1
5653,36063726486,0,0,0,0,0,1,0,0,0,0,0,0,0,0
5654,32608443736,5,0,0,0,0,0,0,1,0,0,0,0,0,0
5655,32607469276,5,0,0,0,1,0,0,0,0,0,0,0,0,2
5656,18510299141,0,0,2,2,2,2,2,2,2,2,2,2,2,1
5657,18223597756,0,0,0,0,0,0,0,0,1,0,0,0,0,2
5658,18809773366,0,0,0,0,0,0,0,0,1,0,0,0,0,2
5659,17970993815,5,0,0,0,0,0,0,1,0,0,0,0,0,2
5660,50870267973,1,0,2,2,2,2,2,2,2,2,2,2,2,2
5661,45215410942,3,0,2,2,2,2,2,2,2,2,2,2,2,0
5662,30132465068,4,0,0,0,1,0,0,0,0,0,0,0,0,1
5663,7185621059,6,0,0,0,0,0,0,0,0,0,0,1,0,2
5664,36098250004,0,0,0,0,0,0,0,0,1,0,0,0,0,0
5665,44189626582,2,0,0,0,0,0,0,0,0,0,0,0,1,1
5666,50229858976,4,0,2,2,2,2,2,2,2,2,2,2,2,0
5667,22503392034,2,0,0,0,0,0,0,0,0,0,0,1,0,0
5668,43714095221,5,0,0,0,0,0,0,0,0,0,0,1,0,2
5669,15522688539,2,0,0,0,0,0,0,0,0,0,0,1,0,1
5670,13224591293,0,0,0,0,0,0,0,0,0,0,1,0,0,1
5671,50148826997,5,1,2,2,2,2,2,2,2,2,2,2,2,0
5672,42734325105,3,0,2,2,2,2,2,2,2,2,2,2,2,2
5673,23953314167,5,0,0,0,1,0,0,0,0,0,0,0,0,0
5674,22706724759,1,0,0,0,0,0,0,1,0,0,0,0,0,0
5675,51198815741,3,0,2,2,2,2,2,2,2,2,2,2,2,2
5676,50697242797,3,0,0,0,0,0,0,0,0,0,1,0,0,1
5677,50656111223,1,0,2,2,2,2,2,2,2,2,2,2,2,2
5678,50139611077,5,0,0,0,1,0,0,0,0,0,0,0,0,2
5679,49982091827,2,0,0,0,0,1,0,0,0,0,0,0,0,0
5680,51089283782,5,0,0,1,0,0,0,0,0,0,0,0,0,1
5681,50432613097,4,0,0,0,0,0,0,0,0,0,1,0,0,1
5682,32707867118,0,0,0,0,0,0,0,0,0,0,0,1,0,0
5683,51085533732,5,1,0,0,0,0,0,0,0,0,0,1,0,0
5684,50633380642,5,1,0,1,0,0,0,0,0,0,0,0,0,1
5685,50290377456,1,0,0,0,0,0,0,0,1,0,0,0,0,1
5686,51164778955,5,0,0,0,0,0,0,1,0,0,0,0,0,0
5687,50348438872,4,0,0,0,0,0,0,1,0,0,0,0,0,0
5688,36368993104,4,0,0,0,0,0,0,1,0,0,0,0,0,0
5689,38761693891,1,0,0,0,0,0,0,0,0,0,1,0,0,1
5690,51091152227,5,0,0,0,0,0,0,0,0,0,0,0,1,1
5691,50975571183,6,0,2,2,2,2,2,2,2,2,2,2,2,0
5692,50815476062,2,0,0,0,1,0,0,0,0,0,0,0,0,1
5693,50811328433,2,0,2,2,2,2,2,2,2,2,2,2,2,0
5694,50799737241,3,0,0,0,0,0,0,0,1,0,0,0,0,2
5695,50713591898,1,1,0,0,0,0,0,1,0,0,0,0,0,0
5696,50814566598,3,1,0,0,0,0,0,0,1,0,0,0,0,1
5697,50812085506,3,0,2,2,2,2,2,2,2,2,2,2,2,2
5698,50661906698,1,1,0,0,0,0,0,0,0,0,1,0,0,2
5699,50623006712,5,0,0,0,0,0,0,0,0,0,1,0,0,0
5700,50519570013,5,0,2,2,2,2,2,2,2,2,2,2,2,2
5701,50401367126,0,1,0,0,0,1,0,0,0,0,0,0,0,2
5702,50303101668,1,1,2,2,2,2,2,2,2,2,2,2,2,1
5703,50257536963,0,1,0,0,0,0,0,0,0,1,0,0,0,1
5704,50196023596,1,1,2,2,2,2,2,2,2,2,2,2,2,1
5705,50202186826,2,0,0,1,0,0,0,0,0,0,0,0,0,1
5706,49454383786,4,1,0,0,0,0,0,0,0,0,0,1,0,2
5707,40241299872,1,0,0,0,0,0,0,0,0,0,0,0,1,2
5708,28406799354,0,0,0,0,0,0,0,0,0,0,0,0,1,2
5709,49800554183,3,0,0,0,0,0,0,0,0,1,0,0,0,2
5710,49571397206,2,1,2,2,2,2,2,2,2,2,2,2,2,1
5711,50870406151,1,0,0,0,0,1,0,0,0,0,0,0,0,2
5712,50360863692,1,0,0,0,1,0,0,0,0,0,0,0,0,0
5713,50583902372,2,0,0,0,1,0,0,0,0,0,0,0,0,1
5714,50236268723,4,0,2,2,2,2,2,2,2,2,2,2,2,2
5715,49598216182,5,0,0,0,0,0,0,0,0,0,1,0,0,0
5716,50034543231,1,0,2,2,2,2,2,2,2,2,2,2,2,0
5717,49546037131,5,0,0,0,0,0,0,0,0,0,0,0,1,2
5718,49401130927,1,0,0,0,0,0,0,0,0,0,0,0,1,0
5719,49264871012,6,0,0,0,0,0,0,0,0,0,1,0,0,0
5720,50018076192,2,0,2,2,2,2,2,2,2,2,2,2,2,0
5721,49749429838,0,0,0,0,0,0,1,0,0,0,0,0,0,0
5722,49804938112,3,1,2,2,2,2,2,2,2,2,2,2,2,0
5723,49771212263,6,0,0,0,0,0,0,0,0,0,0,0,1,1
5724,45233687651,3,0,0,0,0,0,0,0,0,1,0,0,0,0
5725,41264744912,1,0,0,0,1,0,0,0,0,0,0,0,0,2
5726,39057565132,2,0,0,0,0,0,0,0,1,0,0,0,0,2
5727,43501602065,0,0,2,2,2,2,2,2,2,2,2,2,2,0
5728,41856530985,2,0,2,2,2,2,2,2,2,2,2,2,2,0
5729,49658473126,0,0,0,0,0,0,0,0,0,0,0,1,0,2
5730,51178113269,6,0,0,0,0,0,0,0,0,0,1,0,0,0
5731,51098231878,1,0,0,0,0,0,0,0,0,0,0,0,1,0
5732,50616587233,2,0,0,1,0,0,0,0,0,0,0,0,0,0
5733,50522323037,5,0,0,0,0,0,0,0,1,0,0,0,0,0
5734,50403177222,1,0,0,0,0,0,0,0,1,0,0,0,0,0
5735,50277447141,3,0,0,0,0,0,0,0,0,0,0,0,1,2
5736,50212802233,2,0,0,1,0,0,0,0,0,0,0,0,0,0
5737,49452567627,2,0,0,0,0,0,0,0,0,1,0,0,0,0
5738,49441480307,1,0,2,2,2,2,2,2,2,2,2,2,2,0
5739,49213861678,2,0,0,0,0,0,0,1,0,0,0,0,0,0
5740,49132308018,3,0,2,2,2,2,2,2,2,2,2,2,2,0
5741,49274017332,3,0,2,2,2,2,2,2,2,2,2,2,2,2
5742,49224149947,2,0,0,0,0,0,0,0,0,0,0,1,0,1
5743,49213863418,2,0,0,0,0,0,0,1,0,0,0,0,0,1
5744,49020175531,4,0,0,0,0,0,0,0,0,1,0,0,0,0
5745,48797280146,2,0,0,1,0,0,0,0,0,0,0,0,0,0
5746,48650079793,4,0,0,0,0,0,0,0,1,0,0,0,0,1
5747,48502897131,4,0,0,0,0,0,0,0,1,0,0,0,0,0
5748,50901527481,2,0,0,0,0,0,1,0,0,0,0,0,0,0
5749,51097648723,1,0,2,2,2,2,2,2,2,2,2,2,2,0
5750,50703394226,4,0,0,0,0,0,0,0,0,0,0,0,1,0
5751,50683841426,1,0,2,2,2,2,2,2,2,2,2,2,2,0
5752,50587725633,2,0,0,0,0,0,0,0,0,1,0,0,0,0
5753,50170637066,2,0,0,0,0,0,0,1,0,0,0,0,0,0
5754,50152101283,3,0,0,0,0,0,0,0,0,0,0,0,1,1
5755,49204621438,4,0,0,0,1,0,0,0,0,0,0,0,0,0
5756,49178542391,4,0,2,2,2,2,2,2,2,2,2,2,2,2
5757,50730170347,5,0,0,0,0,0,0,0,0,0,0,0,1,0
5758,49024608373,4,0,0,0,0,0,0,1,0,0,0,0,0,0
5759,48464152801,4,0,0,1,0,0,0,0,0,0,0,0,0,2
5760,48121209173,3,0,0,0,0,0,0,0,0,0,0,0,1,0
5761,47941513942,0,0,0,0,0,0,0,0,0,0,0,0,1,0
5762,48119188686,3,0,0,0,0,0,0,0,1,0,0,0,0,0
5763,32795796077,5,0,2,2,2,2,2,2,2,2,2,2,2,0
5764,33455413468,1,0,0,0,0,1,0,0,0,0,0,0,0,0
5765,32665704587,0,0,2,2,2,2,2,2,2,2,2,2,2,1
5766,32289345047,0,0,2,2,2,2,2,2,2,2,2,2,2,2
5767,46307018175,3,0,2,2,2,2,2,2,2,2,2,2,2,0
5768,46166491304,5,0,0,0,0,0,0,0,0,1,0,0,0,2
5769,44104176855,2,0,0,0,0,0,0,0,0,0,0,0,1,0
5770,31579794288,1,0,0,1,0,0,0,0,0,0,0,0,0,0
5771,31102961448,5,0,0,0,0,0,0,0,1,0,0,0,0,0
5772,44564951591,4,0,2,2,2,2,2,2,2,2,2,2,2,0
5773,29599957827,0,0,0,0,0,0,0,0,0,1,0,0,0,1
5774,42859355684,4,0,0,0,0,0,0,0,0,0,0,1,0,0
5775,42251779065,5,0,0,0,0,0,0,0,0,1,0,0,0,0
5776,50929623351,2,0,0,0,0,0,1,0,0,0,0,0,0,2
5777,50246734076,3,0,2,2,2,2,2,2,2,2,2,2,2,0
5778,49692582901,5,0,0,0,0,0,0,0,1,0,0,0,0,0
5779,49157961133,3,0,0,0,1,0,0,0,0,0,0,0,0,0
5780,49128614168,3,0,0,0,0,0,0,0,0,0,0,0,1,0
5781,49044837027,0,0,2,2,2,2,2,2,2,2,2,2,2,0
5782,48131896557,0,0,0,0,0,0,0,1,0,0,0,0,0,0
5783,49244531946,6,0,0,0,0,0,0,0,0,0,0,1,0,2
5784,50982892658,1,0,0,0,0,0,1,0,0,0,0,0,0,1
5785,50040522801,4,0,2,2,2,2,2,2,2,2,2,2,2,1
5786,50708389586,4,0,0,0,1,0,0,0,0,0,0,0,0,0
5787,50020226801,2,0,0,0,0,0,0,0,0,0,1,0,0,0
5788,49979746157,2,0,0,0,0,0,0,0,1,0,0,0,0,0
5789,50913738416,6,0,2,2,2,2,2,2,2,2,2,2,2,0
5790,49507471523,2,0,0,0,0,0,0,0,0,0,0,0,1,0
5791,40957532824,0,1,0,0,0,0,1,0,0,0,0,0,0,0
5792,26459282577,6,0,2,2,2,2,2,2,2,2,2,2,2,1
5793,27280907200,5,0,0,0,0,0,0,1,0,0,0,0,0,1
5794,50555675596,6,1,2,2,2,2,2,2,2,2,2,2,2,0
5795,49379828181,3,0,0,0,0,0,0,0,0,1,0,0,0,0
5796,49731296633,2,0,0,0,0,0,1,0,0,0,0,0,0,0
5797,50951911853,6,0,0,0,0,0,1,0,0,0,0,0,0,0
5798,50368886676,0,0,0,1,0,0,0,0,0,0,0,0,0,0
5799,49414730983,3,0,2,2,2,2,2,2,2,2,2,2,2,2
5800,49615631496,0,0,0,0,0,0,0,0,0,1,0,0,0,0
5801,49567614731,2,0,0,0,0,0,1,0,0,0,0,0,0,0
5802,50372068058,0,0,2,2,2,2,2,2,2,2,2,2,2,0
5803,50801350827,3,0,0,0,0,0,0,0,0,0,0,1,0,0
5804,48601418151,5,0,0,0,0,0,0,0,0,0,1,0,0,0
5805,50829615737,3,0,0,0,0,0,1,0,0,0,0,0,0,0
5806,50100241988,5,0,0,0,0,0,0,1,0,0,0,0,0,0
5807,49802842323,3,0,0,0,0,0,0,1,0,0,0,0,0,1
5808,49790527256,3,0,2,2,2,2,2,2,2,2,2,2,2,1
5809,49424458166,3,0,0,0,1,0,0,0,0,0,0,0,0,1
5810,49451022968,1,0,0,0,1,0,0,0,0,0,0,0,0,0
5811,49878336477,0,0,0,0,0,0,0,0,0,0,0,0,1,0
5812,50672938213,1,0,0,0,0,0,0,0,0,0,0,0,1,0
5813,50950928896,6,0,2,2,2,2,2,2,2,2,2,2,2,2
5814,50913634567,6,1,0,0,0,0,0,0,1,0,0,0,0,0
5815,49327256837,3,0,0,0,0,0,0,0,0,0,1,0,0,0
5816,49203384338,4,1,0,0,0,0,0,0,0,1,0,0,0,1
5817,49684828958,2,0,0,0,0,1,0,0,0,0,0,0,0,2
5818,49685282166,2,0,2,2,2,2,2,2,2,2,2,2,2,0
5819,49675818517,2,0,0,0,0,0,0,1,0,0,0,0,0,1
5820,49815652853,4,0,2,2,2,2,2,2,2,2,2,2,2,0
5821,49813203472,4,1,0,1,0,0,0,0,0,0,0,0,0,1
5822,49627751183,0,1,2,2,2,2,2,2,2,2,2,2,2,0
5823,49836887627,2,1,0,0,0,1,0,0,0,0,0,0,0,0
5824,48978864151,4,0,2,2,2,2,2,2,2,2,2,2,2,1
5825,48667072781,4,0,2,2,2,2,2,2,2,2,2,2,2,0
5826,40298047824,3,0,0,0,0,0,0,0,0,1,0,0,0,1
5827,50194251083,1,0,0,0,0,0,0,0,0,1,0,0,0,2
5828,50194798611,1,0,0,1,0,0,0,0,0,0,0,0,0,0
5829,50217487376,2,0,0,0,1,0,0,0,0,0,0,0,0,1
5830,48537954947,0,0,0,0,0,0,1,0,0,0,0,0,0,0
5831,51214422300,3,0,0,0,1,0,0,0,0,0,0,0,0,0
5832,50406126996,6,0,2,2,2,2,2,2,2,2,2,2,2,2
5833,50176509976,2,0,0,0,0,0,0,0,0,0,0,0,1,2
5834,49573662056,2,1,0,0,0,0,0,0,0,0,0,1,0,0
5835,48894273243,2,1,0,0,0,0,0,1,0,0,0,0,0,0
5836,50663014131,1,0,2,2,2,2,2,2,2,2,2,2,2,0
5837,50593669556,2,0,0,0,0,0,0,0,0,1,0,0,0,1
5838,50644192816,1,0,0,0,0,1,0,0,0,0,0,0,0,0
5839,48614259877,5,0,2,2,2,2,2,2,2,2,2,2,2,1
5840,47992740153,3,0,2,2,2,2,2,2,2,2,2,2,2,2
5841,48247791832,1,0,0,0,0,0,1,0,0,0,0,0,0,2
5842,47802860352,5,0,0,0,0,0,0,0,0,0,0,0,1,1
5843,47654963321,2,0,0,0,0,0,0,0,1,0,0,0,0,2
5844,32526290617,5,0,0,0,0,0,0,1,0,0,0,0,0,1
5845,32456969437,4,0,0,1,0,0,0,0,0,0,0,0,0,2
5846,47261078722,2,0,0,0,0,0,0,1,0,0,0,0,0,2
5847,47164960761,5,0,2,2,2,2,2,2,2,2,2,2,2,2
5848,47112991292,2,0,2,2,2,2,2,2,2,2,2,2,2,1
5849,33240838218,5,1,0,0,0,0,0,1,0,0,0,0,0,2
5850,50862132901,4,0,2,2,2,2,2,2,2,2,2,2,2,0
5851,49685589962,4,0,2,2,2,2,2,2,2,2,2,2,2,1
5852,49685259511,2,0,0,1,0,0,0,0,0,0,0,0,0,1
5853,49688626293,5,0,0,0,0,1,0,0,0,0,0,0,0,1
5854,49913961637,4,0,2,2,2,2,2,2,2,2,2,2,2,1
5855,49095889551,3,0,0,0,0,0,0,0,0,0,0,1,0,2
5856,51035102332,2,0,0,0,0,0,0,0,1,0,0,0,0,0
5857,51203953814,3,0,0,0,0,0,1,0,0,0,0,0,0,1
5858,51127690718,6,0,2,2,2,2,2,2,2,2,2,2,2,0
5859,51064087866,4,0,2,2,2,2,2,2,2,2,2,2,2,0
5860,51061369897,4,0,0,0,0,0,0,0,0,0,0,0,1,2
5861,50685581931,1,0,0,0,0,0,0,0,0,0,0,0,1,0
5862,50507511747,5,0,2,2,2,2,2,2,2,2,2,2,2,0
5863,50244427576,3,0,0,0,0,0,0,0,0,0,0,0,1,0
5864,51018851498,4,0,0,0,0,0,0,0,0,0,0,0,1,0
5865,50282879292,4,0,0,0,1,0,0,0,0,0,0,0,0,0
5866,49876454951,0,0,2,2,2,2,2,2,2,2,2,2,2,0
5867,49551802143,5,0,0,0,0,0,0,0,0,1,0,0,0,2
5868,49504461861,2,0,0,0,0,0,0,0,1,0,0,0,0,0
5869,48356025341,2,0,2,2,2,2,2,2,2,2,2,2,2,0
5870,32712522897,0,0,0,1,0,0,0,0,0,0,0,0,0,2
5871,43854845470,5,0,0,0,0,0,0,0,1,0,0,0,0,0
5872,39757442675,4,0,0,0,0,0,1,0,0,0,0,0,0,0
5873,23916282517,5,1,2,2,2,2,2,2,2,2,2,2,2,0
5874,35525181564,1,0,0,0,0,0,0,0,0,0,0,1,0,2
5875,38370577746,4,0,0,0,0,1,0,0,0,0,0,0,0,1
5876,24514946318,0,0,2,2,2,2,2,2,2,2,2,2,2,2
5877,37292202391,0,0,0,1,0,0,0,0,0,0,0,0,0,0
5878,36018561183,0,1,2,2,2,2,2,2,2,2,2,2,2,0
5879,35796861171,0,0,2,2,2,2,2,2,2,2,2,2,2,0
5880,34083003926,0,0,0,0,0,0,0,0,1,0,0,0,0,0
5881,33997084453,3,0,0,0,1,0,0,0,0,0,0,0,0,2
5882,34251831140,0,1,2,2,2,2,2,2,2,2,2,2,2,0
5883,50228378316,4,0,0,0,1,0,0,0,0,0,0,0,0,0
5884,50988080352,1,0,0,0,0,0,0,0,1,0,0,0,0,2
5885,50586697073,2,0,0,0,0,0,0,0,0,0,0,1,0,2
5886,50653669617,1,1,2,2,2,2,2,2,2,2,2,2,2,0
5887,50385778823,1,0,0,0,0,0,0,0,0,1,0,0,0,0
5888,49436307083,1,0,0,1,0,0,0,0,0,0,0,0,0,0
5889,49652659046,0,0,0,0,0,0,0,0,0,1,0,0,0,0
5890,50796854903,3,0,2,2,2,2,2,2,2,2,2,2,2,1
5891,50046882321,4,0,0,0,0,1,0,0,0,0,0,0,0,0
5892,51058913531,4,0,0,1,0,0,0,0,0,0,0,0,0,1
5893,51009364878,3,0,2,2,2,2,2,2,2,2,2,2,2,0
5894,49592796776,5,0,0,0,0,0,0,0,0,0,0,1,0,0
5895,33045624380,5,0,2,2,2,2,2,2,2,2,2,2,2,0
5896,27197212610,3,0,0,0,0,0,0,0,0,1,0,0,0,0
5897,29181046801,4,0,0,0,0,0,0,0,0,1,0,0,0,0
5898,50095938271,1,0,2,2,2,2,2,2,2,2,2,2,2,0
5899,50737703472,2,0,0,0,0,0,0,0,0,1,0,0,0,0
5900,51080627777,5,0,0,0,0,0,0,1,0,0,0,0,0,2
5901,51080532906,5,0,0,1,0,0,0,0,0,0,0,0,0,2
5902,49946193353,6,0,0,1,0,0,0,0,0,0,0,0,0,2
5903,49520944926,2,0,2,2,2,2,2,2,2,2,2,2,2,1
5904,51146727209,5,0,2,2,2,2,2,2,2,2,2,2,2,2
5905,49745400141,2,0,2,2,2,2,2,2,2,2,2,2,2,0
5906,50992153896,1,0,0,0,0,1,0,0,0,0,0,0,0,1
5907,51033758992,2,0,0,0,0,0,0,0,0,1,0,0,0,1
5908,50713337013,1,1,0,0,0,0,0,0,0,1,0,0,0,0
5909,50693115253,6,0,0,0,0,0,0,0,0,0,0,0,1,2
5910,50693113233,6,0,0,0,0,0,1,0,0,0,0,0,0,2
5911,50693936867,6,0,2,2,2,2,2,2,2,2,2,2,2,1
5912,50651013838,1,0,0,0,0,1,0,0,0,0,0,0,0,1
5913,50650968833,2,0,0,0,0,0,0,0,0,0,1,0,0,2
5914,50408975746,6,0,0,0,1,0,0,0,0,0,0,0,0,2
5915,49846205261,2,0,0,0,1,0,0,0,0,0,0,0,0,1
5916,49950625042,6,0,2,2,2,2,2,2,2,2,2,2,2,1
5917,49310132936,3,0,2,2,2,2,2,2,2,2,2,2,2,0
5918,50643257553,1,0,0,0,0,0,0,0,0,0,1,0,0,1
5919,49505482566,3,0,0,0,0,0,0,1,0,0,0,0,0,0
5920,50992152086,1,0,2,2,2,2,2,2,2,2,2,2,2,1
5921,51032749128,2,0,0,0,0,0,0,0,0,0,1,0,0,0
5922,50408978981,6,1,0,0,1,0,0,0,0,0,0,0,0,2
5923,50163163326,3,0,0,0,0,0,0,1,0,0,0,0,0,1
5924,49993263572,6,0,0,0,0,0,0,0,0,0,0,0,1,1
5925,49704875671,2,0,2,2,2,2,2,2,2,2,2,2,2,0
5926,49703592813,3,0,0,0,0,0,0,1,0,0,0,0,0,0
5927,50901321238,2,0,0,0,0,0,0,0,1,0,0,0,0,0
5928,49072506532,0,0,0,0,0,0,0,1,0,0,0,0,0,2
5929,50887649458,6,0,0,0,0,1,0,0,0,0,0,0,0,0
5930,50792006422,3,0,0,0,0,0,1,0,0,0,0,0,0,0
5931,49534058003,2,0,0,0,1,0,0,0,0,0,0,0,0,0
5932,49978259333,2,0,2,2,2,2,2,2,2,2,2,2,2,0
5933,49928363818,3,0,2,2,2,2,2,2,2,2,2,2,2,0
5934,49880197178,0,0,2,2,2,2,2,2,2,2,2,2,2,1
5935,49871388288,0,0,0,0,0,0,0,0,1,0,0,0,0,1
5936,49794598983,3,0,2,2,2,2,2,2,2,2,2,2,2,2
5937,49412804272,3,0,2,2,2,2,2,2,2,2,2,2,2,0
5938,48486312336,4,0,0,0,0,0,0,0,0,1,0,0,0,0
5939,50988291131,1,0,2,2,2,2,2,2,2,2,2,2,2,1
5940,51070333261,2,0,2,2,2,2,2,2,2,2,2,2,2,2
5941,45401361254,2,0,0,0,0,0,0,0,1,0,0,0,0,1
5942,29925458798,0,0,0,1,0,0,0,0,0,0,0,0,0,0
5943,28488652877,0,0,0,0,0,0,1,0,0,0,0,0,0,1
5944,50984222472,1,1,2,2,2,2,2,2,2,2,2,2,2,0
5945,45524108965,2,0,0,0,1,0,0,0,0,0,0,0,0,1
5946,50823466167,3,0,0,0,0,0,0,0,0,0,0,0,1,0
5947,50815312636,3,1,0,1,0,0,0,0,0,0,0,0,0,1
5948,50766790678,4,0,0,0,0,0,0,0,0,0,1,0,0,0
5949,50706021887,4,0,2,2,2,2,2,2,2,2,2,2,2,0
5950,50518791761,5,1,0,0,0,0,0,0,1,0,0,0,0,1
5951,50350610763,4,0,2,2,2,2,2,2,2,2,2,2,2,2
5952,50326718153,4,0,0,0,0,0,0,0,1,0,0,0,0,0
5953,50171089813,2,0,2,2,2,2,2,2,2,2,2,2,2,1
5954,50126683898,3,0,0,0,0,0,0,1,0,0,0,0,0,1
5955,49901987693,6,0,0,0,1,0,0,0,0,0,0,0,0,1
5956,51022608542,4,0,0,0,0,0,0,0,0,0,0,0,1,0
5957,51011504108,3,0,0,0,1,0,0,0,0,0,0,0,0,2
5958,50608058141,2,0,0,1,0,0,0,0,0,0,0,0,0,1
5959,50607307523,2,1,0,1,0,0,0,0,0,0,0,0,0,2
5960,49921026101,1,0,2,2,2,2,2,2,2,2,2,2,2,0
5961,50021167323,2,0,0,0,0,0,1,0,0,0,0,0,0,0
5962,49713106951,2,0,2,2,2,2,2,2,2,2,2,2,2,1
5963,49057530621,0,0,0,0,0,0,0,0,0,0,0,1,0,0
5964,48160860596,0,0,0,1,0,0,0,0,0,0,0,0,0,1
5965,48108816538,3,0,2,2,2,2,2,2,2,2,2,2,2,2
5966,30357491398,5,0,2,2,2,2,2,2,2,2,2,2,2,2
5967,51175449394,5,1,2,2,2,2,2,2,2,2,2,2,2,0
5968,49810949627,3,0,2,2,2,2,2,2,2,2,2,2,2,2
5969,51023715517,4,0,0,0,0,0,1,0,0,0,0,0,0,0
5970,50646798921,1,1,0,0,0,0,0,0,0,0,0,0,1,2
5971,50642647158,1,0,0,0,0,0,0,0,0,0,0,1,0,0
5972,51177062136,6,0,0,0,0,1,0,0,0,0,0,0,0,0
5973,50694735841,6,0,0,0,0,0,0,1,0,0,0,0,0,2
5974,46921303602,1,0,0,0,0,0,0,0,0,0,0,0,1,0
5975,33677439093,1,1,0,0,0,1,0,0,0,0,0,0,0,0
5976,29487992226,4,0,0,0,0,0,0,1,0,0,0,0,0,0
5977,51135255783,2,1,0,0,0,0,0,0,0,0,1,0,0,0
5978,49970560378,1,0,0,0,0,0,0,0,0,1,0,0,0,0
5979,50336220472,1,0,0,0,0,0,0,0,0,1,0,0,0,0
5980,50236712911,4,0,0,0,0,0,0,0,0,0,0,1,0,0
5981,49631944102,0,0,0,1,0,0,0,0,0,0,0,0,0,2
5982,49290105561,3,1,2,2,2,2,2,2,2,2,2,2,2,1
5983,50003298706,4,0,2,2,2,2,2,2,2,2,2,2,2,0
5984,50036333093,2,0,2,2,2,2,2,2,2,2,2,2,2,0
5985,50962474751,4,0,2,2,2,2,2,2,2,2,2,2,2,1
5986,49826892161,6,0,0,1,0,0,0,0,0,0,0,0,0,0
5987,49761425791,0,0,0,1,0,0,0,0,0,0,0,0,0,2
5988,50004544621,4,0,2,2,2,2,2,2,2,2,2,2,2,2
5989,41850069204,4,0,2,2,2,2,2,2,2,2,2,2,2,0
5990,49787264058,3,1,2,2,2,2,2,2,2,2,2,2,2,0
5991,50613787802,2,0,2,2,2,2,2,2,2,2,2,2,2,0
5992,43830339314,5,0,0,1,0,0,0,0,0,0,0,0,0,2
5993,49778035953,3,0,2,2,2,2,2,2,2,2,2,2,2,0
5994,50663691836,1,0,2,2,2,2,2,2,2,2,2,2,2,0
5995,50791146382,1,0,0,0,1,0,0,0,0,0,0,0,0,2
5996,50710576957,4,0,2,2,2,2,2,2,2,2,2,2,2,2
5997,50699397022,4,0,0,0,0,0,0,1,0,0,0,0,0,2
5998,50059868096,0,0,0,0,0,1,0,0,0,0,0,0,0,1
5999,31430524134,2,0,2,2,2,2,2,2,2,2,2,2,2,2
6000,48626462992,5,0,0,0,0,0,0,1,0,0,0,0,0,0
6001,49197991061,4,0,0,0,0,0,0,1,0,0,0,0,0,0
6002,47333060232,5,0,0,0,0,0,0,0,0,0,0,1,0,0
6003,50820737423,2,0,0,1,0,0,0,0,0,0,0,0,0,1
6004,51172305109,5,0,0,0,0,1,0,0,0,0,0,0,0,0
6005,50449700696,1,1,0,0,0,0,0,0,0,1,0,0,0,1
6006,51162706169,3,0,2,2,2,2,2,2,2,2,2,2,2,2
6007,50335268827,1,0,2,2,2,2,2,2,2,2,2,2,2,0
6008,50342733163,4,0,0,0,0,0,0,0,0,1,0,0,0,0
6009,50130140716,3,0,0,0,0,1,0,0,0,0,0,0,0,0
6010,49753272757,0,0,2,2,2,2,2,2,2,2,2,2,2,0
6011,49730953443,2,0,0,0,0,0,0,1,0,0,0,0,0,2
6012,49530865786,2,0,2,2,2,2,2,2,2,2,2,2,2,1
6013,49841254313,2,0,2,2,2,2,2,2,2,2,2,2,2,0
6014,49615447111,0,0,2,2,2,2,2,2,2,2,2,2,2,1
6015,49601573081,5,0,0,0,0,0,0,1,0,0,0,0,0,1
6016,49506806173,2,0,0,0,0,0,0,0,0,0,1,0,0,1
6017,49498587456,2,0,2,2,2,2,2,2,2,2,2,2,2,2
6018,49016322307,4,0,0,0,1,0,0,0,0,0,0,0,0,1
6019,48915263817,2,0,0,0,0,0,0,0,0,0,0,1,0,2
6020,48823073018,5,0,2,2,2,2,2,2,2,2,2,2,2,0
6021,48695413367,1,0,2,2,2,2,2,2,2,2,2,2,2,1
6022,48690095747,1,0,0,0,1,0,0,0,0,0,0,0,0,0
6023,50823576793,3,0,2,2,2,2,2,2,2,2,2,2,2,0
6024,51130636387,2,0,0,0,0,0,0,0,0,0,0,0,1,1
6025,51024883248,4,0,0,0,0,0,0,0,0,0,0,0,1,0
6026,50943287678,4,0,0,0,0,1,0,0,0,0,0,0,0,2
6027,50695216617,6,0,2,2,2,2,2,2,2,2,2,2,2,1
6028,50617850838,2,0,0,0,0,0,0,0,0,1,0,0,0,2
6029,50561032152,6,0,2,2,2,2,2,2,2,2,2,2,2,2
6030,50782386443,1,0,0,0,0,0,0,1,0,0,0,0,0,1
6031,50635024706,5,0,2,2,2,2,2,2,2,2,2,2,2,2
6032,50508714068,5,0,0,0,0,0,0,0,0,0,1,0,0,2
6033,50357188698,6,0,0,1,0,0,0,0,0,0,0,0,0,1
6034,50040460236,4,0,0,0,0,0,0,0,1,0,0,0,0,0
6035,49717576678,2,0,2,2,2,2,2,2,2,2,2,2,2,1
6036,49237643276,6,0,0,0,0,0,0,0,0,0,0,0,1,1
6037,49319238141,3,0,0,0,0,0,0,0,0,0,0,0,1,1
6038,50993221437,1,0,0,0,0,0,0,0,0,0,0,0,1,2
6039,50823909353,3,0,2,2,2,2,2,2,2,2,2,2,2,0
6040,50204091957,2,0,0,0,0,0,0,0,0,0,1,0,0,0
6041,49646866738,2,0,0,0,0,0,0,0,0,0,1,0,0,0
6042,49266709581,2,0,2,2,2,2,2,2,2,2,2,2,2,1
6043,48699045321,1,0,0,0,0,0,1,0,0,0,0,0,0,1
6044,47938966907,0,0,0,0,0,0,0,0,1,0,0,0,0,0
6045,32113353897,3,0,0,0,0,0,0,0,1,0,0,0,0,2
6046,46795415071,5,0,0,0,0,0,1,0,0,0,0,0,0,0
6047,44890125922,6,0,2,2,2,2,2,2,2,2,2,2,2,0
6048,46139019391,5,0,0,1,0,0,0,0,0,0,0,0,0,0
6049,44412069614,3,0,0,0,0,0,1,0,0,0,0,0,0,1
6050,28811153917,6,0,0,0,0,0,0,0,0,1,0,0,0,2
6051,51216366169,3,0,0,0,0,1,0,0,0,0,0,0,0,2
6052,50879058541,5,0,2,2,2,2,2,2,2,2,2,2,2,0
6053,50586706381,2,0,2,2,2,2,2,2,2,2,2,2,2,1
6054,50450421981,1,0,2,2,2,2,2,2,2,2,2,2,2,0
6055,50450255352,1,0,0,0,0,0,0,1,0,0,0,0,0,2
6056,49846548316,2,0,0,0,0,0,0,0,0,0,0,0,1,0
6057,51066524937,4,0,0,0,0,0,0,0,0,1,0,0,0,0
6058,51161402444,5,0,0,0,0,0,0,0,0,0,1,0,0,0
6059,51003907515,1,0,2,2,2,2,2,2,2,2,2,2,2,0
6060,50952215363,3,0,2,2,2,2,2,2,2,2,2,2,2,0
6061,50823277587,3,0,0,0,0,0,0,0,0,0,1,0,0,0
6062,50502529951,5,0,0,0,0,0,1,0,0,0,0,0,0,0
6063,50395005416,0,0,0,0,0,0,0,0,0,0,0,0,1,0
6064,50338185567,1,0,0,1,0,0,0,0,0,0,0,0,0,1
6065,50280108652,3,0,0,0,0,0,1,0,0,0,0,0,0,0
6066,50120111718,5,0,0,0,0,0,0,0,0,0,1,0,0,0
6067,50208277092,2,0,0,0,0,0,0,0,0,0,0,1,0,0
6068,50037277036,4,0,2,2,2,2,2,2,2,2,2,2,2,2
6069,50060355121,0,0,0,1,0,0,0,0,0,0,0,0,0,0
6070,49927055282,3,0,0,0,0,0,1,0,0,0,0,0,0,2
6071,49796135876,3,0,0,1,0,0,0,0,0,0,0,0,0,0
6072,51179568157,6,0,0,0,0,0,0,0,0,0,0,1,0,0
6073,51159861817,5,0,0,0,0,1,0,0,0,0,0,0,0,2
6074,51194413837,3,0,0,0,0,0,0,1,0,0,0,0,0,0
6075,50622264163,5,0,0,0,1,0,0,0,0,0,0,0,0,0
6076,50304548766,1,0,0,0,0,0,0,0,0,0,0,0,1,0
6077,49961670506,1,0,2,2,2,2,2,2,2,2,2,2,2,0
6078,49911479553,4,0,0,0,0,0,0,0,0,0,0,0,1,0
6079,49804730797,3,0,0,0,0,0,0,0,0,1,0,0,0,0
6080,51211088920,3,0,0,0,0,0,0,0,0,1,0,0,0,1
6081,51201264758,3,0,0,0,0,1,0,0,0,0,0,0,0,1
6082,49442452578,1,0,0,0,0,0,0,0,0,0,0,1,0,2
6083,49576887092,4,0,0,1,0,0,0,0,0,0,0,0,0,0
6084,48603515447,5,0,0,0,0,0,1,0,0,0,0,0,0,2
6085,33848272968,3,0,0,0,0,0,0,0,1,0,0,0,0,0
6086,51184245361,6,0,2,2,2,2,2,2,2,2,2,2,2,0
6087,51125257672,4,0,0,0,0,0,0,0,0,1,0,0,0,2
6088,51097239390,1,0,0,0,0,0,0,0,0,0,0,1,0,0
6089,51089754754,5,0,0,1,0,0,0,0,0,0,0,0,0,1
6090,51016346595,4,0,0,0,0,0,0,0,0,0,0,0,1,0
6091,51070703117,2,1,0,0,0,0,0,0,0,0,0,0,1,0
6092,50999263700,1,0,2,2,2,2,2,2,2,2,2,2,2,1
6093,51068491962,4,1,2,2,2,2,2,2,2,2,2,2,2,1
6094,50991734833,1,1,0,0,0,0,0,0,1,0,0,0,0,0
6095,50988679911,1,1,0,0,0,0,1,0,0,0,0,0,0,1
6096,50985668747,1,0,0,0,0,1,0,0,0,0,0,0,0,1
6097,50820267108,2,0,0,0,0,0,0,1,0,0,0,0,0,2
6098,50345240151,4,1,0,0,0,0,0,0,0,0,0,1,0,0
6099,50335543607,1,0,2,2,2,2,2,2,2,2,2,2,2,1
6100,50336410286,1,1,0,0,0,0,0,1,0,0,0,0,0,0
6101,50314824373,4,0,0,1,0,0,0,0,0,0,0,0,0,1
6102,50307623632,1,0,2,2,2,2,2,2,2,2,2,2,2,0
6103,49556734356,5,1,2,2,2,2,2,2,2,2,2,2,2,1
6104,49533282448,2,0,0,0,0,1,0,0,0,0,0,0,0,2
6105,51110696279,6,0,0,0,0,1,0,0,0,0,0,0,0,0
6106,51170293300,5,0,0,0,0,0,0,0,0,0,0,0,1,0
6107,50937207998,2,0,0,0,0,0,0,1,0,0,0,0,0,2
6108,50848154147,4,0,2,2,2,2,2,2,2,2,2,2,2,1
6109,50328889836,4,0,0,0,0,0,0,0,0,0,1,0,0,2
6110,49589073498,5,0,0,0,0,0,0,0,1,0,0,0,0,1
6111,48997044088,6,0,0,0,0,0,0,0,0,1,0,0,0,1
6112,47510424501,5,0,2,2,2,2,2,2,2,2,2,2,2,2
6113,46049157195,0,1,2,2,2,2,2,2,2,2,2,2,2,1
6114,46073997804,0,0,2,2,2,2,2,2,2,2,2,2,2,1
6115,46161569354,5,0,2,2,2,2,2,2,2,2,2,2,2,1
6116,40288723314,3,0,0,1,0,0,0,0,0,0,0,0,0,0
6117,39794567225,4,0,2,2,2,2,2,2,2,2,2,2,2,2
6118,28337771079,0,1,0,0,0,0,0,0,0,0,0,1,0,1
6119,32581921756,5,0,0,0,0,0,0,0,0,1,0,0,0,0
6120,32568227906,5,0,0,0,0,0,1,0,0,0,0,0,0,0
6121,29530575265,0,0,0,0,0,0,0,1,0,0,0,0,0,1
6122,27137203245,3,0,0,0,0,0,0,1,0,0,0,0,0,0
6123,26994236791,6,0,0,0,0,0,0,0,1,0,0,0,0,0
6124,50415472102,6,0,0,0,0,0,0,1,0,0,0,0,0,2
6125,50997411808,1,0,0,1,0,0,0,0,0,0,0,0,0,1
6126,49567222122,2,0,0,0,0,0,0,0,1,0,0,0,0,2
6127,49570760283,2,0,2,2,2,2,2,2,2,2,2,2,2,2
6128,49571264676,2,0,0,0,0,0,0,0,0,0,0,1,0,0
6129,50866403768,1,0,0,0,0,0,0,0,0,0,1,0,0,2
6130,50012035892,1,0,2,2,2,2,2,2,2,2,2,2,2,2
6131,49428093098,3,0,0,0,0,0,0,0,0,1,0,0,0,0
6132,49771776723,6,0,2,2,2,2,2,2,2,2,2,2,2,0
6133,49680758552,2,0,0,0,0,0,0,0,0,0,1,0,0,2
6134,51093273366,5,0,0,0,1,0,0,0,0,0,0,0,0,0
6135,51204177468,3,0,0,0,0,1,0,0,0,0,0,0,0,0
6136,50352383433,4,0,2,2,2,2,2,2,2,2,2,2,2,2
6137,50389099748,0,0,0,0,0,0,0,0,0,1,0,0,0,0
6138,50353082241,4,0,0,0,0,0,0,0,0,0,1,0,0,1
6139,50269472727,3,1,0,0,0,0,0,0,1,0,0,0,0,0
6140,49986705033,6,0,0,0,0,0,0,0,0,0,0,0,1,1
6141,46255306024,5,1,0,0,0,1,0,0,0,0,0,0,0,1
6142,51171939388,5,0,0,0,0,0,0,0,0,0,1,0,0,1
6143,51067087331,4,0,2,2,2,2,2,2,2,2,2,2,2,0
6144,50899413217,2,0,0,0,0,1,0,0,0,0,0,0,0,0
6145,50954739643,5,1,2,2,2,2,2,2,2,2,2,2,2,0
6146,50954751398,5,0,2,2,2,2,2,2,2,2,2,2,2,0
6147,50815405606,2,0,0,0,0,0,0,0,0,0,1,0,0,2
6148,50814595553,3,0,0,0,0,0,0,0,0,0,1,0,0,1
6149,50793633718,3,0,0,0,0,0,0,0,0,0,0,1,0,2
6150,50331042201,4,0,0,0,0,1,0,0,0,0,0,0,0,1
6151,50421443126,5,0,0,0,0,0,1,0,0,0,0,0,0,0
6152,50421327916,5,0,2,2,2,2,2,2,2,2,2,2,2,0
6153,50174294077,2,0,0,0,0,0,0,0,0,0,1,0,0,1
6154,50148695467,5,1,0,0,0,0,0,1,0,0,0,0,0,1
6155,50174217312,2,0,0,0,0,0,0,0,0,0,1,0,0,2
6156,49742541778,2,0,0,1,0,0,0,0,0,0,0,0,0,0
6157,49921082997,1,0,2,2,2,2,2,2,2,2,2,2,2,1
6158,49711893328,2,0,0,0,0,0,0,0,0,0,0,1,0,2
6159,49935715421,3,0,0,0,0,1,0,0,0,0,0,0,0,0
6160,49927201198,3,0,2,2,2,2,2,2,2,2,2,2,2,1
6161,49893493701,6,0,2,2,2,2,2,2,2,2,2,2,2,1
6162,50713027442,1,0,0,0,0,0,0,0,0,0,0,0,1,1
6163,49974310357,2,0,0,0,0,0,0,0,0,0,0,0,1,1
6164,49945044898,4,0,2,2,2,2,2,2,2,2,2,2,2,0
6165,49668204443,0,1,0,0,0,0,0,0,0,0,1,0,0,2
6166,48094526611,3,0,0,0,0,0,0,0,0,0,1,0,0,0
6167,47323990582,2,0,0,0,0,0,0,0,0,0,1,0,0,0
6168,32509384478,4,0,0,0,1,0,0,0,0,0,0,0,0,2
6169,41308837510,1,0,0,0,1,0,0,0,0,0,0,0,0,0
6170,51223294601,6,0,0,0,0,0,0,0,0,1,0,0,0,0
6171,51007301045,3,0,0,0,0,1,0,0,0,0,0,0,0,0
6172,51000547127,1,0,0,0,0,1,0,0,0,0,0,0,0,0
6173,50741784031,2,0,2,2,2,2,2,2,2,2,2,2,2,0
6174,50667597896,1,0,0,0,0,0,0,1,0,0,0,0,0,0
6175,50866559997,1,0,0,0,0,0,0,1,0,0,0,0,0,0
6176,50526295378,1,0,2,2,2,2,2,2,2,2,2,2,2,1
6177,50147949997,5,0,0,0,0,0,1,0,0,0,0,0,0,0
6178,50043229561,4,0,0,0,1,0,0,0,0,0,0,0,0,0
6179,49995444716,6,0,0,0,0,0,0,0,0,0,0,1,0,1
6180,49914225637,4,0,0,0,0,0,0,0,0,1,0,0,0,2
6181,49902818537,6,0,2,2,2,2,2,2,2,2,2,2,2,1
6182,49550313631,5,0,2,2,2,2,2,2,2,2,2,2,2,2
6183,49474184482,2,0,2,2,2,2,2,2,2,2,2,2,2,1
6184,49343022893,0,0,0,0,0,0,0,0,0,0,0,0,1,0
6185,49338489777,0,0,0,0,1,0,0,0,0,0,0,0,0,0
6186,49667789696,0,0,0,0,0,0,0,0,1,0,0,0,0,1
6187,49634552478,0,0,0,0,0,0,0,0,0,0,1,0,0,0
6188,49550540912,5,0,0,0,0,0,1,0,0,0,0,0,0,0
6189,49343023073,0,0,0,0,0,0,0,0,1,0,0,0,0,2
6190,49174869916,4,0,2,2,2,2,2,2,2,2,2,2,2,0
6191,50852828197,4,1,2,2,2,2,2,2,2,2,2,2,2,0
6192,49772533607,6,0,2,2,2,2,2,2,2,2,2,2,2,2
6193,50120805936,1,0,0,1,0,0,0,0,0,0,0,0,0,0
6194,50104911826,5,0,0,0,1,0,0,0,0,0,0,0,0,0
6195,48677866871,4,0,0,0,0,1,0,0,0,0,0,0,0,1
6196,48031282358,1,0,2,2,2,2,2,2,2,2,2,2,2,2
6197,47559383252,2,0,2,2,2,2,2,2,2,2,2,2,2,0
6198,48844451127,1,0,2,2,2,2,2,2,2,2,2,2,2,0
6199,48299152722,2,0,0,0,0,0,0,0,0,1,0,0,0,0
6200,47992629238,3,0,0,0,0,0,0,0,0,0,0,1,0,1
6201,45320098055,3,0,2,2,2,2,2,2,2,2,2,2,2,0
6202,42300788934,5,0,0,0,0,0,0,0,0,0,1,0,0,1
6203,38904212144,2,0,2,2,2,2,2,2,2,2,2,2,2,0
6204,38771420134,2,0,2,2,2,2,2,2,2,2,2,2,2,0
6205,43750347901,5,0,2,2,2,2,2,2,2,2,2,2,2,0
6206,41485722654,3,0,0,0,0,0,1,0,0,0,0,0,0,2
6207,51116106956,6,0,2,2,2,2,2,2,2,2,2,2,2,0
6208,50567882258,1,0,0,0,0,0,0,0,0,0,0,0,1,2
6209,49536035018,2,0,0,0,0,0,0,0,0,1,0,0,0,1
6210,49601863788,5,0,2,2,2,2,2,2,2,2,2,2,2,2
6211,51181831836,6,0,0,0,0,0,1,0,0,0,0,0,0,0
6212,50979508911,6,0,2,2,2,2,2,2,2,2,2,2,2,0
6213,50954908238,5,0,0,0,0,0,1,0,0,0,0,0,0,0
6214,50756072733,4,0,2,2,2,2,2,2,2,2,2,2,2,1
6215,50667612733,2,0,0,0,0,0,0,0,0,0,1,0,0,2
6216,50785802938,1,0,0,0,1,0,0,0,0,0,0,0,0,0
6217,50624408107,2,0,0,0,0,0,0,1,0,0,0,0,0,0
6218,50490196162,2,0,0,0,0,0,0,0,0,0,0,0,1,0
6219,50353054026,4,0,2,2,2,2,2,2,2,2,2,2,2,2
6220,50177984466,2,1,0,0,0,0,0,0,0,1,0,0,0,0
6221,50541065991,1,0,2,2,2,2,2,2,2,2,2,2,2,1
6222,50369879521,0,0,0,0,0,0,0,0,0,1,0,0,0,0
6223,49592263573,5,0,0,0,0,0,0,0,0,0,0,1,0,2
6224,49777707976,6,0,0,0,0,0,0,0,0,0,0,0,1,1
6225,49778035137,6,0,2,2,2,2,2,2,2,2,2,2,2,0
6226,49418809837,3,0,0,0,0,0,0,1,0,0,0,0,0,0
6227,49023340188,4,0,0,0,0,0,0,0,1,0,0,0,0,1
6228,48833763198,1,0,2,2,2,2,2,2,2,2,2,2,2,0
6229,48799351641,3,0,0,0,0,0,1,0,0,0,0,0,0,2
6230,48660509496,4,0,0,0,0,1,0,0,0,0,0,0,0,0
6231,48646757021,4,0,0,1,0,0,0,0,0,0,0,0,0,0
6232,48623888833,5,0,0,1,0,0,0,0,0,0,0,0,0,0
6233,48397114206,3,0,0,0,0,0,0,0,0,0,1,0,0,1
6234,51104423697,3,0,0,0,0,0,0,0,0,0,0,1,0,0
6235,50814445277,3,0,0,0,0,0,0,0,1,0,0,0,0,0
6236,49327702271,3,0,0,0,0,0,0,0,0,0,0,0,1,0
6237,49321041546,3,0,2,2,2,2,2,2,2,2,2,2,2,2
6238,49593836706,5,0,0,0,0,0,0,0,0,0,1,0,0,0
6239,49315862206,3,0,0,0,1,0,0,0,0,0,0,0,0,2
6240,49102811553,3,0,0,1,0,0,0,0,0,0,0,0,0,0
6241,49092280157,3,0,2,2,2,2,2,2,2,2,2,2,2,0
6242,48813561196,5,0,0,0,0,0,0,0,1,0,0,0,0,0
6243,49047889268,1,0,2,2,2,2,2,2,2,2,2,2,2,0
6244,48514050422,0,0,0,0,0,0,0,1,0,0,0,0,0,0
6245,46580997254,4,0,0,0,1,0,0,0,0,0,0,0,0,0
6246,47564728002,2,0,0,0,0,0,0,0,0,0,0,1,0,0
6247,47272948511,2,0,0,0,0,0,0,0,1,0,0,0,0,2
6248,47220857722,2,0,0,0,0,0,0,0,0,0,0,1,0,0
6249,47564727132,2,0,2,2,2,2,2,2,2,2,2,2,2,0
6250,45732933265,6,0,0,0,0,0,0,0,1,0,0,0,0,0
6251,45732928815,6,0,0,1,0,0,0,0,0,0,0,0,0,0
6252,43508920865,0,0,0,0,0,1,0,0,0,0,0,0,0,0
6253,44156982994,2,0,0,0,0,0,0,1,0,0,0,0,0,0
6254,43065568470,3,0,0,0,0,0,0,0,1,0,0,0,0,0
6255,43136549454,5,0,0,0,0,0,0,0,0,1,0,0,0,1
6256,50922822861,2,0,2,2,2,2,2,2,2,2,2,2,2,1
6257,50885480221,6,0,0,0,0,0,1,0,0,0,0,0,0,0
6258,50638828746,5,0,0,0,1,0,0,0,0,0,0,0,0,2
6259,50226283731,4,0,0,0,0,0,0,0,0,0,0,1,0,0
6260,49924019663,3,0,0,1,0,0,0,0,0,0,0,0,0,0
6261,49658027406,0,0,0,0,0,0,0,0,0,1,0,0,0,1
6262,51198577598,5,0,0,0,0,0,0,0,1,0,0,0,0,1
6263,51197785713,3,0,2,2,2,2,2,2,2,2,2,2,2,0
6264,51195729645,3,0,0,1,0,0,0,0,0,0,0,0,0,2
6265,51195729515,3,0,0,0,0,0,0,1,0,0,0,0,0,0
6266,51178317642,6,0,2,2,2,2,2,2,2,2,2,2,2,0
6267,51137572664,5,0,0,0,1,0,0,0,0,0,0,0,0,2
6268,51130723290,2,0,0,0,1,0,0,0,0,0,0,0,0,2
6269,51012949837,4,0,2,2,2,2,2,2,2,2,2,2,2,1
6270,51006441491,3,0,2,2,2,2,2,2,2,2,2,2,2,2
6271,51010653156,3,0,2,2,2,2,2,2,2,2,2,2,2,0
6272,50955810368,5,0,2,2,2,2,2,2,2,2,2,2,2,1
6273,50789435118,1,1,2,2,2,2,2,2,2,2,2,2,2,2
6274,50992840228,1,0,0,0,0,0,0,0,0,1,0,0,0,0
6275,50757760966,4,0,0,0,0,0,1,0,0,0,0,0,0,1
6276,50730224646,5,0,0,0,0,0,0,0,0,0,1,0,0,2
6277,50614058906,2,0,0,0,0,0,0,0,1,0,0,0,0,0
6278,50528876006,1,0,2,2,2,2,2,2,2,2,2,2,2,1
6279,50354570757,4,0,0,0,0,0,0,0,0,0,0,0,1,2
6280,50354569152,4,0,0,0,0,0,1,0,0,0,0,0,0,2
6281,50351529723,4,0,0,0,0,0,0,0,0,0,0,0,1,1
6282,50348058087,4,0,0,0,0,0,0,0,0,1,0,0,0,1
6283,50329971503,4,0,0,0,0,0,0,0,0,0,0,0,1,2
6284,50343760861,4,0,2,2,2,2,2,2,2,2,2,2,2,0
6285,50043136057,4,0,0,0,0,0,0,1,0,0,0,0,0,2
6286,49984864251,6,0,0,0,0,0,0,0,0,1,0,0,0,2
6287,49960842767,1,0,0,0,0,0,0,0,1,0,0,0,0,2
6288,49959192222,1,0,2,2,2,2,2,2,2,2,2,2,2,2
6289,49989887916,6,0,2,2,2,2,2,2,2,2,2,2,2,2
6290,49907106422,4,0,2,2,2,2,2,2,2,2,2,2,2,0
6291,49522709417,2,0,0,0,0,0,1,0,0,0,0,0,0,1
6292,49510444547,2,0,0,0,0,0,0,0,0,0,1,0,0,2
6293,49355305712,6,0,0,0,0,0,0,0,1,0,0,0,0,1
6294,49525508452,2,0,0,0,0,0,0,0,0,0,0,0,1,2
6295,49726935616,2,0,2,2,2,2,2,2,2,2,2,2,2,1
6296,49566801907,2,0,2,2,2,2,2,2,2,2,2,2,2,2
6297,49724512097,2,0,2,2,2,2,2,2,2,2,2,2,2,1
6298,49656339883,0,0,2,2,2,2,2,2,2,2,2,2,2,0
6299,49507280566,2,0,0,0,0,0,0,0,1,0,0,0,0,1
6300,51058113782,4,0,0,0,0,0,0,0,0,0,1,0,0,2
6301,51000579452,1,0,0,0,0,0,1,0,0,0,0,0,0,2
6302,51193056933,3,0,0,0,0,0,1,0,0,0,0,0,0,2
6303,51125483529,6,0,0,0,0,0,0,0,0,0,0,1,0,2
6304,50945830982,6,0,2,2,2,2,2,2,2,2,2,2,2,0
6305,51003874820,1,0,0,0,1,0,0,0,0,0,0,0,0,1
6306,50903217701,2,0,2,2,2,2,2,2,2,2,2,2,2,0
6307,50696963957,6,0,0,0,0,0,0,0,1,0,0,0,0,1
6308,50628862487,5,0,0,1,0,0,0,0,0,0,0,0,0,1
6309,50801678376,3,0,0,0,0,1,0,0,0,0,0,0,0,0
6310,50723143712,5,0,0,0,0,0,0,0,0,0,1,0,0,0
6311,50596915107,2,0,0,0,0,0,0,0,0,0,0,0,1,0
6312,50588379828,2,0,0,0,0,0,1,0,0,0,0,0,0,1
6313,48085039007,3,0,2,2,2,2,2,2,2,2,2,2,2,1
6314,50813484286,3,0,2,2,2,2,2,2,2,2,2,2,2,2
6315,50353114132,4,0,0,0,0,0,0,0,0,0,0,0,1,1
6316,50340563293,4,0,0,1,0,0,0,0,0,0,0,0,0,1
6317,50188162813,1,0,0,0,0,0,0,0,1,0,0,0,0,0
6318,50253633092,3,0,0,0,0,0,0,0,0,0,0,0,1,2
6319,50249193573,3,0,0,0,1,0,0,0,0,0,0,0,0,1
6320,50193953086,1,0,0,0,0,0,0,0,0,1,0,0,0,1
6321,50152219647,3,0,2,2,2,2,2,2,2,2,2,2,2,0
6322,50131728362,3,0,2,2,2,2,2,2,2,2,2,2,2,1
6323,49720533243,2,0,0,0,0,0,0,0,0,0,0,0,1,2
6324,49161859863,3,0,2,2,2,2,2,2,2,2,2,2,2,1
6325,49160800513,3,0,0,0,0,0,1,0,0,0,0,0,0,0
6326,49140808363,3,0,0,0,0,1,0,0,0,0,0,0,0,0
6327,49125865588,1,0,2,2,2,2,2,2,2,2,2,2,2,1
6328,50905438246,2,0,0,0,0,0,0,0,0,0,0,0,1,1
6329,50263114282,0,0,0,0,0,0,0,1,0,0,0,0,0,2
6330,50260184487,0,0,2,2,2,2,2,2,2,2,2,2,2,1
6331,50256121287,0,0,2,2,2,2,2,2,2,2,2,2,2,1
6332,50193952176,1,0,2,2,2,2,2,2,2,2,2,2,2,1
6333,50004189066,4,1,0,0,0,0,1,0,0,0,0,0,0,1
6334,49979506167,2,0,0,0,0,0,0,0,0,1,0,0,0,1
6335,49047715377,0,0,2,2,2,2,2,2,2,2,2,2,2,1
6336,50026413382,4,0,2,2,2,2,2,2,2,2,2,2,2,2
6337,51211371056,3,0,0,0,0,1,0,0,0,0,0,0,0,1
6338,50593150501,2,0,0,1,0,0,0,0,0,0,0,0,0,2
6339,50363304522,1,0,0,0,0,0,0,0,0,1,0,0,0,2
6340,50277365203,3,0,0,0,0,1,0,0,0,0,0,0,0,2
6341,49984413403,5,0,0,0,0,1,0,0,0,0,0,0,0,1
6342,49975865923,2,0,0,0,1,0,0,0,0,0,0,0,0,2
6343,49621986858,0,0,0,0,0,0,0,0,0,0,0,1,0,1
6344,49589713816,5,0,0,0,0,0,0,0,0,0,0,0,1,0
6345,50332373722,4,0,2,2,2,2,2,2,2,2,2,2,2,2
6346,49328526731,0,0,0,0,0,0,1,0,0,0,0,0,0,0
6347,50952167608,2,0,0,0,0,0,0,0,0,0,1,0,0,0
6348,49827721382,6,0,0,0,0,0,0,0,0,0,0,1,0,1
6349,50231621882,4,0,0,0,0,0,0,0,0,0,0,1,0,2
6350,49195977568,4,0,2,2,2,2,2,2,2,2,2,2,2,0
6351,41184174824,1,0,0,0,0,0,0,0,0,0,1,0,0,2
6352,51012261195,4,0,0,0,0,0,0,0,0,0,0,1,0,0
6353,50738642261,2,0,0,0,0,1,0,0,0,0,0,0,0,0
6354,49577499361,5,0,0,0,0,0,0,0,0,0,1,0,0,0
6355,50446115912,1,1,0,0,1,0,0,0,0,0,0,0,0,0
6356,51051806661,1,0,0,1,0,0,0,0,0,0,0,0,0,0
6357,51038135761,4,1,2,2,2,2,2,2,2,2,2,2,2,0
6358,50444280183,1,0,2,2,2,2,2,2,2,2,2,2,2,2
6359,51133956766,2,0,0,0,0,0,0,0,0,0,0,1,0,0
6360,50745870591,2,0,0,0,0,0,0,0,1,0,0,0,0,1
6361,50729774633,5,0,0,0,0,1,0,0,0,0,0,0,0,0
6362,50193822726,1,0,2,2,2,2,2,2,2,2,2,2,2,2
6363,50095056871,3,0,0,0,0,0,0,0,0,0,1,0,0,2
6364,49753478853,0,0,0,0,0,0,1,0,0,0,0,0,0,2
6365,49827258083,6,0,0,0,0,0,0,0,0,0,0,1,0,2
6366,50567289292,1,1,0,1,0,0,0,0,0,0,0,0,0,1
6367,49963585533,1,0,0,0,0,0,0,0,1,0,0,0,0,1
6368,49922415518,1,0,0,0,0,0,1,0,0,0,0,0,0,1
6369,50862991027,4,0,0,0,0,0,0,0,0,0,0,0,1,0
6370,50515977798,5,1,0,0,0,0,1,0,0,0,0,0,0,1
6371,50566937072,1,0,2,2,2,2,2,2,2,2,2,2,2,0
6372,50408143846,6,0,0,0,0,0,0,0,1,0,0,0,0,1
6373,49345807928,2,1,2,2,2,2,2,2,2,2,2,2,2,1
6374,47598677721,2,1,0,0,0,1,0,0,0,0,0,0,0,0
6375,33036302908,5,0,0,0,0,0,0,0,0,0,0,1,0,1
6376,33216219618,1,0,0,0,0,1,0,0,0,0,0,0,0,1
6377,42454401335,0,0,0,0,0,0,0,0,0,0,0,1,0,0
6378,37198170040,0,0,0,0,1,0,0,0,0,0,0,0,0,0
6379,50991799912,1,0,2,2,2,2,2,2,2,2,2,2,2,0
6380,50978927631,6,0,0,1,0,0,0,0,0,0,0,0,0,0
6381,50341083817,4,0,0,0,0,0,0,0,0,0,0,1,0,0
6382,50410737351,6,1,0,0,1,0,0,0,0,0,0,0,0,0
6383,50539078287,1,0,0,0,0,0,0,0,0,0,0,0,1,0
6384,49384806273,3,0,0,0,0,0,0,0,1,0,0,0,0,1
6385,50780417843,4,0,0,1,0,0,0,0,0,0,0,0,0,2
6386,40854550413,0,0,2,2,2,2,2,2,2,2,2,2,2,0
6387,46651251445,4,0,0,0,0,0,0,0,0,0,1,0,0,0
6388,50778118163,4,0,0,0,0,0,0,0,1,0,0,0,0,0
6389,50427523283,5,0,0,0,0,1,0,0,0,0,0,0,0,0
6390,50226640412,4,0,0,0,1,0,0,0,0,0,0,0,0,1
6391,50991682681,1,1,0,0,0,0,0,0,0,0,0,0,1,0
6392,26739170679,0,0,0,0,0,0,1,0,0,0,0,0,0,0
6393,50096125197,2,0,0,0,0,0,0,1,0,0,0,0,0,0
6394,49946993613,6,0,2,2,2,2,2,2,2,2,2,2,2,2
6395,50858110933,4,0,2,2,2,2,2,2,2,2,2,2,2,0
6396,48447248286,4,0,0,0,0,0,0,0,0,0,0,1,0,0
6397,45344070414,3,0,2,2,2,2,2,2,2,2,2,2,2,0
6398,37530194342,0,0,2,2,2,2,2,2,2,2,2,2,2,2
6399,33255102873,6,0,0,0,0,0,0,1,0,0,0,0,0,0
6400,50013626811,2,0,0,0,0,0,1,0,0,0,0,0,0,1
6401,50011919981,4,0,2,2,2,2,2,2,2,2,2,2,2,2
6402,49820959962,5,0,0,0,0,0,0,1,0,0,0,0,0,2
6403,49529515176,2,0,2,2,2,2,2,2,2,2,2,2,2,0
6404,49524936616,2,0,2,2,2,2,2,2,2,2,2,2,2,0
6405,27634832641,2,0,0,0,1,0,0,0,0,0,0,0,0,2
6406,50361636181,1,0,2,2,2,2,2,2,2,2,2,2,2,0
6407,49677628991,2,0,0,0,0,0,0,0,0,0,0,1,0,2
6408,50467201756,2,1,2,2,2,2,2,2,2,2,2,2,2,0
6409,49881889406,0,1,0,0,0,0,0,0,1,0,0,0,0,0
6410,50069877711,5,0,0,0,1,0,0,0,0,0,0,0,0,1
6411,51123224633,1,0,0,0,0,0,1,0,0,0,0,0,0,1
6412,51092900070,5,0,0,0,0,0,0,1,0,0,0,0,0,0
6413,51043879136,4,0,2,2,2,2,2,2,2,2,2,2,2,1
6414,51002562247,1,0,2,2,2,2,2,2,2,2,2,2,2,0
6415,50933415943,2,0,2,2,2,2,2,2,2,2,2,2,2,1
6416,50947208773,6,0,0,0,0,0,0,0,0,0,0,1,0,0
6417,50896614177,2,1,0,0,0,1,0,0,0,0,0,0,0,0
6418,50762086577,4,0,0,0,0,0,0,0,0,0,0,0,1,2
6419,50863438383,4,0,0,1,0,0,0,0,0,0,0,0,0,0
6420,50583375092,2,0,2,2,2,2,2,2,2,2,2,2,2,0
6421,50678223403,1,0,0,0,0,0,1,0,0,0,0,0,0,0
6422,50530112166,1,0,0,0,0,0,0,0,0,0,1,0,0,1
6423,50460285512,1,0,2,2,2,2,2,2,2,2,2,2,2,1
6424,50419322101,5,0,0,0,0,0,0,0,0,1,0,0,0,2
6425,50388091912,0,0,0,0,1,0,0,0,0,0,0,0,0,1
6426,50103787956,5,0,0,0,0,0,1,0,0,0,0,0,0,0
6427,49942793402,3,0,0,0,0,1,0,0,0,0,0,0,0,0
6428,50238140366,4,0,0,0,0,0,0,0,0,1,0,0,0,2
6429,50165660631,3,0,0,1,0,0,0,0,0,0,0,0,0,0
6430,50146131681,5,1,2,2,2,2,2,2,2,2,2,2,2,1
6431,50184960447,2,0,2,2,2,2,2,2,2,2,2,2,2,1
6432,49597903281,5,0,2,2,2,2,2,2,2,2,2,2,2,0
6433,49669110231,0,0,0,0,0,0,0,0,0,1,0,0,0,0
6434,49664302438,0,0,0,0,1,0,0,0,0,0,0,0,0,2
6435,51007937920,3,0,0,0,0,0,0,1,0,0,0,0,0,0
6436,51002460271,1,0,2,2,2,2,2,2,2,2,2,2,2,0
6437,51096764975,5,0,2,2,2,2,2,2,2,2,2,2,2,0
6438,50438179361,4,0,0,0,1,0,0,0,0,0,0,0,0,1
6439,50389726658,0,0,0,0,0,0,0,0,0,0,1,0,0,0
6440,50336113248,1,0,0,1,0,0,0,0,0,0,0,0,0,0
6441,50193367536,1,0,0,0,1,0,0,0,0,0,0,0,0,0
6442,50150307796,1,0,0,0,0,0,1,0,0,0,0,0,0,0
6443,50079157987,5,1,0,0,0,0,0,0,0,0,0,1,0,0
6444,49610055006,5,0,0,0,0,0,0,0,0,0,0,1,0,1
6445,49498936406,2,0,0,1,0,0,0,0,0,0,0,0,0,0
6446,49447360468,1,0,0,1,0,0,0,0,0,0,0,0,0,0
6447,49414660388,3,0,0,0,0,0,0,0,0,0,0,0,1,2
6448,48449768977,4,1,0,0,0,0,0,0,1,0,0,0,0,0
6449,48448141252,4,1,2,2,2,2,2,2,2,2,2,2,2,0
6450,48350936136,2,0,0,0,0,0,0,1,0,0,0,0,0,0
6451,46888749842,5,0,2,2,2,2,2,2,2,2,2,2,2,0
6452,44780517310,6,0,0,0,0,0,0,0,0,0,0,1,0,0
6453,46347323392,3,0,0,0,1,0,0,0,0,0,0,0,0,0
6454,32515444228,5,0,0,0,0,0,0,1,0,0,0,0,0,1
6455,44016574820,2,0,0,0,1,0,0,0,0,0,0,0,0,1
6456,45074530034,3,0,2,2,2,2,2,2,2,2,2,2,2,0
6457,50581736507,2,0,0,0,1,0,0,0,0,0,0,0,0,0
6458,50241847677,4,0,0,0,0,0,0,0,0,0,0,1,0,2
6459,51197452572,3,0,0,0,0,1,0,0,0,0,0,0,0,0
6460,51219949715,5,0,0,0,0,0,0,0,0,1,0,0,0,1
6461,51127173866,6,0,0,0,0,0,0,0,0,0,0,1,0,0
6462,51127007186,6,0,0,0,0,0,0,0,0,0,0,1,0,0
6463,51127222543,6,0,0,0,0,0,1,0,0,0,0,0,0,0
6464,51015199241,4,0,0,0,0,0,0,0,0,0,0,0,1,0
6465,50913730022,6,0,2,2,2,2,2,2,2,2,2,2,2,0
6466,50834806267,4,0,0,1,0,0,0,0,0,0,0,0,0,2
6467,50713219097,1,0,0,0,0,1,0,0,0,0,0,0,0,0
6468,50710179336,4,0,0,0,1,0,0,0,0,0,0,0,0,2
6469,50730864717,5,0,0,0,0,1,0,0,0,0,0,0,0,0
6470,50682783832,1,0,0,0,0,0,0,0,0,1,0,0,0,2
6471,50394418363,0,0,0,0,0,0,0,0,0,0,0,1,0,0
6472,50394223731,0,0,0,0,0,0,0,0,0,0,1,0,0,2
6473,50434306493,4,0,0,0,0,0,0,0,0,0,0,0,1,0
6474,51101344805,6,0,0,0,1,0,0,0,0,0,0,0,0,0
6475,51106136951,3,0,0,1,0,0,0,0,0,0,0,0,0,0
6476,51040111006,4,0,2,2,2,2,2,2,2,2,2,2,2,2
6477,50953824471,5,0,0,0,0,0,0,0,1,0,0,0,0,0
6478,50699421382,4,0,2,2,2,2,2,2,2,2,2,2,2,1
6479,50367001963,1,0,2,2,2,2,2,2,2,2,2,2,2,1
6480,50341338647,4,0,0,0,0,0,0,0,1,0,0,0,0,0
6481,50144994153,5,0,0,1,0,0,0,0,0,0,0,0,0,0
6482,49955059221,6,0,0,0,0,0,0,0,0,0,0,1,0,2
6483,49954544778,6,0,2,2,2,2,2,2,2,2,2,2,2,2
6484,51100953511,6,0,2,2,2,2,2,2,2,2,2,2,2,0
6485,49288750553,3,0,0,0,0,1,0,0,0,0,0,0,0,0
6486,49494342013,2,1,0,0,0,0,1,0,0,0,0,0,0,0
6487,49494329563,2,0,0,0,0,0,0,0,0,0,1,0,0,1
6488,48724224697,1,0,0,0,0,0,0,0,0,0,0,0,1,1
6489,46955813825,1,0,2,2,2,2,2,2,2,2,2,2,2,1
6490,40747923933,0,0,2,2,2,2,2,2,2,2,2,2,2,0
6491,47705667841,5,0,0,1,0,0,0,0,0,0,0,0,0,2
6492,48014635791,3,1,0,0,0,0,0,0,0,1,0,0,0,1
6493,47571277612,2,0,2,2,2,2,2,2,2,2,2,2,2,1
6494,46899380354,5,0,0,0,0,0,0,0,0,0,0,0,1,0
6495,28285079368,6,0,0,0,0,0,0,1,0,0,0,0,0,2
6496,25011374598,4,0,0,0,0,0,0,0,0,0,0,1,0,2
6497,37502633461,0,0,0,0,0,0,0,0,0,1,0,0,0,1
6498,37454764956,0,0,0,0,0,0,0,0,0,1,0,0,0,1
6499,33303641294,6,0,2,2,2,2,2,2,2,2,2,2,2,2
6500,32210107733,2,0,0,0,0,0,1,0,0,0,0,0,0,2
6501,32179996354,0,1,2,2,2,2,2,2,2,2,2,2,2,1
6502,31104730014,5,0,2,2,2,2,2,2,2,2,2,2,2,1
6503,26732527234,0,1,0,0,0,0,0,1,0,0,0,0,0,1
6504,27159359735,3,0,0,0,0,0,1,0,0,0,0,0,0,1
6505,49495048167,2,1,2,2,2,2,2,2,2,2,2,2,2,2
6506,49288740423,3,0,2,2,2,2,2,2,2,2,2,2,2,2
6507,50122683517,3,0,2,2,2,2,2,2,2,2,2,2,2,0
6508,49989238738,6,0,2,2,2,2,2,2,2,2,2,2,2,0
6509,49380788598,3,0,2,2,2,2,2,2,2,2,2,2,2,1
6510,49322314948,3,0,0,1,0,0,0,0,0,0,0,0,0,0
6511,49322314663,3,0,0,0,0,0,0,0,0,0,1,0,0,0
6512,50513699986,5,0,0,0,0,0,0,0,0,1,0,0,0,2
6513,50028367768,4,0,2,2,2,2,2,2,2,2,2,2,2,1
6514,40164829575,1,1,2,2,2,2,2,2,2,2,2,2,2,1
6515,51122464981,1,1,2,2,2,2,2,2,2,2,2,2,2,0
6516,39371737070,1,1,0,0,0,1,0,0,0,0,0,0,0,0
6517,34051995054,5,0,0,0,0,0,0,0,0,1,0,0,0,0
6518,50080947153,5,0,0,1,0,0,0,0,0,0,0,0,0,0
6519,47987663561,3,0,0,0,0,0,0,0,0,0,1,0,0,2
6520,51188242904,1,0,2,2,2,2,2,2,2,2,2,2,2,0
6521,50817123616,2,0,0,0,0,0,0,0,1,0,0,0,0,0
6522,49840373358,2,0,0,0,0,0,0,0,0,0,0,1,0,0
6523,49192730217,3,0,2,2,2,2,2,2,2,2,2,2,2,0
6524,48584475366,0,0,2,2,2,2,2,2,2,2,2,2,2,1
6525,31512547637,6,0,0,0,0,0,0,0,0,0,0,0,1,0
6526,41078453262,1,0,0,0,0,1,0,0,0,0,0,0,0,0
6527,25572371248,2,0,0,0,0,0,1,0,0,0,0,0,0,1
6528,27646389229,2,0,0,0,1,0,0,0,0,0,0,0,0,2
6529,36065095424,0,0,0,0,0,0,0,0,0,0,0,1,0,0
6530,26731666820,0,0,2,2,2,2,2,2,2,2,2,2,2,0
6531,49854690301,4,0,0,1,0,0,0,0,0,0,0,0,0,0
6532,49430259106,3,0,0,0,0,1,0,0,0,0,0,0,0,0
6533,49866125621,0,0,0,0,0,1,0,0,0,0,0,0,0,2
6534,51142145053,5,0,2,2,2,2,2,2,2,2,2,2,2,1
6535,49846549021,2,0,2,2,2,2,2,2,2,2,2,2,2,0
6536,49483552697,2,0,0,0,0,0,0,0,1,0,0,0,0,0
6537,49482850128,2,0,0,0,0,0,1,0,0,0,0,0,0,0
6538,49783691798,3,0,0,0,0,0,0,0,1,0,0,0,0,0
6539,49760357991,0,0,0,1,0,0,0,0,0,0,0,0,0,0
6540,49672699407,0,0,2,2,2,2,2,2,2,2,2,2,2,0
6541,51014600820,4,0,2,2,2,2,2,2,2,2,2,2,2,0
6542,51084012042,5,1,0,1,0,0,0,0,0,0,0,0,0,1
6543,50538768337,1,0,0,0,1,0,0,0,0,0,0,0,0,2
6544,50998864980,1,0,2,2,2,2,2,2,2,2,2,2,2,0
6545,50642174076,1,0,0,0,0,0,0,1,0,0,0,0,0,0
6546,50369037047,0,0,0,0,0,0,0,0,0,0,0,0,1,2
6547,50058729592,0,0,0,0,0,0,0,0,0,0,0,0,1,0
6548,51222659810,6,0,2,2,2,2,2,2,2,2,2,2,2,0
6549,51070625241,2,0,2,2,2,2,2,2,2,2,2,2,2,0
6550,51070114377,2,0,0,0,0,1,0,0,0,0,0,0,0,0
6551,51118587246,1,0,2,2,2,2,2,2,2,2,2,2,2,0
6552,51020584618,4,0,2,2,2,2,2,2,2,2,2,2,2,2
6553,50893597481,6,0,0,0,1,0,0,0,0,0,0,0,0,0
6554,50774646126,4,0,0,0,0,0,0,0,0,1,0,0,0,2
6555,50857515912,4,0,0,0,0,0,0,0,1,0,0,0,0,0
6556,50763407156,4,0,0,1,0,0,0,0,0,0,0,0,0,0
6557,50435484557,4,0,2,2,2,2,2,2,2,2,2,2,2,0
6558,50311459196,4,0,0,0,0,0,0,0,0,0,0,0,1,1
6559,50495004308,2,0,0,0,0,0,0,0,1,0,0,0,0,0
6560,50412801492,6,0,0,0,0,0,1,0,0,0,0,0,0,0
6561,50408257863,6,0,2,2,2,2,2,2,2,2,2,2,2,0
6562,50380626791,0,0,0,0,0,0,0,0,0,0,1,0,0,0
6563,50375587508,0,0,0,0,0,0,0,1,0,0,0,0,0,0
6564,50202808511,2,0,0,0,0,0,0,0,0,0,1,0,0,0
6565,50237504727,4,0,0,1,0,0,0,0,0,0,0,0,0,0
6566,50196962683,1,0,2,2,2,2,2,2,2,2,2,2,2,1
6567,50169620328,1,0,0,0,0,0,0,0,1,0,0,0,0,2
6568,50145420711,5,0,0,0,0,1,0,0,0,0,0,0,0,0
6569,50133029392,3,0,0,0,0,0,0,0,1,0,0,0,0,1
6570,50066455061,4,0,0,0,0,0,0,0,1,0,0,0,0,1
6571,49838630921,2,0,2,2,2,2,2,2,2,2,2,2,2,0
6572,49869971476,0,0,0,0,0,0,0,0,0,0,0,1,0,0
6573,51097722374,1,0,0,0,0,0,0,0,0,0,0,0,1,0
6574,51016117618,4,0,0,0,0,1,0,0,0,0,0,0,0,2
6575,50817909532,2,0,0,0,1,0,0,0,0,0,0,0,0,1
6576,50800604257,3,0,0,0,0,0,0,0,0,0,1,0,0,2
6577,50532054103,1,0,2,2,2,2,2,2,2,2,2,2,2,2
6578,50639335406,5,0,2,2,2,2,2,2,2,2,2,2,2,0
6579,50605734062,2,0,0,0,0,0,0,0,0,0,1,0,0,0
6580,49984214458,4,0,0,0,0,0,0,0,1,0,0,0,0,0
6581,49955262952,6,0,0,1,0,0,0,0,0,0,0,0,0,2
6582,51059201651,4,0,0,0,0,0,0,0,0,1,0,0,0,0
6583,51221630179,5,0,0,0,0,0,1,0,0,0,0,0,0,0
6584,50632174843,5,0,0,0,1,0,0,0,0,0,0,0,0,0
6585,50515412581,5,0,0,0,1,0,0,0,0,0,0,0,0,0
6586,50417065997,5,0,0,0,1,0,0,0,0,0,0,0,0,0
6587,50995903552,1,0,0,0,1,0,0,0,0,0,0,0,0,2
6588,49953052573,6,0,0,1,0,0,0,0,0,0,0,0,0,1
6589,49857274767,0,0,0,0,1,0,0,0,0,0,0,0,0,1
6590,49851870568,2,0,2,2,2,2,2,2,2,2,2,2,2,2
6591,49756714558,0,0,0,0,1,0,0,0,0,0,0,0,0,0
6592,49431064998,3,0,2,2,2,2,2,2,2,2,2,2,2,2
6593,48989519517,5,0,2,2,2,2,2,2,2,2,2,2,2,0
6594,48790540361,2,0,2,2,2,2,2,2,2,2,2,2,2,2
6595,48434030246,4,0,2,2,2,2,2,2,2,2,2,2,2,0
6596,33859175468,3,0,2,2,2,2,2,2,2,2,2,2,2,0
6597,46213580594,5,0,0,0,0,0,0,0,0,0,0,0,1,0
6598,31786513297,3,0,0,0,0,0,0,1,0,0,0,0,0,0
6599,46818753491,5,0,0,0,0,0,0,0,0,0,1,0,0,1
6600,31345838347,2,0,0,0,0,0,0,0,0,0,1,0,0,0
6601,30340538058,5,0,0,0,0,0,0,0,0,0,0,0,1,0
6602,44064539051,2,0,2,2,2,2,2,2,2,2,2,2,2,1
6603,43547086002,4,0,2,2,2,2,2,2,2,2,2,2,2,0
6604,41493049245,3,0,2,2,2,2,2,2,2,2,2,2,2,0
6605,42037703190,2,0,2,2,2,2,2,2,2,2,2,2,2,2
6606,42804104591,3,0,2,2,2,2,2,2,2,2,2,2,2,0
6607,28562346748,0,0,0,0,0,0,0,0,1,0,0,0,0,0
6608,48891168916,2,0,0,0,0,0,0,0,0,1,0,0,0,2
6609,50956723852,5,0,0,0,0,0,1,0,0,0,0,0,0,0
6610,49545446648,5,0,0,0,1,0,0,0,0,0,0,0,0,0
6611,50628517973,5,0,2,2,2,2,2,2,2,2,2,2,2,0
6612,49830214957,6,0,2,2,2,2,2,2,2,2,2,2,2,0
6613,49799736962,3,0,0,1,0,0,0,0,0,0,0,0,0,0
6614,49904714223,6,0,0,0,0,0,0,0,0,1,0,0,0,0
6615,49790922231,3,0,0,0,0,0,0,0,0,0,0,0,1,0
6616,50601439007,2,0,0,0,0,0,1,0,0,0,0,0,0,0
6617,49626817681,0,0,0,0,0,0,0,0,0,1,0,0,0,0
6618,49626293443,0,0,2,2,2,2,2,2,2,2,2,2,2,0
6619,49740619063,2,0,2,2,2,2,2,2,2,2,2,2,2,1
6620,49738468466,2,0,0,0,0,1,0,0,0,0,0,0,0,0
6621,38501230066,4,0,0,0,0,0,1,0,0,0,0,0,0,1
6622,49918300612,1,0,0,0,0,0,0,0,0,1,0,0,0,0
6623,49710630446,2,0,0,0,0,0,0,0,0,0,0,0,1,0
6624,51218006718,5,0,0,0,1,0,0,0,0,0,0,0,0,0
6625,49416075527,3,0,0,0,0,0,0,0,0,0,1,0,0,0
6626,34016040391,3,0,2,2,2,2,2,2,2,2,2,2,2,2
6627,49719593541,2,0,0,0,0,0,0,0,0,0,1,0,0,2
6628,50866934706,1,0,2,2,2,2,2,2,2,2,2,2,2,0
6629,50101966928,5,0,0,0,0,0,0,0,1,0,0,0,0,2
6630,49375553148,6,0,0,0,0,1,0,0,0,0,0,0,0,0
6631,51021737717,4,0,0,0,0,0,0,0,1,0,0,0,0,2
6632,46188377412,5,1,2,2,2,2,2,2,2,2,2,2,2,1
6633,51099409192,1,0,2,2,2,2,2,2,2,2,2,2,2,1
6634,51069644751,3,0,0,0,0,0,0,0,0,0,1,0,0,1
6635,51128380906,6,0,0,0,0,1,0,0,0,0,0,0,0,2
6636,49398575323,3,0,2,2,2,2,2,2,2,2,2,2,2,2
6637,50306903173,1,0,0,0,0,1,0,0,0,0,0,0,0,1
6638,40629930603,0,0,0,0,0,0,0,0,0,1,0,0,0,2
6639,33992974538,3,0,0,0,0,0,0,0,0,0,0,0,1,0
6640,49457440626,4,0,0,0,1,0,0,0,0,0,0,0,0,0
6641,50971696961,6,0,2,2,2,2,2,2,2,2,2,2,2,0
6642,50041521251,4,0,0,0,0,0,1,0,0,0,0,0,0,2
6643,50171234417,2,0,0,1,0,0,0,0,0,0,0,0,0,0
6644,46968296802,1,0,0,0,1,0,0,0,0,0,0,0,0,0
6645,31947430297,3,0,2,2,2,2,2,2,2,2,2,2,2,0
6646,50055658228,0,0,0,1,0,0,0,0,0,0,0,0,0,1
6647,49445481436,1,0,2,2,2,2,2,2,2,2,2,2,2,0
6648,50676649441,1,0,2,2,2,2,2,2,2,2,2,2,2,0
6649,50810028052,3,0,0,0,0,0,0,0,0,0,1,0,0,0
6650,50978866421,6,1,2,2,2,2,2,2,2,2,2,2,2,2
6651,48644847593,4,1,0,0,0,0,0,0,0,0,0,0,1,0
6652,50978909731,6,0,0,0,0,0,0,0,0,1,0,0,0,0
6653,51022454716,4,1,0,0,0,1,0,0,0,0,0,0,0,0
6654,50782703171,1,0,0,0,0,0,0,0,0,0,0,1,0,0
6655,50025899671,4,0,2,2,2,2,2,2,2,2,2,2,2,0
6656,49869461948,0,0,0,0,0,0,0,0,0,0,0,1,0,0
6657,34694702115,1,0,0,0,0,0,0,1,0,0,0,0,0,0
6658,32917272722,5,0,0,0,0,0,1,0,0,0,0,0,0,1
6659,51220422663,5,0,0,0,0,0,0,0,0,0,0,1,0,0
6660,51175382972,5,0,0,0,0,0,0,0,0,0,1,0,0,0
6661,50407731187,6,0,2,2,2,2,2,2,2,2,2,2,2,2
6662,49580552496,5,0,0,0,0,0,0,0,0,0,0,1,0,0
6663,50980777118,6,0,2,2,2,2,2,2,2,2,2,2,2,0
6664,50733487128,5,0,2,2,2,2,2,2,2,2,2,2,2,0
6665,50285440966,1,0,0,0,0,0,1,0,0,0,0,0,0,2
6666,49913699831,4,0,0,0,0,0,0,0,0,0,0,0,1,2
6667,51170220424,5,0,0,0,0,0,0,0,0,0,1,0,0,0
6668,51055701013,4,0,0,0,0,0,1,0,0,0,0,0,0,0
6669,36168212505,0,0,2,2,2,2,2,2,2,2,2,2,2,0
6670,50366087123,1,0,0,0,0,0,1,0,0,0,0,0,0,0
6671,50378077428,0,0,0,0,0,0,1,0,0,0,0,0,0,0
6672,50111134048,5,0,2,2,2,2,2,2,2,2,2,2,2,0
6673,49054049113,0,0,2,2,2,2,2,2,2,2,2,2,2,0
6674,48682799417,1,0,0,0,0,0,0,0,0,0,1,0,0,0
6675,48671556808,4,0,0,0,0,0,0,1,0,0,0,0,0,0
6676,48474522512,4,0,2,2,2,2,2,2,2,2,2,2,2,0
6677,31789306487,3,0,2,2,2,2,2,2,2,2,2,2,2,0
6678,43344625431,0,0,2,2,2,2,2,2,2,2,2,2,2,0
6679,28475507277,0,0,2,2,2,2,2,2,2,2,2,2,2,1
6680,39945782622,4,0,0,0,0,0,0,0,0,1,0,0,0,0
6681,50300071143,2,0,0,0,0,1,0,0,0,0,0,0,0,0
6682,49953892242,6,0,2,2,2,2,2,2,2,2,2,2,2,2
6683,49466642598,3,0,0,0,0,0,1,0,0,0,0,0,0,0
6684,51202763462,3,0,0,1,0,0,0,0,0,0,0,0,0,0
6685,51196698954,3,0,0,0,0,0,0,0,0,0,0,1,0,0
6686,51050630118,1,0,0,0,1,0,0,0,0,0,0,0,0,2
6687,51149593255,2,0,0,0,0,0,0,0,0,0,0,0,1,0
6688,51063347857,4,0,2,2,2,2,2,2,2,2,2,2,2,1
6689,50895293138,6,0,2,2,2,2,2,2,2,2,2,2,2,1
6690,50853445473,4,0,0,0,0,0,0,0,0,0,0,1,0,0
6691,50752469332,3,0,0,0,1,0,0,0,0,0,0,0,0,2
6692,50724986162,5,0,0,0,0,0,0,0,0,0,0,1,0,0
6693,50850610971,3,0,2,2,2,2,2,2,2,2,2,2,2,2
6694,50334962672,1,0,0,0,0,0,0,0,1,0,0,0,0,2
6695,50411444413,6,0,0,0,0,0,0,0,0,0,0,1,0,1
6696,50406262122,6,0,0,0,0,0,0,0,0,0,1,0,0,1
6697,50306925616,1,0,0,1,0,0,0,0,0,0,0,0,0,1
6698,50304131662,1,0,2,2,2,2,2,2,2,2,2,2,2,0
6699,50303276158,1,0,2,2,2,2,2,2,2,2,2,2,2,2
6700,50300358221,1,1,2,2,2,2,2,2,2,2,2,2,2,2
6701,50294793803,1,1,0,0,1,0,0,0,0,0,0,0,0,1
6702,50295407587,1,1,0,0,0,0,0,0,0,0,0,1,0,2
6703,50171252217,2,1,0,0,0,0,0,0,1,0,0,0,0,2
6704,50127394532,3,0,0,0,0,0,0,1,0,0,0,0,0,1
6705,50234265913,4,0,0,0,0,0,0,1,0,0,0,0,0,2
6706,50163192282,3,0,0,0,1,0,0,0,0,0,0,0,0,0
6707,50147000333,5,0,0,0,0,0,0,0,0,1,0,0,0,0
6708,50094113566,3,0,0,1,0,0,0,0,0,0,0,0,0,1
6709,50085260432,3,0,2,2,2,2,2,2,2,2,2,2,2,0
6710,50074928702,5,0,2,2,2,2,2,2,2,2,2,2,2,2
6711,50043122591,4,1,0,0,0,1,0,0,0,0,0,0,0,1
6712,49839589161,2,1,2,2,2,2,2,2,2,2,2,2,2,0
6713,49822143422,6,0,0,0,1,0,0,0,0,0,0,0,0,0
6714,51205614034,3,0,2,2,2,2,2,2,2,2,2,2,2,2
6715,50261539318,0,0,0,0,1,0,0,0,0,0,0,0,0,0
6716,50257735083,0,0,0,0,0,0,0,0,0,0,0,1,0,1
6717,50252178257,3,1,0,0,0,0,0,0,0,0,0,1,0,2
6718,50251086423,3,0,0,0,0,0,0,0,0,0,1,0,0,1
6719,50042589548,4,0,2,2,2,2,2,2,2,2,2,2,2,1
6720,49965522312,1,0,0,0,0,0,0,0,0,1,0,0,0,1
6721,49946639076,6,0,2,2,2,2,2,2,2,2,2,2,2,2
6722,49940414127,3,0,0,0,0,0,0,0,0,0,0,1,0,1
6723,49853096042,2,0,0,0,0,0,1,0,0,0,0,0,0,0
6724,51210844056,3,0,0,0,0,0,0,0,1,0,0,0,0,0
6725,51116286986,6,1,2,2,2,2,2,2,2,2,2,2,2,2
6726,44439992194,3,0,0,1,0,0,0,0,0,0,0,0,0,0
6727,50765880443,4,0,0,0,0,0,0,1,0,0,0,0,0,2
6728,50443449953,1,0,0,0,0,0,0,0,0,1,0,0,0,0
6729,51051526938,1,0,2,2,2,2,2,2,2,2,2,2,2,2
6730,50746394137,2,0,0,1,0,0,0,0,0,0,0,0,0,1
6731,50529740928,1,0,2,2,2,2,2,2,2,2,2,2,2,2
6732,50402361676,1,0,0,0,0,1,0,0,0,0,0,0,0,0
6733,50121456218,2,0,0,1,0,0,0,0,0,0,0,0,0,1
6734,49677251412,2,1,0,0,0,0,0,0,1,0,0,0,0,1
6735,49497579707,2,0,2,2,2,2,2,2,2,2,2,2,2,1
6736,49896760887,6,0,2,2,2,2,2,2,2,2,2,2,2,2
6737,49896012447,6,0,0,0,0,0,0,0,0,0,0,0,1,1
6738,49664160077,0,0,0,0,0,0,0,0,0,0,1,0,0,0
6739,49024278527,4,0,0,0,0,0,1,0,0,0,0,0,0,2
6740,49023545263,4,0,0,0,0,0,0,0,0,1,0,0,0,0
6741,49275901711,3,0,0,0,0,0,0,0,1,0,0,0,0,0
6742,49196229738,4,0,2,2,2,2,2,2,2,2,2,2,2,2
6743,49188742018,2,0,0,0,0,1,0,0,0,0,0,0,0,2
6744,48987060817,1,0,2,2,2,2,2,2,2,2,2,2,2,1
6745,48940614121,5,0,0,1,0,0,0,0,0,0,0,0,0,0
6746,48845087036,1,0,0,0,1,0,0,0,0,0,0,0,0,0
6747,48327988367,2,0,0,1,0,0,0,0,0,0,0,0,0,0
6748,48522405601,0,1,0,1,0,0,0,0,0,0,0,0,0,0
6749,48034981663,1,0,0,0,0,0,0,0,0,0,1,0,0,2
6750,40843487713,0,0,0,0,0,0,0,1,0,0,0,0,0,1
6751,46036440695,0,0,2,2,2,2,2,2,2,2,2,2,2,2
6752,33694675468,3,0,0,0,0,1,0,0,0,0,0,0,0,1
6753,46037967735,0,0,0,0,0,1,0,0,0,0,0,0,0,0
6754,39965989653,2,0,2,2,2,2,2,2,2,2,2,2,2,1
6755,45548734795,2,0,0,0,0,0,0,0,0,1,0,0,0,2
6756,32145655298,3,0,0,0,0,0,0,0,0,0,1,0,0,0
6757,49854913296,0,0,0,1,0,0,0,0,0,0,0,0,0,1
6758,49317672998,3,0,0,1,0,0,0,0,0,0,0,0,0,0
6759,50427308418,5,0,2,2,2,2,2,2,2,2,2,2,2,2
6760,50493245663,2,1,2,2,2,2,2,2,2,2,2,2,2,0
6761,50254927211,4,1,0,0,0,1,0,0,0,0,0,0,0,0
6762,50549565418,6,0,2,2,2,2,2,2,2,2,2,2,2,2
6763,49259132338,6,1,0,0,0,0,0,0,0,0,0,0,1,0
6764,50120261376,5,0,2,2,2,2,2,2,2,2,2,2,2,1
6765,50896595143,6,0,0,0,1,0,0,0,0,0,0,0,0,0
6766,50353764966,4,0,0,0,0,1,0,0,0,0,0,0,0,0
6767,50353047923,4,0,2,2,2,2,2,2,2,2,2,2,2,1
6768,50000598701,4,0,0,0,0,0,1,0,0,0,0,0,0,0
6769,50001420596,4,0,0,0,0,0,0,1,0,0,0,0,0,0
6770,31780327768,3,0,0,0,0,0,1,0,0,0,0,0,0,0
6771,50551699218,6,0,0,0,1,0,0,0,0,0,0,0,0,1
6772,48701865452,1,0,2,2,2,2,2,2,2,2,2,2,2,0
6773,35962696535,0,0,0,0,1,0,0,0,0,0,0,0,0,0
6774,31409855254,2,1,0,0,0,0,1,0,0,0,0,0,0,0
6775,28725611725,6,0,0,0,0,0,0,0,0,0,0,0,1,2
6776,49777070053,6,0,0,0,0,1,0,0,0,0,0,0,0,0
6777,49873763391,0,0,0,1,0,0,0,0,0,0,0,0,0,0
6778,50996163553,1,0,0,0,0,0,0,0,0,0,0,1,0,0
6779,51180285967,6,0,2,2,2,2,2,2,2,2,2,2,2,1
6780,50974559736,6,0,2,2,2,2,2,2,2,2,2,2,2,0
6781,50341432307,4,0,0,0,0,0,0,1,0,0,0,0,0,0
6782,50334398448,5,0,0,0,0,1,0,0,0,0,0,0,0,1
6783,50065300547,3,0,2,2,2,2,2,2,2,2,2,2,2,0
6784,50006277038,4,0,0,0,0,0,1,0,0,0,0,0,0,1
6785,50135115186,3,0,2,2,2,2,2,2,2,2,2,2,2,2
6786,51120333468,1,0,2,2,2,2,2,2,2,2,2,2,2,0
6787,50494307048,2,1,0,0,0,0,0,0,0,1,0,0,0,0
6788,49786256907,3,0,0,0,1,0,0,0,0,0,0,0,0,0
6789,50910759953,6,0,0,1,0,0,0,0,0,0,0,0,0,0
6790,49268947563,3,0,2,2,2,2,2,2,2,2,2,2,2,0
6791,49208521828,4,0,0,0,0,0,0,0,1,0,0,0,0,1
6792,49209224222,4,0,0,0,0,0,0,0,1,0,0,0,0,2
6793,49208520333,4,0,2,2,2,2,2,2,2,2,2,2,2,1
6794,49209223247,4,0,0,0,0,0,0,0,0,1,0,0,0,0
6795,49209004771,4,0,0,0,0,0,0,0,0,1,0,0,0,2
6796,48436703371,4,0,2,2,2,2,2,2,2,2,2,2,2,0
6797,48413860412,4,0,0,0,0,0,0,0,0,0,0,0,1,0
6798,50999662478,1,0,0,0,0,0,0,0,1,0,0,0,0,1
6799,50039888078,4,1,2,2,2,2,2,2,2,2,2,2,2,2
