0	0	51027421626	punching bag punch bag punching ball punchball violin fiddle acoustic guitar sax saxophone cornet horn trumpet trump cello violoncello dumbbell park bench barbershop swing
1	0	50668571902	shoe shop shoe-shop shoe store clog geta patten sabot drum membranophone tympan panpipe pandean pipe syrinx butcher shop meat market umbrella plastic bag prayer rug prayer mat grocery store grocery food market market jinrikisha ricksha rickshaw
2	0	51196330717	pajama pyjama pj's jammies sleeping bag swing seat belt seatbelt sweatshirt nipple hand blower blow dryer blow drier hair dryer hair drier stethoscope jean blue jean denim crib cot
3	0	51192228348	rugby ball sunglass sunglasses dark glasses shades maillot cellular telephone cellular phone cellphone cell mobile phone bathing cap swimming cap knee pad go-kart bikini two-piece maillot tank suit
4	0	51040407237	acorn squash cucumber cuke bell pepper spaghetti squash zucchini courgette fig head cabbage custard apple Granny Smith butternut squash
5	0	51040401387	bell pepper cucumber cuke acorn squash spaghetti squash head cabbage zucchini courgette Granny Smith grocery store grocery food market market custard apple balloon
6	0	49417212547	comic book packet book jacket dust cover dust jacket dust wrapper jersey T-shirt tee shirt Band Aid pop bottle soda bottle plastic bag carton crate paintbrush
7	0	51040313781	jersey T-shirt tee shirt sunscreen sunblock sun blocker tray book jacket dust cover dust jacket dust wrapper packet comic book lotion lighter light igniter ignitor coffee mug cassette
8	0	51022451226	carousel carrousel merry-go-round roundabout whirligig ox oxcart horse cart horse-cart sorrel muzzle toyshop dalmatian coach dog carriage dog piggy bank penny bank cowboy hat ten-gallon hat
9	0	50825460172	Arctic fox white fox Alopex lagopus teddy teddy bear ice bear polar bear Ursus Maritimus Thalarctos maritimus kuvasz nematode nematode worm roundworm English setter dugong Dugong dugon dalmatian coach dog carriage dog weasel hamster
10	0	50642652537	park bench cowboy hat ten-gallon hat jean blue jean denim pickup pickup truck tractor sunglass beach wagon station wagon wagon estate car beach waggon station waggon waggon car wheel limousine limo cowboy boot
11	0	50588971842	sunscreen sunblock sun blocker necklace ice lolly lolly lollipop popsicle whistle chain cowboy hat ten-gallon hat sunglass military uniform cellular telephone cellular phone cellphone cell mobile phone sunglasses dark glasses shades
12	0	50580400401	hair spray bathing cap swimming cap diaper nappy napkin strainer bonnet poke bonnet cowboy hat ten-gallon hat hand blower blow dryer blow drier hair dryer hair drier bow tie bow-tie bowtie paper towel Band Aid
13	0	51154953582	dough leatherback turtle leatherback leathery turtle Dermochelys coriacea sandbar sand bar loggerhead loggerhead turtle Caretta caretta bathing cap swimming cap dung beetle stingray conch starfish sea star sea cucumber holothurian
14	0	51155648228	bathing cap swimming cap bikini two-piece swimming trunks bathing trunks tub vat sunscreen sunblock sun blocker sandbar sand bar maillot maillot tank suit stingray dough
15	1	51108928986	red wine perfume essence lipstick lip rouge gown brassiere bra bandeau hair spray pajama pyjama pj's jammies maillot cocktail shaker lab coat laboratory coat
16	0	51109698845	kimono oboe hautboy hautbois laptop laptop computer mortarboard Band Aid cellular telephone cellular phone cellphone cell mobile phone bassoon pencil box pencil case shoe shop shoe-shop shoe store apron
17	1	50973772838	lighter light igniter ignitor matchstick torch ice lolly lolly lollipop popsicle candle taper wax light whistle spatula bow tie bow-tie bowtie oboe hautboy hautbois lipstick lip rouge
18	0	50938973658	military uniform ballplayer baseball player bearskin busby shako pickelhaube toyshop sunglass ambulance crutch bathing cap swimming cap bulletproof vest
19	0	50846020471	lakeside lakeshore sandbar sand bar breakwater groin groyne mole bulwark seawall jetty seashore coast seacoast sea-coast snowmobile dogsled dog sled dog sleigh canoe Weimaraner paddle boat paddle dam dike dyke
20	0	50631960718	prayer rug prayer mat pillow handkerchief hankie hanky hankey apron binder ring-binder bib book jacket dust cover dust jacket dust wrapper velvet wool woolen woollen shower curtain
21	0	51086426387	shovel ski chain saw chainsaw ski mask paintbrush apiary bee house bannister banister balustrade balusters handrail flute transverse flute swing rifle
22	0	51021611511	abaya hair spray cloak sweatshirt stole cellular telephone cellular phone cellphone cell mobile phone fur coat suit suit of clothes perfume essence umbrella
23	0	50617176457	ski broom tripod vacuum vacuum cleaner puck hockey puck swab swob mop pole crutch shovel bow
24	0	50335942043	bicycle-built-for-two tandem bicycle tandem tricycle trike velocipede mountain bike all-terrain bike off-roader unicycle monocycle moped jinrikisha ricksha rickshaw crash helmet alp picket fence paling malamute malemute Alaskan malamute
25	1	50145850126	mountain bike all-terrain bike off-roader bicycle-built-for-two tandem bicycle tandem unicycle monocycle alp moped crash helmet geyser tricycle trike velocipede maillot breakwater groin groyne mole bulwark seawall jetty
26	0	50099961452	greenhouse nursery glasshouse barn dome maypole airship dirigible lumbermill sawmill planetarium Afghan hound Afghan vestment flagpole flagstaff
27	0	49923517637	unicycle monocycle cliff drop drop-off mountain bike all-terrain bike off-roader alp volcano valley vale water buffalo water ox Asiatic buffalo Bubalus bubalis bicycle-built-for-two tandem bicycle tandem thatch thatched roof jeep landrover
28	0	49905114963	envelope handkerchief hankie hanky hankey bib diaper nappy napkin jigsaw puzzle shower cap paper towel safety pin plastic bag rubber eraser rubber pencil eraser
29	0	49905929452	envelope menu web site website internet site site carton packet washer automatic washer washing machine comic book apron iron smoothing iron hand blower blow dryer blow drier hair dryer hair drier
30	0	51104968215	ashcan trash can garbage can wastebin ash bin ash-bin ashbin dustbin trash barrel trash bin street sign chainlink fence obelisk parking meter submarine pigboat sub U-boat gas pump gasoline pump petrol pump island dispenser traffic light traffic signal stoplight dishwasher dish washer dishwashing machine mailbox letter box
31	0	50336607573	canoe paddle boat paddle speedboat barrow garden cart lawn cart wheelbarrow lakeside lakeshore gondola tub vat boathouse dock dockage docking facility tray
32	0	49992265836	candle taper wax light bakery bakeshop bakehouse trifle ice cream icecream abacus teapot chocolate sauce chocolate syrup confectionery confectionary candy store plate matchstick
33	0	49913418778	freight car recreational vehicle RV R.V. shower curtain carton shopping basket garbage truck dustcart backpack back pack knapsack packsack rucksack haversack moving van mailbag postbag envelope
34	0	51040493837	harmonica mouth organ harp mouth harp flute transverse flute whistle bow panpipe pandean pipe syrinx violin fiddle revolver six-gun six-shooter ice lolly lolly lollipop popsicle ocarina sweet potato tricycle trike velocipede
35	0	51031727356	matchstick nematode nematode worm roundworm digital clock spotlight spot microphone mike hourglass lighter light igniter ignitor tennis ball corkscrew bottle screw analog clock
36	0	50101843748	nipple pinwheel whistle paintbrush ice lolly lolly lollipop popsicle stethoscope bathing cap swimming cap maraca piggy bank penny bank hand blower blow dryer blow drier hair dryer hair drier
37	0	49582568146	scoreboard ballplayer baseball player chainlink fence bannister banister balustrade balusters handrail racket racquet streetcar tram tramcar trolley trolley car flagpole flagstaff shopping cart suspension bridge amphibian amphibious vehicle
38	0	49626938928	balloon seashore coast seacoast sea-coast snorkel bathing cap swimming cap shower cap sunglass plastic bag bubble lakeside lakeshore jellyfish
39	0	49406198818	lipstick lip rouge ocarina sweet potato whistle syringe cellular telephone cellular phone cellphone cell mobile phone trench coat shower cap bonnet poke bonnet Band Aid bolo tie bolo bola tie bola
40	1	48811768201	restaurant eating house eating place eatery pajama pyjama pj's jammies cinema movie theater movie theatre movie house picture palace slot one-armed bandit bell cote bell cot dining table board candle taper wax light neck brace miniskirt mini theater curtain theatre curtain
41	1	51220313529	buckle miniskirt mini neck brace bearskin busby shako holster cowboy hat ten-gallon hat football helmet cardigan knee pad maillot
42	1	51218830362	miniskirt mini neck brace bassoon sombrero jean blue jean denim hoopskirt crinoline sweatshirt cowboy hat ten-gallon hat dumbbell overskirt
43	0	51217425968	jean blue jean denim suit suit of clothes miniskirt mini Loafer notebook notebook computer seat belt seatbelt laptop laptop computer cellular telephone cellular phone cellphone cell mobile phone limousine limo hand-held computer hand-held microcomputer
44	1	51195784453	bath towel quilt comforter comfort puff sleeping bag hand blower blow dryer blow drier hair dryer hair drier handkerchief hankie hanky hankey brassiere bra bandeau pajama pyjama pj's jammies pillow shower cap hair spray
45	1	51148580527	miniskirt mini diaper nappy napkin balance beam beam jigsaw puzzle maillot Band Aid pole wig pajama pyjama pj's jammies maillot tank suit
46	1	51127456957	snail potter's wheel butternut squash conch hen-of-the-woods hen of the woods Polyporus frondosus Grifola frondosa stinkhorn carrion fungus earthstar slug mushroom nipple
47	1	51126884607	miniskirt mini pajama pyjama pj's jammies stole sarong poncho shower cap bonnet poke bonnet overskirt handkerchief hankie hanky hankey apron
48	1	50115884736	cuirass gown fur coat bulletproof vest Indian cobra Naja naja breastplate aegis egis overskirt hoopskirt crinoline stole ski mask
49	0	50042443366	brassiere bra bandeau sandal Loafer clog geta patten sabot cowboy boot shoe shop shoe-shop shoe store diaper nappy napkin cowboy hat ten-gallon hat jean blue jean denim running shoe
50	1	48845932932	bikini two-piece maillot maillot tank suit horizontal bar high bar barbell dumbbell balance beam beam miniskirt mini gown pajama pyjama pj's jammies
51	1	48845898692	Band Aid potter's wheel loupe jeweler's loupe cellular telephone cellular phone cellphone cell mobile phone lotion saltshaker salt shaker lipstick lip rouge sombrero bottlecap safety pin
52	1	51091252613	restaurant eating house eating place eatery barbershop hair spray cocktail shaker tobacco shop tobacconist shop tobacconist barber chair miniskirt mini slot one-armed bandit confectionery confectionary candy store hand blower blow dryer blow drier hair dryer hair drier
53	1	50241073586	brassiere bra bandeau seat belt seatbelt hand blower blow dryer blow drier hair dryer hair drier jean blue jean denim miniskirt mini stole wig Band Aid hair slide shower cap
54	0	50164729603	bow tie bow-tie bowtie book jacket dust cover dust jacket dust wrapper bulletproof vest academic gown academic robe judge's robe tray velvet vestment suit suit of clothes accordion piano accordion squeeze box hair slide
55	0	49706236122	maillot maillot tank suit miniskirt mini bikini two-piece sunscreen sunblock sun blocker sunglasses dark glasses shades swimming trunks bathing trunks sandbar sand bar sarong seashore coast seacoast sea-coast
56	1	48980973777	sock miniskirt mini jean blue jean denim cardigan Loafer stole clog geta patten sabot backpack back pack knapsack packsack rucksack haversack apron maillot
57	0	49169022356	bow tie bow-tie bowtie suit suit of clothes oboe hautboy hautbois bassoon Windsor tie groom bridegroom jean blue jean denim Loafer gown miniskirt mini
58	1	49881113077	acoustic guitar swimming trunks bathing trunks cowboy hat ten-gallon hat banjo sombrero harmonica mouth organ harp mouth harp pick plectrum plectron maraca electric guitar bathing cap swimming cap
59	1	49197515182	miniskirt mini balance beam beam maillot maillot tank suit swimming trunks bathing trunks jersey T-shirt tee shirt horizontal bar high bar croquet ball dumbbell bathing cap swimming cap
60	1	48919251336	swimming trunks bathing trunks diaper nappy napkin sarong sunscreen sunblock sun blocker snorkel bathing cap swimming cap bikini two-piece volleyball dumbbell knee pad
61	1	51151343806	swimming trunks bathing trunks toilet seat shower cap tub vat shower curtain bathtub bathing tub bath tub washbasin handbasin washbowl lavabo wash-hand basin hand blower blow dryer blow drier hair dryer hair drier dumbbell plunger plumber's helper
62	1	51151575808	shower cap bathing cap swimming cap swimming trunks bathing trunks sock horizontal bar high bar bathtub bathing tub bath tub knee pad bath towel syringe maillot
63	1	50961680523	miniskirt mini pajama pyjama pj's jammies bow tie bow-tie bowtie maillot feather boa boa chain mail ring mail mail chain armor chain armour ring armor ring armour swimming trunks bathing trunks pool table billiard table snooker table maillot tank suit knee pad
64	1	50733536751	swimming trunks bathing trunks dumbbell bathing cap swimming cap maillot barbell cowboy hat ten-gallon hat bow tie bow-tie bowtie knee pad cardigan sarong
65	1	49533166437	bathing cap swimming cap swimming trunks bathing trunks sunscreen sunblock sun blocker sunglass tub vat plunger plumber's helper dumbbell hippopotamus hippo river horse Hippopotamus amphibius bikini two-piece barbershop
66	0	50439365711	Loafer shoe shop shoe-shop shoe store running shoe iron smoothing iron clog geta patten sabot jean blue jean denim sandal cowboy boot buckle vacuum vacuum cleaner
67	1	50053873898	scale weighing machine swimming trunks bathing trunks wardrobe closet press washbasin handbasin washbowl lavabo wash-hand basin wall clock bathtub bathing tub bath tub hamper stove tub vat analog clock
68	1	49813484087	swimming trunks bathing trunks diaper nappy napkin sunscreen sunblock sun blocker bucket pail bathing cap swimming cap sunglass tub vat shovel bikini two-piece cowboy hat ten-gallon hat
69	0	49208892581	backpack back pack knapsack packsack rucksack haversack crutch miniskirt mini mailbag postbag stole vacuum vacuum cleaner jean blue jean denim neck brace turnstile fur coat
70	0	48096666681	pedestal plinth footstall obelisk brass memorial tablet plaque book jacket dust cover dust jacket dust wrapper sundial mailbag postbag street sign comic book mailbox letter box ashcan trash can garbage can wastebin ash bin ash-bin ashbin dustbin trash barrel trash bin
71	0	50649217302	tennis ball bottlecap croquet ball box turtle box tortoise stinkhorn carrion fungus mushroom bolete slug agaric acorn
72	0	49600268281	pole totem pole hatchet flagpole flagstaff pedestal plinth footstall hammer lakeside lakeshore sundial street sign beacon lighthouse beacon light pharos
73	0	49462787413	kelpie Eskimo dog husky malamute malemute Alaskan malamute Appenzeller dingo warrigal warragal Canis dingo Siberian husky Rottweiler Tibetan mastiff German shepherd German shepherd dog German police dog alsatian Norwegian elkhound elkhound
74	0	49650029562	gondola streetcar tram tramcar trolley trolley car palace castle bubble ashcan trash can garbage can wastebin ash bin ash-bin ashbin dustbin trash barrel trash bin cab hack taxi taxicab dome submarine pigboat sub U-boat dam dike dyke
75	0	51173090436	valley vale worm fence snake fence snake-rail fence Virginia fence alp mountain bike all-terrain bike off-roader lakeside lakeshore maze labyrinth cliff drop drop-off geyser stone wall bison
76	1	51166208798	bow tie bow-tie bowtie neck brace wig barbershop cellular telephone cellular phone cellphone cell mobile phone oboe hautboy hautbois microphone mike bassoon sax saxophone mortarboard
77	1	51105527743	Windsor tie lab coat laboratory coat suit suit of clothes oboe hautboy hautbois bulletproof vest vestment hand-held computer hand-held microcomputer neck brace academic gown academic robe judge's robe plunger plumber's helper
78	0	51129598749	barn lumbermill sawmill church church building military uniform beacon lighthouse beacon light pharos thresher thrasher threshing machine pickelhaube worm fence snake fence snake-rail fence Virginia fence vestment apiary bee house
79	0	50517773252	balance beam beam parallel bars bars horizontal bar high bar volleyball basketball punching bag punch bag punching ball punchball barbell knee pad parachute chute dumbbell
80	0	49811494876	military uniform academic gown academic robe judge's robe pickelhaube bulletproof vest book jacket dust cover dust jacket dust wrapper bow tie bow-tie bowtie suit suit of clothes guillotine television television system sunglasses dark glasses shades
81	0	49233614702	head cabbage cauliflower potter's wheel French horn horn oxygen mask alp hair spray military uniform sleeping bag stretcher
82	0	48548126376	soap dispenser file file cabinet filing cabinet cash machine cash dispenser automated teller machine automatic teller machine automated teller automatic teller ATM toilet seat toilet tissue toilet paper bathroom tissue safe washbasin handbasin washbowl lavabo wash-hand basin medicine chest medicine cabinet switch electric switch electrical switch paper towel
83	0	41918373564	bubble miniskirt mini umbrella ice lolly lolly lollipop popsicle jean blue jean denim soccer ball cellular telephone cellular phone cellphone cell mobile phone clog geta patten sabot bucket pail jersey T-shirt tee shirt
84	0	24977242588	tape player cinema movie theater movie theatre movie house picture palace cassette cassette player iron smoothing iron electric guitar accordion piano accordion squeeze box racer race car racing car radio wireless space shuttle
85	0	25357659061	stage cello violoncello violin fiddle electric guitar cornet horn trumpet trump acoustic guitar sax saxophone microphone mike trombone spotlight spot
86	0	20301542751	barrel cask milk can stretcher ashcan trash can garbage can wastebin ash bin ash-bin ashbin dustbin trash barrel trash bin go-kart sleeping bag cannon barrow garden cart lawn cart wheelbarrow rain barrel projectile missile
87	0	46874275674	cloak abaya breastplate aegis egis mask cuirass sleeping bag vestment ski mask wig stole
88	1	30994297922	lipstick lip rouge bubble lighter light igniter ignitor web site website internet site site abaya syringe cellular telephone cellular phone cellphone cell mobile phone bathing cap swimming cap perfume essence cloak
89	0	25960313705	swing parallel bars bars maypole tow truck tow car wrecker horizontal bar high bar pole thresher thrasher threshing machine cannon crane wreck
90	0	36413993026	military uniform notebook notebook computer laptop laptop computer assault rifle assault gun bulletproof vest rifle half track space bar monitor projectile missile
91	1	45883473932	plastic bag tray handkerchief hankie hanky hankey brassiere bra bandeau bonnet poke bonnet iron smoothing iron pillow cleaver meat cleaver chopper hoopskirt crinoline shower cap
92	1	28366509419	book jacket dust cover dust jacket dust wrapper bow tie bow-tie bowtie television television system iPod tray loupe jeweler's loupe cassette binder ring-binder comic book accordion piano accordion squeeze box
93	1	23946360182	miniskirt mini rocking chair rocker barber chair cowboy boot sunglass vacuum vacuum cleaner sandal throne iron smoothing iron sarong
94	1	14941151912	overskirt wig gown hoopskirt crinoline poncho stole miniskirt mini pajama pyjama pj's jammies wool woolen woollen maillot
95	1	44671819342	groom bridegroom gown conch hoopskirt crinoline shower cap bathing cap swimming cap bonnet poke bonnet overskirt kimono brassiere bra bandeau
96	1	25280720980	web site website internet site site menu hand-held computer hand-held microcomputer crossword puzzle crossword television television system remote control remote nematode nematode worm roundworm screen CRT screen notebook notebook computer envelope
97	1	23104286182	sunglasses dark glasses shades sunglass wig seat belt seatbelt fur coat feather boa boa mask bow tie bow-tie bowtie lighter light igniter ignitor syringe
98	0	27205897643	miniskirt mini pajama pyjama pj's jammies maillot shower cap maillot tank suit Loafer neck brace sock wig crutch
99	0	49902491112	head cabbage fountain cauliflower pot flowerpot shower cap broccoli cucumber cuke vase tray greenhouse nursery glasshouse
100	0	48871506383	fountain maze labyrinth lakeside lakeshore sundial obelisk brass memorial tablet plaque car mirror monitor park bench suspension bridge
101	0	48453027007	slot one-armed bandit cash machine cash dispenser automated teller machine automatic teller machine automated teller automatic teller ATM confectionery confectionary candy store toyshop turnstile cinema movie theater movie theatre movie house picture palace restaurant eating house eating place eatery vending machine grocery store grocery food market market bakery bakeshop bakehouse
102	0	44038543455	ice lolly lolly lollipop popsicle bubble nipple lab coat laboratory coat shower cap bonnet poke bonnet diaper nappy napkin syringe handkerchief hankie hanky hankey umbrella
103	0	38338648121	airship dirigible book jacket dust cover dust jacket dust wrapper ballplayer baseball player sax saxophone pickelhaube accordion piano accordion squeeze box cornet horn trumpet trump rifle military uniform microphone mike
104	0	49207565456	jean blue jean denim bassoon torch sunglasses dark glasses shades bulletproof vest bow tie bow-tie bowtie jersey T-shirt tee shirt stage neck brace ocarina sweet potato
105	0	49897969782	shower curtain padlock church church building wall clock fountain theater curtain theatre curtain picket fence paling umbrella chainlink fence ashcan trash can garbage can wastebin ash bin ash-bin ashbin dustbin trash barrel trash bin
106	0	51220518052	umbrella jinrikisha ricksha rickshaw sombrero restaurant eating house eating place eatery parachute chute quilt comforter comfort puff pillow carousel carrousel merry-go-round roundabout whirligig patio terrace miniskirt mini
107	0	51219005019	recreational vehicle RV R.V. mobile home manufactured home ambulance streetcar tram tramcar trolley trolley car turnstile moving van fire engine fire truck patio terrace sliding door police van police wagon paddy wagon patrol wagon wagon black Maria
108	1	50784571837	web site website internet site site brassiere bra bandeau hair spray hand blower blow dryer blow drier hair dryer hair drier maillot tank suit maillot jean blue jean denim wig dumbbell miniskirt mini
109	0	49955320148	fountain bathing cap swimming cap swimming trunks bathing trunks snorkel binoculars field glasses opera glasses maillot tank suit paddle boat paddle breakwater groin groyne mole bulwark seawall jetty maillot sunglasses dark glasses shades
110	0	49955319938	washer automatic washer washing machine spotlight spot iron smoothing iron toilet seat sunglass ashcan trash can garbage can wastebin ash bin ash-bin ashbin dustbin trash barrel trash bin bucket pail bathing cap swimming cap water jug sunglasses dark glasses shades
111	0	49853325052	jean blue jean denim paintbrush power drill hair spray cellular telephone cellular phone cellphone cell mobile phone sweatshirt cowboy hat ten-gallon hat hand blower blow dryer blow drier hair dryer hair drier balance beam beam water bottle
112	0	50707105131	cowboy hat ten-gallon hat banjo potter's wheel cowboy boot scale weighing machine solar dish solar collector solar furnace rain barrel chain saw chainsaw sombrero jean blue jean denim
113	0	50552832922	potter's wheel iron smoothing iron microphone mike projector electric guitar barrow garden cart lawn cart wheelbarrow accordion piano accordion squeeze box tricycle trike velocipede tank army tank armored combat vehicle armoured combat vehicle caldron cauldron
114	0	46773118132	teddy teddy bear perfume essence pencil sharpener saltshaker salt shaker football helmet accordion piano accordion squeeze box rubber eraser rubber pencil eraser binoculars field glasses opera glasses toyshop maraca
115	0	15439514642	bloodhound sleuthhound Rhodesian ridgeback basset basset hound redbone Greater Swiss Mountain dog racer race car racing car American Staffordshire terrier Staffordshire terrier American pit bull terrier pit bull terrier half track boxer grille radiator grille
116	0	44185555380	suit suit of clothes groom bridegroom Loafer studio couch day bed Windsor tie gown bow tie bow-tie bowtie throne pajama pyjama pj's jammies limousine limo
117	0	41714864791	notebook notebook computer laptop laptop computer desktop computer screen CRT screen mouse computer mouse monitor computer keyboard keypad desk web site website internet site site printer
118	0	41675084222	notebook notebook computer desktop computer computer keyboard keypad desk mouse computer mouse laptop laptop computer monitor screen CRT screen printer space bar
119	0	40234666800	nipple plunger plumber's helper ice lolly lolly lollipop popsicle toilet seat neck brace toilet tissue toilet paper bathroom tissue coffee mug sunscreen sunblock sun blocker bib candle taper wax light
120	1	36819065315	notebook notebook computer laptop laptop computer espresso crossword puzzle crossword web site website internet site site coffee mug hand-held computer hand-held microcomputer computer keyboard keypad desktop computer monitor
121	1	49427635726	breastplate aegis egis bathing cap swimming cap swimming trunks bathing trunks shovel cuirass maillot bikini two-piece snorkel vacuum vacuum cleaner brassiere bra bandeau
122	0	45031703755	fur coat potter's wheel bucket pail ashcan trash can garbage can wastebin ash bin ash-bin ashbin dustbin trash barrel trash bin trench coat tub vat television television system crutch crate sax saxophone
123	0	30157966072	bearskin busby shako academic gown academic robe judge's robe military uniform bassoon mortarboard torch vestment cornet horn trumpet trump jinrikisha ricksha rickshaw flute transverse flute
124	1	50181740552	sleeping bag trench coat miniskirt mini velvet backpack back pack knapsack packsack rucksack haversack punching bag punch bag punching ball punchball bonnet poke bonnet cowboy boot wig gown
125	1	48122366418	vending machine home theater home theatre pay-phone pay-station bannister banister balustrade balusters handrail sliding door microwave microwave oven tobacco shop tobacconist shop tobacconist library crate bookshop bookstore bookstall
126	0	50890007876	gar garfish garpike billfish Lepisosteus osseus sturgeon wing airship dirigible balance beam beam airliner pole parallel bars bars missile bannister banister balustrade balusters handrail
127	0	49004038176	bannister banister balustrade balusters handrail radiator toilet seat plunger plumber's helper soap dispenser vault bathtub bathing tub bath tub washbasin handbasin washbowl lavabo wash-hand basin shower curtain cockroach roach
128	0	23040264099	spatula plate pizza pizza pie cleaver meat cleaver chopper acorn squash wooden spoon cauliflower gasmask respirator gas helmet chocolate sauce chocolate syrup ice cream icecream
129	0	8733574756	oscilloscope scope cathode-ray oscilloscope CRO loudspeaker speaker speaker unit loudspeaker system speaker system radio wireless tape player joystick cassette player CD player monitor odometer hodometer mileometer milometer Polaroid camera Polaroid Land camera
130	1	18323439904	toilet seat toilet tissue toilet paper bathroom tissue washbasin handbasin washbowl lavabo wash-hand basin bathtub bathing tub bath tub shower curtain plunger plumber's helper soap dispenser tub vat medicine chest medicine cabinet washer automatic washer washing machine
131	0	35090678564	bottlecap necklace mask altar jigsaw puzzle totem pole manhole cover loupe jeweler's loupe magnetic compass vault
132	0	34803704824	spatula wall clock gas pump gasoline pump petrol pump island dispenser street sign shovel toaster analog clock tray cash machine cash dispenser automated teller machine automatic teller machine automated teller automatic teller ATM digital clock
133	0	8159527543	china cabinet china closet desk dining table board bookcase chiffonier commode file file cabinet filing cabinet medicine chest medicine cabinet plate rack entertainment center tobacco shop tobacconist shop tobacconist
134	1	49678384373	toilet seat toilet tissue toilet paper bathroom tissue plunger plumber's helper bonnet poke bonnet shower cap shower curtain washer automatic washer washing machine bathtub bathing tub bath tub tub vat wig
135	0	47209673422	guillotine toilet seat toilet tissue toilet paper bathroom tissue washbasin handbasin washbowl lavabo wash-hand basin medicine chest medicine cabinet bathtub bathing tub bath tub shower curtain plunger plumber's helper paper towel tub vat
136	0	38035382181	washbasin handbasin washbowl lavabo wash-hand basin tub vat bathtub bathing tub bath tub shower curtain toilet seat medicine chest medicine cabinet soap dispenser sliding door microwave microwave oven window shade
137	0	36450149466	toilet seat bathtub bathing tub bath tub washbasin handbasin washbowl lavabo wash-hand basin tub vat washer automatic washer washing machine soap dispenser frying pan frypan skillet paper towel shower curtain strainer
138	1	33844699648	diaper nappy napkin bassinet bonnet poke bonnet sleeping bag cradle hoopskirt crinoline backpack back pack knapsack packsack rucksack haversack crib cot quilt comforter comfort puff brassiere bra bandeau
139	0	35472834501	garbage truck dustcart amphibian amphibious vehicle street sign flagpole flagstaff wreck mailbox letter box chest solar dish solar collector solar furnace pirate pirate ship ashcan trash can garbage can wastebin ash bin ash-bin ashbin dustbin trash barrel trash bin
140	0	22376444929	washbasin handbasin washbowl lavabo wash-hand basin soap dispenser bathtub bathing tub bath tub tub vat medicine chest medicine cabinet shower curtain toilet seat toilet tissue toilet paper bathroom tissue paper towel plunger plumber's helper
141	0	19911347628	pay-phone pay-station cash machine cash dispenser automated teller machine automatic teller machine automated teller automatic teller ATM turnstile sliding door safe microwave microwave oven file file cabinet filing cabinet refrigerator icebox ashcan trash can garbage can wastebin ash bin ash-bin ashbin dustbin trash barrel trash bin desk
142	0	20302759478	soap dispenser washbasin handbasin washbowl lavabo wash-hand basin coffeepot espresso maker cocktail shaker toilet seat iron smoothing iron hammer water jug bannister banister balustrade balusters handrail
143	1	17627310650	barbershop bakery bakeshop bakehouse perfume essence coffee mug pill bottle vending machine freight car menu chainlink fence lotion
144	1	31971855693	tub vat caldron cauldron bathtub bathing tub bath tub washbasin handbasin washbowl lavabo wash-hand basin ladle wok bubble wig toilet seat steel drum
145	1	50162215323	miniskirt mini maillot brassiere bra bandeau bikini two-piece swimming trunks bathing trunks sandal book jacket dust cover dust jacket dust wrapper wig comic book hair spray
146	1	49812225812	comic book book jacket dust cover dust jacket dust wrapper sax saxophone rifle jersey T-shirt tee shirt electric guitar zebra crash helmet French horn horn trombone
147	0	51222544608	cab hack taxi taxicab beach wagon station wagon wagon estate car beach waggon station waggon waggon racer race car racing car pickup pickup truck grille radiator grille car wheel limousine limo minibus sports car sport car minivan
148	0	49043789326	racer race car racing car sports car sport car convertible car wheel pickup pickup truck grille radiator grille beach wagon station wagon wagon estate car beach waggon station waggon waggon Model T go-kart passenger car coach carriage
149	0	50790221461	menu carton envelope slide rule slipstick binder ring-binder packet lotion book jacket dust cover dust jacket dust wrapper crate perfume essence
150	1	50337455337	web site website internet site site envelope menu carton packet face powder bib toilet tissue toilet paper bathroom tissue rule ruler washer automatic washer washing machine
151	0	49487981023	flagpole flagstaff pole unicycle monocycle seashore coast seacoast sea-coast breakwater groin groyne mole bulwark seawall jetty mobile home manufactured home lakeside lakeshore traffic light traffic signal stoplight ear spike capitulum horse cart horse-cart
152	0	50790424133	pay-phone pay-station dial telephone dial phone cash machine cash dispenser automated teller machine automatic teller machine automated teller automatic teller ATM gas pump gasoline pump petrol pump island dispenser oscilloscope scope cathode-ray oscilloscope CRO joystick power drill hand-held computer hand-held microcomputer combination lock radio wireless
153	1	49678139991	sunglass sunglasses dark glasses shades web site website internet site site comic book book jacket dust cover dust jacket dust wrapper Windsor tie menu revolver six-gun six-shooter envelope maillot tank suit
154	0	51055184267	menu parking meter packet pill bottle sunscreen sunblock sun blocker cash machine cash dispenser automated teller machine automatic teller machine automated teller automatic teller ATM lotion crossword puzzle crossword vending machine carton
155	0	50681797287	crate cassette book jacket dust cover dust jacket dust wrapper barbershop packet moving van menu prison prison house mousetrap cash machine cash dispenser automated teller machine automatic teller machine automated teller automatic teller ATM
156	0	51167751841	scoreboard chainlink fence worm fence snake fence snake-rail fence Virginia fence brass memorial tablet plaque padlock park bench prison prison house barrel cask pole book jacket dust cover dust jacket dust wrapper
157	0	50760628788	pier backpack back pack knapsack packsack rucksack haversack cash machine cash dispenser automated teller machine automatic teller machine automated teller automatic teller ATM planetarium dome breakwater groin groyne mole bulwark seawall jetty street sign brass memorial tablet plaque sandbar sand bar steel arch bridge
158	0	50822948041	promontory headland head foreland castle lakeside lakeshore beacon lighthouse beacon light pharos bell cote bell cot breakwater groin groyne mole bulwark seawall jetty cliff drop drop-off seashore coast seacoast sea-coast patio terrace container ship containership container vessel
159	0	49653708803	maze labyrinth coil spiral volute whorl helix puck hockey puck velvet Petri dish tennis ball manhole cover nematode nematode worm roundworm sundial fountain
160	0	49614375688	miniskirt mini sunglass unicycle monocycle plastic bag clog geta patten sabot grocery store grocery food market market pretzel jersey T-shirt tee shirt plunger plumber's helper sunglasses dark glasses shades
161	0	48229558251	mask ski mask mouse computer mouse ashcan trash can garbage can wastebin ash bin ash-bin ashbin dustbin trash barrel trash bin lampshade lamp shade soap dispenser gasmask respirator gas helmet crash helmet loudspeaker speaker speaker unit loudspeaker system speaker system space heater
162	0	50670111431	street sign snorkel barrow garden cart lawn cart wheelbarrow folding chair swing spatula pole car mirror gas pump gasoline pump petrol pump island dispenser traffic light traffic signal stoplight
163	0	50583786022	ibex Capra ibex brass memorial tablet plaque worm fence snake fence snake-rail fence Virginia fence bighorn bighorn sheep cimarron Rocky Mountain bighorn Rocky Mountain sheep Ovis canadensis ox sundial lakeside lakeshore hartebeest ram tup monastery
164	0	49627844133	scoreboard street sign traffic light traffic signal stoplight paddlewheel paddle wheel chainlink fence scale weighing machine analog clock steel arch bridge fireboat odometer hodometer mileometer milometer
165	0	51160549674	carton menu packet baseball envelope doormat welcome mat face powder crate book jacket dust cover dust jacket dust wrapper quill quill pen
166	0	50391576143	carton packet envelope crate menu rule ruler web site website internet site site doormat welcome mat Band Aid book jacket dust cover dust jacket dust wrapper
167	0	51003267921	sports car sport car grille radiator grille beach wagon station wagon wagon estate car beach waggon station waggon waggon convertible car wheel racer race car racing car minivan pickup pickup truck cab hack taxi taxicab limousine limo
168	0	50647250077	radio wireless projector passenger car coach carriage cassette player cassette tape player electric locomotive airliner trailer truck tractor trailer trucking rig rig articulated lorry semi loudspeaker speaker speaker unit loudspeaker system speaker system
169	0	49733027683	traffic light traffic signal stoplight street sign pole minivan tow truck tow car wrecker mobile home manufactured home cab hack taxi taxicab trailer truck tractor trailer trucking rig rig articulated lorry semi mailbox letter box car mirror
170	0	50709814253	ambulance fire engine fire truck police van police wagon paddy wagon patrol wagon wagon black Maria moving van stretcher tow truck tow car wrecker garbage truck dustcart minivan recreational vehicle RV R.V. minibus
171	0	50586275237	theater curtain theatre curtain folding chair stage cinema movie theater movie theatre movie house picture palace parachute chute balance beam beam water bottle barrel cask umbrella cup
172	0	48896179206	crossword puzzle crossword stopwatch stop watch digital watch cellular telephone cellular phone cellphone cell mobile phone menu magnetic compass barometer slide rule slipstick dial telephone dial phone harmonica mouth organ harp mouth harp
173	0	51101567465	crossword puzzle crossword rule ruler slide rule slipstick oscilloscope scope cathode-ray oscilloscope CRO barometer rubber eraser rubber pencil eraser stopwatch stop watch digital watch analog clock book jacket dust cover dust jacket dust wrapper
174	0	51053512102	park bench lakeside lakeshore swing picket fence paling stone wall megalith megalithic structure birdhouse viaduct worm fence snake fence snake-rail fence Virginia fence umbrella
175	1	50578774053	brass memorial tablet plaque park bench jean blue jean denim doormat welcome mat chainlink fence hatchet plastic bag sundial ashcan trash can garbage can wastebin ash bin ash-bin ashbin dustbin trash barrel trash bin rifle
176	0	35531291932	traffic light traffic signal stoplight street sign pole trolleybus trolley coach trackless trolley mailbox letter box crane fire engine fire truck streetcar tram tramcar trolley trolley car ambulance hummingbird
177	0	31603000884	bullet train bullet planetarium spotlight spot warplane military plane king penguin Aptenodytes patagonica turnstile stage streetcar tram tramcar trolley trolley car library abaya
178	0	32763406882	stage microphone mike flute transverse flute whistle ocarina sweet potato oboe hautboy hautbois harmonica mouth organ harp mouth harp cornet horn trumpet trump maraca panpipe pandean pipe syrinx
179	0	22294796839	minivan cab hack taxi taxicab grille radiator grille beach wagon station wagon wagon estate car beach waggon station waggon waggon car wheel tow truck tow car wrecker sports car sport car pickup pickup truck convertible racer race car racing car
180	0	47994787883	jeep landrover grille radiator grille pickup pickup truck tow truck tow car wrecker convertible chain saw chainsaw fire engine fire truck tank army tank armored combat vehicle armoured combat vehicle beach wagon station wagon wagon estate car beach waggon station waggon waggon ambulance
181	0	30567556506	turnstile cash machine cash dispenser automated teller machine automatic teller machine automated teller automatic teller ATM patio terrace library sliding door prison prison house photocopier gas pump gasoline pump petrol pump island dispenser vault stretcher
182	0	33196069693	dome park bench coil spiral volute whorl helix yurt planetarium organ pipe organ wing bannister banister balustrade balusters handrail vault solar dish solar collector solar furnace
183	0	28355014131	cinema movie theater movie theatre movie house picture palace barbershop scoreboard bakery bakeshop bakehouse street sign restaurant eating house eating place eatery tobacco shop tobacconist shop tobacconist menu grocery store grocery food market market shoe shop shoe-shop shoe store
184	0	31453536131	cab hack taxi taxicab palace streetcar tram tramcar trolley trolley car traffic light traffic signal stoplight maze labyrinth limousine limo fire engine fire truck triumphal arch fountain castle
185	0	13369973975	convertible pickup pickup truck sports car sport car car wheel racer race car racing car beach wagon station wagon wagon estate car beach waggon station waggon waggon amphibian amphibious vehicle grille radiator grille tow truck tow car wrecker passenger car coach carriage
186	0	11953603314	racer race car racing car sports car sport car car wheel amphibian amphibious vehicle pickup pickup truck tow truck tow car wrecker Model T grille radiator grille beach wagon station wagon wagon estate car beach waggon station waggon waggon go-kart
187	0	24810963147	cleaver meat cleaver chopper scale weighing machine hatchet pick plectrum plectron nematode nematode worm roundworm bow Petri dish washer automatic washer washing machine hook claw sunglass
188	0	27151783846	book jacket dust cover dust jacket dust wrapper binder ring-binder packet mailbox letter box doormat welcome mat prayer rug prayer mat menu brass memorial tablet plaque carton lotion
189	0	28690329184	bighorn bighorn sheep cimarron Rocky Mountain bighorn Rocky Mountain sheep Ovis canadensis ram tup Boston bull Boston terrier French bulldog pug pug-dog Italian greyhound Chihuahua ibex Capra ibex Staffordshire bullterrier Staffordshire bull terrier African hunting dog hyena dog Cape hunting dog Lycaon pictus
190	0	29079811162	wallaby brush kangaroo peacock llama meerkat mierkat megalith megalithic structure mongoose spider monkey Ateles geoffroyi patas hussar monkey Erythrocebus patas Madagascar cat ring-tailed lemur Lemur catta obelisk
191	0	12440677063	packet book jacket dust cover dust jacket dust wrapper crate carton brass memorial tablet plaque menu slide rule slipstick mousetrap quill quill pen envelope
192	0	17052118489	web site website internet site site envelope menu comic book jigsaw puzzle jersey T-shirt tee shirt toilet seat rubber eraser rubber pencil eraser apron pick plectrum plectron
193	0	39840340554	ping-pong ball pill bottle toyshop soap dispenser mousetrap joystick switch electric switch electrical switch piggy bank penny bank power drill web site website internet site site
194	0	27165831200	dial telephone dial phone pay-phone pay-station wall clock scale weighing machine chime bell gong throne analog clock table lamp gong tam-tam lampshade lamp shade
195	0	6981316248	tray crossword puzzle crossword wall clock ambulance shower curtain whistle computer keyboard keypad maze labyrinth stretcher screen CRT screen
196	0	31232649528	web site website internet site site notebook notebook computer remote control remote digital clock switch electric switch electrical switch rule ruler stopwatch stop watch typewriter keyboard envelope analog clock
197	0	44290711562	crane aircraft carrier carrier flattop attack aircraft carrier steel arch bridge cassette pier wing liner ocean liner airliner airship dirigible suspension bridge
198	0	40752856062	trailer truck tractor trailer trucking rig rig articulated lorry semi traffic light traffic signal stoplight passenger car coach carriage limousine limo trolleybus trolley coach trackless trolley streetcar tram tramcar trolley trolley car freight car go-kart street sign moving van
199	0	34070088986	miniskirt mini hair spray poncho cardigan wool woolen woollen velvet jean blue jean denim sunscreen sunblock sun blocker cowboy hat ten-gallon hat cowboy boot
200	0	33118360943	digital watch barrel cask stopwatch stop watch backpack back pack knapsack packsack rucksack haversack ashcan trash can garbage can wastebin ash bin ash-bin ashbin dustbin trash barrel trash bin parking meter analog clock mailbox letter box scale weighing machine pencil sharpener
201	0	24226663453	motor scooter scooter moped crash helmet tricycle trike velocipede barbershop tobacco shop tobacconist shop tobacconist crutch miniskirt mini toyshop mailbox letter box
202	0	24243796611	notebook notebook computer laptop laptop computer iPod hard disc hard disk fixed disk cellular telephone cellular phone cellphone cell mobile phone modem hand-held computer hand-held microcomputer screwdriver rule ruler ballpoint ballpoint pen ballpen Biro
203	0	26541251108	tench Tinca tinca barracouta snoek coho cohoe coho salmon blue jack silver salmon Oncorhynchus kisutch sturgeon gar garfish garpike billfish Lepisosteus osseus hartebeest sweatshirt warthog shovel crutch
204	1	38447369670	nipple face powder lotion candle taper wax light sunscreen sunblock sun blocker perfume essence thimble beaker hair spray lipstick lip rouge
205	1	40184574992	barracouta snoek sturgeon gar garfish garpike billfish Lepisosteus osseus tench Tinca tinca barbell assault rifle assault gun jersey T-shirt tee shirt hartebeest coho cohoe coho salmon blue jack silver salmon Oncorhynchus kisutch swimming trunks bathing trunks
206	0	34180726256	shovel vault washbasin handbasin washbowl lavabo wash-hand basin barrow garden cart lawn cart wheelbarrow broom sliding door window screen prayer rug prayer mat window shade doormat welcome mat
207	0	28221659253	park bench worm fence snake fence snake-rail fence Virginia fence rocking chair rocker bannister banister balustrade balusters handrail picket fence paling swing rain barrel pot flowerpot ashcan trash can garbage can wastebin ash bin ash-bin ashbin dustbin trash barrel trash bin grille radiator grille
208	0	26388255387	pedestal plinth footstall fountain sundial triumphal arch obelisk stupa tope dome knot palace monastery
209	0	33543881160	lighter light igniter ignitor candle taper wax light hand blower blow dryer blow drier hair dryer hair drier window shade Band Aid seat belt seatbelt laptop laptop computer sunglasses dark glasses shades brassiere bra bandeau television television system
210	0	39006564590	capuchin ringtail Cebus capucinus titi titi monkey patas hussar monkey Erythrocebus patas guenon guenon monkey squirrel monkey Saimiri sciureus macaque marmoset langur gibbon Hylobates lar proboscis monkey Nasalis larvatus
211	0	34716461715	screen CRT screen notebook notebook computer computer keyboard keypad monitor laptop laptop computer cellular telephone cellular phone cellphone cell mobile phone iPod cash machine cash dispenser automated teller machine automatic teller machine automated teller automatic teller ATM Polaroid camera Polaroid Land camera modem
212	1	26724433479	mask wig lipstick lip rouge face powder ski mask book jacket dust cover dust jacket dust wrapper comic book cloak cowboy hat ten-gallon hat perfume essence
213	0	46919540005	convertible grille radiator grille sports car sport car beach wagon station wagon wagon estate car beach waggon station waggon waggon car wheel racer race car racing car pickup pickup truck cab hack taxi taxicab limousine limo amphibian amphibious vehicle
214	0	33457719601	digital clock cassette player tape player cab hack taxi taxicab convertible CD player minivan gas pump gasoline pump petrol pump island dispenser digital watch parking meter
215	0	31494630003	traffic light traffic signal stoplight pole parking meter school bus street sign trailer truck tractor trailer trucking rig rig articulated lorry semi snowplow snowplough mailbox letter box motor scooter scooter flagpole flagstaff
216	0	28508229065	bow tie bow-tie bowtie suit suit of clothes Windsor tie jean blue jean denim jersey T-shirt tee shirt pajama pyjama pj's jammies cowboy hat ten-gallon hat sweatshirt wig gasmask respirator gas helmet
217	0	26998923394	sports car sport car convertible racer race car racing car car wheel beach wagon station wagon wagon estate car beach waggon station waggon waggon grille radiator grille cab hack taxi taxicab limousine limo pickup pickup truck passenger car coach carriage
218	0	45439691344	sports car sport car convertible car wheel racer race car racing car beach wagon station wagon wagon estate car beach waggon station waggon waggon grille radiator grille pickup pickup truck limousine limo cab hack taxi taxicab tow truck tow car wrecker
219	0	28970552177	street sign pole traffic light traffic signal stoplight flagpole flagstaff parking meter scoreboard water tower chainlink fence worm fence snake fence snake-rail fence Virginia fence birdhouse
220	0	41146295185	snorkel volcano alp swimming trunks bathing trunks cliff drop drop-off sandbar sand bar promontory headland head foreland sunscreen sunblock sun blocker valley vale sunglasses dark glasses shades
221	1	51070124736	confectionery confectionary candy store grocery store grocery food market market comic book tobacco shop tobacconist shop tobacconist bookshop bookstore bookstall toyshop butcher shop meat market bakery bakeshop bakehouse restaurant eating house eating place eatery shoe shop shoe-shop shoe store
222	0	50706254646	assault rifle assault gun rifle military uniform stretcher tank army tank armored combat vehicle armoured combat vehicle bulletproof vest cannon tripod gasmask respirator gas helmet stone wall
223	0	50396615832	buckle fountain pen scabbard holster Loafer banjo harmonica mouth organ harp mouth harp violin fiddle cornet horn trumpet trump drum membranophone tympan
224	1	51016271705	comic book book jacket dust cover dust jacket dust wrapper web site website internet site site scoreboard mountain bike all-terrain bike off-roader stage bulletproof vest electric guitar theater curtain theatre curtain tobacco shop tobacconist shop tobacconist
225	1	51007981507	bucket pail barrow garden cart lawn cart wheelbarrow tub vat swimming trunks bathing trunks caldron cauldron bathing cap swimming cap bikini two-piece paddle boat paddle milk can shovel
226	0	26980459238	military uniform assault rifle assault gun bulletproof vest rifle projectile missile stretcher oxygen mask gasmask respirator gas helmet tank army tank armored combat vehicle armoured combat vehicle half track
227	1	10314623056	rifle assault rifle assault gun bow revolver six-gun six-shooter projectile missile oxcart volleyball military uniform tank army tank armored combat vehicle armoured combat vehicle stretcher
228	0	6736745931	cannon projectile missile missile binoculars field glasses opera glasses bannister banister balustrade balusters handrail mortar barbell rifle dumbbell tank army tank armored combat vehicle armoured combat vehicle
229	0	22870805544	puck hockey puck pick plectrum plectron street sign bathing cap swimming cap shield buckler face powder bottlecap golf ball analog clock drum membranophone tympan
230	0	49568992086	tiger Panthera tigris tiger cat sarong panpipe pandean pipe syrinx carousel carrousel merry-go-round roundabout whirligig comic book altar flute transverse flute church church building spiny lobster langouste rock lobster crawfish crayfish sea crawfish
231	0	33310466438	wing airliner minivan volcano car mirror liner ocean liner viaduct wreck aircraft carrier carrier flattop attack aircraft carrier trailer truck tractor trailer trucking rig rig articulated lorry semi
232	0	33230171512	volcano jellyfish torch conch cauliflower spotlight spot lampshade lamp shade vase fire screen fireguard jack-o'-lantern
233	0	49070616103	fur coat crane obelisk park bench lab coat laboratory coat goose maze labyrinth church church building picket fence paling megalith megalithic structure
234	0	46609922102	brass memorial tablet plaque pedestal plinth footstall obelisk sundial cannon street sign park bench stupa tope mailbox letter box triumphal arch
235	0	50250920656	web site website internet site site comic book envelope book jacket dust cover dust jacket dust wrapper menu pug pug-dog refrigerator icebox jigsaw puzzle groenendael packet
236	0	32057485588	comic book book jacket dust cover dust jacket dust wrapper jigsaw puzzle plow plough tricycle trike velocipede jinrikisha ricksha rickshaw rocking chair rocker oxcart rifle half track
237	1	49053190282	pedestal plinth footstall knot horizontal bar high bar balance beam beam diaper nappy napkin hen-of-the-woods hen of the woods Polyporus frondosus Grifola frondosa parallel bars bars Great Dane football helmet pretzel
238	0	23262744754	web site website internet site site book jacket dust cover dust jacket dust wrapper menu comic book envelope packet harvester reaper rifle red wine seashore coast seacoast sea-coast
239	0	48913433263	balance beam beam parallel bars bars horizontal bar high bar stage pole barbell stretcher bobsled bobsleigh bob mountain tent moving van
240	0	24357666745	assault rifle assault gun military uniform rifle scuba diver gasmask respirator gas helmet oxygen mask comic book bulletproof vest stretcher parachute chute
241	0	32718436026	envelope web site website internet site site jersey T-shirt tee shirt hand blower blow dryer blow drier hair dryer hair drier cleaver meat cleaver chopper analog clock menu abaya binder ring-binder rule ruler
242	1	14367475843	plastic bag cleaver meat cleaver chopper dough hatchet hammer apron Band Aid syringe spatula paintbrush
243	0	50124428886	church church building vault altar monastery organ pipe organ palace mosque dome throne bannister banister balustrade balusters handrail
244	0	50509345786	shoji altar comic book church church building fountain book jacket dust cover dust jacket dust wrapper vault pedestal plinth footstall organ pipe organ shower curtain
245	0	50386383908	church church building bell cote bell cot dome monastery lakeside lakeshore boathouse birdhouse mosque chime bell gong altar
246	0	50044229352	bell cote bell cot church church building monastery mosque palace vault cinema movie theater movie theatre movie house picture palace triumphal arch dome altar
247	0	50526055381	comic book book jacket dust cover dust jacket dust wrapper banana wig sarong cowboy hat ten-gallon hat bikini two-piece maillot maillot tank suit sombrero
248	0	51195595267	fountain carousel carrousel merry-go-round roundabout whirligig lampshade lamp shade candle taper wax light fire screen fireguard table lamp window screen oscilloscope scope cathode-ray oscilloscope CRO shower curtain rotisserie
249	0	50823241668	sombrero theater curtain theatre curtain spider web spider's web velvet umbrella fountain zebra vault cuirass accordion piano accordion squeeze box
250	0	50693763426	cowboy hat ten-gallon hat book jacket dust cover dust jacket dust wrapper sombrero loupe jeweler's loupe bonnet poke bonnet comic book coffee mug Band Aid jigsaw puzzle car mirror
251	0	49939923766	bell cote bell cot chime bell gong triumphal arch guillotine monastery mosque church church building dome vault dial telephone dial phone
252	0	50413370032	monastery church church building bell cote bell cot vault altar dome triumphal arch palace analog clock mosque
253	0	50433457031	stage suit suit of clothes grand piano grand bow tie bow-tie bowtie bassoon theater curtain theatre curtain oboe hautboy hautbois groom bridegroom marimba xylophone cello violoncello
254	0	49923012311	trilobite isopod honeycomb chiton coat-of-mail shell sea cradle polyplacophore conch screw hen-of-the-woods hen of the woods Polyporus frondosus Grifola frondosa packet sea cucumber holothurian pedestal plinth footstall
255	1	49112194411	restaurant eating house eating place eatery dining table board patio terrace bakery bakeshop bakehouse grocery store grocery food market market plate folding chair library rocking chair rocker china cabinet china closet
256	0	51053192537	brass memorial tablet plaque menu crossword puzzle crossword slide rule slipstick plunger plumber's helper parking meter scale weighing machine comic book carton toilet seat
257	0	50967431731	church church building altar window screen slot one-armed bandit vault organ pipe organ prayer rug prayer mat window shade castle monastery
258	0	50819199927	church church building monastery bell cote bell cot beacon lighthouse beacon light pharos dome tile roof alp mosque barn picket fence paling
259	0	50644371283	monastery vault throne church church building bell cote bell cot military uniform organ pipe organ prison prison house palace altar
260	0	51073148733	menu web site website internet site site comic book scoreboard cinema movie theater movie theatre movie house picture palace brass memorial tablet plaque bannister banister balustrade balusters handrail street sign book jacket dust cover dust jacket dust wrapper pier
261	0	50838886142	book jacket dust cover dust jacket dust wrapper envelope web site website internet site site safety pin brass memorial tablet plaque lighter light igniter ignitor perfume essence comic book sundial jigsaw puzzle
262	0	50825221757	bell cote bell cot church church building monastery barn tile roof lumbermill sawmill alp boathouse vault worm fence snake fence snake-rail fence Virginia fence
263	0	50324525536	tray bakery bakeshop bakehouse cauliflower hair slide park bench scoreboard altar limousine limo broom groom bridegroom
264	0	49816680501	bannister banister balustrade balusters handrail crib cot window shade coil spiral volute whorl helix window screen cradle patio terrace rocking chair rocker sliding door plate rack
265	0	49421693572	church church building bell cote bell cot monastery castle dome palace vault worm fence snake fence snake-rail fence Virginia fence altar tile roof
266	0	51152578383	beer glass beer bottle honeycomb cocktail shaker orange pill bottle vase pitcher ewer ashcan trash can garbage can wastebin ash bin ash-bin ashbin dustbin trash barrel trash bin beaker
267	0	51106536812	web site website internet site site menu mosque comic book stupa tope liner ocean liner tractor sunglass bell cote bell cot beacon lighthouse beacon light pharos
268	0	50834200797	lakeside lakeshore maze labyrinth rapeseed valley vale patio terrace barrow garden cart lawn cart wheelbarrow mobile home manufactured home castle stone wall sandbar sand bar
269	0	49764980477	ashcan trash can garbage can wastebin ash bin ash-bin ashbin dustbin trash barrel trash bin forklift scale weighing machine prison prison house altar police van police wagon paddy wagon patrol wagon wagon black Maria sliding door bobsled bobsleigh bob triumphal arch vault
270	0	50980394982	pelican langur gazelle conch fountain proboscis monkey Nasalis larvatus impala Aepyceros melampus schooner seashore coast seacoast sea-coast lakeside lakeshore
271	0	48151188547	quill quill pen wooden spoon bow tie bow-tie bowtie sandal clog geta patten sabot hourglass ladle letter opener paper knife paperknife tray packet
272	1	50993219356	punching bag punch bag punching ball punchball power drill rugby ball diaper nappy napkin jigsaw puzzle knee pad vacuum vacuum cleaner ocarina sweet potato lighter light igniter ignitor harmonica mouth organ harp mouth harp
273	1	50583419533	crossword puzzle crossword menu harmonica mouth organ harp mouth harp ballpoint ballpoint pen ballpen Biro flute transverse flute cornet horn trumpet trump quill quill pen oboe hautboy hautbois slide rule slipstick fountain pen
274	1	49744789337	miniskirt mini wig bathing cap swimming cap sunscreen sunblock sun blocker maillot sunglasses dark glasses shades maillot tank suit sunglass Band Aid cowboy hat ten-gallon hat
275	0	49256788156	comic book carousel carrousel merry-go-round roundabout whirligig church church building theater curtain theatre curtain flagpole flagstaff freight car park bench altar cinema movie theater movie theatre movie house picture palace volcano
276	0	50640785682	trombone sax saxophone cornet horn trumpet trump violin fiddle cello violoncello marimba xylophone stage comic book electric guitar banjo
277	0	48868270908	ocarina sweet potato mask teddy teddy bear toyshop totem pole piggy bank penny bank comic book swimming trunks bathing trunks diaper nappy napkin shield buckler
278	0	50851538442	rifle airship dirigible military uniform cannon pickelhaube pole obelisk totem pole ballplayer baseball player missile
279	0	50832672132	dam dike dyke lakeside lakeshore sandbar sand bar valley vale alp breakwater groin groyne mole bulwark seawall jetty worm fence snake fence snake-rail fence Virginia fence promontory headland head foreland geyser picket fence paling
280	0	50990296206	mashed potato meat loaf meatloaf dough plate ice cream icecream cleaver meat cleaver chopper cauliflower chocolate sauce chocolate syrup head cabbage French loaf
281	0	48297506702	altar vault monastery throne vestment church church building triumphal arch palace stupa tope dome
282	0	48366306577	sarong pajama pyjama pj's jammies theater curtain theatre curtain kimono jean blue jean denim stole gown miniskirt mini abaya wig
283	0	51217021707	ping-pong ball candle taper wax light soap dispenser perfume essence face powder table lamp lampshade lamp shade sunscreen sunblock sun blocker spotlight spot wok
284	0	50575806818	alp cliff drop drop-off valley vale cliff dwelling bison mountain bike all-terrain bike off-roader bighorn bighorn sheep cimarron Rocky Mountain bighorn Rocky Mountain sheep Ovis canadensis hay ski mountain tent
285	0	49631023682	vase pot flowerpot daisy picket fence paling greenhouse nursery glasshouse sulphur butterfly sulfur butterfly bee ant emmet pismire hummingbird cabbage butterfly
286	0	46458937701	web site website internet site site menu screen CRT screen monitor oscilloscope scope cathode-ray oscilloscope CRO scoreboard slot one-armed bandit laptop laptop computer container ship containership container vessel crossword puzzle crossword
287	0	36796777303	fountain maze labyrinth scoreboard jigsaw puzzle sundial palace wing stage prayer rug prayer mat obelisk
288	0	34784861770	church church building bell cote bell cot castle sarong monastery stupa tope shoe shop shoe-shop shoe store tile roof boathouse palace
289	0	32523558176	altar triumphal arch monastery pedestal plinth footstall vestment throne vault church church building organ pipe organ palace
290	0	29703945961	pedestal plinth footstall fountain palace throne monastery altar triumphal arch vault dome shield buckler
291	0	42295842374	pedestal plinth footstall altar throne obelisk triumphal arch palace fountain church church building wardrobe closet press wall clock
292	0	34568918290	suit suit of clothes Windsor tie groom bridegroom academic gown academic robe judge's robe bow tie bow-tie bowtie oboe hautboy hautbois notebook notebook computer mortarboard bassoon hand-held computer hand-held microcomputer
293	0	15294513749	bell cote bell cot church church building monastery tile roof barn chime bell gong castle thatch thatched roof vault dome
294	0	46273287642	menu web site website internet site site crossword puzzle crossword screen CRT screen book jacket dust cover dust jacket dust wrapper rotisserie iron smoothing iron oscilloscope scope cathode-ray oscilloscope CRO slot one-armed bandit monitor
295	0	7666864934	dome monastery pedestal plinth footstall bell cote bell cot church church building palace obelisk altar triumphal arch fountain
296	0	31582618574	church church building altar vault monastery vestment organ pipe organ library grand piano grand mosque restaurant eating house eating place eatery
297	0	15916428994	bell cote bell cot church church building monastery vault triumphal arch dome palace obelisk mosque tile roof
298	0	33991428103	church church building monastery bell cote bell cot castle beacon lighthouse beacon light pharos vault dome tile roof alp thatch thatched roof
299	0	42522056904	lab coat laboratory coat gasmask respirator gas helmet trench coat fur coat bow tie bow-tie bowtie oxygen mask reel teddy teddy bear cowboy hat ten-gallon hat cardigan
300	0	18685120339	toyshop shoe shop shoe-shop shoe store altar vestment barbershop lab coat laboratory coat basketball bookshop bookstore bookstall comic book pajama pyjama pj's jammies
301	0	15667929129	monastery castle bell cote bell cot church church building mosque palace stupa tope dome vault obelisk
302	0	42354094751	slot one-armed bandit vending machine home theater home theatre monitor comic book window screen television television system cinema movie theater movie theatre movie house picture palace prayer rug prayer mat turnstile
303	0	38291879926	church church building vault altar analog clock wall clock cinema movie theater movie theatre movie house picture palace tobacco shop tobacconist shop tobacconist barbershop monastery organ pipe organ
304	0	40281840073	greenhouse nursery glasshouse yurt restaurant eating house eating place eatery maypole military uniform accordion piano accordion squeeze box lab coat laboratory coat ashcan trash can garbage can wastebin ash bin ash-bin ashbin dustbin trash barrel trash bin picket fence paling apiary bee house
305	0	45824464205	mosque monastery palace church church building dome cinema movie theater movie theatre movie house picture palace castle bell cote bell cot vault gondola
306	0	43721101090	bell cote bell cot obelisk airship dirigible triumphal arch mosque fountain church church building palace dome flagpole flagstaff
307	0	25901413908	prayer rug prayer mat altar vestment book jacket dust cover dust jacket dust wrapper comic book throne tray theater curtain theatre curtain jigsaw puzzle doormat welcome mat
308	0	15417149783	screen CRT screen television television system monitor cash machine cash dispenser automated teller machine automatic teller machine automated teller automatic teller ATM brass memorial tablet plaque home theater home theatre stage theater curtain theatre curtain projector coral reef
309	0	35491572924	mosque dome palace monastery church church building gondola obelisk vault umbrella bell cote bell cot
310	0	38456868740	barber chair barbershop hair spray cello violoncello restaurant eating house eating place eatery pool table billiard table snooker table cellular telephone cellular phone cellphone cell mobile phone miniskirt mini upright upright piano pay-phone pay-station
311	0	36460515786	academic gown academic robe judge's robe marimba xylophone mortarboard vestment theater curtain theatre curtain drum membranophone tympan steel drum gong tam-tam drumstick panpipe pandean pipe syrinx
312	0	29949433422	digital clock nematode nematode worm roundworm web site website internet site site remote control remote oscilloscope scope cathode-ray oscilloscope CRO crossword puzzle crossword perfume essence digital watch analog clock matchstick
313	0	6815343423	barbershop tobacco shop tobacconist shop tobacconist barber chair bow tie bow-tie bowtie television television system accordion piano accordion squeeze box lab coat laboratory coat cinema movie theater movie theatre movie house picture palace panpipe pandean pipe syrinx upright upright piano
314	0	39995883673	monastery dome church church building mosque bell cote bell cot vault water tower pedestal plinth footstall beacon lighthouse beacon light pharos palace
315	0	34670550452	vault mosque dome monastery viaduct church church building patio terrace greenhouse nursery glasshouse palace planetarium
316	0	16490035671	book jacket dust cover dust jacket dust wrapper web site website internet site site digital clock screen CRT screen envelope scoreboard doormat welcome mat binder ring-binder prayer rug prayer mat tennis ball
317	1	29848851937	suit suit of clothes groom bridegroom Loafer Windsor tie bow tie bow-tie bowtie limousine limo cellular telephone cellular phone cellphone cell mobile phone notebook notebook computer cornet horn trumpet trump gown
318	0	42970434770	suit suit of clothes Windsor tie groom bridegroom bow tie bow-tie bowtie bolo tie bolo bola tie bola Loafer trench coat notebook notebook computer gown stethoscope
319	0	23779198560	neck brace mask stole cloak velvet breastplate aegis egis wool woolen woollen bonnet poke bonnet fur coat vestment
320	0	27377926339	padlock chime bell gong shoe shop shoe-shop shoe store combination lock clog geta patten sabot gong tam-tam umbrella mask cowboy boot bucket pail
321	0	40161528611	projector washbasin handbasin washbowl lavabo wash-hand basin loudspeaker speaker speaker unit loudspeaker system speaker system table lamp stove lighter light igniter ignitor candle taper wax light analog clock television television system slot one-armed bandit
322	0	27114337716	scoreboard menu book jacket dust cover dust jacket dust wrapper digital clock slot one-armed bandit digital watch oscilloscope scope cathode-ray oscilloscope CRO comic book cinema movie theater movie theatre movie house picture palace radio wireless
323	0	12114524526	yurt four-poster altar wardrobe closet press prayer rug prayer mat throne restaurant eating house eating place eatery cinema movie theater movie theatre movie house picture palace barbershop theater curtain theatre curtain
324	0	30426694404	accordion piano accordion squeeze box bassoon oboe hautboy hautbois cornet horn trumpet trump suit suit of clothes bow tie bow-tie bowtie violin fiddle flute transverse flute harmonica mouth organ harp mouth harp grand piano grand
325	0	49742338021	altar prayer rug prayer mat jigsaw puzzle fire screen fireguard maze labyrinth monastery church church building vault book jacket dust cover dust jacket dust wrapper vestment
326	0	38253617662	barrow garden cart lawn cart wheelbarrow park bench swing lakeside lakeshore shovel shopping cart tricycle trike velocipede canoe rifle fire screen fireguard
327	0	31568367072	menu web site website internet site site crossword puzzle crossword scale weighing machine whistle hook claw nail screw plunger plumber's helper power drill
328	0	27486723564	suit suit of clothes Windsor tie bolo tie bolo bola tie bola military uniform groom bridegroom bow tie bow-tie bowtie sundial brass memorial tablet plaque Loafer bearskin busby shako
329	0	12066664226	home theater home theatre microphone mike television television system projector stage harmonica mouth organ harp mouth harp lipstick lip rouge entertainment center shower cap joystick
330	0	41840088570	church church building mosque dome bell cote bell cot monastery palace vault tile roof castle cinema movie theater movie theatre movie house picture palace
331	0	42889920855	soap dispenser refrigerator icebox toaster can opener tin opener dishwasher dish washer dishwashing machine washer automatic washer washing machine toilet seat microwave microwave oven Crock Pot stove
332	0	35266296484	bee yellow lady's slipper yellow lady-slipper Cypripedium calceolus Cypripedium parviflorum sulphur butterfly sulfur butterfly vase buckeye horse chestnut conker ringlet ringlet butterfly monarch monarch butterfly milkweed butterfly Danaus plexippus hip rose hip rosehip weevil pot flowerpot
333	0	33622921595	seashore coast seacoast sea-coast picket fence paling sandbar sand bar hook claw swing beacon lighthouse beacon light pharos torch sundial Indian elephant Elephas maximus bannister banister balustrade balusters handrail
334	1	25984622864	volcano book jacket dust cover dust jacket dust wrapper alp mountain tent container ship containership container vessel valley vale jersey T-shirt tee shirt lakeside lakeshore web site website internet site site brass memorial tablet plaque
335	0	33225983871	jigsaw puzzle toyshop ocarina sweet potato comic book web site website internet site site envelope confectionery confectionary candy store vending machine clog geta patten sabot rubber eraser rubber pencil eraser
336	0	29140663585	rapeseed web site website internet site site scoreboard television television system broom digital clock golf ball book jacket dust cover dust jacket dust wrapper screen CRT screen brass memorial tablet plaque
337	0	27405635422	conch military uniform alp stone wall breakwater groin groyne mole bulwark seawall jetty lakeside lakeshore rifle coral reef bighorn bighorn sheep cimarron Rocky Mountain bighorn Rocky Mountain sheep Ovis canadensis valley vale
338	0	22837009377	handkerchief hankie hanky hankey conch packet Band Aid prayer rug prayer mat crossword puzzle crossword butcher shop meat market plastic bag rule ruler harmonica mouth organ harp mouth harp
339	1	22292625866	altar vault theater curtain theatre curtain vestment confectionery confectionary candy store palace monastery throne restaurant eating house eating place eatery bakery bakeshop bakehouse
340	1	24335312310	analog clock digital clock stopwatch stop watch book jacket dust cover dust jacket dust wrapper wall clock web site website internet site site street sign comic book crossword puzzle crossword hair spray
341	0	9047120889	prison prison house barbershop cradle crib cot stretcher crutch restaurant eating house eating place eatery library abacus parallel bars bars
342	0	47477565991	starfish sea star swimming trunks bathing trunks bathing cap swimming cap pajama pyjama pj's jammies sarong tub vat fountain jigsaw puzzle snorkel bikini two-piece
343	0	37206565456	mask shield buckler chain mail ring mail mail chain armor chain armour ring armor ring armour breastplate aegis egis cuirass buckle pickelhaube microphone mike chain military uniform
344	0	5804929580	lycaenid lycaenid butterfly ringlet ringlet butterfly lacewing lacewing fly cicada cicala leafhopper isopod sulphur butterfly sulfur butterfly grasshopper hopper cricket horned viper cerastes sand viper horned asp Cerastes cornutus
345	0	36828134633	jackfruit jak jack common iguana iguana Iguana iguana green mamba ear spike capitulum corn green snake grass snake green lizard Lacerta viridis African chameleon Chamaeleo chamaeleon American chameleon anole Anolis carolinensis brain coral
346	1	31362803212	gown bath towel maillot bikini two-piece sarong pajama pyjama pj's jammies maillot tank suit overskirt brassiere bra bandeau hoopskirt crinoline
347	1	31391382271	maillot bikini two-piece maillot tank suit miniskirt mini brassiere bra bandeau gown tub vat bathtub bathing tub bath tub wig pajama pyjama pj's jammies
348	0	47347015772	suit suit of clothes sax saxophone cornet horn trumpet trump Windsor tie bassoon microphone mike drumstick accordion piano accordion squeeze box bow tie bow-tie bowtie notebook notebook computer
349	0	47201027762	reel lakeside lakeshore lab coat laboratory coat Dungeness crab Cancer magister coho cohoe coho salmon blue jack silver salmon Oncorhynchus kisutch conch gar garfish garpike billfish Lepisosteus osseus sandbar sand bar barracouta snoek rock crab Cancer irroratus
350	0	42398919812	dome seashore coast seacoast sea-coast mosque lakeside lakeshore tile roof balloon promontory headland head foreland valley vale wing parachute chute
351	0	40970555915	pedestal plinth footstall trench coat military uniform lab coat laboratory coat brass memorial tablet plaque obelisk pickelhaube apiary bee house cuirass cloak
352	0	27361965226	stethoscope marimba xylophone accordion piano accordion squeeze box sombrero gong tam-tam school bus minibus vestment steel drum panpipe pandean pipe syrinx
353	0	50681757511	promontory headland head foreland cliff drop drop-off seashore coast seacoast sea-coast ibex Capra ibex radio telescope radio reflector valley vale hay bighorn bighorn sheep cimarron Rocky Mountain bighorn Rocky Mountain sheep Ovis canadensis beacon lighthouse beacon light pharos megalith megalithic structure
354	0	38498295836	brassiere bra bandeau hair spray lab coat laboratory coat stole bow tie bow-tie bowtie abaya loupe jeweler's loupe sunglasses dark glasses shades menu lipstick lip rouge
355	0	26232663129	dome mosque planetarium umbrella carousel carrousel merry-go-round roundabout whirligig water tower fountain flagpole flagstaff airship dirigible yurt
356	0	16179827890	swing lumbermill sawmill worm fence snake fence snake-rail fence Virginia fence crane bannister banister balustrade balusters handrail thatch thatched roof greenhouse nursery glasshouse suspension bridge chime bell gong boathouse
357	0	30199058636	restaurant eating house eating place eatery yurt altar slot one-armed bandit television television system vault punching bag punch bag punching ball punchball lumbermill sawmill barbershop monitor
358	0	30304344765	apiary bee house altar washbasin handbasin washbowl lavabo wash-hand basin honeycomb birdhouse plate rack bakery bakeshop bakehouse medicine chest medicine cabinet stove tray
359	0	28649235551	violin fiddle suit suit of clothes bassoon cello violoncello quill quill pen oboe hautboy hautbois drumstick flute transverse flute grand piano grand groom bridegroom
360	0	21468828681	mask feather boa boa cloak fur coat shield buckler bow panpipe pandean pipe syrinx buckeye horse chestnut conker totem pole bonnet poke bonnet
361	0	36501326390	hip rose hip rosehip balloon picket fence paling hummingbird greenhouse nursery glasshouse pomegranate maraca birdhouse maypole pinwheel
362	0	42289668785	rubber eraser rubber pencil eraser pill bottle confectionery confectionary candy store packet bottlecap ping-pong ball pick plectrum plectron carton face powder grocery store grocery food market market
363	1	39043996484	gasmask respirator gas helmet oxygen mask mask revolver six-gun six-shooter ski mask microphone mike reflex camera knee pad assault rifle assault gun lab coat laboratory coat
364	0	48553225937	suit suit of clothes groom bridegroom Windsor tie bow tie bow-tie bowtie Loafer academic gown academic robe judge's robe mortarboard notebook notebook computer trench coat oboe hautboy hautbois
365	1	49389809923	sunglasses dark glasses shades sunglass wig seat belt seatbelt ice lolly lolly lollipop popsicle necklace stole mortarboard cowboy hat ten-gallon hat sombrero
366	0	50430590231	handkerchief hankie hanky hankey book jacket dust cover dust jacket dust wrapper pillow jigsaw puzzle fire screen fireguard shower curtain envelope paper towel tray comic book
367	0	50422867606	barrow garden cart lawn cart wheelbarrow stretcher lumbermill sawmill horse cart horse-cart boathouse lifeboat canoe tile roof yawl greenhouse nursery glasshouse
368	0	50258760413	boathouse lakeside lakeshore church church building beacon lighthouse beacon light pharos greenhouse nursery glasshouse castle patio terrace dock dockage docking facility bell cote bell cot barn
369	0	50210430012	suspension bridge steel arch bridge pier lakeside lakeshore viaduct valley vale castle dam dike dyke analog clock boathouse
370	0	50139800202	leatherback turtle leatherback leathery turtle Dermochelys coriacea starfish sea star coral reef jellyfish scuba diver fountain electric ray crampfish numbfish torpedo stage lionfish bubble
371	0	51118889927	snowplow snowplough geyser bison alp volcano mountain tent freight car ski mask barn cliff drop drop-off
372	0	51055708528	terrapin stone wall marmot mud turtle weasel rock crab Cancer irroratus megalith megalithic structure ptarmigan common iguana iguana Iguana iguana brassiere bra bandeau
373	0	50917857938	comic book cinema movie theater movie theatre movie house picture palace tobacco shop tobacconist shop tobacconist book jacket dust cover dust jacket dust wrapper slot one-armed bandit bookshop bookstore bookstall toyshop barbershop freight car restaurant eating house eating place eatery
374	0	50839190556	beacon lighthouse beacon light pharos pole water tower breakwater groin groyne mole bulwark seawall jetty chainlink fence pedestal plinth footstall wing crane solar dish solar collector solar furnace traffic light traffic signal stoplight
375	0	50678363463	monastery castle triumphal arch bell cote bell cot church church building vault palace mosque obelisk brass memorial tablet plaque
376	0	49848904873	vault monastery palace church church building altar organ pipe organ library dome triumphal arch bell cote bell cot
377	0	49848193028	church church building monastery palace vault triumphal arch bell cote bell cot dome library cinema movie theater movie theatre movie house picture palace castle
378	0	49760843761	tray book jacket dust cover dust jacket dust wrapper jigsaw puzzle pillow handkerchief hankie hanky hankey maze labyrinth comic book envelope Petri dish binder ring-binder
379	0	49655917207	jigsaw puzzle maze labyrinth chainlink fence shopping cart comic book puck hockey puck envelope prayer rug prayer mat rubber eraser rubber pencil eraser manhole cover
380	0	49620390941	palace prison prison house triumphal arch monastery obelisk gondola castle flagpole flagstaff library bearskin busby shako
381	0	49831352742	fig walking stick walkingstick stick insect acorn bald eagle American eagle Haliaeetus leucocephalus worm fence snake fence snake-rail fence Virginia fence lemon hip rose hip rosehip buckeye horse chestnut conker birdhouse custard apple
382	0	49245588603	sliding door vault window screen prison prison house monastery window shade barn lumbermill sawmill radiator altar
383	0	48840423598	mobile home manufactured home sliding door barbershop restaurant eating house eating place eatery tobacco shop tobacconist shop tobacconist cinema movie theater movie theatre movie house picture palace jinrikisha ricksha rickshaw prison prison house streetcar tram tramcar trolley trolley car window screen
384	0	48723842557	barn boathouse lumbermill sawmill church church building worm fence snake fence snake-rail fence Virginia fence picket fence paling tile roof mobile home manufactured home sliding door window screen
385	0	48654640183	seashore coast seacoast sea-coast promontory headland head foreland liner ocean liner breakwater groin groyne mole bulwark seawall jetty pirate pirate ship cliff drop drop-off beacon lighthouse beacon light pharos wreck drilling platform offshore rig container ship containership container vessel
386	0	46756094782	accordion piano accordion squeeze box vestment throne slot one-armed bandit rocking chair rocker harp vacuum vacuum cleaner drum membranophone tympan bassoon saltshaker salt shaker
387	0	46808643911	tile roof patio terrace vault dome monastery mosque palace pot flowerpot pedestal plinth footstall rain barrel
388	0	39729768833	fountain nail switch electric switch electrical switch chain ant emmet pismire geyser hook claw broom chainlink fence shovel
389	0	46694611721	fiddler crab whiptail whiptail lizard conch ant emmet pismire hognose snake puff adder sand viper dung beetle sandbar sand bar sidewinder horned rattlesnake Crotalus cerastes horned viper cerastes sand viper horned asp Cerastes cornutus leatherback turtle leatherback leathery turtle Dermochelys coriacea
390	0	43175406362	grille radiator grille pickup pickup truck convertible Model T beach wagon station wagon wagon estate car beach waggon station waggon waggon passenger car coach carriage tow truck tow car wrecker car wheel cab hack taxi taxicab steam locomotive
391	0	43841829041	castle monastery vault cliff dwelling prison prison house palace bell cote bell cot triumphal arch mosque church church building
392	0	40911376430	convertible beach wagon station wagon wagon estate car beach waggon station waggon waggon car wheel limousine limo grille radiator grille pickup pickup truck sports car sport car cab hack taxi taxicab racer race car racing car amphibian amphibious vehicle
393	0	38975118951	mailbox letter box doormat welcome mat tile roof bookshop bookstore bookstall prison prison house cash machine cash dispenser automated teller machine automatic teller machine automated teller automatic teller ATM turnstile barbershop barn sliding door
394	0	38219514854	tile roof patio terrace dome marimba xylophone cinema movie theater movie theatre movie house picture palace solar dish solar collector solar furnace restaurant eating house eating place eatery bell cote bell cot flagpole flagstaff palace
395	0	26679602789	palace lakeside lakeshore castle gondola boathouse viaduct triumphal arch dam dike dyke dock dockage docking facility monastery
396	0	37118180351	tile roof monastery boathouse freight car fireboat lakeside lakeshore dome patio terrace fire engine fire truck electric locomotive
397	0	27156811079	prison prison house patio terrace streetcar tram tramcar trolley trolley car cinema movie theater movie theatre movie house picture palace bannister banister balustrade balusters handrail ashcan trash can garbage can wastebin ash bin ash-bin ashbin dustbin trash barrel trash bin jinrikisha ricksha rickshaw library traffic light traffic signal stoplight moving van
398	0	33501212421	rapeseed worm fence snake fence snake-rail fence Virginia fence pole barn alp radio telescope radio reflector yurt volcano lakeside lakeshore beacon lighthouse beacon light pharos
399	0	31691774252	steam locomotive submarine pigboat sub U-boat pickelhaube cornet horn trumpet trump coral reef military uniform trombone rifle picket fence paling accordion piano accordion squeeze box
400	0	30261046665	drilling platform offshore rig lumbermill sawmill crane dock dockage docking facility tobacco shop tobacconist shop tobacconist tricycle trike velocipede pole carousel carrousel merry-go-round roundabout whirligig rifle maypole
401	0	33160118765	vault lumbermill sawmill triumphal arch viaduct altar castle church church building monastery barrel cask megalith megalithic structure
402	0	26672478111	French horn horn projector cornet horn trumpet trump gas pump gasoline pump petrol pump island dispenser electric fan blower buckle sewing machine coil spiral volute whorl helix scale weighing machine magnetic compass
403	0	26466033210	plane carpenter's plane woodworking plane barrow garden cart lawn cart wheelbarrow trombone French horn horn thresher thrasher threshing machine dishwasher dish washer dishwashing machine wok plow plough safety pin sewing machine
404	0	26402696120	tobacco shop tobacconist shop tobacconist bookshop bookstore bookstall toyshop bakery bakeshop bakehouse cash machine cash dispenser automated teller machine automatic teller machine automated teller automatic teller ATM library vending machine confectionery confectionary candy store gas pump gasoline pump petrol pump island dispenser refrigerator icebox
405	0	24545181285	umbrella banana carousel carrousel merry-go-round roundabout whirligig shoe shop shoe-shop shoe store restaurant eating house eating place eatery airship dirigible ashcan trash can garbage can wastebin ash bin ash-bin ashbin dustbin trash barrel trash bin hamper tobacco shop tobacconist shop tobacconist toyshop
406	0	24179576060	accordion piano accordion squeeze box fur coat harmonica mouth organ harp mouth harp sax saxophone military uniform cowboy hat ten-gallon hat pickelhaube microphone mike violin fiddle trench coat
407	0	26132826074	combination lock padlock buckle acoustic guitar abacus banjo tobacco shop tobacconist shop tobacconist organ pipe organ French horn horn cornet horn trumpet trump
408	0	24854745500	rifle assault rifle assault gun military uniform revolver six-gun six-shooter prison prison house barbershop cowboy hat ten-gallon hat plane carpenter's plane woodworking plane stretcher cowboy boot
409	0	24583302419	kimono wig overskirt gown flute transverse flute sarong harp bakery bakeshop bakehouse theater curtain theatre curtain hoopskirt crinoline
410	0	24252579644	dock dockage docking facility lifeboat fireboat liner ocean liner speedboat pirate pirate ship container ship containership container vessel schooner boathouse amphibian amphibious vehicle
411	0	22441855316	lumbermill sawmill worm fence snake fence snake-rail fence Virginia fence patio terrace thresher thrasher threshing machine horse cart horse-cart stone wall triumphal arch thatch thatched roof flagpole flagstaff barn
412	0	18620192772	streetcar tram tramcar trolley trolley car trolleybus trolley coach trackless trolley passenger car coach carriage electric locomotive school bus freight car minibus cinema movie theater movie theatre movie house picture palace steam locomotive cab hack taxi taxicab
413	1	15347553226	bicycle-built-for-two tandem bicycle tandem tricycle trike velocipede jinrikisha ricksha rickshaw stretcher horse cart horse-cart sleeping bag milk can Model T thresher thrasher threshing machine moped
414	0	15511787012	traffic light traffic signal stoplight bell cote bell cot chime bell gong bearskin busby shako spotlight spot street sign triumphal arch dome thimble planetarium
415	0	14649228106	sports car sport car racer race car racing car grille radiator grille convertible minivan car wheel beach wagon station wagon wagon estate car beach waggon station waggon waggon crash helmet cab hack taxi taxicab red wine
416	0	50956154752	lumbermill sawmill tractor thresher thrasher threshing machine barrel cask half track cannon electric fan blower lawn mower mower tank army tank armored combat vehicle armoured combat vehicle milk can
417	0	49894328062	lumbermill sawmill lycaenid lycaenid butterfly ringlet ringlet butterfly nail wooden spoon chain saw chainsaw dragonfly darning needle devil's darning needle sewing needle snake feeder snake doctor mosquito hawk skeeter hawk bolete sulphur butterfly sulfur butterfly mushroom
418	0	48651702718	book jacket dust cover dust jacket dust wrapper comic book crossword puzzle crossword loupe jeweler's loupe brass memorial tablet plaque web site website internet site site gong tam-tam guillotine cornet horn trumpet trump lighter light igniter ignitor
419	0	48534614081	comic book toilet seat brass memorial tablet plaque book jacket dust cover dust jacket dust wrapper hard disc hard disk fixed disk menu slide rule slipstick manhole cover scale weighing machine loupe jeweler's loupe
420	0	49997867437	worm fence snake fence snake-rail fence Virginia fence picket fence paling shopping cart lakeside lakeshore park bench chainlink fence crutch valley vale maze labyrinth turnstile
421	0	48536115706	horse cart horse-cart oxcart thresher thrasher threshing machine plow plough jinrikisha ricksha rickshaw ox Model T barrow garden cart lawn cart wheelbarrow tractor barrel cask
422	0	48277588241	menu crossword puzzle crossword web site website internet site site binder ring-binder book jacket dust cover dust jacket dust wrapper envelope brass memorial tablet plaque quill quill pen slide rule slipstick loupe jeweler's loupe
423	0	48261306677	crane container ship containership container vessel forklift drilling platform offshore rig tow truck tow car wrecker dock dockage docking facility aircraft carrier carrier flattop attack aircraft carrier pier fireboat wing
424	0	47985060603	palace obelisk triumphal arch castle bell cote bell cot monastery gondola streetcar tram tramcar trolley trolley car cab hack taxi taxicab library
425	0	44532427535	brass memorial tablet plaque sundial safe birdhouse tray cleaver meat cleaver chopper pedestal plinth footstall bolete crate solar dish solar collector solar furnace
426	0	34931349934	envelope fountain pen rubber eraser rubber pencil eraser menu paper towel quill quill pen ballpoint ballpoint pen ballpen Biro binder ring-binder book jacket dust cover dust jacket dust wrapper letter opener paper knife paperknife
427	0	28246744067	military uniform rifle ballplayer baseball player panpipe pandean pipe syrinx cowboy hat ten-gallon hat assault rifle assault gun pickelhaube bearskin busby shako accordion piano accordion squeeze box sax saxophone
428	0	40716296105	pole passenger car coach carriage electric locomotive crane steam locomotive lumbermill sawmill freight car dock dockage docking facility bullet train bullet pier
429	0	33716042725	horizontal bar high bar scoreboard safety pin shopping cart traffic light traffic signal stoplight pool table billiard table snooker table mousetrap television television system ballplayer baseball player spotlight spot
430	1	31702317446	cloak sweatshirt abaya stole sunglasses dark glasses shades sleeping bag sunglass fur coat trench coat ski mask
431	0	34250182935	streetcar tram tramcar trolley trolley car traffic light traffic signal stoplight gondola trolleybus trolley coach trackless trolley parking meter street sign ashcan trash can garbage can wastebin ash bin ash-bin ashbin dustbin trash barrel trash bin unicycle monocycle cinema movie theater movie theatre movie house picture palace prison prison house
432	0	33913557121	sarong bathing cap swimming cap umbrella jersey T-shirt tee shirt sombrero sleeping bag poncho sweatshirt shower cap bonnet poke bonnet
433	0	33423756545	convertible sports car sport car racer race car racing car grille radiator grille car wheel pickup pickup truck beach wagon station wagon wagon estate car beach waggon station waggon waggon amphibian amphibious vehicle passenger car coach carriage limousine limo
434	0	31301522974	cliff drop drop-off alp dam dike dyke valley vale monastery viaduct castle promontory headland head foreland prison prison house cliff dwelling
435	0	27629093726	dishwasher dish washer dishwashing machine oil filter Model T tractor radiator car wheel disk brake disc brake electric fan blower half track steam locomotive
436	0	29713447491	pier suspension bridge steel arch bridge lakeside lakeshore viaduct beacon lighthouse beacon light pharos castle container ship containership container vessel crane boathouse
437	0	28986729862	doormat welcome mat mailbox letter box brass memorial tablet plaque safe thatch thatched roof barometer cash machine cash dispenser automated teller machine automatic teller machine automated teller automatic teller ATM wall clock pay-phone pay-station prison prison house
438	0	28986725082	vault thatch thatched roof greenhouse nursery glasshouse dome lumbermill sawmill tile roof barn triumphal arch bell cote bell cot umbrella
439	0	27009026503	flagpole flagstaff parachute chute pole bow tie bow-tie bowtie swimming trunks bathing trunks balloon umbrella pillow handkerchief hankie hanky hankey pinwheel
440	0	16425410043	gondola palace lakeside lakeshore paddlewheel paddle wheel boathouse dock dockage docking facility pier pirate pirate ship fireboat castle
441	1	16600310959	assault rifle assault gun military uniform rifle chain saw chainsaw bulletproof vest stretcher projectile missile gasmask respirator gas helmet half track hatchet
442	0	15114346880	vault barrel cask milk can mortar patio terrace caldron cauldron altar stupa tope broom tub vat
443	0	7365354944	obelisk airship dirigible cab hack taxi taxicab liner ocean liner aircraft carrier carrier flattop attack aircraft carrier mosque airliner breakwater groin groyne mole bulwark seawall jetty dock dockage docking facility pier
444	0	6759782515	shovel jean blue jean denim ski breastplate aegis egis umbrella miniskirt mini cowboy hat ten-gallon hat stage military uniform assault rifle assault gun
445	0	8022656131	chest crate carton file file cabinet filing cabinet cassette mailbag postbag wallet billfold notecase pocketbook switch electric switch electrical switch apiary bee house honeycomb
446	0	6916247106	greenhouse nursery glasshouse lumbermill sawmill missile thatch thatched roof bullet train bullet projectile missile warplane military plane toucan submarine pigboat sub U-boat vault
447	0	31787185887	dome vault church church building palace monastery triumphal arch altar gong tam-tam mosque organ pipe organ
448	0	32322708707	medicine chest medicine cabinet wine bottle beer bottle pill bottle grocery store grocery food market market red wine refrigerator icebox pop bottle soda bottle syringe corkscrew bottle screw
449	0	49959626682	ashcan trash can garbage can wastebin ash bin ash-bin ashbin dustbin trash barrel trash bin vending machine crate mailbox letter box totem pole mask gas pump gasoline pump petrol pump island dispenser street sign tobacco shop tobacconist shop tobacconist comic book
450	1	35706998084	pill bottle pencil sharpener matchstick Band Aid paintbrush water bottle mousetrap bottlecap hatchet bucket pail
451	0	32547226621	clog geta patten sabot pencil sharpener thimble golf ball toilet tissue toilet paper bathroom tissue paper towel buckle wooden spoon rubber eraser rubber pencil eraser wine bottle
452	1	50264829283	brassiere bra bandeau bubble chain mail ring mail mail chain armor chain armour ring armor ring armour breastplate aegis egis wig sunglasses dark glasses shades bikini two-piece perfume essence gown maillot
453	1	50251071047	maillot maillot tank suit wig brassiere bra bandeau miniskirt mini comic book hair spray book jacket dust cover dust jacket dust wrapper bikini two-piece gown
454	0	43166397360	sunglasses dark glasses shades sunglass wig drumstick umbrella carousel carrousel merry-go-round roundabout whirligig bikini two-piece sombrero bow shower curtain
455	0	35371853444	kimono sarong vestment drum membranophone tympan groom bridegroom prayer rug prayer mat apron stethoscope water bottle candle taper wax light
456	0	35585691281	hair spray revolver six-gun six-shooter cellular telephone cellular phone cellphone cell mobile phone perfume essence hand blower blow dryer blow drier hair dryer hair drier lipstick lip rouge microphone mike hammer syringe power drill
457	1	36566877716	sunscreen sunblock sun blocker assault rifle assault gun mountain bike all-terrain bike off-roader binoculars field glasses opera glasses rifle crash helmet backpack back pack knapsack packsack rucksack haversack cliff drop drop-off unicycle monocycle swimming trunks bathing trunks
458	0	31540749992	fur coat cup shower curtain eggnog pajama pyjama pj's jammies kimono candle taper wax light shoe shop shoe-shop shoe store brassiere bra bandeau bikini two-piece
459	0	32883010970	bikini two-piece hair spray kimono French horn horn perfume essence umbrella cellular telephone cellular phone cellphone cell mobile phone sweatshirt flute transverse flute fur coat
460	1	22092641364	wig hair spray microphone mike mask brassiere bra bandeau syringe hand blower blow dryer blow drier hair dryer hair drier lipstick lip rouge red wine perfume essence
461	0	18006181261	stage microphone mike harmonica mouth organ harp mouth harp sunglass whistle binoculars field glasses opera glasses sunglasses dark glasses shades cornet horn trumpet trump flute transverse flute sax saxophone
462	0	49143442963	warplane military plane parachute chute projectile missile military uniform wing ambulance stretcher amphibian amphibious vehicle aircraft carrier carrier flattop attack aircraft carrier airliner
463	1	51004943950	brassiere bra bandeau sunglasses dark glasses shades sunglass gasmask respirator gas helmet mask fur coat hair spray bow tie bow-tie bowtie umbrella oxygen mask
464	0	42489386520	hoopskirt crinoline hair spray gown groom bridegroom overskirt kimono plastic bag syringe academic gown academic robe judge's robe oxygen mask
465	0	40549550224	warplane military plane military uniform shield buckler projectile missile cannon assault rifle assault gun bulletproof vest tank army tank armored combat vehicle armoured combat vehicle half track missile
466	1	39183593171	gown maillot overskirt maillot tank suit hoopskirt crinoline brassiere bra bandeau miniskirt mini bikini two-piece sarong hair spray
467	0	39673549730	seat belt seatbelt stethoscope hair spray oxygen mask gas pump gasoline pump petrol pump island dispenser hand blower blow dryer blow drier hair dryer hair drier cash machine cash dispenser automated teller machine automatic teller machine automated teller automatic teller ATM limousine limo breastplate aegis egis minivan
468	0	35483161205	military uniform trench coat projectile missile warplane military plane ballplayer baseball player half track cowboy hat ten-gallon hat rifle sunglass scoreboard
469	1	33799573381	flute transverse flute oboe hautboy hautbois panpipe pandean pipe syrinx cornet horn trumpet trump whistle sax saxophone potter's wheel harmonica mouth organ harp mouth harp Indian cobra Naja naja ocarina sweet potato
470	1	33888216846	kimono pajama pyjama pj's jammies Band Aid bubble hair slide ice lolly lolly lollipop popsicle cardigan brassiere bra bandeau hair spray sweatshirt
471	1	33310296571	bikini two-piece miniskirt mini maillot hair spray chain brassiere bra bandeau perfume essence maillot tank suit fur coat chain mail ring mail mail chain armor chain armour ring armor ring armour
472	0	30164297830	wig cloak sweatshirt fur coat hair spray sunglass miniskirt mini mask trench coat velvet
473	1	49054223911	matchstick syringe spotlight spot nematode nematode worm roundworm lampshade lamp shade digital clock analog clock bubble wall clock pill bottle
474	0	49053671843	comic book altar wall clock book jacket dust cover dust jacket dust wrapper shield buckler tray theater curtain theatre curtain vault analog clock church church building
475	0	46719586765	tub vat bathtub bathing tub bath tub radiator oil filter tank army tank armored combat vehicle armoured combat vehicle yurt amphibian amphibious vehicle barracouta snoek toilet seat water bottle
476	0	34380209341	pajama pyjama pj's jammies miniskirt mini maraca bikini two-piece maillot soccer ball maillot tank suit whistle teddy teddy bear crash helmet
477	0	33347345375	bell cote bell cot traffic light traffic signal stoplight analog clock snowplow snowplough church church building wall clock jeep landrover spotlight spot television television system magnetic compass
478	0	22276276238	cleaver meat cleaver chopper hair spray shield buckler accordion piano accordion squeeze box chain mail ring mail mail chain armor chain armour ring armor ring armour plunger plumber's helper rifle breastplate aegis egis military uniform assault rifle assault gun
479	0	14406533013	prison prison house spotlight spot bannister banister balustrade balusters handrail vault sliding door radiator church church building lampshade lamp shade passenger car coach carriage electric fan blower
480	1	29019921307	swimming trunks bathing trunks sarong thatch thatched roof volcano hoopskirt crinoline sunscreen sunblock sun blocker sunglass cliff drop drop-off hatchet megalith megalithic structure
481	1	28785914514	cowboy boot clog geta patten sabot mask maillot conch sock maillot tank suit Band Aid shoe shop shoe-shop shoe store jean blue jean denim
482	0	20225742405	drumstick drum membranophone tympan steel drum stage microphone mike cornet horn trumpet trump trombone violin fiddle unicycle monocycle banjo
483	1	40795084473	maillot bikini two-piece brassiere bra bandeau maillot tank suit jean blue jean denim pajama pyjama pj's jammies velvet tub vat gown miniskirt mini
484	1	27594467560	dumbbell remote control remote lipstick lip rouge pick plectrum plectron lens cap lens cover pill bottle cellular telephone cellular phone cellphone cell mobile phone stethoscope tripod iPod
485	1	27983592882	hair spray wig perfume essence lipstick lip rouge miniskirt mini syringe cellular telephone cellular phone cellphone cell mobile phone maillot microphone mike jersey T-shirt tee shirt
486	0	19152683249	sock clog geta patten sabot wool woolen woollen jean blue jean denim cardigan stole maillot suit suit of clothes miniskirt mini Loafer
487	1	18629846584	pajama pyjama pj's jammies sock clog geta patten sabot sandal knee pad Loafer jean blue jean denim running shoe shoe shop shoe-shop shoe store wardrobe closet press
488	1	50755588156	swimming trunks bathing trunks miniskirt mini sock Band Aid dumbbell brassiere bra bandeau sandal barbell volleyball pole
489	1	50382408266	tank army tank armored combat vehicle armoured combat vehicle half track snowplow snowplough amphibian amphibious vehicle cannon tractor military uniform harvester reaper lumbermill sawmill tow truck tow car wrecker
490	1	38504757935	torch perfume essence lampshade lamp shade jellyfish sax saxophone microphone mike table lamp butcher shop meat market horizontal bar high bar spotlight spot
491	0	31746040307	dumbbell barbell abacus shoe shop shoe-shop shoe store joystick punching bag punch bag punching ball punchball croquet ball plunger plumber's helper chain brassiere bra bandeau
492	0	21834543029	abaya cloak hair spray sweatshirt fur coat mask bubble sunglass umbrella ski mask
493	0	28180070674	unicycle monocycle hair spray tricycle trike velocipede bannister banister balustrade balusters handrail window screen bucket pail umbrella punching bag punch bag punching ball punchball fountain swimming trunks bathing trunks
494	1	49858298031	balloon maillot punching bag punch bag punching ball punchball bathing cap swimming cap rule ruler oxygen mask snorkel mask scuba diver parachute chute
495	1	33864247498	wig maillot maillot tank suit brassiere bra bandeau miniskirt mini bikini two-piece hair spray velvet pole seat belt seatbelt
496	0	50002436286	book jacket dust cover dust jacket dust wrapper volcano mountain bike all-terrain bike off-roader cliff drop drop-off web site website internet site site geyser Arabian camel dromedary Camelus dromedarius poncho alp street sign
497	1	40380378193	butternut squash gyromitra butcher shop meat market punching bag punch bag punching ball punchball swimming trunks bathing trunks stinkhorn carrion fungus mushroom cleaver meat cleaver chopper coral fungus slug
498	1	47646842682	brassiere bra bandeau maillot dumbbell miniskirt mini volleyball maillot tank suit pole bikini two-piece knee pad swimming trunks bathing trunks
499	0	46972113114	bathing cap swimming cap face powder brassiere bra bandeau sunscreen sunblock sun blocker hair spray shower cap maillot cellular telephone cellular phone cellphone cell mobile phone sunglasses dark glasses shades dumbbell
500	0	40210884560	bubble sunglass sunglasses dark glasses shades ice lolly lolly lollipop popsicle cellular telephone cellular phone cellphone cell mobile phone Band Aid sweatshirt drumstick jean blue jean denim lens cap lens cover
501	1	50710967613	brassiere bra bandeau maillot bikini two-piece miniskirt mini maillot tank suit knee pad balance beam beam dumbbell wig feather boa boa
502	0	32344659441	indigo bunting indigo finch indigo bird Passerina cyanea bee eater jacamar lorikeet macaw jay hummingbird coucal European gallinule Porphyrio porphyrio house finch linnet Carpodacus mexicanus
503	1	22567466373	tick tarantula barn spider Araneus cavaticus wool woolen woollen teddy teddy bear hair slide bonnet poke bonnet black widow Latrodectus mactans wig mask
504	0	35057839696	lionfish isopod gar garfish garpike billfish Lepisosteus osseus coho cohoe coho salmon blue jack silver salmon Oncorhynchus kisutch sea urchin jellyfish sturgeon crayfish crawfish crawdad crawdaddy paintbrush fountain
505	0	51074810623	magpie robin American robin Turdus migratorius bulbul jay hornbill toucan junco snowbird coucal water ouzel dipper worm fence snake fence snake-rail fence Virginia fence
506	0	47929886491	coucal quail robin American robin Turdus migratorius ruffed grouse partridge Bonasa umbellus jay magpie bulbul black grouse kite water ouzel dipper
507	0	34477757640	sunglass sunglasses dark glasses shades loupe jeweler's loupe ski mask mask jack-o'-lantern shower cap buckle toilet seat coil spiral volute whorl helix
508	0	8131694027	bee honeycomb fly apiary bee house long-horned beetle longicorn longicorn beetle tarantula barn spider Araneus cavaticus wolf spider hunting spider garden spider Aranea diademata cardoon
509	0	7693182858	long-horned beetle longicorn longicorn beetle weevil mask barn spider Araneus cavaticus space shuttle fountain hourglass bolo tie bolo bola tie bola pelican necklace
510	0	19229891254	jigsaw puzzle comic book shower curtain prayer rug prayer mat apron handkerchief hankie hanky hankey quilt comforter comfort puff swimming trunks bathing trunks freight car bib
511	0	8092378840	bee fly honeycomb tarantula dragonfly darning needle devil's darning needle sewing needle snake feeder snake doctor mosquito hawk skeeter hawk cardoon ant emmet pismire garden spider Aranea diademata barn spider Araneus cavaticus daisy
512	0	8194125082	fly bee leafhopper great grey owl great gray owl Strix nebulosa tarantula tabby tabby cat ant emmet pismire cicada cicala zebra window screen
513	0	7558203956	dragonfly darning needle devil's darning needle sewing needle snake feeder snake doctor mosquito hawk skeeter hawk fly ground beetle carabid beetle dung beetle long-horned beetle longicorn longicorn beetle bee tiger beetle damselfly ant emmet pismire mask
514	1	49177076143	desk desktop computer monitor mouse computer mouse radio wireless screen CRT screen computer keyboard keypad swab swob mop modem iPod
515	0	23759443370	alp valley vale cliff drop drop-off promontory headland head foreland lakeside lakeshore volcano seashore coast seacoast sea-coast mountain tent ibex Capra ibex mountain bike all-terrain bike off-roader
516	0	23724409710	volcano geyser lakeside lakeshore alp valley vale seashore coast seacoast sea-coast radio telescope radio reflector beacon lighthouse beacon light pharos mountain tent flagpole flagstaff
517	1	23759611862	miniskirt mini cowboy hat ten-gallon hat handkerchief hankie hanky hankey sarong swimming trunks bathing trunks shower cap bath towel shower curtain clog geta patten sabot potter's wheel
518	1	51024111158	crayfish crawfish crawdad crawdaddy American lobster Northern lobster Maine lobster Homarus americanus cucumber cuke Dungeness crab Cancer magister swimming trunks bathing trunks spiny lobster langouste rock lobster crawfish crayfish sea crawfish gar garfish garpike billfish Lepisosteus osseus ear spike capitulum sunscreen sunblock sun blocker sea cucumber holothurian
519	1	50590269467	miniskirt mini maillot folding chair brassiere bra bandeau crutch maillot tank suit sandal rocking chair rocker pole sock
520	1	50046870268	swimming trunks bathing trunks tub vat hippopotamus hippo river horse Hippopotamus amphibius bathing cap swimming cap bikini two-piece Indian elephant Elephas maximus sandbar sand bar paddle boat paddle tench Tinca tinca snorkel
521	1	49816360332	swimming trunks bathing trunks bikini two-piece sunscreen sunblock sun blocker sarong maillot bathing cap swimming cap diaper nappy napkin cowboy hat ten-gallon hat sunglass volleyball
522	1	48428267652	brassiere bra bandeau miniskirt mini maillot bikini two-piece sandal maillot tank suit pole knee pad wig sarong
523	1	48428260437	dumbbell swimming trunks bathing trunks tub vat shower cap bathtub bathing tub bath tub bikini two-piece diaper nappy napkin barbell bath towel power drill
524	1	48428241577	bikini two-piece brassiere bra bandeau maillot maillot tank suit sarong dumbbell bathing cap swimming cap swimming trunks bathing trunks perfume essence shower cap
525	1	50521647861	barbershop computer keyboard keypad scale weighing machine dial telephone dial phone printer mouse computer mouse cellular telephone cellular phone cellphone cell mobile phone remote control remote cash machine cash dispenser automated teller machine automatic teller machine automated teller automatic teller ATM typewriter keyboard
526	1	42881492954	Band Aid syringe tub vat bathtub bathing tub bath tub sock punching bag punch bag punching ball punchball spotlight spot digital watch microphone mike sandal
527	1	42716064614	miniskirt mini swimming trunks bathing trunks butternut squash sock bathtub bathing tub bath tub clog geta patten sabot tub vat maillot wardrobe closet press pencil box pencil case
528	1	43274410102	swimming trunks bathing trunks maillot maillot tank suit bathing cap swimming cap brassiere bra bandeau dumbbell diaper nappy napkin bikini two-piece bathtub bathing tub bath tub sarong
529	1	26330781725	umbrella barn spider Araneus cavaticus spider web spider's web dragonfly darning needle devil's darning needle sewing needle snake feeder snake doctor mosquito hawk skeeter hawk ant emmet pismire black widow Latrodectus mactans parachute chute red wine fly radio telescope radio reflector
530	1	47206562942	dining table board beer bottle wine bottle beer glass china cabinet china closet shoe shop shoe-shop shoe store table lamp violin fiddle restaurant eating house eating place eatery miniskirt mini
531	1	49452663127	pole swab swob mop paddle boat paddle ski broom paintbrush crutch electric guitar violin fiddle croquet ball
532	1	49364614528	bikini two-piece maillot brassiere bra bandeau maillot tank suit diaper nappy napkin sarong bathing cap swimming cap sunscreen sunblock sun blocker cowboy hat ten-gallon hat shower cap
533	1	46303202324	bikini two-piece brassiere bra bandeau maillot maillot tank suit sarong volleyball miniskirt mini sunscreen sunblock sun blocker pole sunglass
534	1	49235257452	maillot maillot tank suit bikini two-piece seashore coast seacoast sea-coast sunscreen sunblock sun blocker sunglass sarong sandbar sand bar snorkel cowboy boot
535	1	40536853383	maillot tank suit maillot bathing cap swimming cap snorkel sunscreen sunblock sun blocker bikini two-piece sandbar sand bar swimming trunks bathing trunks sarong ice lolly lolly lollipop popsicle
536	1	48723865916	seat belt seatbelt ice lolly lolly lollipop popsicle bonnet poke bonnet lipstick lip rouge mortarboard lens cap lens cover Band Aid bubble hair slide cowboy hat ten-gallon hat
537	0	38626210122	stage microphone mike harmonica mouth organ harp mouth harp electric guitar panpipe pandean pipe syrinx drumstick accordion piano accordion squeeze box jean blue jean denim sax saxophone harp
538	0	26553692204	backpack back pack knapsack packsack rucksack haversack diaper nappy napkin purse bonnet poke bonnet apron shower cap toilet seat bassinet bib bottlecap
539	0	22708604903	zebra llama gazelle tiger Panthera tigris jaguar panther Panthera onca Felis onca ox impala Aepyceros melampus hatchet hammer macaw
540	1	49040118511	hog pig grunter squealer Sus scrofa chiton coat-of-mail shell sea cradle polyplacophore isopod platypus duckbill duckbilled platypus duck-billed platypus Ornithorhynchus anatinus hippopotamus hippo river horse Hippopotamus amphibius rotisserie butcher shop meat market cleaver meat cleaver chopper earthstar ice cream icecream
541	0	29950366751	Chihuahua dingo warrigal warragal Canis dingo kelpie dhole Cuon alpinus red fox Vulpes vulpes German shepherd German shepherd dog German police dog alsatian red wolf maned wolf Canis rufus Canis niger American Staffordshire terrier Staffordshire terrier American pit bull terrier pit bull terrier Staffordshire bullterrier Staffordshire bull terrier web site website internet site site
542	1	49726347462	miniskirt mini apron cowboy boot clog geta patten sabot overskirt poncho stole velvet fur coat doormat welcome mat
543	1	49960296276	cowboy hat ten-gallon hat gasmask respirator gas helmet plunger plumber's helper mask cuirass flute transverse flute hoopskirt crinoline overskirt shield buckler military uniform
544	0	51205592180	laptop laptop computer notebook notebook computer crossword puzzle crossword computer keyboard keypad cellular telephone cellular phone cellphone cell mobile phone hand-held computer hand-held microcomputer rule ruler mouse computer mouse iPod modem
545	0	50914099198	cab hack taxi taxicab maze labyrinth pencil box pencil case wallet billfold notecase pocketbook laptop laptop computer rule ruler hand-held computer hand-held microcomputer prayer rug prayer mat street sign mosque
546	0	50867753461	window screen strainer digital clock shower curtain ashcan trash can garbage can wastebin ash bin ash-bin ashbin dustbin trash barrel trash bin screen CRT screen hamper microwave microwave oven scoreboard shopping basket
547	0	48988577721	rule ruler pencil box pencil case wallet billfold notecase pocketbook pencil sharpener rubber eraser rubber pencil eraser slide rule slipstick accordion piano accordion squeeze box purse harmonica mouth organ harp mouth harp envelope
548	0	46764481872	cassette loupe jeweler's loupe lighter light igniter ignitor pencil sharpener rubber eraser rubber pencil eraser mousetrap cassette player carpenter's kit tool kit wallet billfold notecase pocketbook rule ruler
549	0	42757912392	book jacket dust cover dust jacket dust wrapper paintbrush shower curtain fountain umbrella microphone mike thimble ant emmet pismire swab swob mop sax saxophone
550	0	42481762952	doormat welcome mat street sign binder ring-binder laptop laptop computer brass memorial tablet plaque manhole cover loudspeaker speaker speaker unit loudspeaker system speaker system ashcan trash can garbage can wastebin ash bin ash-bin ashbin dustbin trash barrel trash bin modem hard disc hard disk fixed disk
551	0	33028875292	jigsaw puzzle prayer rug prayer mat tray envelope book jacket dust cover dust jacket dust wrapper quilt comforter comfort puff binder ring-binder window screen window shade handkerchief hankie hanky hankey
552	1	32214414401	brass memorial tablet plaque menu measuring cup beaker dishwasher dish washer dishwashing machine tray binder ring-binder harmonica mouth organ harp mouth harp caldron cauldron beer glass
553	0	24592369751	window shade window screen book jacket dust cover dust jacket dust wrapper analog clock bookcase wall clock traffic light traffic signal stoplight library bookshop bookstore bookstall flagpole flagstaff
554	0	24426696725	buckle switch electric switch electrical switch mousetrap wallet billfold notecase pocketbook lighter light igniter ignitor shovel shield buckler packet holster manhole cover
555	0	23216475155	tray hard disc hard disk fixed disk switch electric switch electrical switch scale weighing machine street sign dial telephone dial phone lighter light igniter ignitor iPod bottlecap folding chair
556	0	32941322558	screen CRT screen monitor television television system desktop computer computer keyboard keypad analog clock refrigerator icebox mouse computer mouse dial telephone dial phone pay-phone pay-station
557	0	46021792514	warplane military plane aircraft carrier carrier flattop attack aircraft carrier wing airliner missile projectile missile space shuttle trimaran tank army tank armored combat vehicle armoured combat vehicle parachute chute
558	1	14964111740	brassiere bra bandeau bikini two-piece maillot hair spray maillot tank suit gown perfume essence miniskirt mini dumbbell necklace
559	1	50680450017	seat belt seatbelt wig pick plectrum plectron bolo tie bolo bola tie bola mortarboard suit suit of clothes Band Aid cowboy hat ten-gallon hat stethoscope lab coat laboratory coat
560	1	49309408667	swimming trunks bathing trunks bathing cap swimming cap gar garfish garpike billfish Lepisosteus osseus sarong tench Tinca tinca barracouta snoek sunscreen sunblock sun blocker bikini two-piece shower cap stingray
561	1	50892521992	bathing cap swimming cap swimming trunks bathing trunks tub vat sunscreen sunblock sun blocker shower cap bathtub bathing tub bath tub plunger plumber's helper stingray cowboy hat ten-gallon hat bikini two-piece
562	1	28406417529	dumbbell punching bag punch bag punching ball punchball cowboy hat ten-gallon hat barbershop iron smoothing iron hand blower blow dryer blow drier hair dryer hair drier cleaver meat cleaver chopper crutch water bottle hammer
563	1	9970181596	water buffalo water ox Asiatic buffalo Bubalus bubalis ox fountain triceratops breastplate aegis egis oxcart piggy bank penny bank Indian elephant Elephas maximus pedestal plinth footstall tusker
564	1	48163063556	horizontal bar high bar swing maypole bow stole sock cowboy boot parallel bars bars croquet ball poncho
565	1	48163136482	feather boa boa wig bearskin busby shako miniskirt mini mask maillot unicycle monocycle sunglasses dark glasses shades macaw crash helmet
566	0	24445160773	maillot tank suit maillot balance beam beam bikini two-piece sarong barbell sombrero dumbbell bathing cap swimming cap parallel bars bars
567	1	27809835925	lab coat laboratory coat pretzel knot stethoscope hook claw chain pill bottle beaker dough plastic bag
568	0	20586941922	seat belt seatbelt laptop laptop computer tape player spatula joystick cassette player electric guitar notebook notebook computer CD player power drill
569	1	50906124727	cocktail shaker beaker gown goblet oxygen mask red wine perfume essence syringe hoopskirt crinoline bow
570	1	51168506319	hand blower blow dryer blow drier hair dryer hair drier power drill microphone mike stethoscope dumbbell cocktail shaker spotlight spot cardigan gasmask respirator gas helmet hammer
571	1	51138471410	web site website internet site site miniskirt mini hair spray comic book brassiere bra bandeau neck brace dumbbell jean blue jean denim maillot muzzle
572	1	51121577019	hoopskirt crinoline miniskirt mini overskirt neck brace bearskin busby shako sandal cuirass brassiere bra bandeau breastplate aegis egis crash helmet
573	1	50976382291	maillot miniskirt mini wig bikini two-piece maillot tank suit bow tie bow-tie bowtie seat belt seatbelt hoopskirt crinoline brassiere bra bandeau backpack back pack knapsack packsack rucksack haversack
574	1	50565551803	maillot maillot tank suit swimming trunks bathing trunks bikini two-piece miniskirt mini sunscreen sunblock sun blocker bathing cap swimming cap sarong volleyball snorkel
575	0	49739901187	miniskirt mini cowboy boot maillot balance beam beam apron maillot tank suit velvet jersey T-shirt tee shirt cowboy hat ten-gallon hat jean blue jean denim
576	1	48681018358	miniskirt mini jersey T-shirt tee shirt sunglasses dark glasses shades jean blue jean denim sweatshirt cellular telephone cellular phone cellphone cell mobile phone Loafer sunglass crutch clog geta patten sabot
577	1	50687529118	miniskirt mini cowboy boot maillot tank suit maillot cowboy hat ten-gallon hat jersey T-shirt tee shirt apron sarong cairn cairn terrier racket racquet
578	1	49855621017	miniskirt mini swimming trunks bathing trunks sunglasses dark glasses shades sarong sunscreen sunblock sun blocker cowboy hat ten-gallon hat cowboy boot jean blue jean denim running shoe sunglass
579	1	49674133071	pajama pyjama pj's jammies balance beam beam cowboy hat ten-gallon hat maillot velvet croquet ball swimming trunks bathing trunks apron miniskirt mini shower cap
580	1	34389291411	maillot maillot tank suit velvet pajama pyjama pj's jammies miniskirt mini cowboy boot sock shower curtain jean blue jean denim feather boa boa
581	1	31790701794	miniskirt mini cardigan overskirt velvet hoopskirt crinoline stole cowboy boot fur coat suit suit of clothes maillot
582	1	49799780782	sunglasses dark glasses shades sunglass maillot maillot tank suit sunscreen sunblock sun blocker cardigan stole bikini two-piece ice lolly lolly lollipop popsicle sarong
583	1	51223354441	suit suit of clothes military uniform groom bridegroom trench coat Loafer jean blue jean denim prison prison house bannister banister balustrade balusters handrail Windsor tie kimono
584	1	51222462727	suit suit of clothes miniskirt mini Loafer trench coat fur coat sweatshirt bow tie bow-tie bowtie jean blue jean denim Windsor tie cowboy boot
585	1	51222307818	suit suit of clothes Loafer miniskirt mini Windsor tie jean blue jean denim crutch rocking chair rocker trench coat sock groom bridegroom
586	1	51220605644	suit suit of clothes Loafer rocking chair rocker Windsor tie bow tie bow-tie bowtie miniskirt mini groom bridegroom crib cot jean blue jean denim trench coat
587	1	51216691422	suit suit of clothes Windsor tie Loafer abaya trench coat academic gown academic robe judge's robe sweatshirt mortarboard miniskirt mini velvet
588	1	51217342135	rocking chair rocker suit suit of clothes crib cot dining table board folding chair Windsor tie notebook notebook computer cradle prison prison house library
589	1	51215406592	suit suit of clothes bow tie bow-tie bowtie miniskirt mini Windsor tie Loafer groom bridegroom jean blue jean denim neck brace gasmask respirator gas helmet rocking chair rocker
590	1	51215636004	suit suit of clothes miniskirt mini Loafer Windsor tie maillot jean blue jean denim trench coat barbell balance beam beam sweatshirt
591	1	51215879160	suit suit of clothes dumbbell military uniform barbell Loafer Windsor tie crutch groom bridegroom crib cot punching bag punch bag punching ball punchball
592	1	51214545194	miniskirt mini rocking chair rocker suit suit of clothes abaya crutch cloak dumbbell sweatshirt barbell crib cot
593	1	51212534172	miniskirt mini suit suit of clothes trench coat Loafer fur coat Windsor tie jean blue jean denim lab coat laboratory coat sweatshirt stole
594	1	51208220389	suit suit of clothes miniskirt mini trench coat lab coat laboratory coat Loafer sweatshirt apron Windsor tie cowboy boot bolo tie bolo bola tie bola
595	1	51206237447	suit suit of clothes Loafer miniskirt mini maillot Windsor tie jean blue jean denim sock sweatshirt wardrobe closet press bow tie bow-tie bowtie
596	1	51207503350	suit suit of clothes dining table board wardrobe closet press rocking chair rocker entertainment center turnstile bannister banister balustrade balusters handrail throne crutch bookcase
597	1	51207023269	suit suit of clothes Loafer miniskirt mini Windsor tie bow tie bow-tie bowtie dumbbell trench coat sock jean blue jean denim crutch
598	1	51213903100	miniskirt mini overskirt backpack back pack knapsack packsack rucksack haversack suit suit of clothes poncho velvet trench coat cuirass hoopskirt crinoline maillot
599	1	51207272588	suit suit of clothes dumbbell Loafer Windsor tie barbell bow tie bow-tie bowtie rocking chair rocker jean blue jean denim sock crutch
600	1	51206628381	miniskirt mini suit suit of clothes fur coat trench coat Loafer sweatshirt cowboy boot bow tie bow-tie bowtie jean blue jean denim sock
601	1	51200767944	suit suit of clothes Loafer miniskirt mini trench coat jean blue jean denim sock Windsor tie cowboy boot clog geta patten sabot cardigan
602	1	51196469259	suit suit of clothes Loafer sock Windsor tie crutch knee pad rocking chair rocker jean blue jean denim trench coat entertainment center
603	1	51195491191	barbell dumbbell punching bag punch bag punching ball punchball crib cot suit suit of clothes bookcase rocking chair rocker paper towel bow tie bow-tie bowtie plate rack
604	1	51196234590	suit suit of clothes miniskirt mini Loafer trench coat fur coat velvet cowboy boot cardigan cloak Windsor tie
605	1	51194409877	suit suit of clothes miniskirt mini Loafer jean blue jean denim wig maillot Windsor tie gasmask respirator gas helmet velvet dumbbell
606	1	51194357287	cloak abaya miniskirt mini stole overskirt velvet maillot fur coat shower cap hoopskirt crinoline
607	1	51195240393	miniskirt mini backpack back pack knapsack packsack rucksack haversack suit suit of clothes sweatshirt maillot hoopskirt crinoline jean blue jean denim trench coat wardrobe closet press bearskin busby shako
608	1	51194229332	miniskirt mini suit suit of clothes Loafer fur coat jean blue jean denim trench coat velvet hoopskirt crinoline maillot bow tie bow-tie bowtie
609	1	51196082177	suit suit of clothes miniskirt mini Loafer Windsor tie trench coat bow tie bow-tie bowtie military uniform jean blue jean denim crutch sock
610	1	51194411986	dumbbell suit suit of clothes miniskirt mini barbell rocking chair rocker jean blue jean denim Loafer crutch dining table board power drill
611	1	51190479497	suit suit of clothes miniskirt mini wardrobe closet press bookcase Windsor tie china cabinet china closet jean blue jean denim entertainment center rocking chair rocker dining table board
612	1	51188588842	suit suit of clothes groom bridegroom Windsor tie bow tie bow-tie bowtie Loafer rocking chair rocker miniskirt mini crib cot bookcase notebook notebook computer
613	1	51186652629	suit suit of clothes miniskirt mini Loafer trench coat Windsor tie fur coat bow tie bow-tie bowtie jean blue jean denim velvet cowboy boot
614	1	51185591566	vacuum vacuum cleaner crutch bannister banister balustrade balusters handrail swab swob mop rocking chair rocker miniskirt mini parallel bars bars hoopskirt crinoline shovel crib cot
615	1	51184872268	miniskirt mini suit suit of clothes bow tie bow-tie bowtie Loafer Windsor tie maillot jean blue jean denim cardigan trench coat sweatshirt
616	0	51182461253	tobacco shop tobacconist shop tobacconist restaurant eating house eating place eatery cinema movie theater movie theatre movie house picture palace bookshop bookstore bookstall library passenger car coach carriage bakery bakeshop bakehouse streetcar tram tramcar trolley trolley car shoe shop shoe-shop shoe store crutch
617	1	51179245048	suit suit of clothes miniskirt mini Loafer trench coat fur coat cowboy boot bow tie bow-tie bowtie jean blue jean denim stole velvet
618	1	51180089300	miniskirt mini Loafer suit suit of clothes jean blue jean denim maillot rocking chair rocker sock stole maillot tank suit sandal
619	1	51176939116	suit suit of clothes trench coat Loafer Windsor tie miniskirt mini wool woolen woollen bearskin busby shako fur coat bow tie bow-tie bowtie sweatshirt
620	1	51176333891	suit suit of clothes jean blue jean denim miniskirt mini bow tie bow-tie bowtie trench coat Loafer clog geta patten sabot sweatshirt fur coat cowboy boot
621	1	51185086631	bow tie bow-tie bowtie suit suit of clothes dumbbell barbell Loafer wardrobe closet press punching bag punch bag punching ball punchball bookcase miniskirt mini rocking chair rocker
622	1	51185473279	miniskirt mini dumbbell barbell suit suit of clothes maillot maillot tank suit Loafer rocking chair rocker crutch bathing cap swimming cap
623	1	51183780498	suit suit of clothes Loafer miniskirt mini military uniform trench coat bow tie bow-tie bowtie rocking chair rocker groom bridegroom Windsor tie jean blue jean denim
624	1	51177087920	dumbbell bulletproof vest punching bag punch bag punching ball punchball barbell backpack back pack knapsack packsack rucksack haversack suit suit of clothes rocking chair rocker military uniform printer photocopier
625	0	51177423067	miniskirt mini trench coat sweatshirt Loafer suit suit of clothes clog geta patten sabot wool woolen woollen sock cardigan fur coat
626	1	51177007094	bow tie bow-tie bowtie suit suit of clothes dumbbell barbell Windsor tie brassiere bra bandeau wardrobe closet press knee pad harmonica mouth organ harp mouth harp lab coat laboratory coat
627	1	51170029656	suit suit of clothes miniskirt mini crutch Loafer hoopskirt crinoline Windsor tie jean blue jean denim bow tie bow-tie bowtie croquet ball cardigan
628	1	51163365620	suit suit of clothes Loafer miniskirt mini Windsor tie trench coat cardigan fur coat bow tie bow-tie bowtie jean blue jean denim wool woolen woollen
629	1	51161356477	suit suit of clothes Loafer military uniform miniskirt mini rocking chair rocker jean blue jean denim trench coat crutch throne swing
630	1	51153099656	suit suit of clothes Loafer Windsor tie miniskirt mini trench coat wool woolen woollen bow tie bow-tie bowtie sock fur coat cardigan
631	1	51153494264	suit suit of clothes Loafer Windsor tie trench coat jean blue jean denim miniskirt mini crutch cardigan bow tie bow-tie bowtie cowboy boot
632	1	51163653318	miniskirt mini suit suit of clothes Loafer jean blue jean denim trench coat cardigan wool woolen woollen sock sweatshirt wardrobe closet press
633	1	51163514275	suit suit of clothes Windsor tie notebook notebook computer mortarboard Loafer academic gown academic robe judge's robe toilet tissue toilet paper bathroom tissue carton projector printer
634	0	51160084130	bow tie bow-tie bowtie wig suit suit of clothes neck brace oboe hautboy hautbois lab coat laboratory coat bassoon Windsor tie stethoscope stole
635	0	51148525337	stole poncho miniskirt mini cardigan cloak sweatshirt alp jean blue jean denim velvet sunglasses dark glasses shades
636	1	51146869213	bulletproof vest barbell suit suit of clothes dumbbell miniskirt mini plunger plumber's helper syringe crutch crate neck brace
637	0	51215736072	suit suit of clothes miniskirt mini bow tie bow-tie bowtie Loafer trench coat lab coat laboratory coat stole fur coat Windsor tie cowboy boot
638	1	51215677107	miniskirt mini maillot stole jean blue jean denim balance beam beam suit suit of clothes sweatshirt poncho dumbbell maillot tank suit
639	1	51221850897	suit suit of clothes Loafer jean blue jean denim groom bridegroom sock bow tie bow-tie bowtie Windsor tie rocking chair rocker pajama pyjama pj's jammies crutch
640	1	50524769572	maillot bikini two-piece maillot tank suit brassiere bra bandeau miniskirt mini dumbbell barbell sunglass bathing cap swimming cap wig
641	1	48995722006	maillot tank suit maillot miniskirt mini bathing cap swimming cap comic book throne swimming trunks bathing trunks bikini two-piece cowboy boot sunglass
642	0	50087854597	cinema movie theater movie theatre movie house picture palace restaurant eating house eating place eatery barbershop bakery bakeshop bakehouse tobacco shop tobacconist shop tobacconist grocery store grocery food market market bookshop bookstore bookstall confectionery confectionary candy store toyshop shoe shop shoe-shop shoe store
643	0	30056408357	slot one-armed bandit comic book restaurant eating house eating place eatery television television system jigsaw puzzle cinema movie theater movie theatre movie house picture palace panpipe pandean pipe syrinx vending machine table lamp web site website internet site site
644	0	37646644900	spotlight spot volcano stage torch jack-o'-lantern sax saxophone maraca microphone mike electric guitar cornet horn trumpet trump
645	1	34544328160	bow tie bow-tie bowtie suit suit of clothes Loafer Windsor tie academic gown academic robe judge's robe jean blue jean denim groom bridegroom bassoon gown oboe hautboy hautbois
646	0	31965694125	medicine chest medicine cabinet beer bottle refrigerator icebox tobacco shop tobacconist shop tobacconist wine bottle pop bottle soda bottle hamper cocktail shaker red wine corkscrew bottle screw
647	0	30182168074	promontory headland head foreland cliff drop drop-off seashore coast seacoast sea-coast volcano wreck sandbar sand bar beacon lighthouse beacon light pharos valley vale geyser lakeside lakeshore
648	0	24611022723	acorn meat loaf meatloaf broccoli custard apple plate bakery bakeshop bakehouse chocolate sauce chocolate syrup bagel beigel head cabbage spatula
649	1	36541896415	sunglass sunglasses dark glasses shades bathing cap swimming cap bikini two-piece cowboy hat ten-gallon hat maillot tank suit maillot brassiere bra bandeau necklace gown
650	0	17194120850	screwdriver paintbrush stethoscope rubber eraser rubber pencil eraser syringe safety pin hammer letter opener paper knife paperknife loupe jeweler's loupe can opener tin opener
651	0	45306021232	cloak abaya stole poncho paper towel vestment sweatshirt handkerchief hankie hanky hankey shower curtain fur coat
652	0	47949914907	miniskirt mini jean blue jean denim crutch jersey T-shirt tee shirt cowboy boot running shoe sunglass shoe shop shoe-shop shoe store Loafer stage
653	1	43902369731	bathing cap swimming cap shower cap cowboy hat ten-gallon hat jersey T-shirt tee shirt sombrero toilet seat swimming trunks bathing trunks sweatshirt mask maillot
654	0	38912104285	mask caldron cauldron isopod pitcher ewer fountain nematode nematode worm roundworm lampshade lamp shade cup jack-o'-lantern goblet
655	1	36496165006	bikini two-piece maillot sarong maillot tank suit brassiere bra bandeau chain mail ring mail mail chain armor chain armour ring armor ring armour sunscreen sunblock sun blocker sunglass sunglasses dark glasses shades swimming trunks bathing trunks
656	0	33027138964	microphone mike drumstick maraca stage bow tie bow-tie bowtie harmonica mouth organ harp mouth harp torch cornet horn trumpet trump cowboy hat ten-gallon hat dumbbell
657	1	31046521675	stopwatch stop watch analog clock web site website internet site site bib hook claw digital clock tennis ball envelope drum membranophone tympan pill bottle
658	0	31945610492	lakeside lakeshore alp valley vale dam dike dyke ski bobsled bobsleigh bob dogsled dog sled dog sleigh snowmobile suspension bridge snowplow snowplough
659	1	51185797336	maillot maillot tank suit sock brassiere bra bandeau velvet miniskirt mini bikini two-piece gasmask respirator gas helmet sweatshirt backpack back pack knapsack packsack rucksack haversack
660	0	20096460520	drumstick loudspeaker speaker speaker unit loudspeaker system speaker system stage plunger plumber's helper tape player radio wireless microphone mike electric guitar cassette player Polaroid camera Polaroid Land camera
661	0	32214599440	comic book jigsaw puzzle sunglasses dark glasses shades sunglass crash helmet toyshop alp jinrikisha ricksha rickshaw motor scooter scooter ski
662	1	21417297719	swimming trunks bathing trunks diaper nappy napkin sunscreen sunblock sun blocker bikini two-piece sarong bathing cap swimming cap maillot bathtub bathing tub bath tub bath towel tub vat
663	1	31511222608	bikini two-piece maillot sarong pajama pyjama pj's jammies maillot tank suit maraca wig necklace sombrero gong tam-tam
664	1	48932940127	miniskirt mini maillot cuirass maillot tank suit breastplate aegis egis hoopskirt crinoline brassiere bra bandeau swimming trunks bathing trunks sarong overskirt
665	1	48012452266	hand blower blow dryer blow drier hair dryer hair drier book jacket dust cover dust jacket dust wrapper microphone mike hair spray barbershop lipstick lip rouge harmonica mouth organ harp mouth harp binoculars field glasses opera glasses military uniform paintbrush
666	1	30691349746	book jacket dust cover dust jacket dust wrapper comic book wall clock envelope bonnet poke bonnet teddy teddy bear lampshade lamp shade mask Christmas stocking rubber eraser rubber pencil eraser
667	1	31525050605	safety pin mask comic book stethoscope bikini two-piece necklace jigsaw puzzle shoe shop shoe-shop shoe store neck brace padlock
668	1	50816041278	fur coat cowboy hat ten-gallon hat cloak megalith megalithic structure shovel trench coat ski mask rifle binoculars field glasses opera glasses suit suit of clothes
669	1	49949047892	cowboy hat ten-gallon hat sunglasses dark glasses shades sunglass bathing cap swimming cap sunscreen sunblock sun blocker swimming trunks bathing trunks plunger plumber's helper stage drumstick dumbbell
670	1	18379700143	sarong gown bathing cap swimming cap shower cap conch hair spray bikini two-piece maillot hoopskirt crinoline feather boa boa
671	0	50006170651	theater curtain theatre curtain fire screen fireguard breastplate aegis egis spotlight spot cuirass lampshade lamp shade shower curtain window shade sax saxophone vault
672	0	32730722334	baseball conch artichoke globe artichoke chiton coat-of-mail shell sea cradle polyplacophore chambered nautilus pearly nautilus nautilus ear spike capitulum partridge acorn Dungeness crab Cancer magister coil spiral volute whorl helix
673	1	50354675396	swimming trunks bathing trunks bikini two-piece starfish sea star snorkel comic book maillot tank suit bathing cap swimming cap sunscreen sunblock sun blocker maillot teddy teddy bear
674	0	40473610133	cuirass breastplate aegis egis shield buckler comic book mask chain mail ring mail mail chain armor chain armour ring armor ring armour pickelhaube scabbard throne book jacket dust cover dust jacket dust wrapper
675	0	24227930095	lotion pill bottle sunscreen sunblock sun blocker lipstick lip rouge packet face powder corn pick plectrum plectron Band Aid eggnog
676	1	50429894888	book jacket dust cover dust jacket dust wrapper envelope handkerchief hankie hanky hankey comic book nematode nematode worm roundworm rubber eraser rubber pencil eraser jigsaw puzzle vase paintbrush thimble
677	1	50430763032	envelope rubber eraser rubber pencil eraser book jacket dust cover dust jacket dust wrapper fountain pen nematode nematode worm roundworm jigsaw puzzle quill quill pen paintbrush binder ring-binder paper towel
678	0	45383999144	wig hair spray restaurant eating house eating place eatery maraca plate tobacco shop tobacconist shop tobacconist bookshop bookstore bookstall feather boa boa cocktail shaker comic book
679	1	39444806610	bikini two-piece crutch maillot maillot tank suit swab swob mop sarong paddle boat paddle bucket pail apron marimba xylophone
680	0	39329947945	bannister banister balustrade balusters handrail bathtub bathing tub bath tub mosquito net tub vat rule ruler carton shower curtain envelope binder ring-binder shoji
681	0	23619514389	joystick slot one-armed bandit maze labyrinth stethoscope jigsaw puzzle bubble pinwheel balloon confectionery confectionary candy store wall clock
682	0	20464604510	electric guitar acoustic guitar banjo pick plectrum plectron stage drumstick harmonica mouth organ harp mouth harp microphone mike accordion piano accordion squeeze box sax saxophone
683	0	20625704296	spatula pick plectrum plectron acoustic guitar microphone mike stage drumstick jersey T-shirt tee shirt syringe frying pan frypan skillet maraca
684	0	19065176403	electric guitar stage microphone mike banjo acoustic guitar sax saxophone drumstick marimba xylophone accordion piano accordion squeeze box maraca
685	0	19657862166	maraca wig bolo tie bolo bola tie bola miniskirt mini stage mask buckle marimba xylophone hair spray drumstick
686	1	48887362451	miniskirt mini fur coat dumbbell stole feather boa boa barbell wig cellular telephone cellular phone cellphone cell mobile phone sunglasses dark glasses shades vacuum vacuum cleaner
687	0	50239250457	refrigerator icebox apron dishwasher dish washer dishwashing machine stove microwave microwave oven spatula washer automatic washer washing machine miniskirt mini cleaver meat cleaver chopper frying pan frypan skillet
688	1	49881333996	stole miniskirt mini swimming trunks bathing trunks fur coat sarong brassiere bra bandeau bow tie bow-tie bowtie suit suit of clothes maillot cardigan
689	1	41285453491	miniskirt mini cowboy boot hoopskirt crinoline neck brace overskirt Loafer clog geta patten sabot trench coat cowboy hat ten-gallon hat gasmask respirator gas helmet
690	1	50937818873	jean blue jean denim brassiere bra bandeau sock wool woolen woollen cloak sweatshirt bath towel ski mask bow tie bow-tie bowtie mask
691	1	50053872288	miniskirt mini scale weighing machine face powder bathtub bathing tub bath tub hoopskirt crinoline stethoscope plunger plumber's helper bathing cap swimming cap shower cap tub vat
692	1	50014415133	maillot bikini two-piece maillot tank suit miniskirt mini brassiere bra bandeau pajama pyjama pj's jammies gown sarong bath towel tub vat
693	1	49888214437	cowboy hat ten-gallon hat swimming trunks bathing trunks cowboy boot bikini two-piece diaper nappy napkin maillot tank suit sunscreen sunblock sun blocker hay maillot sombrero
694	1	49788840961	maillot tank suit maillot bikini two-piece bathing cap swimming cap miniskirt mini cuirass breastplate aegis egis swimming trunks bathing trunks snorkel brassiere bra bandeau
695	1	49401874428	sandal knee pad volleyball cowboy hat ten-gallon hat pole scabbard baseball diaper nappy napkin bikini two-piece maillot
696	1	49391854581	cowboy hat ten-gallon hat maillot tank suit diaper nappy napkin bathing cap swimming cap swimming trunks bathing trunks bikini two-piece crate cowboy boot maillot hoopskirt crinoline
697	1	49391379283	swimming trunks bathing trunks bikini two-piece diaper nappy napkin bathing cap swimming cap maillot maillot tank suit brassiere bra bandeau snorkel cowboy hat ten-gallon hat sunscreen sunblock sun blocker
698	1	49267596817	miniskirt mini bikini two-piece maillot brassiere bra bandeau maillot tank suit lotion sunscreen sunblock sun blocker Band Aid face powder diaper nappy napkin
699	1	49253562541	brassiere bra bandeau confectionery confectionary candy store diaper nappy napkin swimming trunks bathing trunks plunger plumber's helper toyshop bikini two-piece comic book butcher shop meat market maillot
700	1	50938395121	strainer punching bag punch bag punching ball punchball basketball honeycomb hamper armadillo crash helmet wok electric fan blower croquet ball
701	1	49887141013	bikini two-piece cowboy hat ten-gallon hat maillot tank suit maillot hay swimming trunks bathing trunks cowboy boot miniskirt mini sunscreen sunblock sun blocker gasmask respirator gas helmet
702	1	49427313387	bikini two-piece swimming trunks bathing trunks bathing cap swimming cap maillot tank suit maillot brassiere bra bandeau snorkel dumbbell barbell pole
703	1	49382752703	bathing cap swimming cap balance beam beam miniskirt mini punching bag punch bag punching ball punchball swimming trunks bathing trunks book jacket dust cover dust jacket dust wrapper racket racquet gasmask respirator gas helmet dumbbell maillot
704	1	49383192966	miniskirt mini maillot mosquito net maillot tank suit racket racquet theater curtain theatre curtain brassiere bra bandeau swimming trunks bathing trunks stage pole
705	1	49253088848	swimming trunks bathing trunks scale weighing machine diaper nappy napkin bathtub bathing tub bath tub maillot bathing cap swimming cap bikini two-piece brassiere bra bandeau bath towel dumbbell
706	1	43103754354	diaper nappy napkin bonnet poke bonnet miniskirt mini bassinet brassiere bra bandeau knee pad neck brace pillow sleeping bag maillot
707	0	36955230200	lumbermill sawmill African crocodile Nile crocodile Crocodylus niloticus mountain bike all-terrain bike off-roader chain saw chainsaw rock python rock snake Python sebae cliff dwelling whiptail whiptail lizard sturgeon tank army tank armored combat vehicle armoured combat vehicle gar garfish garpike billfish Lepisosteus osseus
708	0	28723418778	binder ring-binder park bench ear spike capitulum American chameleon anole Anolis carolinensis corn pineapple ananas green lizard Lacerta viridis tile roof worm fence snake fence snake-rail fence Virginia fence handkerchief hankie hanky hankey
709	0	33264410893	geyser volcano steam locomotive projectile missile missile beacon lighthouse beacon light pharos breakwater groin groyne mole bulwark seawall jetty cannon cliff drop drop-off caldron cauldron
710	1	50792310463	sandal Band Aid bikini two-piece miniskirt mini maillot bathing cap swimming cap pole swimming trunks bathing trunks brassiere bra bandeau butternut squash
711	0	49454193498	lotion sunscreen sunblock sun blocker face powder hair spray medicine chest medicine cabinet perfume essence lipstick lip rouge pill bottle hamper soap dispenser
712	0	49589378573	head cabbage ocarina sweet potato artichoke globe artichoke shield buckler mask cauliflower vase teapot pitcher ewer pickelhaube
713	1	9596181418	lipstick lip rouge bathing cap swimming cap sunglass sunglasses dark glasses shades seat belt seatbelt ice lolly lolly lollipop popsicle necklace lighter light igniter ignitor perfume essence mortarboard
714	0	9740991095	bubble Christmas stocking feather boa boa theater curtain theatre curtain grand piano grand brassiere bra bandeau violin fiddle cornet horn trumpet trump china cabinet china closet knee pad
715	1	9526089958	mosquito net laptop laptop computer cockroach roach wing jack-o'-lantern quilt comforter comfort puff theater curtain theatre curtain torch lighter light igniter ignitor candle taper wax light
716	1	4661621916	window shade window screen digital clock accordion piano accordion squeeze box bannister banister balustrade balusters handrail picket fence paling television television system dumbbell analog clock lampshade lamp shade
717	1	50423788011	maillot maillot tank suit miniskirt mini balance beam beam gown cowboy boot brassiere bra bandeau stage jean blue jean denim horizontal bar high bar
718	1	41942617861	bikini two-piece pole maillot tank suit maillot sarong brassiere bra bandeau dumbbell perfume essence gown hair spray
719	1	33768086463	maillot maillot tank suit miniskirt mini brassiere bra bandeau bikini two-piece gown wig sarong jean blue jean denim hoopskirt crinoline
720	1	51179000294	cowboy hat ten-gallon hat brassiere bra bandeau hand blower blow dryer blow drier hair dryer hair drier bonnet poke bonnet strainer lampshade lamp shade hair spray sombrero bikini two-piece ladle
721	0	50719961162	birdhouse bell cote bell cot dome loudspeaker speaker speaker unit loudspeaker system speaker system cannon traffic light traffic signal stoplight missile chime bell gong projectile missile space shuttle
722	0	50702625157	triceratops hippopotamus hippo river horse Hippopotamus amphibius Mexican hairless Indian elephant Elephas maximus warthog gorilla Gorilla gorilla chimpanzee chimp Pan troglodytes tusker water buffalo water ox Asiatic buffalo Bubalus bubalis African elephant Loxodonta africana
723	0	50619335532	apiary bee house honeycomb bee ear spike capitulum cockroach roach ant emmet pismire corn hen-of-the-woods hen of the woods Polyporus frondosus Grifola frondosa poncho shower curtain
724	1	51008763677	sunglasses dark glasses shades sunglass Band Aid sunscreen sunblock sun blocker whistle hair slide ice lolly lolly lollipop popsicle cellular telephone cellular phone cellphone cell mobile phone bubble harmonica mouth organ harp mouth harp
725	1	49734198531	paintbrush dumbbell barbell broom power drill hammer hatchet swimming trunks bathing trunks miniskirt mini vacuum vacuum cleaner
726	0	45812476172	stage theater curtain theatre curtain cinema movie theater movie theatre movie house picture palace suit suit of clothes planetarium wig miniskirt mini grand piano grand jean blue jean denim accordion piano accordion squeeze box
727	0	45606949562	slot one-armed bandit web site website internet site site screen CRT screen monitor television television system hand-held computer hand-held microcomputer cash machine cash dispenser automated teller machine automatic teller machine automated teller automatic teller ATM vending machine gas pump gasoline pump petrol pump island dispenser scoreboard
728	0	42923725030	Italian greyhound miniature pinscher toy terrier gazelle whippet Doberman Doberman pinscher Mexican hairless Chihuahua impala Aepyceros melampus Egyptian cat
729	0	42831066782	wig face powder perfume essence gown hair spray abaya bikini two-piece lipstick lip rouge sunscreen sunblock sun blocker brassiere bra bandeau
730	1	39635196784	bikini two-piece maillot maillot tank suit brassiere bra bandeau miniskirt mini sunscreen sunblock sun blocker swimming trunks bathing trunks dumbbell sunglass sarong
731	1	36441948645	nail punching bag punch bag punching ball punchball Band Aid mask coffeepot screwdriver syringe shovel lipstick lip rouge microphone mike
732	1	35552192262	bathing cap swimming cap ice lolly lolly lollipop popsicle cowboy hat ten-gallon hat bib Band Aid sunglasses dark glasses shades dishwasher dish washer dishwashing machine umbrella lipstick lip rouge shower cap
733	0	51137546112	ladybug ladybeetle lady beetle ladybird ladybird beetle Band Aid tick king snake kingsnake pick plectrum plectron cockroach roach ringneck snake ring-necked snake ring snake lighter light igniter ignitor hermit crab matchstick
734	0	51202653241	bassoon banjo accordion piano accordion squeeze box stage oboe hautboy hautbois sax saxophone violin fiddle flute transverse flute electric guitar harmonica mouth organ harp mouth harp
735	0	51220103738	envelope face powder pill bottle laptop laptop computer pillow notebook notebook computer rule ruler necklace balloon bib
736	0	32804131677	cleaver meat cleaver chopper quill quill pen isopod hotdog hot dog red hot American lobster Northern lobster Maine lobster Homarus americanus hair slide sea cucumber holothurian trilobite centipede tiger shark Galeocerdo cuvieri
737	0	51210278999	lampshade lamp shade vase umbrella dining table board cup table lamp coffee mug pitcher ewer ping-pong ball pillow
738	1	33034512563	maillot tank suit bikini two-piece maillot pole fur coat brassiere bra bandeau cowboy hat ten-gallon hat swing cock miniskirt mini
739	0	1107877214	trench coat suit suit of clothes fur coat jean blue jean denim pajama pyjama pj's jammies miniskirt mini ping-pong ball cardigan kimono military uniform
740	1	29005098780	sunglasses dark glasses shades sunglass wig seat belt seatbelt lab coat laboratory coat fur coat hair slide jersey T-shirt tee shirt red wine brassiere bra bandeau
741	1	26721297446	pole hook claw night snake Hypsiglena torquata bow boa constrictor Constrictor constrictor parallel bars bars unicycle monocycle ski king snake kingsnake horizontal bar high bar
742	0	25306208265	television television system laptop laptop computer monitor screen CRT screen computer keyboard keypad butternut squash notebook notebook computer entertainment center desktop computer orange
743	1	15298210728	ski mask mask gasmask respirator gas helmet muzzle neck brace oxygen mask bow tie bow-tie bowtie bearskin busby shako knee pad cuirass
744	1	14845540667	lipstick lip rouge wig perfume essence seat belt seatbelt sunglasses dark glasses shades mask cowboy hat ten-gallon hat hair spray sunglass fur coat
745	1	14870142403	snorkel sea lion bathing cap swimming cap maillot great white shark white shark man-eater man-eating shark Carcharodon carcharias stingray maillot tank suit bikini two-piece dugong Dugong dugon conch
746	1	16499476019	miniskirt mini stage racket racquet wig mortarboard balance beam beam hoopskirt crinoline theater curtain theatre curtain bassoon feather boa boa
747	1	400304837	hair spray lipstick lip rouge cellular telephone cellular phone cellphone cell mobile phone perfume essence brassiere bra bandeau Band Aid fur coat wig bikini two-piece bubble
748	1	15011287903	seat belt seatbelt Band Aid lipstick lip rouge sunscreen sunblock sun blocker hair spray cellular telephone cellular phone cellphone cell mobile phone syringe red wine feather boa boa face powder
749	0	14369973065	cowboy boot cowboy hat ten-gallon hat jean blue jean denim miniskirt mini buckle sandal sunglasses dark glasses shades sunglass wig clog geta patten sabot
750	1	13453608724	Band Aid bathtub bathing tub bath tub necklace nail syringe tub vat matchstick screw sock tick
751	0	12598646743	reel hammer water bottle sunscreen sunblock sun blocker paddle boat paddle paintbrush power drill lighter light igniter ignitor revolver six-gun six-shooter pole
752	0	12411749784	orange honeycomb spaghetti squash butternut squash pineapple ananas lemon fig banana ice cream icecream strawberry
753	1	9409361310	maillot miniskirt mini maillot tank suit bathing cap swimming cap barbell dumbbell gown stage sunglass microphone mike
754	0	9630291979	bow military uniform rifle breastplate aegis egis brassiere bra bandeau cuirass pole ski maillot assault rifle assault gun
755	0	9408670524	lipstick lip rouge mask face powder wig hair slide perfume essence abaya carton bow tie bow-tie bowtie sunglass
756	1	8314735181	perfume essence bubble microphone mike wig pick plectrum plectron mask lipstick lip rouge matchstick cloak lighter light igniter ignitor
757	0	8008166770	Band Aid pick plectrum plectron matchstick nail pill bottle syringe remote control remote screw buckle rule ruler
758	0	7711391834	Band Aid remote control remote lighter light igniter ignitor thimble computer keyboard keypad harmonica mouth organ harp mouth harp rubber eraser rubber pencil eraser upright upright piano crossword puzzle crossword radiator
759	1	7535158058	seat belt seatbelt car mirror mosquito net window screen shower curtain window shade sunglasses dark glasses shades cradle minibus umbrella
760	0	6976503800	water jug potter's wheel bakery bakeshop bakehouse candle taper wax light eggnog tray barrow garden cart lawn cart wheelbarrow scale weighing machine dough grocery store grocery food market market
761	1	6312222472	Band Aid bath towel harmonica mouth organ harp mouth harp diaper nappy napkin cellular telephone cellular phone cellphone cell mobile phone scale weighing machine computer keyboard keypad lotion shower cap ice lolly lolly lollipop popsicle
762	0	6569467063	sunscreen sunblock sun blocker lotion hair spray face powder perfume essence medicine chest medicine cabinet lipstick lip rouge pencil box pencil case Band Aid binder ring-binder
763	1	6292229892	fur coat stole trench coat velvet clog geta patten sabot miniskirt mini cardigan cloak pajama pyjama pj's jammies sweatshirt
764	1	51115198310	maillot bikini two-piece wig brassiere bra bandeau maillot tank suit gown miniskirt mini hoopskirt crinoline overskirt pajama pyjama pj's jammies
765	0	50766720316	mixing bowl sombrero coil spiral volute whorl helix cup strainer maze labyrinth washbasin handbasin washbowl lavabo wash-hand basin gong tam-tam tray slide rule slipstick
766	0	50188252662	window screen American chameleon anole Anolis carolinensis banded gecko green lizard Lacerta viridis tree frog tree-frog African chameleon Chamaeleo chamaeleon mantis mantid agama whiptail whiptail lizard walking stick walkingstick stick insect
767	0	49484262636	cardigan pajama pyjama pj's jammies stole fur coat wig sunglasses dark glasses shades wool woolen woollen bikini two-piece hand blower blow dryer blow drier hair dryer hair drier hair slide
768	1	48944443883	maillot brassiere bra bandeau bikini two-piece maillot tank suit gown perfume essence miniskirt mini hoopskirt crinoline bathtub bathing tub bath tub tub vat
769	0	49846704052	sewing machine rifle assault rifle assault gun projector typewriter keyboard revolver six-gun six-shooter space bar lab coat laboratory coat bow can opener tin opener
770	0	49845858543	barbershop tobacco shop tobacconist shop tobacconist lab coat laboratory coat burrito shoe shop shoe-shop shoe store restaurant eating house eating place eatery bookshop bookstore bookstall grocery store grocery food market market bakery bakeshop bakehouse stethoscope
771	0	48905545677	stage sax saxophone electric guitar cornet horn trumpet trump microphone mike spotlight spot acoustic guitar trombone theater curtain theatre curtain marimba xylophone
772	1	45258644934	sweatshirt cloak pajama pyjama pj's jammies bonnet poke bonnet abaya bath towel stole bubble poncho lab coat laboratory coat
773	1	45786759631	sarong brassiere bra bandeau bikini two-piece sandal miniskirt mini mortar maillot stole gown clog geta patten sabot
774	1	29443193538	brassiere bra bandeau wig perfume essence lipstick lip rouge bikini two-piece face powder maillot bath towel hair spray Band Aid
775	1	29710697478	stethoscope binoculars field glasses opera glasses power drill cowboy boot pajama pyjama pj's jammies hand blower blow dryer blow drier hair dryer hair drier cellular telephone cellular phone cellphone cell mobile phone harmonica mouth organ harp mouth harp hair spray ocarina sweet potato
776	0	39571714202	tiger shark Galeocerdo cuvieri sea lion stingray eel electric ray crampfish numbfish torpedo great white shark white shark man-eater man-eating shark Carcharodon carcharias hammerhead hammerhead shark dugong Dugong dugon conch sturgeon
777	0	49724024257	honeycomb acorn tailed frog bell toad ribbed toad tailed toad Ascaphus trui buckeye horse chestnut conker chiton coat-of-mail shell sea cradle polyplacophore apiary bee house conch custard apple horned viper cerastes sand viper horned asp Cerastes cornutus isopod
778	1	49984730202	maillot brassiere bra bandeau bikini two-piece miniskirt mini sunglass sunglasses dark glasses shades maillot tank suit comic book jean blue jean denim cowboy hat ten-gallon hat
779	0	50940336473	panpipe pandean pipe syrinx breastplate aegis egis mask toyshop cuirass comic book teddy teddy bear ski mask altar bow tie bow-tie bowtie
780	1	9413232234	cowboy hat ten-gallon hat shower cap bathing cap swimming cap swimming trunks bathing trunks hand blower blow dryer blow drier hair dryer hair drier sombrero sunscreen sunblock sun blocker diaper nappy napkin sarong dumbbell
781	0	49453733688	perfume essence kimono vase velvet shower cap soap dispenser jersey T-shirt tee shirt French horn horn pajama pyjama pj's jammies hair spray
782	1	13672383333	sunscreen sunblock sun blocker bikini two-piece sandbar sand bar maillot sarong conch swimming trunks bathing trunks maillot tank suit sunglasses dark glasses shades tub vat
783	1	49498003346	brassiere bra bandeau Band Aid conch sunglass sunglasses dark glasses shades maillot cardigan sock bathing cap swimming cap mask
784	1	27561968957	bikini two-piece ear spike capitulum corn gown swimming trunks bathing trunks lakeside lakeshore sarong groom bridegroom maillot sunscreen sunblock sun blocker
785	1	46525930435	lighter light igniter ignitor candle taper wax light mask lipstick lip rouge matchstick wig ice lolly lolly lollipop popsicle hair slide hair spray sunglass
786	1	50623956287	swimming trunks bathing trunks tub vat bathtub bathing tub bath tub bikini two-piece wig butcher shop meat market parallel bars bars scale weighing machine ocarina sweet potato horizontal bar high bar
787	1	42369334385	swimming trunks bathing trunks bikini two-piece sarong maillot maillot tank suit brassiere bra bandeau miniskirt mini bathing cap swimming cap sunscreen sunblock sun blocker diaper nappy napkin
788	1	6602718909	swimming trunks bathing trunks sunscreen sunblock sun blocker bathing cap swimming cap Band Aid bow tie bow-tie bowtie stethoscope face powder bath towel tub vat diaper nappy napkin
789	1	48626363836	bathing cap swimming cap chain mail ring mail mail chain armor chain armour ring armor ring armour sunglass sunglasses dark glasses shades crash helmet breastplate aegis egis shield buckler motor scooter scooter football helmet maillot
790	1	50637157802	envelope dough book jacket dust cover dust jacket dust wrapper rubber eraser rubber pencil eraser handkerchief hankie hanky hankey paper towel face powder cup tick fountain pen
791	1	9406610269	bathing cap swimming cap bikini two-piece cowboy hat ten-gallon hat sunscreen sunblock sun blocker military uniform maillot swimming trunks bathing trunks whistle bearskin busby shako cornet horn trumpet trump
792	1	46808465471	maillot bikini two-piece swimming trunks bathing trunks brassiere bra bandeau wig maillot tank suit stethoscope diaper nappy napkin sarong bathing cap swimming cap
793	1	40162765673	altar tub vat swimming trunks bathing trunks vault dumbbell washbasin handbasin washbowl lavabo wash-hand basin tray bathtub bathing tub bath tub dining table board barbell
794	1	50622754803	toilet seat buckle spindle shield buckler sundial scorpion nematode nematode worm roundworm tick face powder Petri dish
795	0	45655448262	garter snake grass snake horned viper cerastes sand viper horned asp Cerastes cornutus sidewinder horned rattlesnake Crotalus cerastes nematode nematode worm roundworm common newt Triturus vulgaris velvet whiptail whiptail lizard leatherback turtle leatherback leathery turtle Dermochelys coriacea Great Dane rock python rock snake Python sebae
796	1	42370151822	studio couch day bed bikini two-piece tub vat brassiere bra bandeau bath towel shower curtain miniskirt mini gown pillow fur coat
797	1	41264290924	lipstick lip rouge harmonica mouth organ harp mouth harp ice lolly lolly lollipop popsicle sunscreen sunblock sun blocker cellular telephone cellular phone cellphone cell mobile phone Band Aid whistle face powder syringe paintbrush
798	1	51199582714	Band Aid sunscreen sunblock sun blocker lotion butternut squash tick diaper nappy napkin tub vat sandal nail bathtub bathing tub bath tub
799	0	49945892092	plane carpenter's plane woodworking plane pencil sharpener grocery store grocery food market market butternut squash candle taper wax light hamper clog geta patten sabot confectionery confectionary candy store shoe shop shoe-shop shoe store whistle
800	0	47092538302	racer race car racing car stage sports car sport car car wheel steel drum drum membranophone tympan Model T convertible missile steam locomotive
801	1	51069294227	dumbbell barbell power drill remote control remote punching bag punch bag punching ball punchball puck hockey puck joystick hammer screw abacus
802	1	48520187361	miniskirt mini maillot maillot tank suit brassiere bra bandeau bikini two-piece sunglass tub vat sunglasses dark glasses shades bathtub bathing tub bath tub notebook notebook computer
803	0	51211999020	cliff drop drop-off castle wreck Arabian camel dromedary Camelus dromedarius cliff dwelling megalith megalithic structure balloon hay valley vale crane
804	1	47793812232	maillot miniskirt mini wig jean blue jean denim brassiere bra bandeau hand blower blow dryer blow drier hair dryer hair drier hair spray maillot tank suit cardigan bikini two-piece
805	0	48939640116	park bench lakeside lakeshore viaduct stone wall megalith megalithic structure mountain tent birdhouse totem pole English setter worm fence snake fence snake-rail fence Virginia fence
806	0	50872342917	cloak abaya trench coat fur coat sweatshirt sleeping bag binoculars field glasses opera glasses hair spray tripod backpack back pack knapsack packsack rucksack haversack
807	1	50236013562	moving van garbage truck dustcart trailer truck tractor trailer trucking rig rig articulated lorry semi barbell amphibian amphibious vehicle freight car dumbbell swimming trunks bathing trunks forklift tow truck tow car wrecker
808	1	48853108473	wig sarong bikini two-piece maillot brassiere bra bandeau feather boa boa swimming trunks bathing trunks bathing cap swimming cap miniskirt mini sunscreen sunblock sun blocker
809	1	47706180152	feather boa boa Maltese dog Maltese terrier Maltese West Highland white terrier teddy teddy bear Lhasa Lhasa apso Shih-Tzu wig toy poodle fur coat tub vat
810	1	44895083015	swimming trunks bathing trunks sunscreen sunblock sun blocker shower cap plunger plumber's helper wig bathing cap swimming cap sunglasses dark glasses shades beer glass Band Aid bath towel
811	1	30701382737	diaper nappy napkin punching bag punch bag punching ball punchball bath towel cowboy hat ten-gallon hat swimming trunks bathing trunks sarong hand blower blow dryer blow drier hair dryer hair drier refrigerator icebox sunscreen sunblock sun blocker shower curtain
812	1	38419329070	necklace bolo tie bolo bola tie bola night snake Hypsiglena torquata cowboy hat ten-gallon hat sunscreen sunblock sun blocker brassiere bra bandeau sarong cardigan chain torch
813	0	37054161655	paddle boat paddle canoe tub vat swimming trunks bathing trunks bathtub bathing tub bath tub stingray bikini two-piece bathing cap swimming cap maillot snorkel
814	1	19724539822	hair spray cellular telephone cellular phone cellphone cell mobile phone barbershop toyshop library binoculars field glasses opera glasses hand blower blow dryer blow drier hair dryer hair drier oboe hautboy hautbois cinema movie theater movie theatre movie house picture palace bikini two-piece
815	0	18217439913	plunger plumber's helper barbell paddle boat paddle bikini two-piece abacus ladle volleyball swimming trunks bathing trunks bathing cap swimming cap horizontal bar high bar
816	1	16537170125	punching bag punch bag punching ball punchball barbell swimming trunks bathing trunks knee pad dumbbell bathing cap swimming cap miniskirt mini water bottle plunger plumber's helper croquet ball
817	1	8696533503	swimming trunks bathing trunks punching bag punch bag punching ball punchball shower cap vacuum vacuum cleaner diaper nappy napkin bath towel iron smoothing iron tub vat hand blower blow dryer blow drier hair dryer hair drier bathtub bathing tub bath tub
818	1	6884227888	swimming trunks bathing trunks bathing cap swimming cap sunscreen sunblock sun blocker syringe maillot sarong bikini two-piece cowboy hat ten-gallon hat perfume essence shower cap
819	1	51154043675	bikini two-piece brassiere bra bandeau maillot sarong cowboy hat ten-gallon hat maillot tank suit gasmask respirator gas helmet sunglass swimming trunks bathing trunks umbrella
820	1	48364825076	swimming trunks bathing trunks sunscreen sunblock sun blocker water bottle dumbbell knee pad snorkel miniskirt mini diaper nappy napkin bathing cap swimming cap running shoe
821	1	44239019952	stage cornet horn trumpet trump bow tie bow-tie bowtie bathing cap swimming cap swimming trunks bathing trunks sunscreen sunblock sun blocker military uniform whistle ballplayer baseball player racket racquet
822	1	50859488138	bathing cap swimming cap shower cap swimming trunks bathing trunks mortarboard bonnet poke bonnet bikini two-piece bath towel snorkel sunscreen sunblock sun blocker bucket pail
823	1	50136231558	swimming trunks bathing trunks dumbbell bathing cap swimming cap sarong maillot shower cap bikini two-piece brassiere bra bandeau cowboy hat ten-gallon hat wig
824	1	50839548572	swimming trunks bathing trunks bikini two-piece lakeside lakeshore diaper nappy napkin breakwater groin groyne mole bulwark seawall jetty bathing cap swimming cap snorkel valley vale sandbar sand bar cliff drop drop-off
825	0	50260137326	volleyball soccer ball rugby ball swimming trunks bathing trunks baseball seashore coast seacoast sea-coast sandbar sand bar basketball bikini two-piece snorkel
826	0	42982682412	golfcart golf cart horse cart horse-cart Model T amphibian amphibious vehicle jinrikisha ricksha rickshaw oxcart minibus tricycle trike velocipede tractor go-kart
827	1	48750643768	stage microphone mike spotlight spot electric guitar drumstick wig marimba xylophone theater curtain theatre curtain slot one-armed bandit grand piano grand
828	0	48807213638	banjo electric guitar stage microphone mike acoustic guitar accordion piano accordion squeeze box maraca trombone sax saxophone spotlight spot
829	0	47958656882	restaurant eating house eating place eatery dining table board barbershop plate hair spray potter's wheel tobacco shop tobacconist shop tobacconist wok tray bakery bakeshop bakehouse
830	1	6202617472	jigsaw puzzle comic book envelope book jacket dust cover dust jacket dust wrapper mask pillow joystick maze labyrinth face powder rubber eraser rubber pencil eraser
831	1	50933761888	comic book book jacket dust cover dust jacket dust wrapper military uniform sweatshirt jersey T-shirt tee shirt teddy teddy bear pillow rifle backpack back pack knapsack packsack rucksack haversack tray
832	1	47755019692	pajama pyjama pj's jammies maillot wig miniskirt mini sunglasses dark glasses shades sunglass maillot tank suit pick plectrum plectron fur coat feather boa boa
833	0	50643319642	crutch bow tie bow-tie bowtie accordion piano accordion squeeze box wig coffee mug matchstick fur coat microphone mike pick plectrum plectron drumstick
834	1	50902674093	conch consomme candle taper wax light cup espresso eggnog teapot espresso maker soup bowl pitcher ewer
835	0	51004274537	candle taper wax light matchstick altar orange Granny Smith lemon lighter light igniter ignitor lotion mosque sunscreen sunblock sun blocker
836	1	38138998822	shower curtain paintbrush coral reef balloon sarong parachute chute tray jersey T-shirt tee shirt candle taper wax light goldfish Carassius auratus
837	1	50698332486	envelope ballpoint ballpoint pen ballpen Biro bubble rubber eraser rubber pencil eraser binder ring-binder nematode nematode worm roundworm coil spiral volute whorl helix paper towel hook claw wall clock
838	1	51011794761	bonnet poke bonnet cowboy hat ten-gallon hat sombrero bubble pinwheel sunscreen sunblock sun blocker ice lolly lolly lollipop popsicle Band Aid cowboy boot syringe
839	1	6347823269	maillot maillot tank suit tub vat bikini two-piece bathing cap swimming cap snorkel seashore coast seacoast sea-coast sunscreen sunblock sun blocker swimming trunks bathing trunks sunglasses dark glasses shades
840	0	5839903420	pedestal plinth footstall totem pole mask gorilla Gorilla gorilla chimpanzee chimp Pan troglodytes cuirass fountain brass memorial tablet plaque sundial birdhouse
841	1	40293308233	brassiere bra bandeau bikini two-piece maillot miniskirt mini gown sunscreen sunblock sun blocker face powder hand blower blow dryer blow drier hair dryer hair drier maillot tank suit diaper nappy napkin
842	1	51129939959	maillot maillot tank suit bikini two-piece bathing cap swimming cap brassiere bra bandeau miniskirt mini sunscreen sunblock sun blocker sarong feather boa boa breastplate aegis egis
843	1	50648311546	bonnet poke bonnet maypole sarong sunscreen sunblock sun blocker mask bubble pinwheel feather boa boa carousel carrousel merry-go-round roundabout whirligig neck brace
844	1	49909981567	bikini two-piece bathing cap swimming cap maillot tank suit maillot breastplate aegis egis cuirass knee pad punching bag punch bag punching ball punchball brassiere bra bandeau swimming trunks bathing trunks
845	0	51104377090	maillot maillot tank suit bikini two-piece miniskirt mini sarong paddle boat paddle swimming trunks bathing trunks snorkel sandbar sand bar seashore coast seacoast sea-coast
846	1	51103144922	miniskirt mini wig bow tie bow-tie bowtie maillot violin fiddle stole brassiere bra bandeau hair spray gasmask respirator gas helmet projector
847	1	51104485147	brassiere bra bandeau maillot bikini two-piece maillot tank suit miniskirt mini sandal sock clog geta patten sabot bow tie bow-tie bowtie sunglass
848	1	51100392256	sock lipstick lip rouge brassiere bra bandeau maillot bow tie bow-tie bowtie Band Aid miniskirt mini bikini two-piece lotion feather boa boa
849	1	51101506120	brassiere bra bandeau maillot bikini two-piece miniskirt mini sandal bow tie bow-tie bowtie sunglass wig sunglasses dark glasses shades sarong
850	1	51101020253	bikini two-piece maillot sarong brassiere bra bandeau miniskirt mini maillot tank suit feather boa boa pajama pyjama pj's jammies wig velvet
851	1	30256047788	bathing cap swimming cap feather boa boa bonnet poke bonnet bathtub bathing tub bath tub tub vat conch mask bubble stole maillot tank suit
852	1	51147977880	maillot comic book bikini two-piece swimming trunks bathing trunks maillot tank suit miniskirt mini sunscreen sunblock sun blocker banana studio couch day bed book jacket dust cover dust jacket dust wrapper
853	0	50827178976	envelope book jacket dust cover dust jacket dust wrapper comic book wallet billfold notecase pocketbook binder ring-binder hatchet street sign cleaver meat cleaver chopper rifle hook claw
854	1	50623800802	book jacket dust cover dust jacket dust wrapper comic book envelope tray handkerchief hankie hanky hankey jigsaw puzzle pillow jersey T-shirt tee shirt shower curtain menu
855	1	49914721086	breastplate aegis egis cuirass maillot shovel vacuum vacuum cleaner crutch scabbard pedestal plinth footstall gas pump gasoline pump petrol pump island dispenser hook claw
856	1	49862319207	bathtub bathing tub bath tub tub vat bath towel shower curtain shower cap swimming trunks bathing trunks washbasin handbasin washbowl lavabo wash-hand basin hand blower blow dryer blow drier hair dryer hair drier plunger plumber's helper bathing cap swimming cap
857	1	49411440927	bathing cap swimming cap swimming trunks bathing trunks shower cap maillot bikini two-piece maillot tank suit gasmask respirator gas helmet miniskirt mini knee pad crash helmet
858	1	44824987304	pedestal plinth footstall sweatshirt suit suit of clothes football helmet pajama pyjama pj's jammies ballplayer baseball player fur coat swimming trunks bathing trunks bannister banister balustrade balusters handrail teddy teddy bear
859	0	39880840563	stone wall dogsled dog sled dog sleigh snowplow snowplough park bench snowmobile barrow garden cart lawn cart wheelbarrow yurt picket fence paling ski barn
860	1	42991279530	bicycle-built-for-two tandem bicycle tandem unicycle monocycle mountain bike all-terrain bike off-roader tricycle trike velocipede jinrikisha ricksha rickshaw moped swimming trunks bathing trunks maillot bathing cap swimming cap sarong
861	1	42178774044	sleeping bag tripod radiator hair spray crutch space heater reflex camera bath towel Weimaraner hand blower blow dryer blow drier hair dryer hair drier
862	1	44426095152	knee pad swimming trunks bathing trunks bathing cap swimming cap teddy teddy bear diaper nappy napkin cowboy hat ten-gallon hat military uniform earthstar whistle ballplayer baseball player
863	1	24214797117	bannister banister balustrade balusters handrail prison prison house gondola sea lion bathing cap swimming cap coil spiral volute whorl helix punching bag punch bag punching ball punchball maillot swimming trunks bathing trunks unicycle monocycle
864	1	36934030552	dough Band Aid sunscreen sunblock sun blocker bathing cap swimming cap burrito mask swimming trunks bathing trunks maillot maillot tank suit potter's wheel
865	1	35825962225	mask puffer pufferfish blowfish globefish shower cap custard apple bagel beigel bathing cap swimming cap chain mail ring mail mail chain armor chain armour ring armor ring armour vestment breastplate aegis egis toilet seat
866	0	51002711148	shower curtain book jacket dust cover dust jacket dust wrapper comic book bookshop bookstore bookstall butcher shop meat market menu mosquito net barbershop freight car toyshop
867	0	40420946962	lakeside lakeshore worm fence snake fence snake-rail fence Virginia fence park bench barn stone wall flagpole flagstaff megalith megalithic structure water tower balloon rapeseed
868	0	27923336752	conch hermit crab mushroom gyromitra hen-of-the-woods hen of the woods Polyporus frondosus Grifola frondosa jellyfish snail cauliflower coral fungus earthstar
869	1	26425388235	maillot gown pajama pyjama pj's jammies jean blue jean denim miniskirt mini maillot tank suit hoopskirt crinoline bikini two-piece sarong bath towel
870	1	15330478694	comic book book jacket dust cover dust jacket dust wrapper hair spray revolver six-gun six-shooter syringe rifle sunglasses dark glasses shades barbershop tobacco shop tobacconist shop tobacconist sunglass
871	1	14574453593	bath towel diaper nappy napkin sunscreen sunblock sun blocker Band Aid Weimaraner vizsla Hungarian pointer sleeping bag nipple tub vat swimming trunks bathing trunks
872	1	8738044066	pedestal plinth footstall gorilla Gorilla gorilla fountain sundial bathing cap swimming cap park bench swimming trunks bathing trunks teddy teddy bear brass memorial tablet plaque harmonica mouth organ harp mouth harp
873	1	8403429148	Band Aid hammerhead hammerhead shark syringe sunscreen sunblock sun blocker tiger shark Galeocerdo cuvieri dugong Dugong dugon bathtub bathing tub bath tub seat belt seatbelt tub vat sweatshirt
874	1	8268846240	comic book book jacket dust cover dust jacket dust wrapper envelope handkerchief hankie hanky hankey shower curtain tray pillow freight car binder ring-binder fire screen fireguard
875	1	8138273072	swimming trunks bathing trunks matchstick diaper nappy napkin Weimaraner Band Aid mosquito net bathing cap swimming cap iron smoothing iron bath towel brassiere bra bandeau
876	0	8027380146	fountain screen CRT screen monitor shower curtain jigsaw puzzle Petri dish modem beer glass digital clock drilling platform offshore rig
877	1	6883684154	spotlight spot microphone mike bathtub bathing tub bath tub stage tub vat electric guitar projector reflex camera gasmask respirator gas helmet shower curtain
878	1	7012236739	spotlight spot bathtub bathing tub bath tub tub vat shower curtain lampshade lamp shade gasmask respirator gas helmet matchstick projector punching bag punch bag punching ball punchball mosquito net
879	1	6788232649	cliff drop drop-off hay alp megalith megalithic structure valley vale wreck castle fountain seashore coast seacoast sea-coast umbrella
880	0	51177273764	stole jellyfish vase chain mask book jacket dust cover dust jacket dust wrapper knot chainlink fence pitcher ewer wool woolen woollen
881	0	51164731925	patio terrace tile roof rain barrel birdhouse pot flowerpot thatch thatched roof picket fence paling church church building barn monastery
882	1	49822821691	bikini two-piece tub vat snorkel swimming trunks bathing trunks bathtub bathing tub bath tub sandbar sand bar groom bridegroom sarong maillot maillot tank suit
883	1	49534586968	miniskirt mini maillot cowboy boot brassiere bra bandeau sock wig throne pajama pyjama pj's jammies pole feather boa boa
884	1	49874546893	pole unicycle monocycle miniskirt mini umbrella horizontal bar high bar swimming trunks bathing trunks bikini two-piece traffic light traffic signal stoplight street sign parking meter
885	1	48139515721	bikini two-piece sunscreen sunblock sun blocker maillot tank suit maillot sarong miniskirt mini picket fence paling swimming trunks bathing trunks bathing cap swimming cap backpack back pack knapsack packsack rucksack haversack
886	0	48068746878	bikini two-piece maillot tank suit palace swimming trunks bathing trunks fountain maillot carousel carrousel merry-go-round roundabout whirligig miniskirt mini greenhouse nursery glasshouse park bench
887	1	33987017538	mountain bike all-terrain bike off-roader turnstile parking meter unicycle monocycle crash helmet knee pad bicycle-built-for-two tandem bicycle tandem military uniform moped crutch
888	0	48274968952	bell cote bell cot triumphal arch crane vault missile birdhouse analog clock lumbermill sawmill cannon projectile missile
889	1	33936770758	gasmask respirator gas helmet conch bathing cap swimming cap dumbbell binoculars field glasses opera glasses brassiere bra bandeau maillot mousetrap balance beam beam spotlight spot
890	1	40617923773	tub vat bathtub bathing tub bath tub orangutan orang orangutang Pongo pygmaeus hair spray hand blower blow dryer blow drier hair dryer hair drier wig fur coat bikini two-piece pole dumbbell
891	1	40617917573	washbasin handbasin washbowl lavabo wash-hand basin soap dispenser bathtub bathing tub bath tub scale weighing machine diaper nappy napkin cleaver meat cleaver chopper swimming trunks bathing trunks piggy bank penny bank lotion toilet seat
892	1	32528649867	sunscreen sunblock sun blocker bikini two-piece tub vat maillot maillot tank suit lotion sandbar sand bar swimming trunks bathing trunks bathtub bathing tub bath tub starfish sea star
893	1	44782215775	bikini two-piece fountain bow tie bow-tie bowtie brassiere bra bandeau wig maillot tank suit maillot pedestal plinth footstall sunglass swimming trunks bathing trunks
894	0	43988751771	stretcher rifle jinrikisha ricksha rickshaw mountain bike all-terrain bike off-roader horse cart horse-cart assault rifle assault gun bicycle-built-for-two tandem bicycle tandem plow plough macaw barrow garden cart lawn cart wheelbarrow
895	0	28227036007	bearskin busby shako crash helmet military uniform bonnet poke bonnet neck brace fireboat cuirass bathing cap swimming cap pickelhaube motor scooter scooter
896	0	43091826081	unicycle monocycle bicycle-built-for-two tandem bicycle tandem mountain bike all-terrain bike off-roader military uniform crash helmet jinrikisha ricksha rickshaw police van police wagon paddy wagon patrol wagon wagon black Maria stretcher bathing cap swimming cap alp
897	0	39313112805	French loaf frying pan frypan skillet cup dough potpie Dutch oven face powder chiton coat-of-mail shell sea cradle polyplacophore mortar conch
898	0	39140180545	iron smoothing iron potter's wheel chain padlock pretzel buckle pitcher ewer knot water jug hourglass
899	1	37920441314	motor scooter scooter military uniform sax saxophone tricycle trike velocipede shoe shop shoe-shop shoe store parking meter knee pad bubble gasmask respirator gas helmet stretcher
900	0	39695040632	carousel carrousel merry-go-round roundabout whirligig shoe shop shoe-shop shoe store toyshop wig seat belt seatbelt cowboy hat ten-gallon hat swing neck brace fur coat library
901	0	50296257242	hippopotamus hippo river horse Hippopotamus amphibius hog pig grunter squealer Sus scrofa Indian elephant Elephas maximus Mexican hairless wild boar boar Sus scrofa armadillo Komodo dragon Komodo lizard dragon lizard giant lizard Varanus komodoensis butcher shop meat market dugong Dugong dugon eel
902	1	50365047616	prison prison house punching bag punch bag punching ball punchball Indian elephant Elephas maximus hog pig grunter squealer Sus scrofa sax saxophone crutch vault bucket pail gasmask respirator gas helmet cash machine cash dispenser automated teller machine automatic teller machine automated teller automatic teller ATM
903	0	48036483782	cowboy hat ten-gallon hat sombrero cowboy boot bonnet poke bonnet cup crash helmet strainer espresso teapot revolver six-gun six-shooter
904	0	46435746302	fountain triceratops baboon macaque pedestal plinth footstall spider monkey Ateles geoffroyi mask pretzel siamang Hylobates syndactylus Symphalangus syndactylus orangutan orang orangutang Pongo pygmaeus
905	0	45353488405	bathing cap swimming cap military uniform crash helmet torch drumstick chain mail ring mail mail chain armor chain armour ring armor ring armour pickelhaube maillot shower cap ballplayer baseball player
906	1	43536969902	bow rifle sea lion butternut squash cannon assault rifle assault gun projectile missile pole maillot plane carpenter's plane woodworking plane
907	1	50628585393	fountain gorilla Gorilla gorilla pedestal plinth footstall triceratops balance beam beam gibbon Hylobates lar siamang Hylobates syndactylus Symphalangus syndactylus bow unicycle monocycle cuirass
908	1	50469475563	fur coat Arabian camel dromedary Camelus dromedarius ram tup knot gyromitra teddy teddy bear hog pig grunter squealer Sus scrofa bull mastiff potter's wheel Weimaraner
909	0	46260703434	stole mitten corn wig ear spike capitulum necklace wool woolen woollen knot bonnet poke bonnet banana
910	1	27827190585	maillot maillot tank suit bathing cap swimming cap miniskirt mini bikini two-piece toyshop swimming trunks bathing trunks sunglass wig snorkel
911	0	46386885534	maillot maillot tank suit miniskirt mini bikini two-piece swimming trunks bathing trunks bathing cap swimming cap prison prison house balance beam beam fountain umbrella
912	0	51206829988	trombone maillot paddle boat paddle French horn horn maillot tank suit cornet horn trumpet trump bikini two-piece sax saxophone swimming trunks bathing trunks drum membranophone tympan
913	0	51073696256	pole paddle boat paddle flagpole flagstaff drumstick swing crutch bow umbrella plunger plumber's helper maypole
914	0	50940530117	Irish terrier Border terrier dingo warrigal warragal Canis dingo tennis ball Lakeland terrier Ibizan hound Ibizan Podenco malinois basenji Staffordshire bullterrier Staffordshire bull terrier Chihuahua
915	0	50680790197	web site website internet site site bathing cap swimming cap sunscreen sunblock sun blocker digital clock hook claw rule ruler chain Band Aid book jacket dust cover dust jacket dust wrapper envelope
916	1	50814629298	pajama pyjama pj's jammies rocking chair rocker bookcase sweatshirt laptop laptop computer jersey T-shirt tee shirt throne crutch jean blue jean denim sleeping bag
917	0	50811998572	flute transverse flute matchstick drumstick marimba xylophone panpipe pandean pipe syrinx crate folding chair drum membranophone tympan oboe hautboy hautbois bow
918	1	50493438431	hair spray barber chair barbershop cowboy hat ten-gallon hat hand blower blow dryer blow drier hair dryer hair drier plunger plumber's helper punching bag punch bag punching ball punchball power drill potter's wheel banjo
919	0	50582412136	parachute chute umbrella maypole flagpole flagstaff balloon rifle sombrero assault rifle assault gun pole bow
920	0	49499794067	fountain pen envelope menu ballpoint ballpoint pen ballpen Biro quill quill pen paper towel rubber eraser rubber pencil eraser binder ring-binder letter opener paper knife paperknife web site website internet site site
921	0	49436630002	stage spotlight spot radio telescope radio reflector greenhouse nursery glasshouse microphone mike theater curtain theatre curtain monitor electric guitar television television system planetarium
922	0	49091676607	stage assault rifle assault gun violin fiddle spotlight spot rifle revolver six-gun six-shooter loudspeaker speaker speaker unit loudspeaker system speaker system microphone mike banjo binoculars field glasses opera glasses
923	0	48822764183	stupa tope balloon picket fence paling mosque palace crane prison prison house water tower streetcar tram tramcar trolley trolley car flagpole flagstaff
924	0	48807457993	stage spotlight spot cinema movie theater movie theatre movie house picture palace theater curtain theatre curtain loudspeaker speaker speaker unit loudspeaker system speaker system wine bottle water bottle abaya microphone mike torch
925	0	48992911037	pajama pyjama pj's jammies comic book broom kimono mask wig candle taper wax light potter's wheel bookshop bookstore bookstall book jacket dust cover dust jacket dust wrapper
926	0	48976833287	collie gown bow tie bow-tie bowtie suit suit of clothes ox Shetland sheepdog Shetland sheep dog Shetland shoe shop shoe-shop shoe store groom bridegroom oxcart bow
927	0	48806545408	cucumber cuke grocery store grocery food market market mixing bowl bell pepper zucchini courgette mashed potato guacamole head cabbage frying pan frypan skillet Granny Smith
928	1	48573796791	barrow garden cart lawn cart wheelbarrow solar dish solar collector solar furnace park bench folding chair rocking chair rocker rifle golfcart golf cart sundial maze labyrinth rain barrel
929	0	48493223562	theater curtain theatre curtain bassoon stage oboe hautboy hautbois cello violoncello flute transverse flute accordion piano accordion squeeze box electric guitar violin fiddle trombone
930	0	48356624182	cowboy boot cardigan jean blue jean denim cloak crutch poncho trench coat Loafer backpack back pack knapsack packsack rucksack haversack miniskirt mini
931	0	48249223986	nipple oxygen mask vacuum vacuum cleaner toyshop screwdriver crash helmet sunscreen sunblock sun blocker gasmask respirator gas helmet punching bag punch bag punching ball punchball espresso maker
932	0	48211993481	pinwheel chime bell gong envelope birdhouse mask church church building umbrella perfume essence bonnet poke bonnet hatchet
933	0	48121341386	suit suit of clothes Windsor tie bow tie bow-tie bowtie groom bridegroom trench coat Loafer notebook notebook computer mortarboard academic gown academic robe judge's robe bolo tie bolo bola tie bola
934	0	48121346031	pill bottle comic book hard disc hard disk fixed disk paintbrush packet rule ruler carpenter's kit tool kit screwdriver hammer cassette
935	0	47942432382	suit suit of clothes Windsor tie notebook notebook computer bow tie bow-tie bowtie web site website internet site site comic book groom bridegroom projector stage laptop laptop computer
936	0	46849134635	sea urchin sea anemone anemone coil spiral volute whorl helix cardoon pot flowerpot coral reef echidna spiny anteater anteater balloon velvet starfish sea star
937	1	32762879397	bow tie bow-tie bowtie fur coat suit suit of clothes cardigan trench coat military uniform stole neck brace sunglass sunglasses dark glasses shades
938	0	45684071424	hair spray sunscreen sunblock sun blocker syringe cellular telephone cellular phone cellphone cell mobile phone lotion sarong hand blower blow dryer blow drier hair dryer hair drier lipstick lip rouge whistle candle taper wax light
939	0	31420794917	stage toyshop patio terrace tobacco shop tobacconist shop tobacconist restaurant eating house eating place eatery mobile home manufactured home greenhouse nursery glasshouse boathouse mosquito net mountain tent
940	1	32390511138	bikini two-piece swimming trunks bathing trunks bathing cap swimming cap maillot sarong sunglass hair spray sunscreen sunblock sun blocker maillot tank suit brassiere bra bandeau
941	0	30623834894	library bookcase container ship containership container vessel bookshop bookstore bookstall palace tobacco shop tobacconist shop tobacconist organ pipe organ prison prison house barrel cask window screen
942	0	32470430888	acoustic guitar microphone mike whistle pick plectrum plectron electric guitar stage harmonica mouth organ harp mouth harp maraca banjo panpipe pandean pipe syrinx
943	0	32168544258	hair spray jersey T-shirt tee shirt plastic bag coffee mug lotion toilet tissue toilet paper bathroom tissue sweatshirt swab swob mop carton backpack back pack knapsack packsack rucksack haversack
944	0	44144420620	Windsor tie suit suit of clothes microphone mike bow tie bow-tie bowtie lab coat laboratory coat groom bridegroom sax saxophone gasmask respirator gas helmet stage academic gown academic robe judge's robe
945	0	32018829978	balance beam beam unicycle monocycle miniskirt mini Leonberg soccer ball jersey T-shirt tee shirt sweatshirt ballplayer baseball player sunglass crutch
946	0	31908879318	microphone mike stage projector spotlight spot mailbag postbag desktop computer electric guitar tripod television television system home theater home theatre
947	0	44440040084	stage bookshop bookstore bookstall comic book cinema movie theater movie theatre movie house picture palace accordion piano accordion squeeze box folding chair toyshop laptop laptop computer cup theater curtain theatre curtain
948	0	44417479892	racket racquet puck hockey puck jersey T-shirt tee shirt torch steel drum maillot Dutch oven hair spray umbrella balloon
949	0	42577798524	torch spotlight spot stage matchstick volcano tripod microphone mike fountain candle taper wax light tow truck tow car wrecker
950	0	42458747195	stage accordion piano accordion squeeze box kimono crutch comic book hair spray miniskirt mini water bottle jersey T-shirt tee shirt maillot
951	1	43034818072	miniskirt mini knee pad cowboy boot jean blue jean denim cowboy hat ten-gallon hat unicycle monocycle neck brace rugby ball balance beam beam maillot
952	0	28872213968	tripod stage microphone mike trench coat cello violoncello rifle flagpole flagstaff violin fiddle binoculars field glasses opera glasses pole
953	0	42334006891	stage liner ocean liner drilling platform offshore rig dock dockage docking facility radio wireless cinema movie theater movie theatre movie house picture palace crane scoreboard loudspeaker speaker speaker unit loudspeaker system speaker system paddlewheel paddle wheel
954	0	28235350268	shoe shop shoe-shop shoe store sarong confectionery confectionary candy store golfcart golf cart restaurant eating house eating place eatery miniskirt mini carousel carrousel merry-go-round roundabout whirligig grocery store grocery food market market apron bookshop bookstore bookstall
955	0	50940533187	pajama pyjama pj's jammies stethoscope maraca lab coat laboratory coat bow tie bow-tie bowtie spatula Windsor tie hand blower blow dryer blow drier hair dryer hair drier Band Aid brassiere bra bandeau
956	1	50735788662	gown wig maillot maillot tank suit miniskirt mini groom bridegroom hoopskirt crinoline sarong overskirt apron
957	0	49661635172	mask feather boa boa toyshop wig teddy teddy bear fur coat seat belt seatbelt leopard Panthera pardus Yorkshire terrier cheetah chetah Acinonyx jubatus
958	1	32255555968	overskirt gown velvet hoopskirt crinoline miniskirt mini sarong pajama pyjama pj's jammies stole cowboy boot feather boa boa
959	0	51042757928	microphone mike stage rifle harmonica mouth organ harp mouth harp binoculars field glasses opera glasses assault rifle assault gun banjo electric guitar scuba diver conch
960	1	50706240353	gasmask respirator gas helmet oxygen mask mask ski mask pajama pyjama pj's jammies cuirass toyshop poncho sweatshirt breastplate aegis egis
961	1	50544532067	tricycle trike velocipede stethoscope wok bow tie bow-tie bowtie military uniform microphone mike cornet horn trumpet trump tobacco shop tobacconist shop tobacconist barbershop loupe jeweler's loupe
962	0	47963254713	bubble pinwheel stage mask spotlight spot jellyfish scuba diver microphone mike water bottle feather boa boa
963	0	47739388992	ocarina sweet potato flute transverse flute trombone paintbrush cornet horn trumpet trump harmonica mouth organ harp mouth harp cellular telephone cellular phone cellphone cell mobile phone whistle bubble jean blue jean denim
964	0	31716690538	pajama pyjama pj's jammies poncho shoji sweatshirt kimono trench coat mortarboard soccer ball balance beam beam jersey T-shirt tee shirt
965	0	28138249527	bubble hair spray pinwheel sunscreen sunblock sun blocker ice lolly lolly lollipop popsicle whistle academic gown academic robe judge's robe torch bikini two-piece military uniform
966	0	37998325645	flagpole flagstaff submarine pigboat sub U-boat pole palace obelisk streetcar tram tramcar trolley trolley car bell cote bell cot triumphal arch stage dock dockage docking facility
967	0	25227797907	hair spray hair slide cellular telephone cellular phone cellphone cell mobile phone maypole wig miniskirt mini academic gown academic robe judge's robe library poncho mortarboard
968	0	39032207312	rule ruler feather boa boa loupe jeweler's loupe bubble gasmask respirator gas helmet mask harp hammer syringe ladle
969	0	26554378869	home theater home theatre stage television television system monitor spotlight spot screen CRT screen pool table billiard table snooker table microphone mike loudspeaker speaker speaker unit loudspeaker system speaker system ballplayer baseball player
970	0	36978205504	stage pole wig miniskirt mini maillot fountain microphone mike theater curtain theatre curtain torch spotlight spot
971	1	9959552964	trench coat velvet miniskirt mini cowboy boot fur coat suit suit of clothes gown wig pajama pyjama pj's jammies jean blue jean denim
972	0	36594072421	television television system bow tie bow-tie bowtie monitor laptop laptop computer projector spotlight spot punching bag punch bag punching ball punchball slot one-armed bandit notebook notebook computer mortarboard
973	0	34089852554	miniskirt mini hoopskirt crinoline pajama pyjama pj's jammies wig feather boa boa sunglasses dark glasses shades apron overskirt shower cap maraca
974	0	35755750896	knee pad soccer ball unicycle monocycle swing miniskirt mini football helmet balance beam beam cellular telephone cellular phone cellphone cell mobile phone ballplayer baseball player sock
975	0	31836688715	shoe shop shoe-shop shoe store clog geta patten sabot crutch grocery store grocery food market market bow tie bow-tie bowtie suit suit of clothes stretcher library miniskirt mini cellular telephone cellular phone cellphone cell mobile phone
976	0	33294749293	book jacket dust cover dust jacket dust wrapper carton doormat welcome mat comic book envelope jersey T-shirt tee shirt packet laptop laptop computer Band Aid cassette
977	0	32327129616	carousel carrousel merry-go-round roundabout whirligig torch ox oxcart yurt candle taper wax light Arabian camel dromedary Camelus dromedarius thatch thatched roof spotlight spot barn
978	0	31776957551	poncho sweatshirt wool woolen woollen cardigan pajama pyjama pj's jammies stole cloak velvet miniskirt mini wig
979	0	31743085055	Dungeness crab Cancer magister power drill chain saw chainsaw cocktail shaker American lobster Northern lobster Maine lobster Homarus americanus stage king crab Alaska crab Alaskan king crab Alaska king crab Paralithodes camtschatica rotisserie spatula plunger plumber's helper
980	0	31482214912	ashcan trash can garbage can wastebin ash bin ash-bin ashbin dustbin trash barrel trash bin safe mailbox letter box fire screen fireguard doormat welcome mat vending machine cash machine cash dispenser automated teller machine automatic teller machine automated teller automatic teller ATM brass memorial tablet plaque crate upright upright piano
981	1	30656429286	dining table board restaurant eating house eating place eatery bakery bakeshop bakehouse barber chair pedestal plinth footstall folding chair washbasin handbasin washbowl lavabo wash-hand basin stretcher barbershop toilet seat
982	0	30580476686	baboon mongoose patas hussar monkey Erythrocebus patas langur capuchin ringtail Cebus capucinus guenon guenon monkey spider monkey Ateles geoffroyi lumbermill sawmill weasel macaque
983	1	29204742303	gown maillot wig miniskirt mini overskirt velvet maillot tank suit apron hoopskirt crinoline sarong
984	0	29251223216	stage loudspeaker speaker speaker unit loudspeaker system speaker system tape player radio wireless CD player cassette player slot one-armed bandit home theater home theatre cassette gong tam-tam
985	0	24136609566	stage spotlight spot traffic light traffic signal stoplight projector microphone mike theater curtain theatre curtain cornet horn trumpet trump electric guitar pole grand piano grand
986	0	22105675141	kimono unicycle monocycle stage groom bridegroom balance beam beam gown hoopskirt crinoline French horn horn marimba xylophone maraca
987	0	20840465055	gasmask respirator gas helmet oxygen mask carton toilet tissue toilet paper bathroom tissue trench coat plastic bag shower curtain lab coat laboratory coat bulletproof vest prison prison house
988	0	20388086706	pill bottle cocktail shaker beer bottle perfume essence medicine chest medicine cabinet beer glass whiskey jug beaker lotion pop bottle soda bottle
989	0	18974995108	punching bag punch bag punching ball punchball power drill maraca plunger plumber's helper hand blower blow dryer blow drier hair dryer hair drier shower cap dumbbell cowboy hat ten-gallon hat knee pad screwdriver
990	1	24291922016	swimming trunks bathing trunks sunglass sunglasses dark glasses shades bathing cap swimming cap punching bag punch bag punching ball punchball bikini two-piece sunscreen sunblock sun blocker snorkel maraca sarong
991	1	16947324938	mask stage comic book wig theater curtain theatre curtain spotlight spot perfume essence ski mask microphone mike feather boa boa
992	1	16543102988	abaya groom bridegroom neck brace vestment stole gown wool woolen woollen bow tie bow-tie bowtie mask Windsor tie
993	0	17529596753	plate dining table board restaurant eating house eating place eatery potter's wheel tray candle taper wax light ice cream icecream bakery bakeshop bakehouse trifle cheeseburger
994	0	17793154342	bottlecap tray buckle pick plectrum plectron confectionery confectionary candy store face powder plate piggy bank penny bank bakery bakeshop bakehouse rubber eraser rubber pencil eraser
995	0	17470716455	breastplate aegis egis cuirass fire screen fireguard shield buckler buckle perfume essence purse teapot pickelhaube candle taper wax light
996	0	17184028247	pinwheel goldfish Carassius auratus umbrella balloon lakeside lakeshore flagpole flagstaff airship dirigible parachute chute trimaran analog clock
997	0	44404735870	restaurant eating house eating place eatery candle taper wax light bubble eggnog ice cream icecream hair spray beer glass slot one-armed bandit cinema movie theater movie theatre movie house picture palace feather boa boa
998	1	51036937157	groom bridegroom suit suit of clothes Windsor tie bow tie bow-tie bowtie cellular telephone cellular phone cellphone cell mobile phone gown bolo tie bolo bola tie bola notebook notebook computer academic gown academic robe judge's robe mortarboard
999	0	51001159432	restaurant eating house eating place eatery greenhouse nursery glasshouse patio terrace potter's wheel folding chair half track military uniform library Dutch oven rifle
1000	0	50299919688	lab coat laboratory coat oxygen mask gasmask respirator gas helmet photocopier stethoscope beaker nipple library Petri dish envelope
1001	0	50222471217	Band Aid hair slide ice lolly lolly lollipop popsicle pinwheel sunscreen sunblock sun blocker bubble candle taper wax light piggy bank penny bank diaper nappy napkin ocarina sweet potato
1002	1	50239837968	bikini two-piece maillot maillot tank suit cowboy hat ten-gallon hat sombrero brassiere bra bandeau sarong sunscreen sunblock sun blocker umbrella miniskirt mini
1003	0	50233906187	hot pot hotpot mushroom hen-of-the-woods hen of the woods Polyporus frondosus Grifola frondosa potpie butternut squash plate soup bowl consomme wooden spoon mixing bowl
1004	0	49696795478	bassinet cradle crib cot diaper nappy napkin sleeping bag bib bath towel pajama pyjama pj's jammies tub vat swing
1005	0	49689764352	rubber eraser rubber pencil eraser toyshop whistle pencil sharpener pencil box pencil case maraca lighter light igniter ignitor perfume essence ballpoint ballpoint pen ballpen Biro syringe
1006	0	49596725377	strainer hand blower blow dryer blow drier hair dryer hair drier trench coat microphone mike cuirass fur coat hair spray breastplate aegis egis cocktail shaker stage
1007	0	49595416273	park bench car mirror crash helmet grille radiator grille rotisserie electric fan blower barrow garden cart lawn cart wheelbarrow seat belt seatbelt ashcan trash can garbage can wastebin ash bin ash-bin ashbin dustbin trash barrel trash bin bannister banister balustrade balusters handrail
1008	1	49445834937	toilet tissue toilet paper bathroom tissue paper towel hoopskirt crinoline theater curtain theatre curtain plastic bag gown overskirt groom bridegroom throne lab coat laboratory coat
1009	0	49295979826	mask ram tup feather boa boa ski mask toyshop bighorn bighorn sheep cimarron Rocky Mountain bighorn Rocky Mountain sheep Ovis canadensis teddy teddy bear gasmask respirator gas helmet velvet comic book
1010	0	49303264367	toyshop feather boa boa kimono groom bridegroom Christmas stocking panpipe pandean pipe syrinx maraca stole flute transverse flute confectionery confectionary candy store
1011	1	49247393382	stole suit suit of clothes bow tie bow-tie bowtie bulletproof vest cocktail shaker trench coat sweatshirt military uniform vestment apron
1012	1	49227851512	seat belt seatbelt sunglasses dark glasses shades Band Aid necklace sunglass cellular telephone cellular phone cellphone cell mobile phone wool woolen woollen shower cap ice lolly lolly lollipop popsicle cardigan
1013	0	49222777188	jersey T-shirt tee shirt dumbbell power drill burrito ballplayer baseball player barbershop can opener tin opener hotdog hot dog red hot spatula hammer
1014	0	49221700803	sunglasses dark glasses shades ice lolly lolly lollipop popsicle cowboy hat ten-gallon hat bow tie bow-tie bowtie sunglass sunscreen sunblock sun blocker crayfish crawfish crawdad crawdaddy bolo tie bolo bola tie bola Band Aid buckle
1015	0	49090028696	stole cardigan wool woolen woollen mitten bonnet poke bonnet Windsor tie sunglasses dark glasses shades abaya mortarboard academic gown academic robe judge's robe
1016	0	48972204497	toyshop pajama pyjama pj's jammies knee pad paintbrush maraca steel drum punching bag punch bag punching ball punchball gasmask respirator gas helmet jersey T-shirt tee shirt confectionery confectionary candy store
1017	0	48937060586	bolo tie bolo bola tie bola suit suit of clothes Windsor tie cellular telephone cellular phone cellphone cell mobile phone oboe hautboy hautbois jean blue jean denim harmonica mouth organ harp mouth harp bow tie bow-tie bowtie ocarina sweet potato notebook notebook computer
1018	1	48835351061	sarong military uniform swimming trunks bathing trunks tusker Indian elephant Elephas maximus crutch sandbar sand bar ice lolly lolly lollipop popsicle maillot tank suit maillot
1019	0	48408144591	library tobacco shop tobacconist shop tobacconist bookshop bookstore bookstall shoe shop shoe-shop shoe store organ pipe organ bookcase jean blue jean denim upright upright piano photocopier carton
1020	0	48956148536	mask ski mask feather boa boa snorkel llama comic book wig scuba diver muzzle puffer pufferfish blowfish globefish
1021	0	48541282532	barrow garden cart lawn cart wheelbarrow greenhouse nursery glasshouse park bench maypole folding chair swing lawn mower mower lakeside lakeshore pot flowerpot patio terrace
1022	0	48458366736	umbrella sarong sunscreen sunblock sun blocker sombrero parachute chute grocery store grocery food market market sandbar sand bar sunglass patio terrace bikini two-piece
1023	1	48407082771	hair spray lighter light igniter ignitor ping-pong ball pill bottle microphone mike remote control remote loupe jeweler's loupe mouse computer mouse power drill joystick
1024	0	48067203823	spotlight spot alp seashore coast seacoast sea-coast unicycle monocycle stage bannister banister balustrade balusters handrail ski library bullet train bullet bobsled bobsleigh bob
1025	0	48067155676	traffic light traffic signal stoplight bell cote bell cot street sign crane mosque spotlight spot pole scoreboard totem pole flagpole flagstaff
1026	0	48067179153	iPod cellular telephone cellular phone cellphone cell mobile phone hand-held computer hand-held microcomputer remote control remote laptop laptop computer notebook notebook computer lighter light igniter ignitor red wine reflex camera loudspeaker speaker speaker unit loudspeaker system speaker system
1027	0	47940974256	library bookshop bookstore bookstall sliding door bookcase streetcar tram tramcar trolley trolley car book jacket dust cover dust jacket dust wrapper vending machine comic book monitor prison prison house
1028	0	14604983614	ashcan trash can garbage can wastebin ash bin ash-bin ashbin dustbin trash barrel trash bin marimba xylophone steel drum potter's wheel power drill accordion piano accordion squeeze box stretcher assault rifle assault gun kimono drum membranophone tympan
1029	0	47306599812	suit suit of clothes trench coat tobacco shop tobacconist shop tobacconist lab coat laboratory coat bulletproof vest Windsor tie jean blue jean denim pajama pyjama pj's jammies miniskirt mini military uniform
1030	0	33861384998	confectionery confectionary candy store toyshop altar kimono candle taper wax light lampshade lamp shade stupa tope tray apron comic book
1031	0	40771782813	confectionery confectionary candy store altar groom bridegroom toyshop candle taper wax light grocery store grocery food market market restaurant eating house eating place eatery throne bakery bakeshop bakehouse perfume essence
1032	0	47706678661	stage drumstick microphone mike swab swob mop violin fiddle electric guitar drum membranophone tympan spotlight spot acoustic guitar pool table billiard table snooker table
1033	0	33829244758	stage microphone mike oboe hautboy hautbois violin fiddle flute transverse flute harmonica mouth organ harp mouth harp cornet horn trumpet trump cocktail shaker cello violoncello sax saxophone
1034	0	33829020198	whistle syringe flute transverse flute torch crutch cellular telephone cellular phone cellphone cell mobile phone miniskirt mini microphone mike hair spray oboe hautboy hautbois
1035	0	50960121207	neck brace cellular telephone cellular phone cellphone cell mobile phone mouse computer mouse lighter light igniter ignitor notebook notebook computer iPod joystick lab coat laboratory coat remote control remote laptop laptop computer
1036	1	51048838877	miniskirt mini maillot maillot tank suit bikini two-piece brassiere bra bandeau feather boa boa wig balance beam beam bathing cap swimming cap umbrella
1037	0	50409819576	book jacket dust cover dust jacket dust wrapper bow tie bow-tie bowtie accordion piano accordion squeeze box pickelhaube comic book military uniform suit suit of clothes bolo tie bolo bola tie bola banjo rifle
1038	0	50355976017	seashore coast seacoast sea-coast snorkel conch lakeside lakeshore sandbar sand bar paddle boat paddle swimming trunks bathing trunks breakwater groin groyne mole bulwark seawall jetty Chesapeake Bay retriever bathing cap swimming cap
1039	0	50195548141	pencil sharpener pinwheel jigsaw puzzle candle taper wax light bakery bakeshop bakehouse ice lolly lolly lollipop popsicle confectionery confectionary candy store safety pin paintbrush eggnog
1040	0	48390231211	library bookshop bookstore bookstall folding chair restaurant eating house eating place eatery tobacco shop tobacconist shop tobacconist laptop laptop computer shoe shop shoe-shop shoe store bookcase rocking chair rocker jinrikisha ricksha rickshaw
1041	0	48390226556	acoustic guitar electric guitar pick plectrum plectron banjo comic book library cello violoncello violin fiddle microphone mike cowboy hat ten-gallon hat
1042	0	49566600273	miniskirt mini balance beam beam maillot bathing cap swimming cap horizontal bar high bar maillot tank suit swimming trunks bathing trunks racket racquet knee pad jean blue jean denim
1043	0	49532145271	bookshop bookstore bookstall abaya library academic gown academic robe judge's robe sliding door mortarboard shoji jean blue jean denim Band Aid kimono
1044	0	49475832391	groom bridegroom bow tie bow-tie bowtie hair spray restaurant eating house eating place eatery suit suit of clothes wok barbershop laptop laptop computer oboe hautboy hautbois projector
1045	0	49179385591	red wine restaurant eating house eating place eatery wine bottle cup measuring cup cocktail shaker goblet soup bowl eggnog coffeepot
1046	0	49179588457	balloon maraca vestment bubble cloak punching bag punch bag punching ball punchball groom bridegroom lab coat laboratory coat stethoscope trench coat
1047	1	48745631107	cinema movie theater movie theatre movie house picture palace home theater home theatre theater curtain theatre curtain projector stage television television system pool table billiard table snooker table tow truck tow car wrecker trailer truck tractor trailer trucking rig rig articulated lorry semi fire engine fire truck
1048	0	48017515952	restaurant eating house eating place eatery oboe hautboy hautbois cornet horn trumpet trump panpipe pandean pipe syrinx flute transverse flute violin fiddle stage ocarina sweet potato academic gown academic robe judge's robe hair spray
1049	0	47954221512	pickelhaube military uniform bulletproof vest assault rifle assault gun rifle half track stretcher gasmask respirator gas helmet tank army tank armored combat vehicle armoured combat vehicle oxygen mask
1050	0	33641396548	trombone cornet horn trumpet trump wig stage feather boa boa safety pin hourglass cloak guillotine spotlight spot
1051	0	46602448125	sunglasses dark glasses shades sunglass seat belt seatbelt sombrero cowboy hat ten-gallon hat sweatshirt sunscreen sunblock sun blocker stage jersey T-shirt tee shirt maraca
1052	0	40551806673	plate guacamole cucumber cuke soup bowl broccoli hot pot hotpot pizza pizza pie wok corn zucchini courgette
1053	0	33496136408	spotlight spot theater curtain theatre curtain window shade stage home theater home theatre loudspeaker speaker speaker unit loudspeaker system speaker system fire screen fireguard electric guitar space heater stove
1054	0	29322942278	sea urchin sea anemone anemone spotlight spot cinema movie theater movie theatre movie house picture palace buckeye horse chestnut conker fountain obelisk jellyfish torch coral reef
1055	1	29094678327	stethoscope screwdriver whistle lab coat laboratory coat mousetrap quill quill pen syringe crossword puzzle crossword safety pin abacus
1056	1	43175370634	toyshop restaurant eating house eating place eatery jack-o'-lantern pizza pizza pie bakery bakeshop bakehouse dining table board grocery store grocery food market market wig stage tray
1057	0	42043824860	swimming trunks bathing trunks snorkel bucket pail sunscreen sunblock sun blocker sandbar sand bar umbrella ice lolly lolly lollipop popsicle seashore coast seacoast sea-coast croquet ball water bottle
1058	0	41560824882	toyshop confectionery confectionary candy store jigsaw puzzle comic book library balloon tray restaurant eating house eating place eatery menu ocarina sweet potato
1059	1	41333709141	hair spray miniskirt mini shoe shop shoe-shop shoe store wig sunscreen sunblock sun blocker Windsor tie jean blue jean denim slot one-armed bandit neck brace sandal
1060	0	39165436750	suit suit of clothes limousine limo bow tie bow-tie bowtie Loafer wig sarong jean blue jean denim miniskirt mini Windsor tie trench coat
1061	0	36466892343	paddle boat paddle stretcher canoe barrow garden cart lawn cart wheelbarrow unicycle monocycle lifeboat bobsled bobsleigh bob crash helmet maypole rugby ball
1062	1	36107256184	bathing cap swimming cap stingray maillot maillot tank suit snorkel swimming trunks bathing trunks bikini two-piece paddle boat paddle sunglass sarong
1063	1	24235651167	bonnet poke bonnet mitten wool woolen woollen candle taper wax light fur coat ice cream icecream hair slide stole ice lolly lolly lollipop popsicle toyshop
1064	0	39047435391	stage sunglass sunglasses dark glasses shades liner ocean liner barbell space shuttle microphone mike torch hair spray syringe
1065	0	37924633122	necklace gown brassiere bra bandeau groom bridegroom perfume essence cardigan stole hoopskirt crinoline overskirt wig
1066	0	37857092972	suit suit of clothes Windsor tie groom bridegroom bow tie bow-tie bowtie Loafer mortarboard academic gown academic robe judge's robe cornet horn trumpet trump oboe hautboy hautbois notebook notebook computer
1067	0	37457508882	mousetrap Band Aid screwdriver bottlecap comic book pick plectrum plectron letter opener paper knife paperknife jigsaw puzzle packet matchstick
1068	0	35621413654	drum membranophone tympan drumstick slot one-armed bandit barrel cask shield buckler mousetrap steel drum cinema movie theater movie theatre movie house picture palace crate barbershop
1069	0	36304212095	balloon punching bag punch bag punching ball punchball maraca confectionery confectionary candy store toyshop groom bridegroom brassiere bra bandeau ping-pong ball balance beam beam hair spray
1070	0	35191291294	restaurant eating house eating place eatery dining table board plate American lobster Northern lobster Maine lobster Homarus americanus tray Dungeness crab Cancer magister eggnog trifle hot pot hotpot bakery bakeshop bakehouse
1071	1	35578861822	stage hair spray bubble spotlight spot microphone mike wig sunglass toyshop snorkel jellyfish
1072	0	35391849521	Italian greyhound German short-haired pointer Weimaraner Labrador retriever American Staffordshire terrier Staffordshire terrier American pit bull terrier pit bull terrier Doberman Doberman pinscher Boston bull Boston terrier Great Dane kelpie tennis ball
1073	0	34942028880	fur coat feather boa boa wig mask sunglasses dark glasses shades bonnet poke bonnet trench coat hoopskirt crinoline cloak bearskin busby shako
1074	0	32941763641	sweatshirt cloak sleeping bag abaya ski mask velvet cradle gasmask respirator gas helmet prayer rug prayer mat bassinet
1075	1	31245248473	harmonica mouth organ harp mouth harp ocarina sweet potato cellular telephone cellular phone cellphone cell mobile phone hair spray loupe jeweler's loupe barbershop sunscreen sunblock sun blocker binoculars field glasses opera glasses potter's wheel pajama pyjama pj's jammies
1076	0	31375082020	military uniform bulletproof vest assault rifle assault gun rifle shower cap half track kimono oxygen mask holster binoculars field glasses opera glasses
1077	0	31794048035	bee cabbage butterfly stage mask theater curtain theatre curtain wig mortarboard brassiere bra bandeau sombrero maraca
1078	0	29316651356	limousine limo passenger car coach carriage tow truck tow car wrecker pickup pickup truck beach wagon station wagon wagon estate car beach waggon station waggon waggon park bench minivan ambulance police van police wagon paddy wagon patrol wagon wagon black Maria groom bridegroom
1079	0	29239866272	book jacket dust cover dust jacket dust wrapper comic book toyshop perfume essence hair spray bookshop bookstore bookstall brassiere bra bandeau confectionery confectionary candy store gown umbrella
1080	0	29821354562	perfume essence water bottle red wine wine bottle cocktail shaker pop bottle soda bottle lotion hamper goblet beer bottle
1081	0	29291631755	folding chair swimming trunks bathing trunks rocking chair rocker bikini two-piece diaper nappy napkin sunglass ocarina sweet potato sunscreen sunblock sun blocker ice lolly lolly lollipop popsicle notebook notebook computer
1082	0	28485265004	seat belt seatbelt buckle backpack back pack knapsack packsack rucksack haversack purse crash helmet pinwheel mailbag postbag shield buckler mask spindle
1083	0	29037275735	moped disk brake disc brake motor scooter scooter tricycle trike velocipede mountain bike all-terrain bike off-roader crash helmet bicycle-built-for-two tandem bicycle tandem Model T parking meter military uniform
1084	0	27451244231	spotlight spot monitor screen CRT screen digital clock television television system lampshade lamp shade projector web site website internet site site stage perfume essence
1085	0	27527462961	barbershop restaurant eating house eating place eatery grocery store grocery food market market hair spray cellular telephone cellular phone cellphone cell mobile phone wok shoe shop shoe-shop shoe store potter's wheel kimono jersey T-shirt tee shirt
1086	0	26953339284	sock knee pad miniskirt mini clog geta patten sabot running shoe sandal swimming trunks bathing trunks Loafer sarong cowboy boot
1087	0	27421039261	chain mail ring mail mail chain armor chain armour ring armor ring armour sunglasses dark glasses shades sunglass microphone mike cowboy hat ten-gallon hat sombrero seat belt seatbelt bow tie bow-tie bowtie Band Aid wig
1088	0	25059172872	piggy bank penny bank punching bag punch bag punching ball punchball jersey T-shirt tee shirt maraca crash helmet knee pad comic book pool table billiard table snooker table football helmet bathing cap swimming cap
1089	0	24281845263	necklace coil spiral volute whorl helix chain loupe jeweler's loupe perfume essence chime bell gong thimble pick plectrum plectron goblet pill bottle
1090	0	21902623100	lifeboat flagpole flagstaff pirate pirate ship torch unicycle monocycle military uniform motor scooter scooter toyshop bathing cap swimming cap shield buckler
1091	0	21664331398	megalith megalithic structure brass memorial tablet plaque obelisk sundial pedestal plinth footstall hay maze labyrinth lumbermill sawmill marmot prayer rug prayer mat
1092	0	21752751746	jersey T-shirt tee shirt drumstick stage sweatshirt microphone mike dumbbell maraca bulletproof vest torch ballplayer baseball player
1093	0	21385376569	mask toyshop breastplate aegis egis chain mail ring mail mail chain armor chain armour ring armor ring armour thresher thrasher threshing machine crash helmet wig comic book cuirass shoe shop shoe-shop shoe store
1094	0	48113525423	tape player lawn mower mower lighter light igniter ignitor go-kart space bar screwdriver vacuum vacuum cleaner typewriter keyboard cassette player cab hack taxi taxicab
1095	0	48950653533	hair spray microphone mike bubble sunglasses dark glasses shades cellular telephone cellular phone cellphone cell mobile phone bow tie bow-tie bowtie sunglass fur coat Band Aid hand blower blow dryer blow drier hair dryer hair drier
1096	0	49693850126	sliding door window screen medicine chest medicine cabinet candle taper wax light entertainment center monitor turnstile window shade toyshop vending machine
1097	1	49362951436	fur coat hand blower blow dryer blow drier hair dryer hair drier sweatshirt stole bathing cap swimming cap poncho wool woolen woollen shower cap drumstick crash helmet
1098	0	51188052079	abaya groom bridegroom stretcher park bench tub vat barrow garden cart lawn cart wheelbarrow fountain rocking chair rocker cliff dwelling mosquito net
1099	0	49363160497	bookcase bookshop bookstore bookstall pajama pyjama pj's jammies entertainment center comic book cassette cassette player CD player suit suit of clothes tape player
1100	0	47940539996	comic book book jacket dust cover dust jacket dust wrapper menu frying pan frypan skillet wok scale weighing machine joystick waffle iron puck hockey puck iron smoothing iron
1101	1	9377525705	jean blue jean denim triceratops maillot breastplate aegis egis pajama pyjama pj's jammies cuirass jersey T-shirt tee shirt mask miniskirt mini cowboy boot
1102	1	42450089715	bikini two-piece maillot miniskirt mini maillot tank suit tub vat hair spray sarong bathtub bathing tub bath tub sunscreen sunblock sun blocker gown
1103	0	50126630601	Indian elephant Elephas maximus African elephant Loxodonta africana tusker warthog hippopotamus hippo river horse Hippopotamus amphibius chimpanzee chimp Pan troglodytes Komodo dragon Komodo lizard dragon lizard giant lizard Varanus komodoensis common iguana iguana Iguana iguana Arabian camel dromedary Camelus dromedarius orangutan orang orangutang Pongo pygmaeus
1104	0	39960137663	gar garfish garpike billfish Lepisosteus osseus thunder snake worm snake Carphophis amoenus common newt Triturus vulgaris slug whiptail whiptail lizard grasshopper hopper eel sturgeon coho cohoe coho salmon blue jack silver salmon Oncorhynchus kisutch ocarina sweet potato
1105	1	17245119429	pajama pyjama pj's jammies jean blue jean denim sock velvet Band Aid brassiere bra bandeau miniskirt mini hand blower blow dryer blow drier hair dryer hair drier studio couch day bed perfume essence
1106	1	26588191489	bikini two-piece maillot brassiere bra bandeau maillot tank suit miniskirt mini sarong volleyball tub vat gown bathing cap swimming cap
1107	0	16685915265	lion king of beasts Panthera leo macaque lynx catamount Norwich terrier cougar puma catamount mountain lion painter panther Felis concolor clumber clumber spaniel brown bear bruin Ursus arctos leopard Panthera pardus Sussex spaniel wombat
1108	1	26632640842	brassiere bra bandeau bikini two-piece maillot wig sarong gown maillot tank suit hoopskirt crinoline face powder bath towel
1109	1	48591188736	bikini two-piece brassiere bra bandeau maillot maillot tank suit miniskirt mini diaper nappy napkin tub vat fur coat feather boa boa Band Aid
1110	1	51047949091	water bottle syringe nipple pop bottle soda bottle water jug beaker perfume essence oxygen mask ice lolly lolly lollipop popsicle bubble
1111	1	50272743572	dumbbell barbell miniskirt mini parallel bars bars jean blue jean denim crutch maillot vacuum vacuum cleaner tripod punching bag punch bag punching ball punchball
1112	0	17071115109	jean blue jean denim stage miniskirt mini book jacket dust cover dust jacket dust wrapper punching bag punch bag punching ball punchball swab swob mop cash machine cash dispenser automated teller machine automatic teller machine automated teller automatic teller ATM spotlight spot torch caldron cauldron
1113	1	15159755599	cellular telephone cellular phone cellphone cell mobile phone tub vat notebook notebook computer cup bathtub bathing tub bath tub remote control remote iPod laptop laptop computer crossword puzzle crossword dial telephone dial phone
1114	1	7884365214	hair spray Kerry blue terrier grand piano grand Bouvier des Flandres Bouviers des Flandres giant schnauzer hand blower blow dryer blow drier hair dryer hair drier cello violoncello projector bath towel television television system
1115	1	49768589463	harmonica mouth organ harp mouth harp Band Aid cellular telephone cellular phone cellphone cell mobile phone Weimaraner vizsla Hungarian pointer microphone mike Rhodesian ridgeback loupe jeweler's loupe bloodhound sleuthhound cowboy hat ten-gallon hat
1116	1	43781411011	diaper nappy napkin bath towel sunscreen sunblock sun blocker lotion nipple Band Aid dough brassiere bra bandeau bikini two-piece face powder
1117	1	48727247612	brassiere bra bandeau bikini two-piece maillot sarong miniskirt mini maillot tank suit pole cowboy boot wig bow tie bow-tie bowtie
1118	0	26653886219	hartebeest redbone gazelle impala Aepyceros melampus bloodhound sleuthhound basset basset hound ox sorrel Arabian camel dromedary Camelus dromedarius lion king of beasts Panthera leo
1119	1	38770899314	hermit crab conch lotion potter's wheel boa constrictor Constrictor constrictor loupe jeweler's loupe harmonica mouth organ harp mouth harp dough Dungeness crab Cancer magister ice cream icecream
1120	0	49455863172	worm fence snake fence snake-rail fence Virginia fence turnstile rocking chair rocker lakeside lakeshore picket fence paling bannister banister balustrade balusters handrail megalith megalithic structure pier dock dockage docking facility barn
1121	0	45636741694	hummingbird bee eater jacamar indigo bunting indigo finch indigo bird Passerina cyanea lorikeet goldfinch Carduelis carduelis peacock house finch linnet Carpodacus mexicanus brambling Fringilla montifringilla hair slide
1122	1	41898164720	binoculars field glasses opera glasses cowboy hat ten-gallon hat harmonica mouth organ harp mouth harp cellular telephone cellular phone cellphone cell mobile phone reflex camera military uniform crash helmet sunglasses dark glasses shades sunglass rifle
1123	0	33789848488	dhole Cuon alpinus red fox Vulpes vulpes red wolf maned wolf Canis rufus Canis niger kit fox Vulpes macrotis orangutan orang orangutang Pongo pygmaeus grey fox gray fox Urocyon cinereoargenteus weasel dingo warrigal warragal Canis dingo coyote prairie wolf brush wolf Canis latrans mink
1124	0	47949954143	park bench barrow garden cart lawn cart wheelbarrow ashcan trash can garbage can wastebin ash bin ash-bin ashbin dustbin trash barrel trash bin crate garbage truck dustcart television television system chest half track stretcher barrel cask
1125	0	28794821837	gong tam-tam toilet seat bannister banister balustrade balusters handrail bell cote bell cot sundial scale weighing machine chime bell gong planetarium stage unicycle monocycle
1126	0	50344250687	goldfish Carassius auratus tench Tinca tinca coho cohoe coho salmon blue jack silver salmon Oncorhynchus kisutch barracouta snoek gar garfish garpike billfish Lepisosteus osseus puffer pufferfish blowfish globefish sturgeon eel scuba diver rock beauty Holocanthus tricolor
1127	1	47256848962	comic book book jacket dust cover dust jacket dust wrapper envelope jigsaw puzzle pillow handkerchief hankie hanky hankey menu jersey T-shirt tee shirt shower curtain packet
1128	1	50973530438	microphone mike hair spray harmonica mouth organ harp mouth harp book jacket dust cover dust jacket dust wrapper comic book oboe hautboy hautbois bow tie bow-tie bowtie sax saxophone bassoon Band Aid
1129	1	48151157501	maillot maillot tank suit miniskirt mini velvet jean blue jean denim brassiere bra bandeau bathing cap swimming cap balance beam beam bikini two-piece gown
1130	1	48032307218	pajama pyjama pj's jammies sunglasses dark glasses shades maillot tank suit sunglass maillot sarong gown hoopskirt crinoline feather boa boa bow tie bow-tie bowtie
1131	1	36511196110	medicine chest medicine cabinet washbasin handbasin washbowl lavabo wash-hand basin soap dispenser bathtub bathing tub bath tub toilet seat shower curtain wardrobe closet press barbershop hand blower blow dryer blow drier hair dryer hair drier tub vat
1132	1	6372989747	gown sarong bikini two-piece maillot brassiere bra bandeau overskirt miniskirt mini hoopskirt crinoline maillot tank suit perfume essence
1133	1	32048949887	potter's wheel butcher shop meat market fountain rotisserie orangutan orang orangutang Pongo pygmaeus caldron cauldron stove wok chimpanzee chimp Pan troglodytes hot pot hotpot
1134	1	50306571368	tick Band Aid ice lolly lolly lollipop popsicle ant emmet pismire tub vat safety pin axolotl mud puppy Ambystoma mexicanum thunder snake worm snake Carphophis amoenus wooden spoon cockroach roach
1135	0	51116963095	fur coat trench coat gasmask respirator gas helmet teddy teddy bear binoculars field glasses opera glasses crutch cloak mask tripod pajama pyjama pj's jammies
1136	0	40153790512	prison prison house switch electric switch electrical switch vault padlock cannon cliff dwelling stove bannister banister balustrade balusters handrail washbasin handbasin washbowl lavabo wash-hand basin washer automatic washer washing machine
1137	1	38727234121	bikini two-piece brassiere bra bandeau lipstick lip rouge perfume essence ice lolly lolly lollipop popsicle maillot wig dumbbell harmonica mouth organ harp mouth harp bathtub bathing tub bath tub
1138	1	15580019016	sunglass sunglasses dark glasses shades bathing cap swimming cap swimming trunks bathing trunks bikini two-piece maillot maillot tank suit sunscreen sunblock sun blocker stage volleyball
1139	0	49254981707	dock dockage docking facility pier breakwater groin groyne mole bulwark seawall jetty lakeside lakeshore pelican pole park bench seashore coast seacoast sea-coast balance beam beam bannister banister balustrade balusters handrail
1140	0	37699718624	lionfish coral reef bee vase sea slug nudibranch sea anemone anemone monarch monarch butterfly milkweed butterfly Danaus plexippus coral fungus ant emmet pismire jellyfish
1141	0	32233358891	pelican snorkel hook claw parachute chute black swan Cygnus atratus lakeside lakeshore scuba diver scorpion swing seashore coast seacoast sea-coast
1142	1	50331708516	book jacket dust cover dust jacket dust wrapper comic book binder ring-binder television television system screen CRT screen monitor wallet billfold notecase pocketbook potter's wheel chimpanzee chimp Pan troglodytes cassette
1143	1	50443983881	butcher shop meat market potter's wheel toyshop plastic bag diaper nappy napkin jellyfish sunscreen sunblock sun blocker orangutan orang orangutang Pongo pygmaeus scale weighing machine conch
1144	0	50732593907	monastery church church building castle palace bell cote bell cot mosque vault triumphal arch altar dome
1145	0	50877951613	golf ball teddy teddy bear honeycomb dung beetle baseball sea urchin bonnet poke bonnet wool woolen woollen soccer ball bib
1146	0	44952882275	lipstick lip rouge flute transverse flute whistle cellular telephone cellular phone cellphone cell mobile phone oboe hautboy hautbois pick plectrum plectron cornet horn trumpet trump safety pin harmonica mouth organ harp mouth harp bubble
1147	0	7785220620	feather boa boa spotlight spot wig mask hair spray microphone mike perfume essence jack-o'-lantern book jacket dust cover dust jacket dust wrapper drumstick
1148	0	48131250578	fly dragonfly darning needle devil's darning needle sewing needle snake feeder snake doctor mosquito hawk skeeter hawk damselfly tiger beetle dung beetle lacewing lacewing fly leaf beetle chrysomelid ground beetle carabid beetle bee cicada cicala
1149	0	8940823776	cauliflower coral reef head cabbage coral fungus sea anemone anemone isopod artichoke globe artichoke jellyfish butcher shop meat market grocery store grocery food market market
1150	0	50812077091	revolver six-gun six-shooter holster rifle assault rifle assault gun corkscrew bottle screw violin fiddle hatchet syringe scabbard hand blower blow dryer blow drier hair dryer hair drier
1151	0	23067749159	shower curtain bathtub bathing tub bath tub tub vat washbasin handbasin washbowl lavabo wash-hand basin mosquito net stingray bassinet bath towel poncho shower cap
1152	1	30223817487	bath towel sweatshirt handkerchief hankie hanky hankey washbasin handbasin washbowl lavabo wash-hand basin bathtub bathing tub bath tub shower curtain fur coat wool woolen woollen window screen tray
1153	1	27521373837	leatherback turtle leatherback leathery turtle Dermochelys coriacea doormat welcome mat manhole cover bottlecap jigsaw puzzle jellyfish velvet shovel trilobite sandbar sand bar
1154	1	50852809662	caldron cauldron stage drumstick wok volcano steel drum hair spray potter's wheel gong tam-tam knee pad
1155	1	50291578341	tub vat sunglasses dark glasses shades sunglass bathtub bathing tub bath tub washbasin handbasin washbowl lavabo wash-hand basin shower curtain plunger plumber's helper jean blue jean denim dishwasher dish washer dishwashing machine syringe
1156	1	51223427018	bikini two-piece swimming trunks bathing trunks maillot bathing cap swimming cap maillot tank suit sunscreen sunblock sun blocker snorkel sandbar sand bar seashore coast seacoast sea-coast sarong
1157	1	47100329641	window screen book jacket dust cover dust jacket dust wrapper window shade medicine chest medicine cabinet cellular telephone cellular phone cellphone cell mobile phone perfume essence lighter light igniter ignitor refrigerator icebox loupe jeweler's loupe television television system
1158	0	45388381341	totem pole hornbill mask jigsaw puzzle comic book macaw jack-o'-lantern bustard common iguana iguana Iguana iguana pole
1159	1	6934737332	stretcher park bench horse cart horse-cart jinrikisha ricksha rickshaw military uniform sax saxophone folding chair barrow garden cart lawn cart wheelbarrow crutch tricycle trike velocipede
1160	0	48645858792	web site website internet site site book jacket dust cover dust jacket dust wrapper comic book crane monitor alp mountain bike all-terrain bike off-roader plow plough harvester reaper seashore coast seacoast sea-coast
1161	0	47931794533	hartebeest Doberman Doberman pinscher Gordon setter bloodhound sleuthhound Rottweiler water buffalo water ox Asiatic buffalo Bubalus bubalis Greater Swiss Mountain dog Afghan hound Afghan Rhodesian ridgeback black-and-tan coonhound
1162	1	43460108594	sunglasses dark glasses shades sunglass rifle cellular telephone cellular phone cellphone cell mobile phone umbrella cowboy hat ten-gallon hat holster revolver six-gun six-shooter jean blue jean denim cowboy boot
1163	1	43279077224	dough Band Aid sandal Italian greyhound Chihuahua cowboy boot running shoe sock clog geta patten sabot potter's wheel
1164	0	28521172527	alp lakeside lakeshore valley vale geyser stone wall worm fence snake fence snake-rail fence Virginia fence seashore coast seacoast sea-coast cliff drop drop-off picket fence paling sandbar sand bar
1165	0	39883396824	park bench chainlink fence stone wall valley vale rapeseed buckeye horse chestnut conker lakeside lakeshore spider web spider's web maze labyrinth worm fence snake fence snake-rail fence Virginia fence
1166	0	37117231835	jean blue jean denim sunglasses dark glasses shades cowboy hat ten-gallon hat suspension bridge crutch cash machine cash dispenser automated teller machine automatic teller machine automated teller automatic teller ATM sunglass neck brace lakeside lakeshore moving van
1167	0	23439164729	snowplow snowplough alp snowmobile valley vale shovel ski lakeside lakeshore mobile home manufactured home minivan water ouzel dipper
1168	1	25679660411	Mexican hairless Weimaraner vizsla Hungarian pointer cowboy hat ten-gallon hat bull mastiff dumbbell hair spray Rhodesian ridgeback Great Dane boxer
1169	0	7595112978	hay worm fence snake fence snake-rail fence Virginia fence barn geyser megalith megalithic structure lakeside lakeshore balloon trailer truck tractor trailer trucking rig rig articulated lorry semi mobile home manufactured home radio telescope radio reflector
1170	0	50636438787	white stork Ciconia ciconia bald eagle American eagle Haliaeetus leucocephalus vulture water tower kite obelisk great grey owl great gray owl Strix nebulosa flagpole flagstaff sulphur-crested cockatoo Kakatoe galerita Cacatua galerita birdhouse
1171	0	48237938662	alp valley vale lakeside lakeshore geyser mountain tent barn viaduct mountain bike all-terrain bike off-roader stone wall cliff drop drop-off
1172	0	46581010222	barn water tower flagpole flagstaff park bench church church building Samoyed Samoyede worm fence snake fence snake-rail fence Virginia fence lakeside lakeshore beacon lighthouse beacon light pharos snowplow snowplough
1173	0	49648750937	alp stone wall volcano valley vale snowmobile lakeside lakeshore wing cliff drop drop-off beacon lighthouse beacon light pharos megalith megalithic structure
1174	1	7435119538	sunglasses dark glasses shades sunglass sandal brassiere bra bandeau maillot lipstick lip rouge clog geta patten sabot drumstick seat belt seatbelt bathing cap swimming cap
1175	1	33825685308	fountain pedestal plinth footstall breastplate aegis egis cuirass maillot brass memorial tablet plaque chain bannister banister balustrade balusters handrail balance beam beam abacus
1176	1	16203787686	volcano vault cliff dwelling caldron cauldron fire screen fireguard book jacket dust cover dust jacket dust wrapper scorpion Gila monster Heloderma suspectum triceratops cliff drop drop-off
1177	0	46453079662	matchstick drumstick spotlight spot wooden spoon hammer mouse computer mouse cup paintbrush syringe projector
1178	0	51009019305	forklift tractor trailer truck tractor trailer trucking rig rig articulated lorry semi tow truck tow car wrecker crane lawn mower mower snowplow snowplough guillotine harvester reaper lumbermill sawmill
1179	0	49957723326	comic book gas pump gasoline pump petrol pump island dispenser barbershop mountain bike all-terrain bike off-roader pay-phone pay-station cinema movie theater movie theatre movie house picture palace cash machine cash dispenser automated teller machine automatic teller machine automated teller automatic teller ATM moving van crate carton
1180	0	48773441888	pickup pickup truck sports car sport car convertible racer race car racing car car wheel amphibian amphibious vehicle grille radiator grille beach wagon station wagon wagon estate car beach waggon station waggon waggon golfcart golf cart cab hack taxi taxicab
1181	0	50194340677	trifle chocolate sauce chocolate syrup ice cream icecream strawberry bakery bakeshop bakehouse cup plate red wine strainer eggnog
1182	0	49079840642	packet book jacket dust cover dust jacket dust wrapper menu web site website internet site site lawn mower mower vacuum vacuum cleaner stopwatch stop watch mousetrap envelope mailbag postbag
1183	0	35675097383	castle megalith megalithic structure beacon lighthouse beacon light pharos alp bell cote bell cot thatch thatched roof cannon promontory headland head foreland lakeside lakeshore barn
1184	0	35675158303	totem pole megalith megalithic structure pedestal plinth footstall pole obelisk hook claw bell cote bell cot sundial breakwater groin groyne mole bulwark seawall jetty great grey owl great gray owl Strix nebulosa
1185	0	51173766897	banana lemon orange cucumber cuke acorn squash zucchini courgette pomegranate spaghetti squash pineapple ananas butternut squash
1186	0	6512135073	fig pomegranate buckeye horse chestnut conker acorn squash conch acorn bell pepper butternut squash hip rose hip rosehip vase
1187	0	51070955126	lemon orange teddy teddy bear slug sock starfish sea star coral fungus butternut squash pop bottle soda bottle hook claw
1188	0	35657078586	throne barber chair park bench lawn mower mower rocking chair rocker jinrikisha ricksha rickshaw velvet ashcan trash can garbage can wastebin ash bin ash-bin ashbin dustbin trash barrel trash bin palace pedestal plinth footstall
1189	1	34771361756	sunglasses dark glasses shades sunglass maillot tank suit maillot birdhouse bathing cap swimming cap plunger plumber's helper bow tie bow-tie bowtie ocarina sweet potato mask
1190	1	19175598682	swimming trunks bathing trunks bathing cap swimming cap cowboy hat ten-gallon hat sunscreen sunblock sun blocker diaper nappy napkin shower cap dumbbell bath towel punching bag punch bag punching ball punchball tub vat
1191	1	50746404668	hoopskirt crinoline gown maillot overskirt maillot tank suit crutch bikini two-piece brassiere bra bandeau cardigan pajama pyjama pj's jammies
1192	0	50379196032	dumbbell coil spiral volute whorl helix barbell lens cap lens cover CD player tape player loudspeaker speaker speaker unit loudspeaker system speaker system hard disc hard disk fixed disk electric fan blower disk brake disc brake
1193	0	50685965941	cardigan miniskirt mini suit suit of clothes fur coat stole bow tie bow-tie bowtie jean blue jean denim groom bridegroom wool woolen woollen sweatshirt
1194	0	50640513961	prairie chicken prairie grouse prairie fowl ruffed grouse partridge Bonasa umbellus partridge cock hen armadillo kite quail black grouse vulture
1195	0	50639752648	Indian elephant Elephas maximus tusker African elephant Loxodonta africana water buffalo water ox Asiatic buffalo Bubalus bubalis warthog triceratops zebra ox wild boar boar Sus scrofa lion king of beasts Panthera leo
1196	1	50393274478	horizontal bar high bar safety pin syringe mask nematode nematode worm roundworm Band Aid Weimaraner eel parallel bars bars paintbrush
1197	1	50257703416	bikini two-piece maillot maillot tank suit bathing cap swimming cap sunscreen sunblock sun blocker sunglasses dark glasses shades bath towel swimming trunks bathing trunks sarong sunglass
1198	0	49021474462	pick plectrum plectron jellyfish nematode nematode worm roundworm lacewing lacewing fly electric ray crampfish numbfish torpedo drumstick lycaenid lycaenid butterfly radio telescope radio reflector microphone mike matchstick
1199	1	49913740087	jersey T-shirt tee shirt ice lolly lolly lollipop popsicle stage umbrella bubble drumstick sweatshirt Band Aid cowboy hat ten-gallon hat pinwheel
1200	1	47400057701	sleeping bag Weimaraner Italian greyhound shower cap Chihuahua swimming trunks bathing trunks Band Aid Siamese cat Siamese syringe quilt comforter comfort puff
1201	0	33646353778	dumbbell barbell binoculars field glasses opera glasses chain cannon rifle tripod barrel cask reel padlock
1202	1	46559947024	cloak tub vat mosquito net spotlight spot sleeping bag bathtub bathing tub bath tub theater curtain theatre curtain grand piano grand hoopskirt crinoline shower curtain
1203	1	45508327142	diaper nappy napkin brassiere bra bandeau wig maillot bikini two-piece bow tie bow-tie bowtie teddy teddy bear swimming trunks bathing trunks knee pad mask
1204	0	45966535792	racer race car racing car harvester reaper thresher thrasher threshing machine snowmobile tow truck tow car wrecker lawn mower mower cab hack taxi taxicab tractor bannister banister balustrade balusters handrail crane
1205	0	38094710384	Model T pickup pickup truck car wheel tow truck tow car wrecker racer race car racing car convertible sports car sport car limousine limo half track fire engine fire truck
1206	0	33789231153	web site website internet site site menu envelope screw rifle revolver six-gun six-shooter sewing machine space bar comic book iron smoothing iron
1207	0	51091001291	clog geta patten sabot sandal running shoe bib holster muzzle diaper nappy napkin jigsaw puzzle scale weighing machine padlock
1208	0	50281456631	miniskirt mini hoopskirt crinoline overskirt velvet fur coat cowboy boot cuirass cloak cardigan umbrella
1209	1	49766272602	abaya perfume essence cloak Loafer gown velvet microphone mike brassiere bra bandeau sandal jean blue jean denim
1210	0	34347189623	web site website internet site site comic book menu book jacket dust cover dust jacket dust wrapper crossword puzzle crossword half track rifle tractor lawn mower mower bulletproof vest
1211	0	34217397063	lumbermill sawmill cowboy hat ten-gallon hat chain saw chainsaw gasmask respirator gas helmet crate bathing cap swimming cap jean blue jean denim sombrero worm fence snake fence snake-rail fence Virginia fence forklift
1212	0	34671195751	acorn Band Aid broccoli rapeseed fig ping-pong ball bubble sunscreen sunblock sun blocker loupe jeweler's loupe buckeye horse chestnut conker
1213	0	27218828183	daisy pineapple ananas corn earthstar ear spike capitulum knot acorn starfish sea star ant emmet pismire orange
1214	1	28316056703	horizontal bar high bar dumbbell volleyball barbell stage racket racquet basketball cornet horn trumpet trump cellular telephone cellular phone cellphone cell mobile phone pole
1215	0	26950946876	castle monastery prison prison house palace beacon lighthouse beacon light pharos lakeside lakeshore dam dike dyke church church building alp rapeseed
1216	1	20526772910	dumbbell bathtub bathing tub bath tub punching bag punch bag punching ball punchball tub vat swimming trunks bathing trunks bathing cap swimming cap binoculars field glasses opera glasses cowboy hat ten-gallon hat conch microphone mike
1217	1	16600940879	bathtub bathing tub bath tub tub vat Boston bull Boston terrier bath towel syringe Weimaraner Band Aid Siamese cat Siamese pug pug-dog badger
1218	1	9232952752	lipstick lip rouge bathing cap swimming cap wig mask shower cap perfume essence bonnet poke bonnet face powder sunscreen sunblock sun blocker feather boa boa
1219	1	9344568734	iPod bath towel toilet tissue toilet paper bathroom tissue lotion remote control remote tub vat nipple paper towel stethoscope pill bottle
1220	1	8925506040	maillot sock drumstick miniskirt mini knee pad microphone mike hair spray brassiere bra bandeau Band Aid breastplate aegis egis
1221	1	9084216156	lighter light igniter ignitor remote control remote spotlight spot syringe matchstick quilt comforter comfort puff Egyptian cat perfume essence studio couch day bed Band Aid
1222	1	9526764192	sarong swimming trunks bathing trunks gown kimono bathing cap swimming cap maillot brassiere bra bandeau miniskirt mini apron bikini two-piece
1223	0	8292530007	jack-o'-lantern church church building obelisk park bench picket fence paling worm fence snake fence snake-rail fence Virginia fence volcano barn lakeside lakeshore fountain
1224	0	7293879756	Band Aid microphone mike cellular telephone cellular phone cellphone cell mobile phone hair spray spotlight spot mask perfume essence harmonica mouth organ harp mouth harp ocarina sweet potato remote control remote
1225	0	7293879000	maillot jersey T-shirt tee shirt drumstick ballplayer baseball player maillot tank suit military uniform bathing cap swimming cap sarong baseball bearskin busby shako
1226	0	7997025489	sunglasses dark glasses shades sunglass lens cap lens cover bathing cap swimming cap brassiere bra bandeau loupe jeweler's loupe face powder radio wireless loudspeaker speaker speaker unit loudspeaker system speaker system whistle
1227	1	7596329288	umbrella spotlight spot stage gasmask respirator gas helmet microphone mike dumbbell cellular telephone cellular phone cellphone cell mobile phone sunglass fountain tripod
1228	1	7574649130	sliding door bookcase wardrobe closet press punching bag punch bag punching ball punchball cash machine cash dispenser automated teller machine automatic teller machine automated teller automatic teller ATM refrigerator icebox safe vending machine medicine chest medicine cabinet window shade
1229	1	6958180263	swimming trunks bathing trunks crutch mortarboard book jacket dust cover dust jacket dust wrapper cowboy hat ten-gallon hat drumstick bassoon trombone pedestal plinth footstall oboe hautboy hautbois
1230	0	6907738377	reflex camera Polaroid camera Polaroid Land camera tripod lens cap lens cover digital watch radio wireless cellular telephone cellular phone cellphone cell mobile phone backpack back pack knapsack packsack rucksack haversack binoculars field glasses opera glasses cassette player
1231	0	6363331651	rapeseed doormat welcome mat maze labyrinth manhole cover bottlecap cab hack taxi taxicab dishrag dishcloth prayer rug prayer mat skunk polecat wood pussy leatherback turtle leatherback leathery turtle Dermochelys coriacea
1232	0	51004940510	reel scale weighing machine stethoscope screwdriver stove carpenter's kit tool kit barometer paintbrush magnetic compass stopwatch stop watch
1233	0	50899270707	cloak abaya horizontal bar high bar ski mask mask stole poncho binoculars field glasses opera glasses velvet balance beam beam
1234	0	48952464257	altar vault jigsaw puzzle Dungeness crab Cancer magister king crab Alaska crab Alaskan king crab Alaska king crab Paralithodes camtschatica dome monastery church church building rock crab Cancer irroratus triumphal arch
1235	0	48667421893	stage electric guitar banjo drumstick acoustic guitar harmonica mouth organ harp mouth harp drum membranophone tympan maraca accordion piano accordion squeeze box microphone mike
1236	1	47829855381	hair spray fur coat perfume essence brassiere bra bandeau hand blower blow dryer blow drier hair dryer hair drier feather boa boa lipstick lip rouge seat belt seatbelt umbrella wig
1237	1	32941305338	swimming trunks bathing trunks bikini two-piece maillot sarong seashore coast seacoast sea-coast snorkel sunscreen sunblock sun blocker maillot tank suit sandbar sand bar lakeside lakeshore
1238	1	32621187908	tub vat miniskirt mini bassinet bathtub bathing tub bath tub cradle maillot brassiere bra bandeau crib cot pajama pyjama pj's jammies neck brace
1239	1	45565841411	wig hair spray mask paintbrush snorkel lab coat laboratory coat feather boa boa maillot pajama pyjama pj's jammies cellular telephone cellular phone cellphone cell mobile phone
1240	0	33516573588	bookshop bookstore bookstall cowboy hat ten-gallon hat barbershop mortarboard marimba xylophone grocery store grocery food market market steel drum bakery bakeshop bakehouse academic gown academic robe judge's robe library
1241	1	46183756295	swimming trunks bathing trunks sarong dumbbell bathing cap swimming cap punching bag punch bag punching ball punchball barbell maillot tub vat maillot tank suit bikini two-piece
1242	1	32278729258	velvet stole pajama pyjama pj's jammies gown cloak trench coat overskirt wig fur coat kimono
1243	0	42608303090	sleeping bag bath towel cloak sundial pedestal plinth footstall prayer rug prayer mat obelisk brass memorial tablet plaque swab swob mop sweatshirt
1244	1	42026678884	Band Aid bubble piggy bank penny bank syringe cup teapot pitcher ewer water jug paintbrush ice lolly lolly lollipop popsicle
1245	1	27872764567	lighter light igniter ignitor syringe perfume essence lipstick lip rouge Band Aid hair spray revolver six-gun six-shooter remote control remote bubble paintbrush
1246	1	42564808621	syringe Band Aid crossword puzzle crossword diaper nappy napkin nail screwdriver barbershop nipple sunscreen sunblock sun blocker laptop laptop computer
1247	0	40243630161	jersey T-shirt tee shirt sweatshirt cash machine cash dispenser automated teller machine automatic teller machine automated teller automatic teller ATM dumbbell jean blue jean denim scale weighing machine sliding door refrigerator icebox shower cap vending machine
1248	1	24006610528	swimming trunks bathing trunks hog pig grunter squealer Sus scrofa bikini two-piece bathing cap swimming cap book jacket dust cover dust jacket dust wrapper swing Indian elephant Elephas maximus parallel bars bars pole maillot tank suit
1249	0	38819998801	racer race car racing car cab hack taxi taxicab park bench minivan mobile home manufactured home recreational vehicle RV R.V. convertible ambulance mountain tent trolleybus trolley coach trackless trolley
1250	1	50097771976	violin fiddle cello violoncello acoustic guitar vacuum vacuum cleaner electric guitar microphone mike bassoon stage pick plectrum plectron table lamp
1251	1	49980574893	bearskin busby shako clog geta patten sabot cowboy boot ocarina sweet potato Loafer military uniform cornet horn trumpet trump ballplayer baseball player shoe shop shoe-shop shoe store baseball
1252	0	50899017107	Arabian camel dromedary Camelus dromedarius sandbar sand bar bikini two-piece seashore coast seacoast sea-coast maillot volleyball swimming trunks bathing trunks maillot tank suit sunscreen sunblock sun blocker Great Dane
1253	0	51151237004	trailer truck tractor trailer trucking rig rig articulated lorry semi garbage truck dustcart tow truck tow car wrecker snowplow snowplough moving van mobile home manufactured home fire engine fire truck tractor crane recreational vehicle RV R.V.
1254	0	49977706536	car mirror sunglass sunglasses dark glasses shades convertible pickup pickup truck beach wagon station wagon wagon estate car beach waggon station waggon waggon sports car sport car jeep landrover minivan limousine limo
1255	1	48715639858	Band Aid Weimaraner potter's wheel harmonica mouth organ harp mouth harp syringe dumbbell prison prison house nail cornet horn trumpet trump hammer
1256	1	46494463511	microphone mike harmonica mouth organ harp mouth harp cellular telephone cellular phone cellphone cell mobile phone trench coat basketball spotlight spot pajama pyjama pj's jammies sax saxophone Band Aid bow tie bow-tie bowtie
1257	0	44504702520	wig hair spray fur coat spotlight spot cloak mask window shade perfume essence brassiere bra bandeau matchstick
1258	0	43927814852	swimming trunks bathing trunks bathing cap swimming cap maillot tank suit bikini two-piece maillot binoculars field glasses opera glasses sandbar sand bar seashore coast seacoast sea-coast snorkel sunglasses dark glasses shades
1259	1	50258010293	swimming trunks bathing trunks sandbar sand bar seashore coast seacoast sea-coast snorkel sunscreen sunblock sun blocker bathing cap swimming cap sarong maillot starfish sea star maillot tank suit
1260	0	50202695568	table lamp lampshade lamp shade spotlight spot wig hoopskirt crinoline cloak throne chain mail ring mail mail chain armor chain armour ring armor ring armour oboe hautboy hautbois altar
1261	0	41353930220	barbershop cinema movie theater movie theatre movie house picture palace slot one-armed bandit confectionery confectionary candy store scoreboard tobacco shop tobacconist shop tobacconist comic book restaurant eating house eating place eatery beer bottle grocery store grocery food market market
1262	1	16328099791	bow tie bow-tie bowtie maraca necklace drumstick feather boa boa brassiere bra bandeau swimming trunks bathing trunks sarong maillot tank suit pajama pyjama pj's jammies
1263	0	29933923031	bow shopping basket groom bridegroom balloon corn ear spike capitulum violin fiddle toyshop oxygen mask hamper
1264	0	32757277147	American egret great white heron Egretta albus spoonbill pelican crane little blue heron Egretta caerulea lakeside lakeshore flamingo albatross mollymawk black stork Ciconia nigra hammerhead hammerhead shark
1265	1	50654340478	perfume essence book jacket dust cover dust jacket dust wrapper comic book night snake Hypsiglena torquata Windsor tie stole mask necklace teddy teddy bear tobacco shop tobacconist shop tobacconist
1266	1	9344599568	sliding door window shade ox tabby tabby cat television television system water buffalo water ox Asiatic buffalo Bubalus bubalis window screen shoji quilt comforter comfort puff studio couch day bed
1267	1	46705517114	swimming trunks bathing trunks dumbbell boxer vizsla Hungarian pointer Rhodesian ridgeback cowboy hat ten-gallon hat American Staffordshire terrier Staffordshire terrier American pit bull terrier pit bull terrier spotlight spot Staffordshire bullterrier Staffordshire bull terrier Great Dane
1268	1	50815327621	lighter light igniter ignitor harmonica mouth organ harp mouth harp iPod cellular telephone cellular phone cellphone cell mobile phone modem pencil box pencil case ballpoint ballpoint pen ballpen Biro carpenter's kit tool kit hard disc hard disk fixed disk fountain pen
1269	1	49067834937	sock cowboy boot jean blue jean denim Loafer parallel bars bars balance beam beam clog geta patten sabot knee pad velvet horizontal bar high bar
1270	1	51099370963	lipstick lip rouge face powder microphone mike ballpoint ballpoint pen ballpen Biro lighter light igniter ignitor syringe projectile missile hair spray Band Aid mortar
1271	1	49043493888	stethoscope tennis ball syringe bathtub bathing tub bath tub tub vat bath towel ping-pong ball bathing cap swimming cap lighter light igniter ignitor binoculars field glasses opera glasses
1272	1	51098456912	maillot miniskirt mini maillot tank suit sunglass bathing cap swimming cap swimming trunks bathing trunks bikini two-piece sunglasses dark glasses shades sunscreen sunblock sun blocker snorkel
1273	1	50907932918	swimming trunks bathing trunks miniskirt mini diaper nappy napkin dumbbell bath towel maillot sunscreen sunblock sun blocker bathing cap swimming cap racket racquet bathtub bathing tub bath tub
1274	1	49136867567	acoustic guitar cowboy hat ten-gallon hat gasmask respirator gas helmet spotlight spot punching bag punch bag punching ball punchball syringe brassiere bra bandeau washer automatic washer washing machine Petri dish sombrero
1275	1	51098132516	lipstick lip rouge ice lolly lolly lollipop popsicle syringe lighter light igniter ignitor whistle matchstick bubble candle taper wax light screwdriver ping-pong ball
1276	1	39656722593	tricycle trike velocipede bicycle-built-for-two tandem bicycle tandem mountain bike all-terrain bike off-roader jinrikisha ricksha rickshaw unicycle monocycle barrow garden cart lawn cart wheelbarrow turnstile moped sandal crutch
1277	1	39656723253	swimming trunks bathing trunks bathing cap swimming cap maillot tank suit maillot umbrella bikini two-piece miniskirt mini sombrero sunscreen sunblock sun blocker vizsla Hungarian pointer
1278	1	49336863446	bikini two-piece umbrella tub vat maillot tank suit bath towel hair spray mosquito net maillot brassiere bra bandeau sunglasses dark glasses shades
1279	1	40758156253	acoustic guitar microphone mike pick plectrum plectron electric guitar harmonica mouth organ harp mouth harp stage banjo drumstick violin fiddle lipstick lip rouge
1280	1	42438551940	pole bikini two-piece brassiere bra bandeau maillot torch maillot tank suit dumbbell microphone mike spotlight spot gasmask respirator gas helmet
1281	1	43808152841	brassiere bra bandeau bikini two-piece maillot book jacket dust cover dust jacket dust wrapper perfume essence miniskirt mini maillot tank suit gown hoopskirt crinoline comic book
1282	1	50602559862	bow tie bow-tie bowtie brassiere bra bandeau book jacket dust cover dust jacket dust wrapper bathtub bathing tub bath tub maillot tank suit gown mask wig tub vat maillot
1283	1	50326555623	red wine paintbrush mask lipstick lip rouge ice lolly lolly lollipop popsicle wine bottle beer glass hourglass bow tie bow-tie bowtie cup
1284	1	24218464257	miniskirt mini maillot sandal Band Aid bathtub bathing tub bath tub maillot tank suit shower cap bathing cap swimming cap bikini two-piece brassiere bra bandeau
1285	1	49601372448	miniskirt mini maillot maillot tank suit brassiere bra bandeau bikini two-piece feather boa boa sock hoopskirt crinoline sandal wig
1286	0	49000811747	maze labyrinth sundial library cinema movie theater movie theatre movie house picture palace bookshop bookstore bookstall street sign planetarium bakery bakeshop bakehouse flagpole flagstaff monastery
1287	1	48799922258	stage electric guitar spotlight spot microphone mike restaurant eating house eating place eatery maraca drumstick accordion piano accordion squeeze box harmonica mouth organ harp mouth harp violin fiddle
1288	1	48689678632	carton laptop laptop computer screen CRT screen stage jersey T-shirt tee shirt monitor vacuum vacuum cleaner gas pump gasoline pump petrol pump island dispenser projector vending machine
1289	1	49317268018	conch earthstar hen-of-the-woods hen of the woods Polyporus frondosus Grifola frondosa mushroom leatherback turtle leatherback leathery turtle Dermochelys coriacea rock crab Cancer irroratus fig volcano coral reef gyromitra
1290	1	48718330691	restaurant eating house eating place eatery pool table billiard table snooker table fire engine fire truck laptop laptop computer altar ping-pong ball candle taper wax light pajama pyjama pj's jammies stage lab coat laboratory coat
1291	0	41708562410	envelope handkerchief hankie hanky hankey tray menu book jacket dust cover dust jacket dust wrapper packet paper towel shower curtain dough rubber eraser rubber pencil eraser
1292	1	13065461395	necklace chain chain mail ring mail mail chain armor chain armour ring armor ring armour cowboy hat ten-gallon hat perfume essence bathing cap swimming cap bikini two-piece wig sunscreen sunblock sun blocker military uniform
1293	1	51184372181	brassiere bra bandeau bikini two-piece maillot sandal maillot tank suit pajama pyjama pj's jammies miniskirt mini sarong gown sunscreen sunblock sun blocker
1294	0	50637783452	sunglasses dark glasses shades sunglass washbasin handbasin washbowl lavabo wash-hand basin cup frying pan frypan skillet scale weighing machine face powder radio wireless coffee mug bucket pail
1295	1	49819794882	digital watch muzzle fur coat pill bottle gasmask respirator gas helmet llama stopwatch stop watch rule ruler koala koala bear kangaroo bear native bear Phascolarctos cinereus bath towel
1296	1	50337196202	burrito television television system cellular telephone cellular phone cellphone cell mobile phone pajama pyjama pj's jammies remote control remote diaper nappy napkin sewing machine confectionery confectionary candy store toyshop home theater home theatre
1297	1	15414894806	bathing cap swimming cap swimming trunks bathing trunks bikini two-piece knee pad maillot sunglass volleyball sunglasses dark glasses shades neck brace bearskin busby shako
1298	0	5870477263	sports car sport car car wheel convertible racer race car racing car beach wagon station wagon wagon estate car beach waggon station waggon waggon grille radiator grille minivan crash helmet miniskirt mini limousine limo
1299	0	5864309564	jean blue jean denim miniskirt mini shoe shop shoe-shop shoe store sunglass minibus sunglasses dark glasses shades bullet train bullet cash machine cash dispenser automated teller machine automatic teller machine automated teller automatic teller ATM jersey T-shirt tee shirt neck brace
1300	1	5864078440	jersey T-shirt tee shirt miniskirt mini sweatshirt cellular telephone cellular phone cellphone cell mobile phone sunglasses dark glasses shades sunglass cash machine cash dispenser automated teller machine automatic teller machine automated teller automatic teller ATM neck brace jean blue jean denim crutch
1301	0	38449036925	macaque baboon guenon guenon monkey patas hussar monkey Erythrocebus patas langur proboscis monkey Nasalis larvatus capuchin ringtail Cebus capucinus spider monkey Ateles geoffroyi colobus colobus monkey squirrel monkey Saimiri sciureus
1302	0	8089601824	garden spider Aranea diademata barn spider Araneus cavaticus black and gold garden spider Argiope aurantia spider web spider's web wolf spider hunting spider harvestman daddy longlegs Phalangium opilio black widow Latrodectus mactans tick bee tarantula
1303	0	51066027261	binoculars field glasses opera glasses loupe jeweler's loupe reflex camera lens cap lens cover sunglass sunglasses dark glasses shades rifle tripod gasmask respirator gas helmet projector
1304	0	50973418011	wig buckle bow tie bow-tie bowtie sunscreen sunblock sun blocker bolo tie bolo bola tie bola coffee mug cellular telephone cellular phone cellphone cell mobile phone microphone mike goblet beer glass
1305	1	40075482323	sea lion otter platypus duckbill duckbilled platypus duck-billed platypus Ornithorhynchus anatinus hippopotamus hippo river horse Hippopotamus amphibius Egyptian cat tabby tabby cat beaver wombat cougar puma catamount mountain lion painter panther Felis concolor stingray
1306	0	30127113955	sports car sport car racer race car racing car pickup pickup truck convertible cab hack taxi taxicab torch ambulance car wheel grille radiator grille golfcart golf cart
1307	0	50947966128	cliff drop drop-off geyser fountain albatross mollymawk swimming trunks bathing trunks volcano beacon lighthouse beacon light pharos bikini two-piece alp megalith megalithic structure
1308	1	50226497676	great white shark white shark man-eater man-eating shark Carcharodon carcharias tiger shark Galeocerdo cuvieri grey whale gray whale devilfish Eschrichtius gibbosus Eschrichtius robustus gar garfish garpike billfish Lepisosteus osseus hammerhead hammerhead shark sturgeon butcher shop meat market aircraft carrier carrier flattop attack aircraft carrier fountain loggerhead loggerhead turtle Caretta caretta
1309	0	16222197522	castle viaduct triumphal arch monastery palace mosque vault suspension bridge bell cote bell cot steel arch bridge
1310	1	47724790011	bathtub bathing tub bath tub tub vat bath towel shower curtain washbasin handbasin washbowl lavabo wash-hand basin brassiere bra bandeau hand blower blow dryer blow drier hair dryer hair drier strainer medicine chest medicine cabinet refrigerator icebox
1311	1	38145496161	doormat welcome mat street sign book jacket dust cover dust jacket dust wrapper pick plectrum plectron bottlecap lighter light igniter ignitor traffic light traffic signal stoplight puck hockey puck packet envelope
1312	1	40135485920	comic book bikini two-piece book jacket dust cover dust jacket dust wrapper miniskirt mini velvet maillot toyshop maillot tank suit hair spray wig
1313	1	26909891319	brassiere bra bandeau maillot bikini two-piece miniskirt mini wig sarong maillot tank suit gown feather boa boa hair spray
1314	1	9475484216	wig necklace gown perfume essence jean blue jean denim maillot brassiere bra bandeau stole mask bow tie bow-tie bowtie
1315	0	51116584665	volcano alp ant emmet pismire megalith megalithic structure stone wall cliff drop drop-off redshank Tringa totanus quail ptarmigan bighorn bighorn sheep cimarron Rocky Mountain bighorn Rocky Mountain sheep Ovis canadensis
1316	0	42596346414	prison prison house bookshop bookstore bookstall bannister banister balustrade balusters handrail swab swob mop lumbermill sawmill streetcar tram tramcar trolley trolley car coil spiral volute whorl helix chainlink fence padlock tobacco shop tobacconist shop tobacconist
1317	0	6167297503	pole shovel totem pole trombone wreck swab swob mop chest oboe hautboy hautbois submarine pigboat sub U-boat unicycle monocycle
1318	0	48777876233	daisy pot flowerpot cardoon picket fence paling pineapple ananas birdhouse artichoke globe artichoke vase American chameleon anole Anolis carolinensis banana
1319	0	46982534885	jackfruit jak jack custard apple hotdog hot dog red hot grocery store grocery food market market pineapple ananas ear spike capitulum bakery bakeshop bakehouse Dungeness crab Cancer magister corn banana
1320	0	34000111948	cowboy boot doormat welcome mat sandal ashcan trash can garbage can wastebin ash bin ash-bin ashbin dustbin trash barrel trash bin hook claw running shoe parking meter saltshaker salt shaker shoe shop shoe-shop shoe store Loafer
1321	1	51143181777	barbershop bookshop bookstore bookstall tobacco shop tobacconist shop tobacconist restaurant eating house eating place eatery bakery bakeshop bakehouse cinema movie theater movie theatre movie house picture palace prison prison house thatch thatched roof cash machine cash dispenser automated teller machine automatic teller machine automated teller automatic teller ATM doormat welcome mat
1322	0	50535966581	barbershop sliding door tobacco shop tobacconist shop tobacconist crutch barber chair restaurant eating house eating place eatery bookshop bookstore bookstall passenger car coach carriage streetcar tram tramcar trolley trolley car turnstile
1323	0	40205512971	coil spiral volute whorl helix iPod vase chambered nautilus pearly nautilus nautilus dome necklace Airedale Airedale terrier chime bell gong birdhouse sea anemone anemone
1324	0	41773271470	nipple bonnet poke bonnet diaper nappy napkin bib cradle water bottle bassinet oxygen mask ice lolly lolly lollipop popsicle bubble
1325	1	50769287478	maillot tank suit maillot bikini two-piece sarong brassiere bra bandeau wig gown lakeside lakeshore sunscreen sunblock sun blocker bathing cap swimming cap
1326	0	44451406920	cockroach roach rhinoceros beetle syringe book jacket dust cover dust jacket dust wrapper tobacco shop tobacconist shop tobacconist rifle mousetrap screwdriver revolver six-gun six-shooter honeycomb
1327	0	48242908491	spotlight spot torch wig stage matchstick cloak microphone mike hair spray drumstick theater curtain theatre curtain
1328	1	50109110692	bikini two-piece maillot maillot tank suit brassiere bra bandeau miniskirt mini sunscreen sunblock sun blocker bathing cap swimming cap swimming trunks bathing trunks sunglass sandal
1329	1	48641332531	comic book book jacket dust cover dust jacket dust wrapper web site website internet site site menu envelope jersey T-shirt tee shirt jigsaw puzzle pick plectrum plectron ski mask electric guitar
1330	1	7669551412	bath towel jersey T-shirt tee shirt dumbbell swimming trunks bathing trunks sweatshirt parallel bars bars maillot tank suit maillot diaper nappy napkin crutch
1331	1	49588645468	maillot miniskirt mini maillot tank suit pajama pyjama pj's jammies sarong bikini two-piece gown brassiere bra bandeau wig abaya
1332	1	24377348608	fur coat stole sunglasses dark glasses shades sunglass pajama pyjama pj's jammies kimono jean blue jean denim wool woolen woollen trench coat cardigan
1333	0	31100626924	Border collie collie Shetland sheepdog Shetland sheep dog Shetland Leonberg papillon Brittany spaniel groenendael Bernese mountain dog Great Pyrenees Newfoundland Newfoundland dog
1334	0	51045020882	loupe jeweler's loupe cellular telephone cellular phone cellphone cell mobile phone paintbrush remote control remote punching bag punch bag punching ball punchball beaker crossword puzzle crossword Band Aid pill bottle ballplayer baseball player
1335	0	50649921381	gasmask respirator gas helmet mask reflex camera oxygen mask brassiere bra bandeau washer automatic washer washing machine microphone mike syringe spotlight spot lens cap lens cover
1336	0	48895905272	park bench ashcan trash can garbage can wastebin ash bin ash-bin ashbin dustbin trash barrel trash bin guillotine tub vat brass memorial tablet plaque bannister banister balustrade balusters handrail cannon lumbermill sawmill sundial patio terrace
1337	0	48599719512	racket racquet basketball puck hockey puck volleyball ping-pong ball knee pad tennis ball horizontal bar high bar soccer ball ballplayer baseball player
1338	0	48599704977	volleyball knee pad basketball barbell puck hockey puck racket racquet unicycle monocycle balance beam beam soccer ball dumbbell
1339	0	48585616831	volleyball knee pad ping-pong ball racket racquet soccer ball ballplayer baseball player tennis ball rugby ball baseball basketball
1340	1	47679930921	revolver six-gun six-shooter assault rifle assault gun rifle holster power drill bow tripod violin fiddle military uniform reel
1341	0	43536817975	chocolate sauce chocolate syrup coffee mug oil filter whiskey jug beer bottle carton book jacket dust cover dust jacket dust wrapper candle taper wax light crate hamper
1342	0	41871862725	corkscrew bottle screw screw barbell letter opener paper knife paperknife syringe strainer can opener tin opener chain hook claw nail
1343	1	50860809241	syringe corkscrew bottle screw screwdriver barbell letter opener paper knife paperknife rubber eraser rubber pencil eraser pencil sharpener dumbbell power drill carpenter's kit tool kit
1344	0	17181772408	park bench viaduct cannon pole bannister banister balustrade balusters handrail megalith megalithic structure castle obelisk flagpole flagstaff missile
1345	0	49906238332	Polaroid camera Polaroid Land camera reflex camera lens cap lens cover projector CD player radio wireless tape player tripod cassette player loudspeaker speaker speaker unit loudspeaker system speaker system
1346	1	36431921125	wig abaya mortarboard hair slide mask umbrella academic gown academic robe judge's robe shower cap bathing cap swimming cap bikini two-piece
1347	0	29974239254	dumbbell jersey T-shirt tee shirt hair spray mortarboard barbershop miniskirt mini poncho barbell marimba xylophone ping-pong ball
1348	0	29323082033	gasmask respirator gas helmet loupe jeweler's loupe shield buckler binoculars field glasses opera glasses assault rifle assault gun crash helmet military uniform rifle oxygen mask bulletproof vest
1349	0	18716199918	thatch thatched roof buckeye horse chestnut conker patio terrace tile roof picket fence paling croquet ball park bench mobile home manufactured home jackfruit jak jack boathouse
1350	0	16910493437	barn church church building boathouse worm fence snake fence snake-rail fence Virginia fence mobile home manufactured home picket fence paling beacon lighthouse beacon light pharos radio telescope radio reflector alp water tower
1351	0	49906241922	Polaroid camera Polaroid Land camera reflex camera lens cap lens cover projector tripod tape player cassette player toaster cellular telephone cellular phone cellphone cell mobile phone radio wireless
1352	1	51053412671	syringe paintbrush bow drumstick violin fiddle screwdriver bubble plunger plumber's helper Petri dish Band Aid
1353	0	16449198865	volcano lakeside lakeshore alp monastery church church building dock dockage docking facility flagpole flagstaff mountain tent valley vale carousel carrousel merry-go-round roundabout whirligig
1354	0	47369735311	syringe hair spray face powder medicine chest medicine cabinet rubber eraser rubber pencil eraser sunscreen sunblock sun blocker lotion lipstick lip rouge rule ruler fountain pen
1355	0	50149483046	barn mobile home manufactured home boathouse picket fence paling church church building birdhouse window screen volcano beacon lighthouse beacon light pharos viaduct
1356	0	50078544131	beer bottle wine bottle red wine whiskey jug pop bottle soda bottle water bottle beer glass pill bottle eggnog perfume essence
1357	0	49796873467	reflex camera lens cap lens cover Polaroid camera Polaroid Land camera binoculars field glasses opera glasses tripod sunglass cellular telephone cellular phone cellphone cell mobile phone projector sunglasses dark glasses shades loupe jeweler's loupe
1358	0	40372919604	airliner warplane military plane wing space shuttle missile aircraft carrier carrier flattop attack aircraft carrier projectile missile airship dirigible parachute chute submarine pigboat sub U-boat
1359	0	35696243146	piggy bank penny bank saltshaker salt shaker pencil sharpener cup backpack back pack knapsack packsack rucksack haversack teddy teddy bear punching bag punch bag punching ball punchball lighter light igniter ignitor Polaroid camera Polaroid Land camera espresso maker
1360	0	31896727273	steel arch bridge pier suspension bridge palace church church building organ pipe organ fountain castle liner ocean liner vault
1361	0	31380632373	puck hockey puck broom racket racquet knee pad ski volleyball bow basketball ballplayer baseball player football helmet
1362	1	28510168294	military uniform pajama pyjama pj's jammies rifle assault rifle assault gun gasmask respirator gas helmet balance beam beam bulletproof vest stretcher tank army tank armored combat vehicle armoured combat vehicle half track
1363	0	21968928325	breastplate aegis egis cuirass chain mail ring mail mail chain armor chain armour ring armor ring armour mask feather boa boa shoe shop shoe-shop shoe store wig neck brace shield buckler maillot
1364	0	30289210623	beer bottle pop bottle soda bottle wine bottle saltshaker salt shaker lighter light igniter ignitor water bottle coffee mug rubber eraser rubber pencil eraser vending machine pill bottle
1365	0	32003577351	toyshop desk altar carousel carrousel merry-go-round roundabout whirligig maraca balloon comic book pool table billiard table snooker table rubber eraser rubber pencil eraser wall clock
1366	0	49650690732	French bulldog tabby tabby cat miniature schnauzer pug pug-dog silky terrier Sydney silky Staffordshire bullterrier Staffordshire bull terrier Norwegian elkhound elkhound standard schnauzer Scotch terrier Scottish terrier Scottie Lhasa Lhasa apso
1367	1	50725968278	breastplate aegis egis holster bulletproof vest cuirass hook claw mask lampshade lamp shade bathing cap swimming cap fire screen fireguard shield buckler
1368	0	46463212031	puck hockey puck football helmet ski bobsled bobsleigh bob toyshop crash helmet comic book ballplayer baseball player shoe shop shoe-shop shoe store go-kart
1369	0	29989416368	dumbbell barbell stethoscope safe punching bag punch bag punching ball punchball pole gasmask respirator gas helmet power drill can opener tin opener seat belt seatbelt
1370	1	41198480050	maillot bathing cap swimming cap bikini two-piece maillot tank suit paddle boat paddle volleyball snorkel pole swimming trunks bathing trunks sunscreen sunblock sun blocker
1371	1	35026512505	miniskirt mini maillot horizontal bar high bar sunglass cowboy boot sunglasses dark glasses shades swing pole umbrella running shoe
1372	1	9091685677	maillot bikini two-piece brassiere bra bandeau maillot tank suit swimming trunks bathing trunks sandbar sand bar sarong bathing cap swimming cap miniskirt mini snorkel
1373	0	7533019476	butcher shop meat market rotisserie cleaver meat cleaver chopper plate grocery store grocery food market market rock crab Cancer irroratus Dungeness crab Cancer magister hen-of-the-woods hen of the woods Polyporus frondosus Grifola frondosa king crab Alaska crab Alaskan king crab Alaska king crab Paralithodes camtschatica hog pig grunter squealer Sus scrofa
1374	1	48851445351	maillot sunscreen sunblock sun blocker swimming trunks bathing trunks maillot tank suit bikini two-piece miniskirt mini bathing cap swimming cap Italian greyhound volleyball sunglass
1375	1	25630907397	bikini two-piece maillot maillot tank suit swimming trunks bathing trunks seashore coast seacoast sea-coast sunscreen sunblock sun blocker bathing cap swimming cap sandbar sand bar snorkel diaper nappy napkin
1376	1	40265229971	maillot bikini two-piece maillot tank suit swimming trunks bathing trunks snorkel sunscreen sunblock sun blocker volleyball sandbar sand bar seashore coast seacoast sea-coast sarong
1377	1	40137181052	bikini two-piece swimming trunks bathing trunks maillot seashore coast seacoast sea-coast sarong snorkel maillot tank suit sunscreen sunblock sun blocker brassiere bra bandeau volleyball
1378	1	49333179832	Indian elephant Elephas maximus earthstar tusker teddy teddy bear megalith megalithic structure triceratops Arabian camel dromedary Camelus dromedarius bolete mortar mushroom
1379	1	32549849567	maillot tank suit maillot miniskirt mini bathing cap swimming cap bikini two-piece gasmask respirator gas helmet ski mask mask neck brace king penguin Aptenodytes patagonica
1380	1	32260001768	miniskirt mini maillot maillot tank suit sunglass sunglasses dark glasses shades bathing cap swimming cap sunscreen sunblock sun blocker bikini two-piece cowboy hat ten-gallon hat wig
1381	1	51009307122	swimming trunks bathing trunks sunscreen sunblock sun blocker shower cap punching bag punch bag punching ball punchball bathing cap swimming cap stethoscope harmonica mouth organ harp mouth harp bath towel hand blower blow dryer blow drier hair dryer hair drier dumbbell
1382	1	49799631503	bathing cap swimming cap military uniform ballplayer baseball player shower cap lab coat laboratory coat stretcher trench coat pickelhaube crash helmet stethoscope
1383	0	49597953372	barber chair barbershop desk toilet seat hand blower blow dryer blow drier hair dryer hair drier stretcher dining table board rocking chair rocker motor scooter scooter gas pump gasoline pump petrol pump island dispenser
1384	0	48820520193	greenhouse nursery glasshouse sliding door pop bottle soda bottle chime bell gong window screen church church building altar refrigerator icebox hummingbird restaurant eating house eating place eatery
1385	0	49464049121	suit suit of clothes notebook notebook computer bolo tie bolo bola tie bola Windsor tie hand-held computer hand-held microcomputer Loafer ballpoint ballpoint pen ballpen Biro fountain pen cornet horn trumpet trump web site website internet site site
1386	0	48866249377	stretcher recreational vehicle RV R.V. mobile home manufactured home bobsled bobsleigh bob ambulance snowmobile barrow garden cart lawn cart wheelbarrow patio terrace sliding door library
1387	1	50937203432	sunglass sunglasses dark glasses shades military uniform buckle seat belt seatbelt trench coat loupe jeweler's loupe Band Aid cowboy hat ten-gallon hat gasmask respirator gas helmet
1388	0	50616181178	book jacket dust cover dust jacket dust wrapper face powder corn sunscreen sunblock sun blocker web site website internet site site lipstick lip rouge bookcase neck brace cassette mortarboard
1389	0	50718728887	chiton coat-of-mail shell sea cradle polyplacophore trilobite jellyfish fountain isopod mud turtle cockroach roach centipede hippopotamus hippo river horse Hippopotamus amphibius bottlecap
1390	0	50674669631	web site website internet site site menu envelope nematode nematode worm roundworm screen CRT screen toaster rule ruler sleeping bag oscilloscope scope cathode-ray oscilloscope CRO hand-held computer hand-held microcomputer
1391	1	49778687326	mask lipstick lip rouge ski mask whistle muzzle jack-o'-lantern sunscreen sunblock sun blocker bagel beigel buckle hair slide
1392	0	49004650358	weasel polecat fitch foulmart foumart Mustela putorius mink Arctic fox white fox Alopex lagopus kit fox Vulpes macrotis black-footed ferret ferret Mustela nigripes badger grey fox gray fox Urocyon cinereoargenteus mongoose red fox Vulpes vulpes
1393	0	48656569753	Labrador retriever Chesapeake Bay retriever flat-coated retriever Sussex spaniel German short-haired pointer curly-coated retriever Weimaraner vizsla Hungarian pointer kelpie Doberman Doberman pinscher
1394	0	47563611491	triceratops African crocodile Nile crocodile Crocodylus niloticus horned viper cerastes sand viper horned asp Cerastes cornutus frilled lizard Chlamydosaurus kingi lion king of beasts Panthera leo red wolf maned wolf Canis rufus Canis niger boa constrictor Constrictor constrictor hippopotamus hippo river horse Hippopotamus amphibius gazelle impala Aepyceros melampus
1395	0	44310743990	web site website internet site site slot one-armed bandit comic book laptop laptop computer jigsaw puzzle menu envelope packet rubber eraser rubber pencil eraser pencil box pencil case
1396	0	32047579288	joystick web site website internet site site stopwatch stop watch monitor analog clock scoreboard screen CRT screen comic book cellular telephone cellular phone cellphone cell mobile phone radio wireless
1397	0	45793162702	web site website internet site site menu rule ruler hand-held computer hand-held microcomputer screen CRT screen slide rule slipstick notebook notebook computer radio wireless television television system laptop laptop computer
1398	0	46258532311	web site website internet site site washer automatic washer washing machine menu envelope nipple packet iron smoothing iron pill bottle toilet tissue toilet paper bathroom tissue water bottle
1399	0	44153395790	web site website internet site site envelope comic book menu packet Band Aid nipple laptop laptop computer diaper nappy napkin rule ruler
1400	0	30867009207	balloon parachute chute airship dirigible web site website internet site site pillow comic book envelope ping-pong ball mask vending machine
1401	0	43294752712	Persian cat tiger cat tabby tabby cat Egyptian cat lynx catamount great grey owl great gray owl Strix nebulosa window screen macaque grey fox gray fox Urocyon cinereoargenteus red fox Vulpes vulpes
1402	0	41151712034	barbershop crossword puzzle crossword notebook notebook computer lab coat laboratory coat laptop laptop computer remote control remote beer glass coffee mug potter's wheel prison prison house
1403	0	27956497028	web site website internet site site Band Aid laptop laptop computer envelope notebook notebook computer hand-held computer hand-held microcomputer screen CRT screen rule ruler nipple analog clock
1404	0	34463927781	sea lion platypus duckbill duckbilled platypus duck-billed platypus Ornithorhynchus anatinus mink otter coho cohoe coho salmon blue jack silver salmon Oncorhynchus kisutch cougar puma catamount mountain lion painter panther Felis concolor king penguin Aptenodytes patagonica American black bear black bear Ursus americanus Euarctos americanus beaver jaguar panther Panthera onca Felis onca
1405	0	42592900960	tiger Panthera tigris tiger cat lynx catamount jaguar panther Panthera onca Felis onca tabby tabby cat leopard Panthera pardus cougar puma catamount mountain lion painter panther Felis concolor Egyptian cat zebra snow leopard ounce Panthera uncia
1406	1	45880324075	folding chair binder ring-binder nipple water jug hamper rocking chair rocker shopping basket modem vacuum vacuum cleaner lotion
1407	1	28407355902	lipstick lip rouge bow tie bow-tie bowtie seat belt seatbelt stethoscope hair spray cellular telephone cellular phone cellphone cell mobile phone Windsor tie face powder lotion barbershop
1408	0	23220728999	syringe soap dispenser lab coat laboratory coat revolver six-gun six-shooter washbasin handbasin washbowl lavabo wash-hand basin weasel paintbrush Band Aid stethoscope tub vat
1409	1	14889448135	tabby tabby cat tiger cat Egyptian cat tiger Panthera tigris plastic bag mouse computer mouse lens cap lens cover carton lynx catamount doormat welcome mat
1410	0	8011286741	conch hen-of-the-woods hen of the woods Polyporus frondosus Grifola frondosa barracouta snoek earthstar mask mushroom hermit crab sturgeon armadillo isopod
1411	0	7781274750	poncho wool woolen woollen stole face powder fur coat velvet cardigan wig lipstick lip rouge hair slide
1412	0	6888306887	basset basset hound bluetick miniature pinscher beagle toy terrier kelpie Chihuahua black-and-tan coonhound Walker hound Walker foxhound Boston bull Boston terrier
1413	1	6541083725	schipperke groenendael Norwegian elkhound elkhound Chihuahua Staffordshire bullterrier Staffordshire bull terrier miniature pinscher flat-coated retriever Italian greyhound skunk polecat wood pussy pug pug-dog
1414	0	6212165023	lion king of beasts Panthera leo cheetah chetah Acinonyx jubatus tiger Panthera tigris leopard Panthera pardus chow chow chow lynx catamount dhole Cuon alpinus jaguar panther Panthera onca Felis onca tiger cat cougar puma catamount mountain lion painter panther Felis concolor
1415	1	5982660659	jersey T-shirt tee shirt hand blower blow dryer blow drier hair dryer hair drier hair spray microphone mike dumbbell drumstick power drill brassiere bra bandeau punching bag punch bag punching ball punchball shower cap
1416	0	50604394816	red wolf maned wolf Canis rufus Canis niger dhole Cuon alpinus hyena hyaena chow chow chow brown bear bruin Ursus arctos cheetah chetah Acinonyx jubatus African hunting dog hyena dog Cape hunting dog Lycaon pictus coyote prairie wolf brush wolf Canis latrans lion king of beasts Panthera leo dingo warrigal warragal Canis dingo
1417	0	50676043391	comic book punching bag punch bag punching ball punchball shower curtain maraca balloon book jacket dust cover dust jacket dust wrapper brassiere bra bandeau swimming trunks bathing trunks jellyfish mask
1418	0	48915307187	cheetah chetah Acinonyx jubatus leopard Panthera pardus jaguar panther Panthera onca Felis onca snow leopard ounce Panthera uncia hyena hyaena zebra gazelle lynx catamount lion king of beasts Panthera leo whiptail whiptail lizard
1419	0	32752939867	African crocodile Nile crocodile Crocodylus niloticus American alligator Alligator mississipiensis tailed frog bell toad ribbed toad tailed toad Ascaphus trui terrapin bullfrog Rana catesbeiana mud turtle axolotl mud puppy Ambystoma mexicanum isopod common newt Triturus vulgaris chiton coat-of-mail shell sea cradle polyplacophore
1420	0	26321534448	face powder mask ski mask wool woolen woollen stole lampshade lamp shade lipstick lip rouge pug pug-dog wig fur coat
1421	1	25488143658	wig bikini two-piece maillot brassiere bra bandeau vine snake green mamba unicycle monocycle pole hoopskirt crinoline vase
1422	0	50160049403	sunglasses dark glasses shades sunglass ice lolly lolly lollipop popsicle lipstick lip rouge bathing cap swimming cap lens cap lens cover shower cap sunscreen sunblock sun blocker seat belt seatbelt cellular telephone cellular phone cellphone cell mobile phone
1423	0	50078750061	American alligator Alligator mississipiensis African crocodile Nile crocodile Crocodylus niloticus hippopotamus hippo river horse Hippopotamus amphibius water ouzel dipper alligator lizard water buffalo water ox Asiatic buffalo Bubalus bubalis terrapin water snake bullfrog Rana catesbeiana common iguana iguana Iguana iguana
1424	0	50093466537	stingray conch sandal flatworm platyhelminth hatchet Loafer chambered nautilus pearly nautilus nautilus hermit crab bonnet poke bonnet lycaenid lycaenid butterfly
1425	0	50830464376	television television system web site website internet site site brass memorial tablet plaque window screen screen CRT screen monitor book jacket dust cover dust jacket dust wrapper manhole cover envelope street sign
1426	1	33563710035	bikini two-piece brassiere bra bandeau maillot maillot tank suit sarong pole sunglasses dark glasses shades sunglass sunscreen sunblock sun blocker swimming trunks bathing trunks
1427	1	37877147742	stage volcano feather boa boa caldron cauldron tub vat microphone mike maillot mask electric guitar wig
1428	0	50659022841	piggy bank penny bank power drill gasmask respirator gas helmet vacuum vacuum cleaner oil filter cab hack taxi taxicab coffee mug pencil sharpener gas pump gasoline pump petrol pump island dispenser hand blower blow dryer blow drier hair dryer hair drier
1429	0	50573098156	vault triumphal arch monastery prison prison house viaduct church church building bannister banister balustrade balusters handrail palace bell cote bell cot prayer rug prayer mat
1430	1	49574752972	bow tie bow-tie bowtie mask cowboy hat ten-gallon hat microphone mike sunglasses dark glasses shades loupe jeweler's loupe book jacket dust cover dust jacket dust wrapper sunglass Band Aid suit suit of clothes
1431	0	49813916026	rock crab Cancer irroratus goldfish Carassius auratus pizza pizza pie conch chambered nautilus pearly nautilus nautilus cup puffer pufferfish blowfish globefish mask piggy bank penny bank bubble
1432	0	46090903595	acoustic guitar electric guitar banjo pick plectrum plectron rule ruler cello violoncello violin fiddle panpipe pandean pipe syrinx buckle harp
1433	0	50297891486	book jacket dust cover dust jacket dust wrapper web site website internet site site menu comic book scoreboard street sign rule ruler corn envelope jigsaw puzzle
1434	0	33760698358	web site website internet site site comic book scoreboard book jacket dust cover dust jacket dust wrapper crossword puzzle crossword cash machine cash dispenser automated teller machine automatic teller machine automated teller automatic teller ATM television television system turnstile menu street sign
1435	1	48316119381	knee pad buckle reflex camera digital watch holster backpack back pack knapsack packsack rucksack haversack stopwatch stop watch microphone mike sandal tripod
1436	0	50370334316	lotion pill bottle sunscreen sunblock sun blocker hair spray face powder perfume essence soap dispenser nipple syringe medicine chest medicine cabinet
1437	0	46950221915	groom bridegroom suit suit of clothes Windsor tie limousine limo bow tie bow-tie bowtie gown torch microphone mike hair spray cellular telephone cellular phone cellphone cell mobile phone
1438	0	40274408414	stage sax saxophone stethoscope oboe hautboy hautbois whistle bassoon banjo cornet horn trumpet trump flute transverse flute trombone
1439	1	5949143077	shower cap chain mail ring mail mail chain armor chain armour ring armor ring armour maillot breastplate aegis egis bikini two-piece cuirass wig miniskirt mini brassiere bra bandeau bathing cap swimming cap
1440	0	51120798065	golf ball pinwheel agaric croquet ball daisy Shih-Tzu West Highland white terrier mushroom Blenheim spaniel Lhasa Lhasa apso
1441	1	50690727122	cellular telephone cellular phone cellphone cell mobile phone harmonica mouth organ harp mouth harp dial telephone dial phone pay-phone pay-station microphone mike remote control remote fur coat jean blue jean denim lens cap lens cover reflex camera
1442	0	49873527533	menu web site website internet site site envelope book jacket dust cover dust jacket dust wrapper carton crossword puzzle crossword packet slide rule slipstick abacus shoji
1443	0	49617123167	scoreboard menu crossword puzzle crossword brass memorial tablet plaque book jacket dust cover dust jacket dust wrapper odometer hodometer mileometer milometer oscilloscope scope cathode-ray oscilloscope CRO web site website internet site site digital clock television television system
1444	0	49833309001	book jacket dust cover dust jacket dust wrapper packet prayer rug prayer mat doormat welcome mat menu tray jersey T-shirt tee shirt envelope handkerchief hankie hanky hankey binder ring-binder
1445	0	48506556017	lawn mower mower chain saw chainsaw cassette player tape player vacuum vacuum cleaner barrow garden cart lawn cart wheelbarrow croquet ball tractor cowboy hat ten-gallon hat moped
1446	1	45983204872	flute transverse flute harmonica mouth organ harp mouth harp assault rifle assault gun revolver six-gun six-shooter microphone mike rifle torch loupe jeweler's loupe whistle binoculars field glasses opera glasses
1447	0	44758011745	bookshop bookstore bookstall tobacco shop tobacconist shop tobacconist library grocery store grocery food market market confectionery confectionary candy store comic book shoe shop shoe-shop shoe store bakery bakeshop bakehouse toyshop cassette
1448	0	50968199361	ballplayer baseball player plastic bag baseball ashcan trash can garbage can wastebin ash bin ash-bin ashbin dustbin trash barrel trash bin rugby ball racket racquet borzoi Russian wolfhound German shepherd German shepherd dog German police dog alsatian lawn mower mower Cardigan Cardigan Welsh corgi
1449	0	42753474910	printer pencil sharpener Polaroid camera Polaroid Land camera iPod toaster modem fountain pen hard disc hard disk fixed disk lipstick lip rouge radio wireless
1450	1	37152727870	binoculars field glasses opera glasses tripod cloak abaya gasmask respirator gas helmet wing parachute chute torch car mirror airliner
1451	0	49301270148	punching bag punch bag punching ball punchball prison prison house sliding door pay-phone pay-station jean blue jean denim pole tobacco shop tobacconist shop tobacconist moving van cowboy boot wardrobe closet press
1452	1	50900588183	ashcan trash can garbage can wastebin ash bin ash-bin ashbin dustbin trash barrel trash bin street sign sliding door gas pump gasoline pump petrol pump island dispenser vending machine mailbox letter box moving van turnstile tobacco shop tobacconist shop tobacconist cash machine cash dispenser automated teller machine automatic teller machine automated teller automatic teller ATM
1453	0	49167547562	ping-pong ball balloon traffic light traffic signal stoplight golf ball pick plectrum plectron bubble spotlight spot torch parachute chute pinwheel
1454	0	48838526067	marimba xylophone theater curtain theatre curtain gong tam-tam stage grand piano grand altar drum membranophone tympan banjo sax saxophone cornet horn trumpet trump
1455	1	48432187287	maillot miniskirt mini maillot tank suit jean blue jean denim sunglasses dark glasses shades velvet wig dumbbell bikini two-piece cloak
1456	0	38657334121	miniskirt mini grand piano grand stage bannister banister balustrade balusters handrail fur coat jean blue jean denim drumstick theater curtain theatre curtain suit suit of clothes pool table billiard table snooker table
1457	0	23649530048	harmonica mouth organ harp mouth harp whistle conch pay-phone pay-station cellular telephone cellular phone cellphone cell mobile phone bubble sax saxophone ocarina sweet potato crossword puzzle crossword microphone mike
1458	0	29969614460	prison prison house pay-phone pay-station parking meter ashcan trash can garbage can wastebin ash bin ash-bin ashbin dustbin trash barrel trash bin shopping cart chainlink fence crutch carton bow tie bow-tie bowtie picket fence paling
1459	0	28828418061	harmonica mouth organ harp mouth harp lipstick lip rouge bubble cellular telephone cellular phone cellphone cell mobile phone whistle lighter light igniter ignitor ice lolly lolly lollipop popsicle flute transverse flute jean blue jean denim ocarina sweet potato
1460	1	50167416381	barbell swimming trunks bathing trunks paintbrush punching bag punch bag punching ball punchball marimba xylophone harmonica mouth organ harp mouth harp rotisserie potter's wheel hammer drumstick
1461	1	50815404206	oxygen mask gasmask respirator gas helmet revolver six-gun six-shooter stethoscope bow joystick lab coat laboratory coat power drill Petri dish syringe
1462	1	48822662618	brassiere bra bandeau bikini two-piece maillot swimming trunks bathing trunks maillot tank suit miniskirt mini sarong volleyball knee pad bathing cap swimming cap
1463	1	9576586963	mask wig feather boa boa comic book breastplate aegis egis maillot stole hair spray snail piggy bank penny bank
1464	0	48123135852	microphone mike stage sax saxophone electric guitar spotlight spot cornet horn trumpet trump sunglass sunglasses dark glasses shades drumstick pick plectrum plectron
1465	0	24648963478	barbershop medicine chest medicine cabinet moving van gas pump gasoline pump petrol pump island dispenser ashcan trash can garbage can wastebin ash bin ash-bin ashbin dustbin trash barrel trash bin bookshop bookstore bookstall pickup pickup truck cinema movie theater movie theatre movie house picture palace garbage truck dustcart trailer truck tractor trailer trucking rig rig articulated lorry semi
1466	1	49174423498	breastplate aegis egis wig fountain orangutan orang orangutang Pongo pygmaeus bubble hair spray miniskirt mini bikini two-piece mask caldron cauldron
1467	0	7212585744	restaurant eating house eating place eatery library obelisk vault mosque triumphal arch church church building bell cote bell cot barbershop pier
1468	1	27157438564	sarong sunscreen sunblock sun blocker sunglass sunglasses dark glasses shades bikini two-piece hair spray sombrero whistle mortarboard necklace
1469	1	38042329106	prison prison house swab swob mop punching bag punch bag punching ball punchball cliff dwelling vault bucket pail barber chair caldron cauldron washbasin handbasin washbowl lavabo wash-hand basin scale weighing machine
1470	0	50416170611	garden spider Aranea diademata barn spider Araneus cavaticus spider web spider's web black and gold garden spider Argiope aurantia wolf spider hunting spider tick harvestman daddy longlegs Phalangium opilio black widow Latrodectus mactans king crab Alaska crab Alaskan king crab Alaska king crab Paralithodes camtschatica isopod
1471	0	49941847697	bookshop bookstore bookstall comic book unicycle monocycle book jacket dust cover dust jacket dust wrapper tobacco shop tobacconist shop tobacconist steel drum mountain bike all-terrain bike off-roader library stage accordion piano accordion squeeze box
1472	1	34396199746	microphone mike lighter light igniter ignitor torch cornet horn trumpet trump punching bag punch bag punching ball punchball spotlight spot syringe Band Aid matchstick acoustic guitar
1473	1	6241169859	pretzel bagel beigel lipstick lip rouge bell pepper Dungeness crab Cancer magister sea cucumber holothurian American lobster Northern lobster Maine lobster Homarus americanus frying pan frypan skillet acorn squash starfish sea star
1474	0	48023994121	comic book altar book jacket dust cover dust jacket dust wrapper throne church church building prayer rug prayer mat vestment vault carousel carrousel merry-go-round roundabout whirligig palace
1475	1	6238953828	wig lipstick lip rouge bonnet poke bonnet hair spray perfume essence stole mask necklace syringe shower cap
1476	1	50859947942	wig miniskirt mini maillot brassiere bra bandeau velvet plunger plumber's helper shower cap sunglasses dark glasses shades cowboy hat ten-gallon hat diaper nappy napkin
1477	1	50806750458	jean blue jean denim miniskirt mini ballplayer baseball player sweatshirt Loafer bulletproof vest maillot baseball soccer ball racket racquet
1478	0	51216172251	binder ring-binder menu vending machine washer automatic washer washing machine cash machine cash dispenser automated teller machine automatic teller machine automated teller automatic teller ATM parking meter pay-phone pay-station carton ballpoint ballpoint pen ballpen Biro envelope
1479	1	50737482376	swimming trunks bathing trunks maillot maillot tank suit bikini two-piece sunscreen sunblock sun blocker diaper nappy napkin bathing cap swimming cap tub vat snorkel redbone
1480	1	49747986857	dough tub vat sunscreen sunblock sun blocker hair spray paintbrush bathtub bathing tub bath tub face powder shower cap potter's wheel plastic bag
1481	0	49723751212	hen-of-the-woods hen of the woods Polyporus frondosus Grifola frondosa chain mail ring mail mail chain armor chain armour ring armor ring armour cocker spaniel English cocker spaniel cocker Australian terrier golden retriever Norfolk terrier Tibetan terrier chrysanthemum dog otter brown bear bruin Ursus arctos collie
1482	0	49959947497	pajama pyjama pj's jammies cowboy boot potter's wheel crutch iron smoothing iron harmonica mouth organ harp mouth harp hammer hand blower blow dryer blow drier hair dryer hair drier hoopskirt crinoline Band Aid
1483	0	49821797803	trench coat fur coat stole cloak bonnet poke bonnet lab coat laboratory coat pajama pyjama pj's jammies kimono sweatshirt harmonica mouth organ harp mouth harp
1484	1	49972941572	wig sunglasses dark glasses shades sunglass hair slide hair spray lipstick lip rouge fur coat hand blower blow dryer blow drier hair dryer hair drier wool woolen woollen mask
1485	0	49959947147	book jacket dust cover dust jacket dust wrapper pickelhaube hoopskirt crinoline altar fountain pedestal plinth footstall banjo throne sax saxophone knot
1486	0	49857658228	German shepherd German shepherd dog German police dog alsatian Leonberg Tibetan mastiff bloodhound sleuthhound Norwegian elkhound elkhound malinois timber wolf grey wolf gray wolf Canis lupus malamute malemute Alaskan malamute briard African hunting dog hyena dog Cape hunting dog Lycaon pictus
1487	0	34085723764	kimono hair spray mask bubble pajama pyjama pj's jammies sunglasses dark glasses shades toyshop sunglass maypole wig
1488	1	42691949682	bikini two-piece bathing cap swimming cap sunscreen sunblock sun blocker maillot maillot tank suit tub vat hair spray swimming trunks bathing trunks lotion lipstick lip rouge
1489	0	50692952961	espresso cup coffee mug soup bowl eggnog conch consomme espresso maker ladle goblet
1490	0	49878633033	ant emmet pismire tick fly leaf beetle chrysomelid dragonfly darning needle devil's darning needle sewing needle snake feeder snake doctor mosquito hawk skeeter hawk damselfly lacewing lacewing fly ladybug ladybeetle lady beetle ladybird ladybird beetle weevil bee
1491	1	50360841916	groom bridegroom goblet measuring cup cocktail shaker beaker gown red wine hoopskirt crinoline eggnog water jug
1492	0	48865007426	doormat welcome mat paintbrush envelope refrigerator icebox ashcan trash can garbage can wastebin ash bin ash-bin ashbin dustbin trash barrel trash bin scale weighing machine prayer rug prayer mat book jacket dust cover dust jacket dust wrapper sliding door tarantula
1493	0	47593190541	water bottle nipple pill bottle bubble conch lotion ice lolly lolly lollipop popsicle gasmask respirator gas helmet toilet tissue toilet paper bathroom tissue iPod
1494	1	43465987382	hair spray restaurant eating house eating place eatery ocarina sweet potato candle taper wax light wig plunger plumber's helper lotion stethoscope miniskirt mini stole
1495	0	49243381242	tiger Panthera tigris tiger cat jaguar panther Panthera onca Felis onca tabby tabby cat lynx catamount basketball lion king of beasts Panthera leo Egyptian cat zebra bull mastiff
1496	0	43313183070	maillot rugby ball football helmet maillot tank suit jersey T-shirt tee shirt miniskirt mini brassiere bra bandeau sarong bathing cap swimming cap knee pad
1497	1	34261735435	measuring cup paintbrush cocktail shaker mixing bowl mortar shovel ladle water jug Dutch oven beaker
1498	0	29775906875	cinema movie theater movie theatre movie house picture palace tobacco shop tobacconist shop tobacconist gas pump gasoline pump petrol pump island dispenser pay-phone pay-station barbershop cash machine cash dispenser automated teller machine automatic teller machine automated teller automatic teller ATM restaurant eating house eating place eatery bookshop bookstore bookstall parking meter flagpole flagstaff
1499	0	17437386213	otter weasel sea lion cougar puma catamount mountain lion painter panther Felis concolor mink polecat fitch foulmart foumart Mustela putorius ibex Capra ibex beaver platypus duckbill duckbilled platypus duck-billed platypus Ornithorhynchus anatinus black-footed ferret ferret Mustela nigripes
1500	0	50294668877	envelope menu pencil box pencil case packet book jacket dust cover dust jacket dust wrapper comic book tray binder ring-binder wallet billfold notecase pocketbook laptop laptop computer
1501	1	49061763607	cowboy hat ten-gallon hat sombrero paper towel handkerchief hankie hanky hankey toilet tissue toilet paper bathroom tissue jean blue jean denim hand blower blow dryer blow drier hair dryer hair drier sewing machine poncho stole
1502	1	48285125276	folding chair jinrikisha ricksha rickshaw barrow garden cart lawn cart wheelbarrow patio terrace park bench cello violoncello dock dockage docking facility rocking chair rocker ashcan trash can garbage can wastebin ash bin ash-bin ashbin dustbin trash barrel trash bin ice lolly lolly lollipop popsicle
1503	0	49595624911	pop bottle soda bottle vending machine grocery store grocery food market market water bottle confectionery confectionary candy store hair spray tobacco shop tobacconist shop tobacconist beer bottle street sign medicine chest medicine cabinet
1504	0	49171710697	giant panda panda panda bear coon bear Ailuropoda melanoleuca skunk polecat wood pussy Old English sheepdog bobtail Arctic fox white fox Alopex lagopus Madagascar cat ring-tailed lemur Lemur catta indri indris Indri indri Indri brevicaudatus Bernese mountain dog Border collie sloth bear Melursus ursinus Ursus ursinus polecat fitch foulmart foumart Mustela putorius
1505	1	50010171247	sunglasses dark glasses shades sunglass sweatshirt miniskirt mini racket racquet jean blue jean denim crutch lab coat laboratory coat cardigan jersey T-shirt tee shirt
1506	0	32847378707	barbershop restaurant eating house eating place eatery barber chair tobacco shop tobacconist shop tobacconist lab coat laboratory coat bakery bakeshop bakehouse dining table board shoe shop shoe-shop shoe store bookshop bookstore bookstall library
1507	0	43727142981	giant panda panda panda bear coon bear Ailuropoda melanoleuca earthstar lesser panda red panda panda bear cat cat bear Ailurus fulgens skunk polecat wood pussy badger polecat fitch foulmart foumart Mustela putorius brown bear bruin Ursus arctos soccer ball indri indris Indri indri Indri brevicaudatus capuchin ringtail Cebus capucinus
1508	0	24472949229	bison water buffalo water ox Asiatic buffalo Bubalus bubalis warthog bighorn bighorn sheep cimarron Rocky Mountain bighorn Rocky Mountain sheep Ovis canadensis hyena hyaena wild boar boar Sus scrofa ox ram tup African elephant Loxodonta africana ibex Capra ibex
1509	0	49344956686	barbershop shoe shop shoe-shop shoe store grocery store grocery food market market tobacco shop tobacconist shop tobacconist bakery bakeshop bakehouse butcher shop meat market restaurant eating house eating place eatery bookshop bookstore bookstall toyshop confectionery confectionary candy store
1510	0	49895109361	Appenzeller EntleBucher Rottweiler Staffordshire bullterrier Staffordshire bull terrier lakeside lakeshore Border terrier Greater Swiss Mountain dog Bernese mountain dog miniature pinscher schipperke
1511	1	50827678286	running shoe gasmask respirator gas helmet sleeping bag ski mask neck brace shoe shop shoe-shop shoe store hair spray oxygen mask abaya stretcher
1512	1	50554037881	brassiere bra bandeau maillot breastplate aegis egis miniskirt mini backpack back pack knapsack packsack rucksack haversack maillot tank suit bikini two-piece cuirass cloak overskirt
1513	1	49698635362	Windsor tie sunglass sweatshirt sunglasses dark glasses shades suit suit of clothes bow tie bow-tie bowtie jersey T-shirt tee shirt buckle Loafer plunger plumber's helper
1514	1	48371246381	toyshop comic book tobacco shop tobacconist shop tobacconist vending machine shoe shop shoe-shop shoe store bookshop bookstore bookstall wardrobe closet press barbershop jean blue jean denim monitor
1515	0	44747649221	pole walking stick walkingstick stick insect crate chainlink fence jigsaw puzzle syringe ashcan trash can garbage can wastebin ash bin ash-bin ashbin dustbin trash barrel trash bin paintbrush maze labyrinth red wine
1516	0	47448282501	pillow coil spiral volute whorl helix bib envelope rubber eraser rubber pencil eraser cup lipstick lip rouge shower curtain necklace matchstick
1517	1	46528150911	hermit crab tick dung beetle ant emmet pismire tarantula rhinoceros beetle ladybug ladybeetle lady beetle ladybird ladybird beetle hair slide earthstar crayfish crawfish crawdad crawdaddy
1518	1	50841168326	maillot wig maillot tank suit miniskirt mini brassiere bra bandeau bikini two-piece mask cloak pole breastplate aegis egis
1519	1	50837359186	breastplate aegis egis maillot cuirass cloak miniskirt mini scabbard wig bearskin busby shako trench coat bow
1520	1	50240542296	cloak poncho sweatshirt hair spray jersey T-shirt tee shirt sarong vestment restaurant eating house eating place eatery brassiere bra bandeau abaya
1521	0	51023002151	brass memorial tablet plaque sundial shield buckler pick plectrum plectron buckle thimble pedestal plinth footstall tray goblet bolo tie bolo bola tie bola
1522	1	48969268496	wig feather boa boa mask cleaver meat cleaver chopper red wine stole bow tie bow-tie bowtie cocker spaniel English cocker spaniel cocker loupe jeweler's loupe sunglasses dark glasses shades
1523	0	46098369074	nematode nematode worm roundworm jellyfish matchstick digital clock syringe spotlight spot jack-o'-lantern night snake Hypsiglena torquata barn spider Araneus cavaticus candle taper wax light
1524	0	28186418397	triumphal arch pedestal plinth footstall organ pipe organ altar obelisk palace monastery vault church church building throne
1525	0	37068345442	lab coat laboratory coat trench coat stethoscope beaker military uniform loupe jeweler's loupe dumbbell espresso maker assault rifle assault gun waffle iron
1526	0	27241084973	lab coat laboratory coat stethoscope syringe crayfish crawfish crawdad crawdaddy screwdriver hognose snake puff adder sand viper nail quill quill pen boa constrictor Constrictor constrictor Dungeness crab Cancer magister
1527	0	27758301221	orangutan orang orangutang Pongo pygmaeus frilled lizard Chlamydosaurus kingi mailbox letter box plastic bag jackfruit jak jack park bench sarong ashcan trash can garbage can wastebin ash bin ash-bin ashbin dustbin trash barrel trash bin hippopotamus hippo river horse Hippopotamus amphibius hen
1528	0	21326230743	balloon ping-pong ball baseball spotlight spot golf ball volleyball pool table billiard table snooker table punching bag punch bag punching ball punchball maraca jack-o'-lantern
1529	0	49548270343	comic book web site website internet site site book jacket dust cover dust jacket dust wrapper envelope jean blue jean denim Band Aid packet carton remote control remote cassette
1530	1	8247570415	bathing cap swimming cap swimming trunks bathing trunks brassiere bra bandeau bikini two-piece bath towel shower cap maillot maillot tank suit dumbbell diaper nappy napkin
1531	1	48268025321	Komodo dragon Komodo lizard dragon lizard giant lizard Varanus komodoensis hippopotamus hippo river horse Hippopotamus amphibius sea lion cannon warthog common iguana iguana Iguana iguana armadillo cowboy boot crutch triceratops
1532	0	41626348254	brassiere bra bandeau running shoe hoopskirt crinoline neck brace diaper nappy napkin ski mask velvet rocking chair rocker gasmask respirator gas helmet Windsor tie
1533	0	38984044355	carousel carrousel merry-go-round roundabout whirligig confectionery confectionary candy store shower curtain coral reef umbrella fountain paintbrush tray bubble altar
1534	0	35181500754	crate toilet tissue toilet paper bathroom tissue crossword puzzle crossword carton computer keyboard keypad forklift barrel cask maze labyrinth library tray
1535	0	34957638104	menu brass memorial tablet plaque scoreboard barbershop bookshop bookstore bookstall book jacket dust cover dust jacket dust wrapper street sign bakery bakeshop bakehouse grocery store grocery food market market tobacco shop tobacconist shop tobacconist
1536	0	20713391334	pickup pickup truck convertible sports car sport car ashcan trash can garbage can wastebin ash bin ash-bin ashbin dustbin trash barrel trash bin beach wagon station wagon wagon estate car beach waggon station waggon waggon car wheel tow truck tow car wrecker parking meter minivan mobile home manufactured home
1537	1	48942458542	comic book book jacket dust cover dust jacket dust wrapper street sign menu restaurant eating house eating place eatery packet pretzel scoreboard bakery bakeshop bakehouse tobacco shop tobacconist shop tobacconist
1538	0	27704879201	racer race car racing car grille radiator grille sports car sport car recreational vehicle RV R.V. minivan ambulance tray crash helmet apron warplane military plane
1539	0	25437032510	packet scoreboard toyshop tobacco shop tobacconist shop tobacconist confectionery confectionary candy store slot one-armed bandit grocery store grocery food market market comic book vending machine street sign
1540	0	49879805477	menu crossword puzzle crossword envelope book jacket dust cover dust jacket dust wrapper handkerchief hankie hanky hankey web site website internet site site packet quill quill pen brass memorial tablet plaque binder ring-binder
1541	1	29142376978	trench coat fur coat umbrella stole abaya sweatshirt cloak suit suit of clothes sunglass lab coat laboratory coat
1542	0	48890943553	pick plectrum plectron jack-o'-lantern velvet sweatshirt jigsaw puzzle lens cap lens cover lighter light igniter ignitor cowboy boot bottlecap mask
1543	1	897433210	shower curtain handkerchief hankie hanky hankey quill quill pen kimono quilt comforter comfort puff sarong wallet billfold notecase pocketbook Windsor tie window shade sleeping bag
1544	1	44401686615	crash helmet oxygen mask Band Aid neck brace military uniform gasmask respirator gas helmet mask football helmet knee pad buckle
1545	1	35022633274	miniskirt mini maillot cowboy boot velvet maillot tank suit pajama pyjama pj's jammies wig sock bikini two-piece hoopskirt crinoline
1546	1	42694581255	sandbar sand bar swimming trunks bathing trunks seashore coast seacoast sea-coast sarong bikini two-piece maillot maillot tank suit sunscreen sunblock sun blocker snorkel conch
1547	1	26791425619	swimming trunks bathing trunks sunscreen sunblock sun blocker sarong seashore coast seacoast sea-coast bikini two-piece bathing cap swimming cap volleyball sandbar sand bar snorkel maillot
1548	0	44078644235	moving van garbage truck dustcart minibus ambulance tow truck tow car wrecker police van police wagon paddy wagon patrol wagon wagon black Maria recreational vehicle RV R.V. trailer truck tractor trailer trucking rig rig articulated lorry semi minivan passenger car coach carriage
1549	0	50894090376	cinema movie theater movie theatre movie house picture palace barbershop street sign scoreboard tobacco shop tobacconist shop tobacconist restaurant eating house eating place eatery analog clock bakery bakeshop bakehouse grocery store grocery food market market freight car
1550	0	50308346581	barrel cask canoe safety pin freight car plate rack chiton coat-of-mail shell sea cradle polyplacophore clog geta patten sabot planetarium barrow garden cart lawn cart wheelbarrow milk can
1551	0	49078543562	mobile home manufactured home window screen barbershop window shade patio terrace restaurant eating house eating place eatery picket fence paling prison prison house cinema movie theater movie theatre movie house picture palace bookshop bookstore bookstall
1552	0	32662868687	freight car comic book cinema movie theater movie theatre movie house picture palace slot one-armed bandit restaurant eating house eating place eatery packet menu confectionery confectionary candy store carousel carrousel merry-go-round roundabout whirligig barbershop
1553	0	50630387796	jersey T-shirt tee shirt sweatshirt bubble crutch cellular telephone cellular phone cellphone cell mobile phone barrow garden cart lawn cart wheelbarrow park bench miniskirt mini plunger plumber's helper tray
1554	0	50630388056	recreational vehicle RV R.V. ambulance flagpole flagstaff dock dockage docking facility police van police wagon paddy wagon patrol wagon wagon black Maria catamaran crane mobile home manufactured home moving van minibus
1555	0	49991213948	safe library bookshop bookstore bookstall china cabinet china closet wardrobe closet press pay-phone pay-station sliding door mailbox letter box tobacco shop tobacconist shop tobacconist dome
1556	0	49665536871	electric locomotive passenger car coach carriage bullet train bullet streetcar tram tramcar trolley trolley car freight car amphibian amphibious vehicle recreational vehicle RV R.V. steam locomotive snowmobile crash helmet
1557	0	49375703638	steam locomotive electric locomotive passenger car coach carriage freight car lumbermill sawmill harvester reaper thresher thrasher threshing machine streetcar tram tramcar trolley trolley car bullet train bullet tractor
1558	0	33870179358	steam locomotive electric locomotive passenger car coach carriage thresher thrasher threshing machine cannon freight car tank army tank armored combat vehicle armoured combat vehicle half track lumbermill sawmill tractor
1559	0	32526428727	passenger car coach carriage electric locomotive streetcar tram tramcar trolley trolley car bullet train bullet freight car steam locomotive trolleybus trolley coach trackless trolley school bus traffic light traffic signal stoplight sliding door
1560	0	49991738851	tile roof library bookshop bookstore bookstall dome palace prison prison house monastery sliding door wardrobe closet press safe
1561	0	25533415667	comic book jigsaw puzzle tray pillow shower curtain coffee mug book jacket dust cover dust jacket dust wrapper laptop laptop computer bib envelope
1562	0	35433803390	rapeseed groom bridegroom head cabbage hay miniskirt mini diaper nappy napkin hoopskirt crinoline gown soccer ball sunglasses dark glasses shades
1563	1	44513756764	thimble Band Aid pill bottle punching bag punch bag punching ball punchball hair spray lotion pick plectrum plectron paintbrush perfume essence oil filter
1564	1	50090345156	brassiere bra bandeau maillot bikini two-piece miniskirt mini abaya gown dumbbell maillot tank suit lipstick lip rouge hair spray
1565	1	18195419381	maillot miniskirt mini brassiere bra bandeau bikini two-piece maillot tank suit knee pad pole wig sarong swimming trunks bathing trunks
1566	1	49679555358	sunglasses dark glasses shades loupe jeweler's loupe coffee mug sunscreen sunblock sun blocker beer glass wig sunglass bow tie bow-tie bowtie cup ice lolly lolly lollipop popsicle
1567	0	48933348333	coral fungus horned viper cerastes sand viper horned asp Cerastes cornutus sea slug nudibranch jellyfish mask puffer pufferfish blowfish globefish coral reef leatherback turtle leatherback leathery turtle Dermochelys coriacea velvet bonnet poke bonnet
1568	0	51006859101	chest perfume essence American Staffordshire terrier Staffordshire terrier American pit bull terrier pit bull terrier chiffonier commode Staffordshire bullterrier Staffordshire bull terrier pedestal plinth footstall Rhodesian ridgeback church church building honeycomb upright upright piano
1569	0	50279592517	bearskin busby shako crane schipperke guinea pig Cavia cobaya langur titi titi monkey colobus colobus monkey siamang Hylobates syndactylus Symphalangus syndactylus proboscis monkey Nasalis larvatus guenon guenon monkey
1570	0	49378805612	stage bubble hair spray ping-pong ball cinema movie theater movie theatre movie house picture palace theater curtain theatre curtain television television system brassiere bra bandeau spotlight spot slot one-armed bandit
1571	0	49671036238	medicine chest medicine cabinet television television system microwave microwave oven safe washbasin handbasin washbowl lavabo wash-hand basin window screen screen CRT screen window shade sliding door monitor
1572	0	49479921208	purse pillow teddy teddy bear pencil box pencil case Christmas stocking military uniform diaper nappy napkin mailbag postbag sandal bib
1573	0	48807847168	suspension bridge Indian cobra Naja naja planetarium steel arch bridge microphone mike coil spiral volute whorl helix pier viaduct vault water snake
1574	1	48756814918	unicycle monocycle bow military uniform stretcher knee pad crutch trombone bearskin busby shako cowboy hat ten-gallon hat neck brace
1575	0	49702120456	volcano lakeside lakeshore alp valley vale mountain tent yurt mountain bike all-terrain bike off-roader wing picket fence paling rapeseed
1576	0	49130609387	crane little blue heron Egretta caerulea American egret great white heron Egretta albus bittern lakeside lakeshore bustard water snake black stork Ciconia nigra limpkin Aramus pictus pelican
1577	0	49078245287	alp volcano mountain tent valley vale ski geyser snowmobile lakeside lakeshore cliff drop drop-off yurt
1578	0	47902542831	box turtle box tortoise Gila monster Heloderma suspectum terrapin mud turtle European fire salamander Salamandra salamandra leatherback turtle leatherback leathery turtle Dermochelys coriacea loggerhead loggerhead turtle Caretta caretta American alligator Alligator mississipiensis prairie chicken prairie grouse prairie fowl banded gecko
1579	0	33544565528	kite bittern robin American robin Turdus migratorius bustard quail brambling Fringilla montifringilla hornbill ruffed grouse partridge Bonasa umbellus partridge hen
1580	0	47128914062	hartebeest impala Aepyceros melampus gazelle bison sea lion ox lion king of beasts Panthera leo ibex Capra ibex cougar puma catamount mountain lion painter panther Felis concolor sorrel
1581	0	32384598698	puffer pufferfish blowfish globefish hammerhead hammerhead shark anemone fish gazelle electric ray crampfish numbfish torpedo rock beauty Holocanthus tricolor tiger shark Galeocerdo cuvieri coral reef lionfish stingray
1582	0	44753323004	kite bald eagle American eagle Haliaeetus leucocephalus great grey owl great gray owl Strix nebulosa prairie chicken prairie grouse prairie fowl vulture hen limpkin Aramus pictus house finch linnet Carpodacus mexicanus cock otter
1583	0	41391395054	green lizard Lacerta viridis American chameleon anole Anolis carolinensis banded gecko alligator lizard whiptail whiptail lizard puffer pufferfish blowfish globefish eel common iguana iguana Iguana iguana agama green snake grass snake
1584	0	40929118045	snail conch clog geta patten sabot acorn cockroach roach chiton coat-of-mail shell sea cradle polyplacophore tick slug ocarina sweet potato buckeye horse chestnut conker
1585	0	29248486097	tailed frog bell toad ribbed toad tailed toad Ascaphus trui bullfrog Rana catesbeiana tree frog tree-frog common newt Triturus vulgaris European fire salamander Salamandra salamandra banded gecko whiptail whiptail lizard spotted salamander Ambystoma maculatum grasshopper hopper garter snake grass snake
1586	0	42918136185	cabbage butterfly lycaenid lycaenid butterfly admiral sulphur butterfly sulfur butterfly ringlet ringlet butterfly monarch monarch butterfly milkweed butterfly Danaus plexippus lacewing lacewing fly umbrella black and gold garden spider Argiope aurantia garden spider Aranea diademata
1587	0	41827525581	jellyfish golf ball tick candle taper wax light water jug plastic bag electric ray crampfish numbfish torpedo stinkhorn carrion fungus bubble saltshaker salt shaker
1588	0	26791267158	comic book mask jigsaw puzzle book jacket dust cover dust jacket dust wrapper toyshop totem pole ski mask theater curtain theatre curtain carousel carrousel merry-go-round roundabout whirligig confectionery confectionary candy store
1589	0	39145147941	sunglass carousel carrousel merry-go-round roundabout whirligig parachute chute fountain sunglasses dark glasses shades balloon spider web spider's web car mirror digital clock stopwatch stop watch
1590	0	26244276179	brass memorial tablet plaque shovel parking meter mailbox letter box street sign doormat welcome mat shopping cart swab swob mop padlock wall clock
1591	0	38786171585	coffee mug cup toilet seat mortar face powder washbasin handbasin washbowl lavabo wash-hand basin potter's wheel coffeepot tray espresso
1592	0	36223412802	fox squirrel eastern fox squirrel Sciurus niger hare marmot wood rabbit cottontail cottontail rabbit hamster weasel guinea pig Cavia cobaya beaver mousetrap Angora Angora rabbit
1593	0	35406669680	puffer pufferfish blowfish globefish lionfish zebra maze labyrinth carousel carrousel merry-go-round roundabout whirligig sombrero peacock macaw whiptail whiptail lizard sea slug nudibranch
1594	0	34809334181	screw manhole cover loupe jeweler's loupe nail hook claw hammer padlock safe cannon chain
1595	0	33458434403	mask coil spiral volute whorl helix bubble night snake Hypsiglena torquata ringneck snake ring-necked snake ring snake hermit crab dragonfly darning needle devil's darning needle sewing needle snake feeder snake doctor mosquito hawk skeeter hawk snail velvet ski mask
1596	0	51189692298	bubble Band Aid nipple bathing cap swimming cap bath towel loupe jeweler's loupe shower cap syringe ice lolly lolly lollipop popsicle African grey African gray Psittacus erithacus
1597	0	51190287267	water snake fiddler crab common newt Triturus vulgaris night snake Hypsiglena torquata thunder snake worm snake Carphophis amoenus spotted salamander Ambystoma maculatum rock python rock snake Python sebae scorpion ringneck snake ring-necked snake ring snake hognose snake puff adder sand viper
1598	0	47982934831	cinema movie theater movie theatre movie house picture palace doormat welcome mat fire screen fireguard barbershop vault stove streetcar tram tramcar trolley trolley car tobacco shop tobacconist shop tobacconist sliding door lumbermill sawmill
1599	0	34935001864	red-breasted merganser Mergus serrator black swan Cygnus atratus goose otter American coot marsh hen mud hen water hen Fulica americana water ouzel dipper drake limpkin Aramus pictus albatross mollymawk vulture
1600	0	31206317420	Persian cat tabby tabby cat Egyptian cat laptop laptop computer mouse computer mouse tiger cat notebook notebook computer computer keyboard keypad television television system cup
1601	0	21617843154	umbrella sundial dome wall clock analog clock fountain carousel carrousel merry-go-round roundabout whirligig parachute chute unicycle monocycle balloon
1602	0	20494156259	ox llama cougar puma catamount mountain lion painter panther Felis concolor Great Dane bison water buffalo water ox Asiatic buffalo Bubalus bubalis sorrel Doberman Doberman pinscher gazelle hog pig grunter squealer Sus scrofa
1603	1	18871513894	Band Aid lens cap lens cover seat belt seatbelt refrigerator icebox cellular telephone cellular phone cellphone cell mobile phone window shade ice lolly lolly lollipop popsicle bow tie bow-tie bowtie spatula television television system
1604	0	19052884182	bee cicada cicala sunglass fly chambered nautilus pearly nautilus nautilus sunglasses dark glasses shades hermit crab lionfish jellyfish bubble
1605	0	16487059683	suspension bridge pier container ship containership container vessel schooner harp pirate pirate ship seashore coast seacoast sea-coast liner ocean liner promontory headland head foreland steel arch bridge
1606	0	13261104783	dome jigsaw puzzle tile roof seashore coast seacoast sea-coast honeycomb mosque airship dirigible apiary bee house prayer rug prayer mat maze labyrinth
1607	0	16162178126	Siamese cat Siamese Persian cat indri indris Indri indri Indri brevicaudatus Egyptian cat lynx catamount titi titi monkey plastic bag jay Angora Angora rabbit remote control remote
1608	1	13723921445	alligator lizard whiptail whiptail lizard agama common iguana iguana Iguana iguana green lizard Lacerta viridis Komodo dragon Komodo lizard dragon lizard giant lizard Varanus komodoensis American chameleon anole Anolis carolinensis Gila monster Heloderma suspectum banded gecko frilled lizard Chlamydosaurus kingi
1609	0	13379064493	Egyptian cat tiger cat tabby tabby cat Siamese cat Siamese lynx catamount carton Persian cat plastic bag window screen sleeping bag
1610	1	8703443519	hair spray syringe lipstick lip rouge microphone mike lens cap lens cover lighter light igniter ignitor sunglass hand blower blow dryer blow drier hair dryer hair drier Polaroid camera Polaroid Land camera reflex camera
1611	0	9717285295	unicycle monocycle vacuum vacuum cleaner bannister banister balustrade balusters handrail bicycle-built-for-two tandem bicycle tandem coil spiral volute whorl helix suit suit of clothes tricycle trike velocipede bow tie bow-tie bowtie jean blue jean denim maze labyrinth
1612	0	9368748113	passenger car coach carriage pier airship dirigible liner ocean liner turnstile submarine pigboat sub U-boat bannister banister balustrade balusters handrail gas pump gasoline pump petrol pump island dispenser binoculars field glasses opera glasses steel arch bridge
1613	0	9239852649	dome analog clock spotlight spot binoculars field glasses opera glasses stopwatch stop watch car wheel wall clock magnetic compass planetarium radio telescope radio reflector
1614	0	9113507114	hair spray mortarboard library maypole oboe hautboy hautbois bassoon academic gown academic robe judge's robe groom bridegroom military uniform toyshop
1615	0	8774357635	hair spray syringe wig microphone mike brassiere bra bandeau badger Band Aid nipple stage shower cap
1616	0	8730308963	whippet Italian greyhound Saluki gazelle hound muzzle Ibizan hound Ibizan Podenco dingo warrigal warragal Canis dingo Chihuahua Staffordshire bullterrier Staffordshire bull terrier American Staffordshire terrier Staffordshire terrier American pit bull terrier pit bull terrier tennis ball
1617	0	9468579831	steel arch bridge submarine pigboat sub U-boat paddlewheel paddle wheel canoe lakeside lakeshore catamaran dock dockage docking facility suspension bridge wreck breakwater groin groyne mole bulwark seawall jetty
1618	0	8310671403	drake goose black stork Ciconia nigra American coot marsh hen mud hen water hen Fulica americana European gallinule Porphyrio porphyrio peacock black swan Cygnus atratus magpie lakeside lakeshore red-breasted merganser Mergus serrator
1619	0	7704037164	jay indigo bunting indigo finch indigo bird Passerina cyanea magpie quail macaw peacock partridge little blue heron Egretta caerulea European gallinule Porphyrio porphyrio crane
1620	0	7951843070	microphone mike stage spotlight spot cornet horn trumpet trump harmonica mouth organ harp mouth harp sax saxophone electric guitar trombone loudspeaker speaker speaker unit loudspeaker system speaker system projector
1621	0	7695587222	Indian elephant Elephas maximus African elephant Loxodonta africana tusker warthog zebra triceratops hippopotamus hippo river horse Hippopotamus amphibius gorilla Gorilla gorilla lion king of beasts Panthera leo web site website internet site site
1622	0	7673130646	pill bottle lotion water bottle sunscreen sunblock sun blocker nipple medicine chest medicine cabinet soap dispenser face powder syringe hair spray
1623	0	7577703972	junco snowbird brambling Fringilla montifringilla indigo bunting indigo finch indigo bird Passerina cyanea house finch linnet Carpodacus mexicanus goldfinch Carduelis carduelis water ouzel dipper chickadee jay bulbul magpie
1624	0	7476965392	soccer ball ping-pong ball ballplayer baseball player racket racquet tennis ball honeycomb basketball volleyball chainlink fence prison prison house
1625	0	7223228010	fly bee dung beetle dragonfly darning needle devil's darning needle sewing needle snake feeder snake doctor mosquito hawk skeeter hawk damselfly tiger beetle leaf beetle chrysomelid rhinoceros beetle ground beetle carabid beetle ladybug ladybeetle lady beetle ladybird ladybird beetle
1626	0	7157344726	trilobite mask African crocodile Nile crocodile Crocodylus niloticus American alligator Alligator mississipiensis conch tailed frog bell toad ribbed toad tailed toad Ascaphus trui triceratops Gila monster Heloderma suspectum puffer pufferfish blowfish globefish hippopotamus hippo river horse Hippopotamus amphibius
1627	0	6966428218	orange coil spiral volute whorl helix pinwheel loupe jeweler's loupe mask bubble centipede chambered nautilus pearly nautilus nautilus baseball electric fan blower
1628	0	5973415023	burrito soup bowl caldron cauldron mashed potato hot pot hotpot mixing bowl tray plate Dutch oven Crock Pot
1629	0	6493332527	suspension bridge banjo violin fiddle flagpole flagstaff airliner cello violoncello pedestal plinth footstall spotlight spot acoustic guitar obelisk
1630	0	6486716315	llama Arabian camel dromedary Camelus dromedarius gazelle cheetah chetah Acinonyx jubatus hyena hyaena cougar puma catamount mountain lion painter panther Felis concolor impala Aepyceros melampus sorrel zebra beagle
1631	0	6442540519	dome greenhouse nursery glasshouse minivan planetarium steel arch bridge beach wagon station wagon wagon estate car beach waggon station waggon waggon barrel cask spotlight spot wing paddlewheel paddle wheel
1632	0	6438540339	Egyptian cat tiger cat tabby tabby cat plastic bag bath towel carton lynx catamount paper towel Siamese cat Siamese window screen
1633	0	6346623781	puffer pufferfish blowfish globefish kite great grey owl great gray owl Strix nebulosa ox bald eagle American eagle Haliaeetus leucocephalus llama zebra buckeye horse chestnut conker gazelle macaw
1634	0	6347209852	steel arch bridge suspension bridge crane pier drilling platform offshore rig viaduct radio telescope radio reflector hook claw liner ocean liner harp
1635	1	6285926806	fur coat jean blue jean denim trench coat miniskirt mini kimono academic gown academic robe judge's robe velvet gown abaya groom bridegroom
1636	0	6187297206	ox kelpie llama water buffalo water ox Asiatic buffalo Bubalus bubalis Cardigan Cardigan Welsh corgi ibex Capra ibex Border collie collie gazelle ram tup
1637	0	6065100222	bullet train bullet toucan pool table billiard table snooker table space shuttle cab hack taxi taxicab torch bow restaurant eating house eating place eatery seat belt seatbelt garbage truck dustcart
1638	0	5810281679	stage electric guitar sax saxophone acoustic guitar microphone mike chain saw chainsaw maraca cornet horn trumpet trump spotlight spot banjo
1639	0	50807822631	vacuum vacuum cleaner syringe power drill microphone mike water bottle screwdriver oil filter hair spray snorkel gasmask respirator gas helmet
1640	0	50218856401	goldfish Carassius auratus rock beauty Holocanthus tricolor tench Tinca tinca anemone fish axolotl mud puppy Ambystoma mexicanum puffer pufferfish blowfish globefish toucan eel eft coral reef
1641	0	50706862616	tree frog tree-frog tailed frog bell toad ribbed toad tailed toad Ascaphus trui bullfrog Rana catesbeiana banded gecko weevil leaf beetle chrysomelid American chameleon anole Anolis carolinensis green lizard Lacerta viridis binoculars field glasses opera glasses common newt Triturus vulgaris
1642	0	49644314787	bannister banister balustrade balusters handrail turnstile worm fence snake fence snake-rail fence Virginia fence prison prison house fire screen fireguard patio terrace megalith megalithic structure cannon chainlink fence park bench
1643	0	48642632273	mortarboard cowboy hat ten-gallon hat academic gown academic robe judge's robe umbrella military uniform sombrero ballplayer baseball player fur coat dumbbell bow tie bow-tie bowtie
1644	0	49847607083	llama dalmatian coach dog carriage dog Great Dane ram tup ice bear polar bear Ursus Maritimus Thalarctos maritimus kuvasz gazelle ox bull mastiff Saint Bernard St Bernard
1645	0	49598278136	American egret great white heron Egretta albus redshank Tringa totanus albatross mollymawk ptarmigan oystercatcher oyster catcher red-backed sandpiper dunlin Erolia alpina little blue heron Egretta caerulea ruddy turnstone Arenaria interpres dowitcher spoonbill
1646	0	49293443322	black grouse partridge ptarmigan ruffed grouse partridge Bonasa umbellus prairie chicken prairie grouse prairie fowl quail magpie kite water ouzel dipper vulture
1647	0	48851876636	Labrador retriever golden retriever beagle cocker spaniel English cocker spaniel cocker Pembroke Pembroke Welsh corgi basset basset hound Cardigan Cardigan Welsh corgi German shepherd German shepherd dog German police dog alsatian redbone English setter
1648	0	48628819527	suspension bridge pier steel arch bridge promontory headland head foreland dam dike dyke lakeside lakeshore liner ocean liner seashore coast seacoast sea-coast palace dock dockage docking facility
1649	0	48181356581	fly bee leaf beetle chrysomelid cicada cicala ground beetle carabid beetle dung beetle tiger beetle hummingbird lacewing lacewing fly dragonfly darning needle devil's darning needle sewing needle snake feeder snake doctor mosquito hawk skeeter hawk
1650	0	48172317857	sandbar sand bar seashore coast seacoast sea-coast jellyfish starfish sea star lakeside lakeshore coral reef sea snake wreck promontory headland head foreland sea anemone anemone
1651	0	48162725981	lipstick lip rouge syringe seat belt seatbelt Band Aid sweatshirt cellular telephone cellular phone cellphone cell mobile phone bath towel ice lolly lolly lollipop popsicle loupe jeweler's loupe bow tie bow-tie bowtie
1652	0	48027151911	water snake ringneck snake ring-necked snake ring snake garter snake grass snake thunder snake worm snake Carphophis amoenus hognose snake puff adder sand viper night snake Hypsiglena torquata Indian cobra Naja naja sidewinder horned rattlesnake Crotalus cerastes rock python rock snake Python sebae sea snake
1653	0	47981588441	solar dish solar collector solar furnace greenhouse nursery glasshouse radio telescope radio reflector dome coil spiral volute whorl helix electric fan blower spotlight spot planetarium prison prison house crane
1654	0	32673708647	washer automatic washer washing machine toilet seat sundial cash machine cash dispenser automated teller machine automatic teller machine automated teller automatic teller ATM shield buckler bannister banister balustrade balusters handrail bookshop bookstore bookstall wall clock maze labyrinth gondola
1655	0	46544873742	Egyptian cat tiger cat tabby tabby cat lynx catamount window screen Persian cat Siamese cat Siamese plastic bag carton hamper
1656	0	45442113235	can opener tin opener hourglass corkscrew bottle screw lens cap lens cover hard disc hard disk fixed disk frying pan frypan skillet buckle paintbrush stopwatch stop watch screwdriver
1657	0	47438037281	chickadee jay junco snowbird magpie brambling Fringilla montifringilla quail goldfinch Carduelis carduelis colobus colobus monkey bulbul jacamar
1658	0	45156633505	black swan Cygnus atratus crane flamingo European gallinule Porphyrio porphyrio goose black stork Ciconia nigra lorikeet spoonbill toucan drake
1659	0	43391129560	electric fan blower miniature schnauzer coil spiral volute whorl helix chambered nautilus pearly nautilus nautilus sea anemone anemone strainer daisy mushroom birdhouse cocker spaniel English cocker spaniel cocker
1660	0	31426834897	English springer English springer spaniel Border collie English setter papillon Chihuahua tennis ball toy terrier Saluki gazelle hound Boston bull Boston terrier toy poodle
1661	0	26881809127	brambling Fringilla montifringilla goldfinch Carduelis carduelis lemon house finch linnet Carpodacus mexicanus water ouzel dipper junco snowbird bulbul tennis ball red-backed sandpiper dunlin Erolia alpina indigo bunting indigo finch indigo bird Passerina cyanea
1662	0	39063911494	sulphur-crested cockatoo Kakatoe galerita Cacatua galerita macaw African grey African gray Psittacus erithacus spoonbill kite pelican lorikeet vulture jay American egret great white heron Egretta albus
1663	0	24002323058	tiger cat Egyptian cat tabby tabby cat plastic bag washer automatic washer washing machine Siamese cat Siamese feather boa boa computer keyboard keypad carton Persian cat
1664	0	51179698104	bubble goblet ladle sunglass red wine perfume essence sunglasses dark glasses shades cup loupe jeweler's loupe beer glass
1665	0	50534217756	seashore coast seacoast sea-coast promontory headland head foreland beacon lighthouse beacon light pharos cliff drop drop-off castle valley vale breakwater groin groyne mole bulwark seawall jetty lakeside lakeshore geyser volcano
1666	0	49931685196	American chameleon anole Anolis carolinensis ruffed grouse partridge Bonasa umbellus partridge hummingbird house finch linnet Carpodacus mexicanus ringlet ringlet butterfly bittern robin American robin Turdus migratorius jacamar coucal
1667	0	49994674763	bee fly cardoon ant emmet pismire artichoke globe artichoke mantis mantid garden spider Aranea diademata hermit crab barn spider Araneus cavaticus cabbage butterfly
1668	0	50349735993	spider monkey Ateles geoffroyi titi titi monkey howler monkey howler indri indris Indri indri Indri brevicaudatus orangutan orang orangutang Pongo pygmaeus gibbon Hylobates lar siamang Hylobates syndactylus Symphalangus syndactylus guenon guenon monkey patas hussar monkey Erythrocebus patas langur
1669	0	50781505013	goldfinch Carduelis carduelis bee eater brambling Fringilla montifringilla bulbul chickadee sulphur butterfly sulfur butterfly house finch linnet Carpodacus mexicanus indigo bunting indigo finch indigo bird Passerina cyanea jay hummingbird
1670	0	50584798422	wooden spoon broccoli spatula corn banana mantis mantid ladle toucan strainer ping-pong ball
1671	0	49971610523	ostrich Struthio camelus vulture crane bustard peacock magpie llama hornbill goose mongoose
1672	0	49674616366	crash helmet military uniform ballplayer baseball player sombrero mortarboard bearskin busby shako bonnet poke bonnet flute transverse flute academic gown academic robe judge's robe football helmet
1673	0	49723708856	mask night snake Hypsiglena torquata nematode nematode worm roundworm spotted salamander Ambystoma maculatum beer glass buckle binoculars field glasses opera glasses ski mask combination lock isopod
1674	0	49694474043	drake American coot marsh hen mud hen water hen Fulica americana European gallinule Porphyrio porphyrio goose red-breasted merganser Mergus serrator albatross mollymawk black swan Cygnus atratus oystercatcher oyster catcher water ouzel dipper lakeside lakeshore
1675	0	48742352326	head cabbage cabbage butterfly cucumber cuke daisy lycaenid lycaenid butterfly Petri dish tray lemon cup zucchini courgette
1676	0	48161216752	loupe jeweler's loupe sunglass sunglasses dark glasses shades paper towel bath towel ballpoint ballpoint pen ballpen Biro lighter light igniter ignitor safety pin quill quill pen shower curtain
1677	1	33473243798	bath towel lipstick lip rouge perfume essence red wine cowboy hat ten-gallon hat fur coat brassiere bra bandeau bathtub bathing tub bath tub Band Aid tub vat
1678	0	47054001942	church church building flagpole flagstaff obelisk stupa tope dome schooner missile projectile missile suspension bridge pole
1679	1	29072297387	syringe umbrella hair spray wig power drill whistle plunger plumber's helper spindle reel torch
1680	0	42018801490	toilet seat swab swob mop sundial coil spiral volute whorl helix bolo tie bolo bola tie bola tray shower cap magnetic compass ashcan trash can garbage can wastebin ash bin ash-bin ashbin dustbin trash barrel trash bin peacock
1681	0	49674074383	kimono bow torch vestment cloak maypole flute transverse flute umbrella gown overskirt
1682	0	42603477574	acorn coil spiral volute whorl helix screw safety pin cup ladle wooden spoon nail hair slide espresso
1683	0	20768754894	pole horizontal bar high bar knee pad chain saw chainsaw ski parallel bars bars puck hockey puck unicycle monocycle stretcher swing
1684	0	8688671915	wig lipstick lip rouge hair spray perfume essence seat belt seatbelt fur coat brassiere bra bandeau hair slide red wine face powder
1685	1	30307682146	bow kimono apron vestment drum membranophone tympan flute transverse flute panpipe pandean pipe syrinx drumstick whistle ocarina sweet potato
1686	1	50501294791	clog geta patten sabot Band Aid dough miniskirt mini butternut squash sandal sock lotion wool woolen woollen mouse computer mouse
1687	1	7735411958	wig swimming trunks bathing trunks ice lolly lolly lollipop popsicle microphone mike sunscreen sunblock sun blocker bikini two-piece bath towel maillot tank suit chain hair spray
1688	1	51056077047	miniskirt mini Loafer maillot sandal suit suit of clothes maillot tank suit notebook notebook computer desk sock shoe shop shoe-shop shoe store
1689	1	51025246938	miniskirt mini pajama pyjama pj's jammies hair spray sweatshirt maillot plunger plumber's helper brassiere bra bandeau syringe Band Aid stethoscope
1690	1	50946646662	sandbar sand bar sarong sunglass seashore coast seacoast sea-coast breakwater groin groyne mole bulwark seawall jetty lakeside lakeshore maillot tank suit bikini two-piece snorkel maillot
1691	1	50815534631	velvet sarong punching bag punch bag punching ball punchball overskirt sleeping bag gown mailbag postbag plastic bag stole hair spray
1692	1	50566306887	lighter light igniter ignitor syringe miniskirt mini crossword puzzle crossword studio couch day bed swimming trunks bathing trunks sunscreen sunblock sun blocker laptop laptop computer notebook notebook computer Band Aid
1693	1	50332155812	swimming trunks bathing trunks miniskirt mini ocarina sweet potato cowboy boot clog geta patten sabot bearskin busby shako bathing cap swimming cap sombrero cowboy hat ten-gallon hat brassiere bra bandeau
1694	1	50248368442	apron miniskirt mini overskirt sarong cowboy boot mailbag postbag swimming trunks bathing trunks buckle hoopskirt crinoline cowboy hat ten-gallon hat
1695	1	50200297068	maraca pitcher ewer perfume essence pill bottle cuirass cocktail shaker beer glass goblet soap dispenser pop bottle soda bottle
1696	1	49968922202	miniskirt mini potter's wheel parallel bars bars neck brace crutch suit suit of clothes fur coat bow tie bow-tie bowtie hoopskirt crinoline Loafer
1697	1	49513017268	mortarboard bathing cap swimming cap academic gown academic robe judge's robe shower cap sunscreen sunblock sun blocker toyshop cowboy hat ten-gallon hat barbershop sunglass sunglasses dark glasses shades
1698	1	49538092308	miniskirt mini sunglass barbell carousel carrousel merry-go-round roundabout whirligig sunglasses dark glasses shades jersey T-shirt tee shirt dumbbell sombrero slot one-armed bandit trombone
1699	1	49394597147	jean blue jean denim suit suit of clothes cowboy boot miniskirt mini window shade cowboy hat ten-gallon hat vacuum vacuum cleaner fur coat Loafer cellular telephone cellular phone cellphone cell mobile phone
1700	1	47963358416	cocktail shaker lotion hair spray soap dispenser eggnog pop bottle soda bottle saltshaker salt shaker medicine chest medicine cabinet water bottle perfume essence
1701	0	40644833663	window screen maillot tub vat sandbar sand bar maillot tank suit window shade sunscreen sunblock sun blocker swimming trunks bathing trunks bathing cap swimming cap bikini two-piece
1702	1	47472235272	miniskirt mini cowboy boot brassiere bra bandeau sunglass maillot sunglasses dark glasses shades maillot tank suit pole umbrella wig
1703	1	42464993191	miniskirt mini wig maillot hoopskirt crinoline overskirt maillot tank suit feather boa boa jean blue jean denim gown sunglasses dark glasses shades
1704	1	50619017222	miniskirt mini Band Aid cellular telephone cellular phone cellphone cell mobile phone syringe neck brace harmonica mouth organ harp mouth harp remote control remote studio couch day bed sunscreen sunblock sun blocker oxygen mask
1705	1	51081906021	miniskirt mini overskirt hoopskirt crinoline hair spray apron shower cap hand blower blow dryer blow drier hair dryer hair drier wig dumbbell maillot
1706	1	51113013548	hand blower blow dryer blow drier hair dryer hair drier wig brassiere bra bandeau bikini two-piece seat belt seatbelt lipstick lip rouge sunglasses dark glasses shades hair spray fur coat stethoscope
1707	1	50209044043	maillot tank suit miniskirt mini maillot potter's wheel sunscreen sunblock sun blocker bikini two-piece iron smoothing iron sarong studio couch day bed tub vat
1708	1	50095370857	conch piggy bank penny bank cowboy boot spoonbill cowboy hat ten-gallon hat lotion bonnet poke bonnet sandal sarong cup
1709	1	49471598461	miniskirt mini maillot tank suit maillot sarong bikini two-piece pajama pyjama pj's jammies swimming trunks bathing trunks bath towel hoopskirt crinoline brassiere bra bandeau
1710	1	49348746668	bikini two-piece broom sunscreen sunblock sun blocker swing swimming trunks bathing trunks cowboy hat ten-gallon hat bow croquet ball crutch sandal
1711	1	51111208371	miniskirt mini velvet maillot jean blue jean denim cowboy boot fur coat Loafer suit suit of clothes wig maillot tank suit
1712	1	50265811543	maillot maillot tank suit velvet miniskirt mini gown wig overskirt sarong jean blue jean denim stole
1713	0	48875921716	hoopskirt crinoline overskirt gown bath towel miniskirt mini swab swob mop umbrella cloak stole sarong
1714	1	26149054310	shield buckler hatchet cowboy boot hay chain saw chainsaw drum membranophone tympan Indian cobra Naja naja conch bow panpipe pandean pipe syrinx
1715	0	31239347765	marimba xylophone lumbermill sawmill chime bell gong yurt rocking chair rocker swing thatch thatched roof patio terrace crutch bow
1716	0	26481955111	hamper chime bell gong shopping basket swing gong tam-tam guillotine bolo tie bolo bola tie bola hook claw cradle cuirass
1717	0	21272674995	stretcher rifle assault rifle assault gun ballplayer baseball player football helmet bathing cap swimming cap chain saw chainsaw military uniform paddle boat paddle tripod
1718	0	9615883605	thresher thrasher threshing machine steam locomotive cannon tank army tank armored combat vehicle armoured combat vehicle lumbermill sawmill barrel cask warplane military plane mobile home manufactured home garbage truck dustcart submarine pigboat sub U-boat
1719	0	10418882135	yurt mountain tent apiary bee house sarong prayer rug prayer mat abaya kimono vestment greenhouse nursery glasshouse dome
1720	1	51189168491	jersey T-shirt tee shirt jean blue jean denim dumbbell barbell carton balance beam beam swimming trunks bathing trunks ballplayer baseball player bulletproof vest maillot
1721	0	49149340416	boathouse barn picket fence paling lakeside lakeshore beacon lighthouse beacon light pharos airship dirigible thatch thatched roof worm fence snake fence snake-rail fence Virginia fence mobile home manufactured home flagpole flagstaff
1722	0	48440731656	coil spiral volute whorl helix necklace maze labyrinth chain safety pin screw nail bow envelope hair slide
1723	0	47808682292	ocarina sweet potato jean blue jean denim cellular telephone cellular phone cellphone cell mobile phone torch carton web site website internet site site Band Aid toyshop hair spray comic book
1724	0	51211495998	umbrella jinrikisha ricksha rickshaw mortarboard cellular telephone cellular phone cellphone cell mobile phone bearskin busby shako sombrero academic gown academic robe judge's robe basketball cash machine cash dispenser automated teller machine automatic teller machine automated teller automatic teller ATM parachute chute
1725	0	50025135401	convertible sports car sport car racer race car racing car grille radiator grille car wheel amphibian amphibious vehicle beach wagon station wagon wagon estate car beach waggon station waggon waggon cab hack taxi taxicab pickup pickup truck golfcart golf cart
1726	0	49883079248	Indian cobra Naja naja water snake night snake Hypsiglena torquata sea snake hognose snake puff adder sand viper eel conch coil spiral volute whorl helix thunder snake worm snake Carphophis amoenus harp
1727	0	50024591118	pickup pickup truck grille radiator grille convertible sports car sport car racer race car racing car car wheel passenger car coach carriage beach wagon station wagon wagon estate car beach waggon station waggon waggon cab hack taxi taxicab fire engine fire truck
1728	0	49964496143	bearskin busby shako trombone military uniform ocarina sweet potato cornet horn trumpet trump pickelhaube French horn horn bassoon lifeboat oboe hautboy hautbois
1729	0	49658858297	malinois impala Aepyceros melampus military uniform howler monkey howler rifle bulletproof vest assault rifle assault gun hartebeest chain saw chainsaw bloodhound sleuthhound
1730	1	49658857832	cowboy boot sandal clog geta patten sabot Loafer running shoe jean blue jean denim croquet ball sweatshirt stole sock
1731	0	49488931736	unicycle monocycle jinrikisha ricksha rickshaw cash machine cash dispenser automated teller machine automatic teller machine automated teller automatic teller ATM gas pump gasoline pump petrol pump island dispenser parking meter turnstile miniskirt mini moped umbrella motor scooter scooter
1732	0	49487991743	rain barrel barrel cask greenhouse nursery glasshouse lumbermill sawmill tub vat tile roof barrow garden cart lawn cart wheelbarrow grocery store grocery food market market patio terrace chain saw chainsaw
1733	1	49488398956	torch vestment bell cote bell cot harp flute transverse flute triumphal arch bassoon altar maze labyrinth miniskirt mini
1734	0	49488396556	thatch thatched roof grocery store grocery food market market tile roof restaurant eating house eating place eatery boathouse barn alp patio terrace picket fence paling bell cote bell cot
1735	1	49456505486	miniskirt mini cowboy boot diaper nappy napkin sunscreen sunblock sun blocker cowboy hat ten-gallon hat bikini two-piece maillot balance beam beam swimming trunks bathing trunks maillot tank suit
1736	0	49346889813	military uniform assault rifle assault gun bulletproof vest rifle tank army tank armored combat vehicle armoured combat vehicle projectile missile half track binoculars field glasses opera glasses cannon amphibian amphibious vehicle
1737	0	49217438012	prison prison house bullet train bullet pier passenger car coach carriage library turnstile bannister banister balustrade balusters handrail viaduct suspension bridge palace
1738	0	49064582836	lighter light igniter ignitor cellular telephone cellular phone cellphone cell mobile phone iPod remote control remote street sign hard disc hard disk fixed disk loudspeaker speaker speaker unit loudspeaker system speaker system modem perfume essence soap dispenser
1739	0	48946307092	lakeside lakeshore paddle boat paddle valley vale boathouse canoe coho cohoe coho salmon blue jack silver salmon Oncorhynchus kisutch reel fountain dam dike dyke park bench
1740	0	49053934191	promontory headland head foreland seashore coast seacoast sea-coast lakeside lakeshore alp stone wall sandbar sand bar beacon lighthouse beacon light pharos breakwater groin groyne mole bulwark seawall jetty cliff drop drop-off recreational vehicle RV R.V.
1741	0	48995386783	hand blower blow dryer blow drier hair dryer hair drier wok folding chair plunger plumber's helper toilet seat toilet tissue toilet paper bathroom tissue iron smoothing iron hair spray spatula rocking chair rocker
1742	0	48995636991	jigsaw puzzle crossword puzzle crossword library bookshop bookstore bookstall comic book toyshop menu loupe jeweler's loupe paintbrush handkerchief hankie hanky hankey
1743	0	33940339288	jean blue jean denim cellular telephone cellular phone cellphone cell mobile phone harmonica mouth organ harp mouth harp reflex camera miniskirt mini trench coat sunglass sunglasses dark glasses shades microphone mike stage
1744	0	47038019252	cab hack taxi taxicab police van police wagon paddy wagon patrol wagon wagon black Maria ambulance racer race car racing car tow truck tow car wrecker garbage truck dustcart limousine limo go-kart sports car sport car fire engine fire truck
1745	0	32111965197	balloon traffic light traffic signal stoplight flagpole flagstaff street sign umbrella parachute chute pole fire engine fire truck plastic bag basketball
1746	0	46919538425	convertible sports car sport car grille radiator grille racer race car racing car car wheel beach wagon station wagon wagon estate car beach waggon station waggon waggon cab hack taxi taxicab golfcart golf cart pickup pickup truck limousine limo
1747	1	33347886868	spotlight spot microphone mike stage harmonica mouth organ harp mouth harp cello violoncello sax saxophone electric guitar grand piano grand acoustic guitar accordion piano accordion squeeze box
1748	1	46459484354	bolo tie bolo bola tie bola barbershop vestment stethoscope wig hair spray hair slide breastplate aegis egis chain mail ring mail mail chain armor chain armour ring armor ring armour slot one-armed bandit
1749	0	46459469184	oboe hautboy hautbois bassoon cello violoncello grand piano grand steel drum stage accordion piano accordion squeeze box drumstick acoustic guitar microphone mike
1750	0	31987033278	pickelhaube military uniform book jacket dust cover dust jacket dust wrapper bearskin busby shako bulletproof vest rifle comic book mortarboard revolver six-gun six-shooter cowboy hat ten-gallon hat
1751	0	43507860455	hair spray ballplayer baseball player baseball punching bag punch bag punching ball punchball banjo marimba xylophone drumstick violin fiddle soccer ball microphone mike
1752	0	27433085927	Dutch oven frying pan frypan skillet wok grocery store grocery food market market spatula confectionery confectionary candy store caldron cauldron dough corn cleaver meat cleaver chopper
1753	0	28070425978	solar dish solar collector solar furnace container ship containership container vessel trimaran seashore coast seacoast sea-coast pier dock dockage docking facility schooner breakwater groin groyne mole bulwark seawall jetty crane flagpole flagstaff
1754	0	41038199365	window screen car mirror window shade shower curtain geyser fountain water bottle mosquito net prison prison house bannister banister balustrade balusters handrail
1755	1	51214198733	binoculars field glasses opera glasses breakwater groin groyne mole bulwark seawall jetty reel paddle boat paddle pier park bench bannister banister balustrade balusters handrail mortarboard sandbar sand bar cannon
1756	0	50724063768	pole bow tie bow-tie bowtie window screen sliding door maypole feather boa boa bubble greenhouse nursery glasshouse pinwheel plunger plumber's helper
1757	0	50061181518	alp mountain bike all-terrain bike off-roader valley vale mountain tent cliff drop drop-off maze labyrinth ski snowmobile unicycle monocycle ibex Capra ibex
1758	0	50061375397	tricycle trike velocipede gasmask respirator gas helmet knee pad moped bicycle-built-for-two tandem bicycle tandem go-kart ski mask mountain bike all-terrain bike off-roader crash helmet dumbbell
1759	0	49912750238	geyser volcano alp missile breakwater groin groyne mole bulwark seawall jetty projectile missile cannon sandbar sand bar steam locomotive binoculars field glasses opera glasses
1760	0	49858590967	cowboy hat ten-gallon hat sombrero cowboy boot bonnet poke bonnet harmonica mouth organ harp mouth harp banjo sunscreen sunblock sun blocker maraca drum membranophone tympan marimba xylophone
1761	0	50134526073	geyser lakeside lakeshore breakwater groin groyne mole bulwark seawall jetty wreck seashore coast seacoast sea-coast sandbar sand bar dock dockage docking facility crane valley vale volcano
1762	0	49855823348	military uniform assault rifle assault gun stretcher projectile missile bulletproof vest rifle tank army tank armored combat vehicle armoured combat vehicle megalith megalithic structure cannon half track
1763	0	49768486623	carton hamper grocery store grocery food market market crate umbrella lumbermill sawmill African elephant Loxodonta africana horse cart horse-cart refrigerator icebox abaya
1764	0	49642796471	spotlight spot fountain cup saltshaker salt shaker coffeepot loudspeaker speaker speaker unit loudspeaker system speaker system grand piano grand ping-pong ball pool table billiard table snooker table digital clock
1765	0	49630221976	ballplayer baseball player ping-pong ball stage jersey T-shirt tee shirt cowboy hat ten-gallon hat baseball racket racquet file file cabinet filing cabinet marimba xylophone tennis ball
1766	0	49628163732	restaurant eating house eating place eatery suit suit of clothes academic gown academic robe judge's robe groom bridegroom desk mortarboard window shade library grand piano grand dining table board
1767	0	49310613782	street sign thatch thatched roof pole streetcar tram tramcar trolley trolley car traffic light traffic signal stoplight mailbox letter box castle chainlink fence suspension bridge monastery
1768	0	49205659036	groom bridegroom suit suit of clothes notebook notebook computer Windsor tie academic gown academic robe judge's robe mortarboard web site website internet site site marimba xylophone oboe hautboy hautbois library
1769	0	49035057606	notebook notebook computer groom bridegroom suit suit of clothes Windsor tie laptop laptop computer stethoscope lab coat laboratory coat bow tie bow-tie bowtie gown academic gown academic robe judge's robe
1770	0	48942584661	bassoon accordion piano accordion squeeze box oboe hautboy hautbois grand piano grand sax saxophone upright upright piano cello violoncello flute transverse flute trombone violin fiddle
1771	0	49013660352	alp dogsled dog sled dog sleigh Eskimo dog husky Siberian husky yurt picket fence paling patio terrace malamute malemute Alaskan malamute shovel ski
1772	0	48920648776	solar dish solar collector solar furnace steel drum notebook notebook computer apiary bee house laptop laptop computer hand-held computer hand-held microcomputer paintbrush revolver six-gun six-shooter Dutch oven screen CRT screen
1773	0	48408062166	suit suit of clothes academic gown academic robe judge's robe mortarboard groom bridegroom Windsor tie notebook notebook computer Loafer bassoon bow tie bow-tie bowtie oboe hautboy hautbois
1774	0	48401871007	grocery store grocery food market market spotlight spot library shoe shop shoe-shop shoe store cinema movie theater movie theatre movie house picture palace bookshop bookstore bookstall projector stage toyshop unicycle monocycle
1775	0	48310332192	crate restaurant eating house eating place eatery carton grand piano grand marimba xylophone ashcan trash can garbage can wastebin ash bin ash-bin ashbin dustbin trash barrel trash bin tub vat lab coat laboratory coat vestment maze labyrinth
1776	0	48140454022	web site website internet site site palace seashore coast seacoast sea-coast castle monitor beacon lighthouse beacon light pharos crane maze labyrinth stupa tope screen CRT screen
1777	0	48057632368	dining table board chiffonier commode washbasin handbasin washbowl lavabo wash-hand basin goblet soap dispenser china cabinet china closet altar table lamp desk wardrobe closet press
1778	0	50814807072	file file cabinet filing cabinet safe apiary bee house bulletproof vest crate prison prison house cash machine cash dispenser automated teller machine automatic teller machine automated teller automatic teller ATM carton photocopier library
1779	0	51020404503	turnstile spotlight spot bannister banister balustrade balusters handrail pier analog clock punching bag punch bag punching ball punchball cinema movie theater movie theatre movie house picture palace suspension bridge traffic light traffic signal stoplight pay-phone pay-station
1780	0	49002932111	accordion piano accordion squeeze box stage theater curtain theatre curtain sax saxophone electric guitar violin fiddle grand piano grand cornet horn trumpet trump spotlight spot harp
1781	0	46500198254	grand piano grand laptop laptop computer notebook notebook computer marimba xylophone cello violoncello projector stage spotlight spot upright upright piano steel drum
1782	0	41069383782	bulbul sunglasses dark glasses shades fur coat wig African grey African gray Psittacus erithacus house finch linnet Carpodacus mexicanus ice lolly lolly lollipop popsicle seat belt seatbelt stole hornbill
1783	0	40258221944	microphone mike harmonica mouth organ harp mouth harp stage whistle electric guitar perfume essence sweatshirt lipstick lip rouge jersey T-shirt tee shirt pick plectrum plectron
1784	0	27903980475	maze labyrinth stone wall plastic bag tile roof safety pin jigsaw puzzle doormat welcome mat hook claw cliff dwelling chainlink fence
1785	1	8119387893	bonnet poke bonnet bow crash helmet sewing machine loupe jeweler's loupe binoculars field glasses opera glasses sunglass revolver six-gun six-shooter swing neck brace
1786	1	51185793776	miniskirt mini Band Aid sunglasses dark glasses shades sandal bathing cap swimming cap seat belt seatbelt maillot sunglass shower cap neck brace
1787	1	51142372730	swimming trunks bathing trunks bathing cap swimming cap knee pad diaper nappy napkin maillot volleyball dumbbell miniskirt mini bikini two-piece sunscreen sunblock sun blocker
1788	1	51141281261	hoopskirt crinoline gown overskirt miniskirt mini shower cap brassiere bra bandeau hair spray sarong sunglasses dark glasses shades groom bridegroom
1789	1	42328503382	hippopotamus hippo river horse Hippopotamus amphibius stingray tub vat water buffalo water ox Asiatic buffalo Bubalus bubalis hog pig grunter squealer Sus scrofa bathing cap swimming cap grey whale gray whale devilfish Eschrichtius gibbosus Eschrichtius robustus swimming trunks bathing trunks tusker Indian elephant Elephas maximus
1790	1	51047148341	washbasin handbasin washbowl lavabo wash-hand basin bathtub bathing tub bath tub toilet seat mortar potter's wheel bonnet poke bonnet plunger plumber's helper mixing bowl tub vat piggy bank penny bank
1791	1	49692384517	bonnet poke bonnet bib sleeping bag shower cap neck brace bathing cap swimming cap toyshop apron cloak mask
1792	1	49674856063	bonnet poke bonnet maraca hoopskirt crinoline overskirt plunger plumber's helper sombrero apron shower cap bolo tie bolo bola tie bola punching bag punch bag punching ball punchball
1793	0	8965683402	crossword puzzle crossword rule ruler digital clock wall clock shoji washbasin handbasin washbowl lavabo wash-hand basin rubber eraser rubber pencil eraser sliding door tray book jacket dust cover dust jacket dust wrapper
1794	0	50990030146	groom bridegroom bow tie bow-tie bowtie suit suit of clothes gown oboe hautboy hautbois bassoon television television system French horn horn book jacket dust cover dust jacket dust wrapper microphone mike
1795	1	42750168184	pedestal plinth footstall pier miniskirt mini obelisk bell cote bell cot triumphal arch maillot maillot tank suit stole jean blue jean denim
1796	0	39098006834	perfume essence screw spindle cradle cello violoncello paper towel four-poster altar nail vestment
1797	0	36366911486	shield buckler parachute chute EntleBucher unicycle monocycle Leonberg Appenzeller alp rugby ball llama maypole
1798	0	34238035456	fountain church church building cinema movie theater movie theatre movie house picture palace altar palace theater curtain theatre curtain stage pencil sharpener organ pipe organ balloon
1799	0	28997849644	harmonica mouth organ harp mouth harp ocarina sweet potato vacuum vacuum cleaner panpipe pandean pipe syrinx slot one-armed bandit cellular telephone cellular phone cellphone cell mobile phone marimba xylophone television television system jean blue jean denim backpack back pack knapsack packsack rucksack haversack
1800	1	29387767741	wardrobe closet press book jacket dust cover dust jacket dust wrapper vestment gong tam-tam fur coat wall clock mask cloak throne bookcase
1801	0	22656304036	mountain bike all-terrain bike off-roader cliff drop drop-off valley vale bannister banister balustrade balusters handrail park bench barrow garden cart lawn cart wheelbarrow greenhouse nursery glasshouse unicycle monocycle swing thatch thatched roof
1802	0	23852103350	minibus ambulance amphibian amphibious vehicle fire engine fire truck bell cote bell cot police van police wagon paddy wagon patrol wagon wagon black Maria streetcar tram tramcar trolley trolley car garbage truck dustcart torch bubble
1803	0	8306531766	pineapple ananas acorn mortar hen-of-the-woods hen of the woods Polyporus frondosus Grifola frondosa corn saltshaker salt shaker ear spike capitulum earthstar custard apple gyromitra
1804	0	50702813288	head cabbage pot flowerpot broccoli stone wall buckeye horse chestnut conker maze labyrinth valley vale greenhouse nursery glasshouse hen-of-the-woods hen of the woods Polyporus frondosus Grifola frondosa artichoke globe artichoke
1805	0	49982081626	bookshop bookstore bookstall comic book library tobacco shop tobacconist shop tobacconist bookcase toyshop web site website internet site site book jacket dust cover dust jacket dust wrapper medicine chest medicine cabinet monitor
1806	0	49628818141	envelope book jacket dust cover dust jacket dust wrapper handkerchief hankie hanky hankey tray red wine binder ring-binder paintbrush pillow wall clock jersey T-shirt tee shirt
1807	0	49102174852	promontory headland head foreland cliff drop drop-off alp stone wall megalith megalithic structure beacon lighthouse beacon light pharos castle valley vale mountain tent lakeside lakeshore
1808	0	48899274291	upright upright piano grand piano grand marimba xylophone organ pipe organ suit suit of clothes television television system plane carpenter's plane woodworking plane Polaroid camera Polaroid Land camera jigsaw puzzle violin fiddle
1809	0	48324908876	basketball balance beam beam volleyball horizontal bar high bar toyshop grocery store grocery food market market stage swimming trunks bathing trunks racket racquet knee pad
1810	0	48365537242	prison prison house shoji shower cap swab swob mop bathing cap swimming cap turnstile plunger plumber's helper tobacco shop tobacconist shop tobacconist sliding door window screen
1811	0	48357183702	prison prison house shoji screwdriver tobacco shop tobacconist shop tobacconist vestment shower cap drumstick plunger plumber's helper bow racket racquet
1812	0	48336070156	pool table billiard table snooker table Crock Pot bobsled bobsleigh bob restaurant eating house eating place eatery hot pot hotpot wok steel drum tobacco shop tobacconist shop tobacconist caldron cauldron waffle iron
1813	1	48330768566	prison prison house shoji turnstile bassoon guillotine pole horizontal bar high bar sliding door wardrobe closet press freight car
1814	1	48154659987	hoopskirt crinoline umbrella whistle pinwheel gown flute transverse flute groom bridegroom bubble maypole torch
1815	0	48314086716	kimono cloak abaya theater curtain theatre curtain stole trench coat fur coat pajama pyjama pj's jammies jean blue jean denim sarong
1816	0	48068679362	prison prison house shoji turnstile pajama pyjama pj's jammies tobacco shop tobacconist shop tobacconist window screen sliding door jean blue jean denim washer automatic washer washing machine fire screen fireguard
1817	0	48020330137	abaya pool table billiard table snooker table loupe jeweler's loupe wig projector mask ski mask wok drumstick cassette
1818	0	47958394791	house finch linnet Carpodacus mexicanus brambling Fringilla montifringilla goldfinch Carduelis carduelis partridge ruffed grouse partridge Bonasa umbellus bulbul indigo bunting indigo finch indigo bird Passerina cyanea kite junco snowbird quail
1819	0	40466989613	whippet ox Great Dane hog pig grunter squealer Sus scrofa ram tup bighorn bighorn sheep cimarron Rocky Mountain bighorn Rocky Mountain sheep Ovis canadensis Staffordshire bullterrier Staffordshire bull terrier water buffalo water ox Asiatic buffalo Bubalus bubalis wild boar boar Sus scrofa Saluki gazelle hound
1820	0	33683747648	stretcher military uniform iron smoothing iron potter's wheel pajama pyjama pj's jammies rifle bulletproof vest sleeping bag jean blue jean denim Band Aid
1821	0	47393457241	barbershop tricycle trike velocipede bearskin busby shako swab swob mop pickelhaube library military uniform barrow garden cart lawn cart wheelbarrow horse cart horse-cart tobacco shop tobacconist shop tobacconist
1822	0	31398198557	pickelhaube military uniform television television system barbershop cinema movie theater movie theatre movie house picture palace accordion piano accordion squeeze box theater curtain theatre curtain sax saxophone stage folding chair
1823	0	46978015132	military uniform stretcher ambulance bulletproof vest parachute chute basketball scoreboard bobsled bobsleigh bob knee pad football helmet
1824	0	47010591011	jean blue jean denim accordion piano accordion squeeze box limousine limo bullet train bullet sweatshirt stole cellular telephone cellular phone cellphone cell mobile phone shoe shop shoe-shop shoe store wool woolen woollen sunglasses dark glasses shades
1825	0	46082907385	prison prison house shoji turnstile sweatshirt abaya drumstick washer automatic washer washing machine jean blue jean denim organ pipe organ wardrobe closet press
1826	0	46930885691	jean blue jean denim neck brace trench coat suit suit of clothes bulletproof vest bow tie bow-tie bowtie military uniform stage Windsor tie cowboy hat ten-gallon hat
1827	0	46336341601	cloak sleeping bag poncho abaya stole sweatshirt mountain tent trench coat vestment kimono
1828	0	31689876588	pick plectrum plectron necklace letter opener paper knife paperknife paddle boat paddle hook claw magnetic compass bolo tie bolo bola tie bola spatula scale weighing machine toilet seat
1829	0	45848250542	academic gown academic robe judge's robe mortarboard military uniform bearskin busby shako trombone cornet horn trumpet trump bassoon rifle drum membranophone tympan bow
1830	0	44296649624	Greater Swiss Mountain dog whippet EntleBucher Labrador retriever Gordon setter Saluki gazelle hound flat-coated retriever English setter Appenzeller ox
1831	1	44990546461	crash helmet bathing cap swimming cap plunger plumber's helper lab coat laboratory coat mask ballplayer baseball player shower cap wok stretcher cash machine cash dispenser automated teller machine automatic teller machine automated teller automatic teller ATM
1832	1	43355352495	prison prison house academic gown academic robe judge's robe bullet train bullet neck brace mortarboard cinema movie theater movie theatre movie house picture palace library cash machine cash dispenser automated teller machine automatic teller machine automated teller automatic teller ATM balance beam beam turnstile
1833	0	42792870454	military uniform assault rifle assault gun bulletproof vest rifle half track tank army tank armored combat vehicle armoured combat vehicle projectile missile ballplayer baseball player crash helmet football helmet
1834	1	43384415082	stethoscope hammer screwdriver hand-held computer hand-held microcomputer ping-pong ball cleaver meat cleaver chopper barbershop cellular telephone cellular phone cellphone cell mobile phone rifle notebook notebook computer
1835	0	41431674630	cash machine cash dispenser automated teller machine automatic teller machine automated teller automatic teller ATM vending machine file file cabinet filing cabinet television television system microwave microwave oven entertainment center slot one-armed bandit china cabinet china closet medicine chest medicine cabinet desktop computer
1836	0	28350164097	megalith megalithic structure park bench birdhouse hay worm fence snake fence snake-rail fence Virginia fence stone wall picket fence paling barn chain saw chainsaw apiary bee house
1837	0	42311257475	pole prison prison house turnstile forklift rifle carousel carrousel merry-go-round roundabout whirligig assault rifle assault gun gondola ski guillotine
1838	0	42797370981	soft-coated wheaten terrier cairn cairn terrier car mirror Dandie Dinmont Dandie Dinmont terrier Norfolk terrier briard Labrador retriever Irish terrier Scotch terrier Scottish terrier Scottie Norwich terrier
1839	0	50337324236	military uniform stretcher assault rifle assault gun bulletproof vest projectile missile half track rifle tank army tank armored combat vehicle armoured combat vehicle missile ambulance
1840	0	50680496136	web site website internet site site television television system screen CRT screen monitor bulletproof vest cash machine cash dispenser automated teller machine automatic teller machine automated teller automatic teller ATM computer keyboard keypad rifle oscilloscope scope cathode-ray oscilloscope CRO digital clock
1841	0	49923565273	nematode nematode worm roundworm matchstick digital clock spotlight spot microphone mike web site website internet site site mortar stopwatch stop watch analog clock lighter light igniter ignitor
1842	0	50909607258	book jacket dust cover dust jacket dust wrapper packet coffee mug toilet tissue toilet paper bathroom tissue rubber eraser rubber pencil eraser lab coat laboratory coat jersey T-shirt tee shirt envelope sewing machine cup
1843	0	36593376861	brass memorial tablet plaque crossword puzzle crossword packet menu web site website internet site site shovel rule ruler carton mousetrap screw
1844	0	49523030591	cash machine cash dispenser automated teller machine automatic teller machine automated teller automatic teller ATM screen CRT screen jersey T-shirt tee shirt laptop laptop computer book jacket dust cover dust jacket dust wrapper scoreboard television television system cellular telephone cellular phone cellphone cell mobile phone comic book digital clock
1845	0	49636819318	palace library triumphal arch monastery dome cinema movie theater movie theatre movie house picture palace gondola streetcar tram tramcar trolley trolley car bearskin busby shako prison prison house
1846	0	49056700337	stage theater curtain theatre curtain bassoon sax saxophone unicycle monocycle oboe hautboy hautbois drumstick electric guitar cornet horn trumpet trump home theater home theatre
1847	0	48949379953	seat belt seatbelt lens cap lens cover sweatshirt Band Aid sunglasses dark glasses shades ice lolly lolly lollipop popsicle drumstick backpack back pack knapsack packsack rucksack haversack water bottle bubble
1848	0	50047988548	parking meter pole binoculars field glasses opera glasses street sign ostrich Struthio camelus prison prison house torch hook claw alp seashore coast seacoast sea-coast
1849	0	38307780632	book jacket dust cover dust jacket dust wrapper alp volcano valley vale cliff drop drop-off lakeside lakeshore promontory headland head foreland brass memorial tablet plaque mountain tent mountain bike all-terrain bike off-roader
1850	0	38307761892	stopwatch stop watch scale weighing machine analog clock barometer loupe jeweler's loupe magnetic compass nematode nematode worm roundworm web site website internet site site hourglass digital watch
1851	0	8932951688	church church building bell cote bell cot dome palace cinema movie theater movie theatre movie house picture palace mosque flagpole flagstaff boathouse vault crane
1852	0	21577722973	wig acoustic guitar hand blower blow dryer blow drier hair dryer hair drier pick plectrum plectron swing electric guitar racket racquet spatula microphone mike cellular telephone cellular phone cellphone cell mobile phone
1853	0	34555254763	bookshop bookstore bookstall barbershop marimba xylophone crutch toyshop street sign steel drum whistle cash machine cash dispenser automated teller machine automatic teller machine automated teller automatic teller ATM flute transverse flute
1854	0	22256080235	stage unicycle monocycle bathing cap swimming cap police van police wagon paddy wagon patrol wagon wagon black Maria garbage truck dustcart whistle cornet horn trumpet trump drum membranophone tympan torch fire engine fire truck
1855	0	16939813427	drilling platform offshore rig crane beacon lighthouse beacon light pharos pier breakwater groin groyne mole bulwark seawall jetty lakeside lakeshore totem pole fireboat container ship containership container vessel dock dockage docking facility
1856	0	11968365023	suit suit of clothes Windsor tie cellular telephone cellular phone cellphone cell mobile phone barbershop bow tie bow-tie bowtie stage groom bridegroom hair spray crutch academic gown academic robe judge's robe
1857	0	10372593424	pitcher ewer comic book beer glass red wine book jacket dust cover dust jacket dust wrapper goblet cab hack taxi taxicab tray envelope perfume essence
1858	0	50011501283	lakeside lakeshore menu packet gar garfish garpike billfish Lepisosteus osseus canoe bathing cap swimming cap sandbar sand bar swimming trunks bathing trunks web site website internet site site shower curtain
1859	0	50294839166	tobacco shop tobacconist shop tobacconist street sign bookshop bookstore bookstall toyshop comic book barbershop confectionery confectionary candy store restaurant eating house eating place eatery bakery bakeshop bakehouse cab hack taxi taxicab
1860	0	49978997292	park bench chime bell gong gong tam-tam cannon rain barrel tractor tricycle trike velocipede milk can ashcan trash can garbage can wastebin ash bin ash-bin ashbin dustbin trash barrel trash bin canoe
1861	0	49629358292	park bench street sign mailbox letter box brass memorial tablet plaque limousine limo ashcan trash can garbage can wastebin ash bin ash-bin ashbin dustbin trash barrel trash bin toy poodle cannon barrow garden cart lawn cart wheelbarrow pool table billiard table snooker table
1862	0	49053413253	gas pump gasoline pump petrol pump island dispenser cash machine cash dispenser automated teller machine automatic teller machine automated teller automatic teller ATM menu screen CRT screen web site website internet site site monitor envelope vending machine brass memorial tablet plaque laptop laptop computer
1863	0	15744604791	cinema movie theater movie theatre movie house picture palace monastery triumphal arch street sign mosque bakery bakeshop bakehouse ashcan trash can garbage can wastebin ash bin ash-bin ashbin dustbin trash barrel trash bin tobacco shop tobacconist shop tobacconist grocery store grocery food market market restaurant eating house eating place eatery
1864	0	44238414911	street sign pedestal plinth footstall traffic light traffic signal stoplight parking meter pole unicycle monocycle obelisk brass memorial tablet plaque spotlight spot crane
1865	0	43295835434	chainlink fence worm fence snake fence snake-rail fence Virginia fence ballplayer baseball player racket racquet puck hockey puck padlock baseball ashcan trash can garbage can wastebin ash bin ash-bin ashbin dustbin trash barrel trash bin combination lock prison prison house
1866	0	40774665412	tobacco shop tobacconist shop tobacconist bakery bakeshop bakehouse barbershop grocery store grocery food market market restaurant eating house eating place eatery bookshop bookstore bookstall cinema movie theater movie theatre movie house picture palace shoe shop shoe-shop shoe store confectionery confectionary candy store butcher shop meat market
1867	0	39967223644	brass memorial tablet plaque street sign mailbox letter box sundial scoreboard park bench pedestal plinth footstall pole ashcan trash can garbage can wastebin ash bin ash-bin ashbin dustbin trash barrel trash bin scale weighing machine
1868	0	36782109183	traffic light traffic signal stoplight mailbox letter box unicycle monocycle shopping cart buckeye horse chestnut conker parking meter street sign lakeside lakeshore ashcan trash can garbage can wastebin ash bin ash-bin ashbin dustbin trash barrel trash bin water tower
1869	0	36254608322	street sign shield buckler traffic light traffic signal stoplight gas pump gasoline pump petrol pump island dispenser chainlink fence bottlecap puck hockey puck analog clock wall clock water tower
1870	0	35615242053	street sign wall clock analog clock traffic light traffic signal stoplight gas pump gasoline pump petrol pump island dispenser shield buckler tobacco shop tobacconist shop tobacconist sundial scale weighing machine bell cote bell cot
1871	0	35181461713	lakeside lakeshore palace boathouse fountain castle mosque dam dike dyke breakwater groin groyne mole bulwark seawall jetty crane pier
1872	0	35254278692	kimono vestment poncho pajama pyjama pj's jammies sarong velvet jersey T-shirt tee shirt gown mask bearskin busby shako
1873	0	32891207281	birdhouse mailbox letter box park bench ashcan trash can garbage can wastebin ash bin ash-bin ashbin dustbin trash barrel trash bin pedestal plinth footstall megalith megalithic structure worm fence snake fence snake-rail fence Virginia fence chime bell gong bell cote bell cot beacon lighthouse beacon light pharos
1874	0	23611009233	brass memorial tablet plaque street sign mailbox letter box pole park bench lakeside lakeshore birdhouse sundial flagpole flagstaff pay-phone pay-station
1875	0	22558368066	barrel cask water tower crate bucket pail tobacco shop tobacconist shop tobacconist ashcan trash can garbage can wastebin ash bin ash-bin ashbin dustbin trash barrel trash bin milk can pier vault freight car
1876	0	24129532822	street sign chainlink fence park bench pole patio terrace shopping cart ashcan trash can garbage can wastebin ash bin ash-bin ashbin dustbin trash barrel trash bin mailbox letter box gas pump gasoline pump petrol pump island dispenser swing
1877	0	23047425025	trailer truck tractor trailer trucking rig rig articulated lorry semi garbage truck dustcart street sign moving van shopping cart crane freight car traffic light traffic signal stoplight scoreboard container ship containership container vessel
1878	0	22207889401	street sign crate chainlink fence brass memorial tablet plaque barbershop pole cinema movie theater movie theatre movie house picture palace bakery bakeshop bakehouse traffic light traffic signal stoplight pier
1879	0	22010670029	cinema movie theater movie theatre movie house picture palace barbershop restaurant eating house eating place eatery scoreboard tobacco shop tobacconist shop tobacconist bakery bakeshop bakehouse toyshop shoe shop shoe-shop shoe store confectionery confectionary candy store bookshop bookstore bookstall
1880	0	14922632083	street sign traffic light traffic signal stoplight pole mailbox letter box totem pole crane scoreboard trailer truck tractor trailer trucking rig rig articulated lorry semi lakeside lakeshore solar dish solar collector solar furnace
1881	0	15257161367	pier steel arch bridge dam dike dyke suspension bridge pay-phone pay-station moving van planetarium water tower gas pump gasoline pump petrol pump island dispenser library
1882	0	49275551453	brass memorial tablet plaque sundial manhole cover padlock safe jigsaw puzzle chainlink fence mailbox letter box crate book jacket dust cover dust jacket dust wrapper
1883	0	39493614935	restaurant eating house eating place eatery cinema movie theater movie theatre movie house picture palace confectionery confectionary candy store bakery bakeshop bakehouse grocery store grocery food market market comic book barbershop bookshop bookstore bookstall tobacco shop tobacconist shop tobacconist pretzel
1884	0	36154803225	packet plastic bag mailbag postbag street sign ice lolly lolly lollipop popsicle bookshop bookstore bookstall cellular telephone cellular phone cellphone cell mobile phone mailbox letter box stethoscope scoreboard
1885	0	34474967173	electric locomotive boathouse freight car passenger car coach carriage fireboat steam locomotive lifeboat pirate pirate ship dock dockage docking facility paddlewheel paddle wheel
1886	0	30487132622	turnstile pay-phone pay-station cash machine cash dispenser automated teller machine automatic teller machine automated teller automatic teller ATM mailbox letter box parking meter safe scale weighing machine street sign gas pump gasoline pump petrol pump island dispenser refrigerator icebox
1887	0	24830698890	mailbox letter box vending machine gas pump gasoline pump petrol pump island dispenser ashcan trash can garbage can wastebin ash bin ash-bin ashbin dustbin trash barrel trash bin analog clock brass memorial tablet plaque street sign monitor pay-phone pay-station cash machine cash dispenser automated teller machine automatic teller machine automated teller automatic teller ATM
1888	0	30567552766	bathtub bathing tub bath tub tub vat washbasin handbasin washbowl lavabo wash-hand basin home theater home theatre pool table billiard table snooker table radio wireless restaurant eating house eating place eatery typewriter keyboard sewing machine bannister banister balustrade balusters handrail
1889	1	48729789553	studio couch day bed miniskirt mini stretcher Band Aid sunscreen sunblock sun blocker ice lolly lolly lollipop popsicle sleeping bag neck brace pajama pyjama pj's jammies seat belt seatbelt
1890	1	48124536163	medicine chest medicine cabinet washbasin handbasin washbowl lavabo wash-hand basin soap dispenser toilet seat bathtub bathing tub bath tub tub vat shower curtain dining table board dishwasher dish washer dishwashing machine restaurant eating house eating place eatery
1891	0	48096107417	seat belt seatbelt wig jersey T-shirt tee shirt sweatshirt drumstick hand blower blow dryer blow drier hair dryer hair drier Windsor tie cowboy hat ten-gallon hat hair spray Band Aid
1892	1	49068429816	jean blue jean denim miniskirt mini Loafer knee pad cowboy boot doormat welcome mat stole sandal sock wardrobe closet press
1893	0	50944581651	palace monastery mosque dome castle library church church building tile roof obelisk flagpole flagstaff
1894	0	50064338647	prayer rug prayer mat chest park bench quilt comforter comfort puff yurt four-poster worm fence snake fence snake-rail fence Virginia fence tile roof sarong bannister banister balustrade balusters handrail
1895	0	50042785798	church church building bell cote bell cot monastery altar vault triumphal arch dome cinema movie theater movie theatre movie house picture palace castle palace
1896	0	49949522733	trilobite bonnet poke bonnet wool woolen woollen Egyptian cat megalith megalithic structure diaper nappy napkin mitten tabby tabby cat tiger cat ski mask
1897	0	49862088202	dome mosque monastery church church building palace bell cote bell cot vault obelisk greenhouse nursery glasshouse fountain
1898	0	49753393278	prison prison house greenhouse nursery glasshouse window screen shoji padlock sliding door chainlink fence worm fence snake fence snake-rail fence Virginia fence window shade church church building
1899	0	49479396847	palace mosque monastery bell cote bell cot dome triumphal arch pedestal plinth footstall library church church building cinema movie theater movie theatre movie house picture palace
1900	0	49512928481	palace triumphal arch mosque monastery dome church church building vault castle bell cote bell cot library
1901	0	47894020971	alp church church building barn bell cote bell cot mountain tent lakeside lakeshore snowplow snowplough monastery picket fence paling yurt
1902	0	46799275695	dome tile roof monastery patio terrace alp valley vale castle palace stupa tope lakeside lakeshore
1903	0	50903355797	mailbox letter box window shade prison prison house brass memorial tablet plaque doormat welcome mat library book jacket dust cover dust jacket dust wrapper window screen wall clock medicine chest medicine cabinet
1904	0	50988547407	sundial pedestal plinth footstall patio terrace brass memorial tablet plaque stone wall pot flowerpot fountain obelisk park bench palace
1905	0	50901074711	church church building monastery bell cote bell cot tile roof palace flagpole flagstaff prison prison house pole vault patio terrace
1906	0	49721681557	patio terrace sliding door turnstile gas pump gasoline pump petrol pump island dispenser mobile home manufactured home flagpole flagstaff solar dish solar collector solar furnace library barbershop bannister banister balustrade balusters handrail
1907	0	50151508247	church church building monastery tile roof bell cote bell cot dome castle vault palace beacon lighthouse beacon light pharos mosque
1908	0	50150314186	vault prison prison house monastery dome altar mosque church church building palace window shade restaurant eating house eating place eatery
1909	0	50919944331	thatch thatched roof boathouse tile roof volcano church church building lakeside lakeshore alp bell cote bell cot barn picket fence paling
1910	0	50720477517	flagpole flagstaff barn barbershop restaurant eating house eating place eatery street sign umbrella bakery bakeshop bakehouse picket fence paling cinema movie theater movie theatre movie house picture palace water tower
1911	0	34363315393	doormat welcome mat barbershop manhole cover maze labyrinth cash machine cash dispenser automated teller machine automatic teller machine automated teller automatic teller ATM street sign bottlecap shield buckler wall clock parking meter
1912	0	33134212492	mortarboard stage whistle academic gown academic robe judge's robe ocarina sweet potato oboe hautboy hautbois panpipe pandean pipe syrinx harmonica mouth organ harp mouth harp sax saxophone flute transverse flute
1913	0	12875973555	iPod cellular telephone cellular phone cellphone cell mobile phone hand-held computer hand-held microcomputer notebook notebook computer television television system cassette monitor screen CRT screen loupe jeweler's loupe Polaroid camera Polaroid Land camera
1914	0	51061206816	teddy teddy bear Pembroke Pembroke Welsh corgi malamute malemute Alaskan malamute Cardigan Cardigan Welsh corgi Eskimo dog husky giant panda panda panda bear coon bear Ailuropoda melanoleuca fur coat kimono Siberian husky Border collie
1915	1	39553975645	seat belt seatbelt car mirror limousine limo minivan minibus cellular telephone cellular phone cellphone cell mobile phone Band Aid iPod hair slide television television system
1916	0	23220478680	ski mask cloak teddy teddy bear mask bonnet poke bonnet poncho pajama pyjama pj's jammies fur coat stole trench coat
1917	0	39513171324	ping-pong ball cellular telephone cellular phone cellphone cell mobile phone cash machine cash dispenser automated teller machine automatic teller machine automated teller automatic teller ATM whistle notebook notebook computer stethoscope pay-phone pay-station suit suit of clothes television television system ocarina sweet potato
1918	0	37841723421	rule ruler envelope safety pin slide rule slipstick purse rubber eraser rubber pencil eraser Band Aid crossword puzzle crossword wallet billfold notecase pocketbook pick plectrum plectron
1919	0	50034436443	web site website internet site site comic book book jacket dust cover dust jacket dust wrapper menu envelope crossword puzzle crossword packet rule ruler brassiere bra bandeau nail
1920	1	51194900603	rocking chair rocker suit suit of clothes dining table board miniskirt mini Loafer crutch dumbbell crib cot bannister banister balustrade balusters handrail military uniform
1921	1	51128575389	potter's wheel sunscreen sunblock sun blocker Band Aid sandal dough diaper nappy napkin lotion swimming trunks bathing trunks miniskirt mini plane carpenter's plane woodworking plane
1922	1	51127608907	miniskirt mini sweatshirt cowboy boot fur coat trench coat Loafer jean blue jean denim wig bearskin busby shako stole
1923	1	51125617317	miniskirt mini jean blue jean denim velvet shoe shop shoe-shop shoe store Loafer neck brace sunglasses dark glasses shades cowboy boot wig bassoon
1924	1	51125589034	suit suit of clothes miniskirt mini Loafer maillot bulletproof vest gasmask respirator gas helmet Windsor tie vacuum vacuum cleaner trench coat maillot tank suit
1925	1	51125207072	miniskirt mini cardigan park bench velvet stole Loafer jean blue jean denim maillot swing balance beam beam
1926	1	50983497913	jean blue jean denim suit suit of clothes Loafer crutch miniskirt mini cellular telephone cellular phone cellphone cell mobile phone barbell dumbbell Windsor tie wardrobe closet press
1927	1	50984250507	miniskirt mini Loafer suit suit of clothes sock clog geta patten sabot jean blue jean denim wool woolen woollen cowboy boot cardigan crutch
1928	1	50983072481	suit suit of clothes Loafer Windsor tie rocking chair rocker miniskirt mini bulletproof vest bow tie bow-tie bowtie hoopskirt crinoline throne park bench
1929	0	50962842527	suit suit of clothes miniskirt mini Loafer sock rocking chair rocker crutch jean blue jean denim Windsor tie dumbbell sweatshirt
1930	1	50865835253	miniskirt mini maillot sweatshirt suit suit of clothes crutch maillot tank suit cloak Loafer fur coat barbell
1931	1	50746019743	neck brace breastplate aegis egis miniskirt mini cuirass wig stole velvet hoopskirt crinoline feather boa boa fur coat
1932	1	50788707282	jean blue jean denim barbell studio couch day bed horizontal bar high bar balance beam beam parallel bars bars pajama pyjama pj's jammies sweatshirt vacuum vacuum cleaner crib cot
1933	1	49253049018	comic book toyshop confectionery confectionary candy store prayer rug prayer mat packet book jacket dust cover dust jacket dust wrapper doormat welcome mat butcher shop meat market diaper nappy napkin swimming trunks bathing trunks
1934	0	50441121083	worm fence snake fence snake-rail fence Virginia fence lakeside lakeshore pole stone wall chain totem pole picket fence paling ear spike capitulum corn mountain bike all-terrain bike off-roader
1935	0	17458645140	microphone mike stage oboe hautboy hautbois bassoon flute transverse flute panpipe pandean pipe syrinx cornet horn trumpet trump sax saxophone drumstick maraca
1936	0	50495487436	police van police wagon paddy wagon patrol wagon wagon black Maria parking meter minivan minibus moving van street sign cab hack taxi taxicab garbage truck dustcart traffic light traffic signal stoplight ashcan trash can garbage can wastebin ash bin ash-bin ashbin dustbin trash barrel trash bin
1937	0	40365602250	unicycle monocycle jean blue jean denim stage bannister banister balustrade balusters handrail Loafer balance beam beam plunger plumber's helper horizontal bar high bar suit suit of clothes pole
1938	0	35729347802	ambulance police van police wagon paddy wagon patrol wagon wagon black Maria bobsled bobsleigh bob balloon passenger car coach carriage football helmet racer race car racing car parachute chute airliner airship dirigible
1939	0	37189519195	military uniform bearskin busby shako suit suit of clothes bulletproof vest trench coat pickelhaube bow tie bow-tie bowtie groom bridegroom rifle bolo tie bolo bola tie bola
1940	0	35060599160	rugby ball soccer ball football helmet baseball volleyball croquet ball ballplayer baseball player parachute chute crash helmet knee pad
1941	0	34702012636	unicycle monocycle miniskirt mini cowboy boot jean blue jean denim sarong racket racquet soccer ball pole cowboy hat ten-gallon hat umbrella
1942	0	29504536793	fig orange lemon pomegranate butternut squash banana hip rose hip rosehip walking stick walkingstick stick insect scale weighing machine wooden spoon
1943	0	30051370981	orange lemon Granny Smith pomegranate plate banana spindle fig cucumber cuke chocolate sauce chocolate syrup
1944	0	21948314494	pole sea cucumber holothurian cliff drop drop-off book jacket dust cover dust jacket dust wrapper trilobite beacon lighthouse beacon light pharos totem pole cowboy boot megalith megalithic structure snorkel
1945	0	22557332752	book jacket dust cover dust jacket dust wrapper comic book desktop computer web site website internet site site lighter light igniter ignitor refrigerator icebox cassette microphone mike iPod vending machine
1946	0	49256547108	palace dome obelisk tile roof mosque flagpole flagstaff gondola crane bell cote bell cot fireboat
1947	0	49256675577	promontory headland head foreland container ship containership container vessel seashore coast seacoast sea-coast lakeside lakeshore cliff drop drop-off liner ocean liner alp valley vale balloon tile roof
1948	0	49255553292	breakwater groin groyne mole bulwark seawall jetty promontory headland head foreland seashore coast seacoast sea-coast dock dockage docking facility lakeside lakeshore liner ocean liner pier submarine pigboat sub U-boat alp aircraft carrier carrier flattop attack aircraft carrier
1949	1	49118992877	wig hair spray perfume essence brassiere bra bandeau bikini two-piece maillot tank suit miniskirt mini maillot hand blower blow dryer blow drier hair dryer hair drier microphone mike
1950	1	48491675901	pedestal plinth footstall cuirass fountain breastplate aegis egis sundial comic book shield buckler obelisk gorilla Gorilla gorilla brass memorial tablet plaque
1951	0	50086707277	book jacket dust cover dust jacket dust wrapper envelope binder ring-binder quill quill pen brass memorial tablet plaque fountain pen shovel broom rubber eraser rubber pencil eraser paper towel
1952	0	49999718528	street sign cab hack taxi taxicab cinema movie theater movie theatre movie house picture palace analog clock streetcar tram tramcar trolley trolley car umbrella traffic light traffic signal stoplight gondola comic book palace
1953	0	50000226216	spotlight spot manhole cover strainer coil spiral volute whorl helix car wheel hard disc hard disk fixed disk dome loudspeaker speaker speaker unit loudspeaker system speaker system stove washbasin handbasin washbowl lavabo wash-hand basin
1954	0	49813863858	pick plectrum plectron conch balloon snail pillow necklace mask parachute chute ocarina sweet potato trilobite
1955	0	4007193188	cliff drop drop-off alp valley vale castle monastery cliff dwelling tile roof balloon volcano stupa tope
1956	0	51192092998	seashore coast seacoast sea-coast sandbar sand bar coral reef lakeside lakeshore starfish sea star conch snorkel promontory headland head foreland stingray swimming trunks bathing trunks
1957	0	50029612348	church church building bell cote bell cot monastery beacon lighthouse beacon light pharos castle tile roof dome vault analog clock birdhouse
1958	0	31835681800	disk brake disc brake moped half track crash helmet motor scooter scooter tank army tank armored combat vehicle armoured combat vehicle tractor military uniform assault rifle assault gun tow truck tow car wrecker
1959	0	51144875683	tank army tank armored combat vehicle armoured combat vehicle amphibian amphibious vehicle half track aircraft carrier carrier flattop attack aircraft carrier projectile missile military uniform cannon warplane military plane missile rifle
1960	0	26147376067	rifle military uniform assault rifle assault gun stretcher shield buckler pickelhaube scabbard chain mail ring mail mail chain armor chain armour ring armor ring armour bearskin busby shako cannon
1961	1	37241918562	pickelhaube military uniform rifle assault rifle assault gun ballplayer baseball player bulletproof vest projectile missile half track whistle bearskin busby shako
1962	0	28549769602	amphibian amphibious vehicle tow truck tow car wrecker jeep landrover tank army tank armored combat vehicle armoured combat vehicle pickup pickup truck half track car wheel fire engine fire truck cannon viaduct
1963	0	29997954742	cornet horn trumpet trump trombone French horn horn military uniform sax saxophone flute transverse flute bearskin busby shako bassoon oboe hautboy hautbois whistle
1964	0	23712848682	steam locomotive tank army tank armored combat vehicle armoured combat vehicle half track cannon crane freight car harvester reaper thresher thrasher threshing machine missile projectile missile
1965	0	22050309261	steel arch bridge suspension bridge worm fence snake fence snake-rail fence Virginia fence chainlink fence bannister banister balustrade balusters handrail pier viaduct barn coil spiral volute whorl helix picket fence paling
1966	0	16668784890	warplane military plane aircraft carrier carrier flattop attack aircraft carrier wing airliner projectile missile space shuttle missile submarine pigboat sub U-boat amphibian amphibious vehicle airship dirigible
1967	0	30382454521	carousel carrousel merry-go-round roundabout whirligig sarong panpipe pandean pipe syrinx toyshop maraca maypole bow confectionery confectionary candy store kimono harp
1968	0	17880243729	pickup pickup truck trailer truck tractor trailer trucking rig rig articulated lorry semi jeep landrover tow truck tow car wrecker recreational vehicle RV R.V. snowplow snowplough moving van grille radiator grille ambulance half track
1969	0	15983540167	cab hack taxi taxicab pickup pickup truck car mirror beach wagon station wagon wagon estate car beach waggon station waggon waggon minivan parking meter limousine limo grille radiator grille sports car sport car car wheel
1970	0	49041153557	oxcart half track lakeside lakeshore airship dirigible thatch thatched roof tank army tank armored combat vehicle armoured combat vehicle tractor park bench lumbermill sawmill garbage truck dustcart
1971	1	26637849560	envelope menu fountain pen book jacket dust cover dust jacket dust wrapper rubber eraser rubber pencil eraser quill quill pen ballpoint ballpoint pen ballpen Biro paper towel binder ring-binder carton
1972	0	27355611856	tractor thresher thrasher threshing machine tricycle trike velocipede jinrikisha ricksha rickshaw Model T horse cart horse-cart plow plough fire engine fire truck oxcart cannon
1973	0	27255270575	web site website internet site site book jacket dust cover dust jacket dust wrapper crossword puzzle crossword envelope comic book menu brass memorial tablet plaque rifle analog clock half track
1974	0	27482154916	tractor forklift half track scale weighing machine barometer menu snowplow snowplough thresher thrasher threshing machine magnetic compass lawn mower mower
1975	0	48323349402	kimono jigsaw puzzle swing pajama pyjama pj's jammies flute transverse flute comic book toyshop oboe hautboy hautbois book jacket dust cover dust jacket dust wrapper park bench
1976	0	30617864808	jeep landrover pickup pickup truck car wheel garbage truck dustcart police van police wagon paddy wagon patrol wagon wagon black Maria minibus tow truck tow car wrecker limousine limo ambulance beach wagon station wagon wagon estate car beach waggon station waggon waggon
1977	0	25471284837	odometer hodometer mileometer milometer disk brake disc brake Petri dish mountain bike all-terrain bike off-roader oil filter French horn horn bannister banister balustrade balusters handrail coil spiral volute whorl helix stopwatch stop watch drumstick
1978	0	33430801962	stage scoreboard toyshop shoe shop shoe-shop shoe store unicycle monocycle grocery store grocery food market market spotlight spot comic book library bookshop bookstore bookstall
1979	0	49714372568	pickup pickup truck minivan limousine limo traffic light traffic signal stoplight street sign police van police wagon paddy wagon patrol wagon wagon black Maria tow truck tow car wrecker garbage truck dustcart parking meter cab hack taxi taxicab
1980	0	47208038992	pickup pickup truck car wheel beach wagon station wagon wagon estate car beach waggon station waggon waggon convertible racer race car racing car grille radiator grille sports car sport car tow truck tow car wrecker cab hack taxi taxicab moving van
1981	0	26485081997	cab hack taxi taxicab grille radiator grille sports car sport car pickup pickup truck racer race car racing car convertible tow truck tow car wrecker car wheel beach wagon station wagon wagon estate car beach waggon station waggon waggon snowplow snowplough
1982	0	35901830783	minibus ambulance television television system jeep landrover streetcar tram tramcar trolley trolley car passenger car coach carriage stretcher wardrobe closet press fire engine fire truck golfcart golf cart
1983	1	22248100420	maillot convertible sports car sport car miniskirt mini racer race car racing car maillot tank suit grille radiator grille bikini two-piece cassette player car wheel
1984	0	28847344037	pill bottle brass memorial tablet plaque packet web site website internet site site syringe oil filter book jacket dust cover dust jacket dust wrapper comic book picket fence paling chainlink fence
1985	0	14640462201	spotlight spot ping-pong ball pool table billiard table snooker table soccer ball mouse computer mouse lampshade lamp shade toilet tissue toilet paper bathroom tissue washbasin handbasin washbowl lavabo wash-hand basin bannister banister balustrade balusters handrail bathtub bathing tub bath tub
1986	1	41328510695	jersey T-shirt tee shirt neck brace mask gasmask respirator gas helmet sweatshirt bulletproof vest jean blue jean denim apron ski mask kimono
1987	0	42229507941	lab coat laboratory coat miniskirt mini cash machine cash dispenser automated teller machine automatic teller machine automated teller automatic teller ATM jean blue jean denim seat belt seatbelt photocopier apron hair spray suit suit of clothes sunscreen sunblock sun blocker
1988	1	41263115405	trench coat cowboy hat ten-gallon hat gasmask respirator gas helmet ballplayer baseball player revolver six-gun six-shooter kimono cloak sweatshirt stole holster
1989	1	50978189948	syringe rule ruler rubber eraser rubber pencil eraser letter opener paper knife paperknife packet crane street sign matchstick hammer screwdriver
1990	0	35572285793	dining table board tray toilet seat potter's wheel shield buckler washbasin handbasin washbowl lavabo wash-hand basin solar dish solar collector solar furnace crate plane carpenter's plane woodworking plane CD player
1991	0	16014927382	briard giant schnauzer Bouvier des Flandres Bouviers des Flandres Irish wolfhound Scottish deerhound deerhound Old English sheepdog bobtail otterhound otter hound soft-coated wheaten terrier Tibetan terrier chrysanthemum dog Scotch terrier Scottish terrier Scottie
1992	0	14565842375	doormat welcome mat wallet billfold notecase pocketbook envelope tray wall clock prayer rug prayer mat tile roof pillow binder ring-binder comic book
1993	0	14782066576	killer whale killer orca grampus sea wolf Orcinus orca grey whale gray whale devilfish Eschrichtius gibbosus Eschrichtius robustus submarine pigboat sub U-boat sea lion great white shark white shark man-eater man-eating shark Carcharodon carcharias stingray hammerhead hammerhead shark paddle boat paddle tiger shark Galeocerdo cuvieri canoe
1994	0	48980314592	stage cornet horn trumpet trump sax saxophone trombone microphone mike spotlight spot electric guitar French horn horn acoustic guitar oboe hautboy hautbois
1995	0	51081312567	coffee mug cup espresso coffeepot measuring cup whiskey jug espresso maker oil filter beaker loupe jeweler's loupe
1996	0	49310512152	pier bell cote bell cot liner ocean liner suspension bridge steel arch bridge fountain menu space shuttle container ship containership container vessel fireboat
1997	0	49504628663	alp valley vale cliff drop drop-off volcano promontory headland head foreland lakeside lakeshore ibex Capra ibex wing seashore coast seacoast sea-coast airliner
1998	0	49982587397	cab hack taxi taxicab traffic light traffic signal stoplight street sign streetcar tram tramcar trolley trolley car cinema movie theater movie theatre movie house picture palace bell cote bell cot jinrikisha ricksha rickshaw forklift obelisk gas pump gasoline pump petrol pump island dispenser
1999	0	34003847288	unicycle monocycle street sign mailbox letter box motor scooter scooter moped parking meter traffic light traffic signal stoplight shopping cart triumphal arch crash helmet
2000	0	51216519858	freight car trailer truck tractor trailer trucking rig rig articulated lorry semi planetarium airship dirigible tobacco shop tobacconist shop tobacconist barn cinema movie theater movie theatre movie house picture palace water tower balloon barbershop
2001	0	51033852708	freight car trailer truck tractor trailer trucking rig rig articulated lorry semi mobile home manufactured home pier lumbermill sawmill bakery bakeshop bakehouse worm fence snake fence snake-rail fence Virginia fence viaduct street sign chainlink fence
2002	0	51157997572	freight car trailer truck tractor trailer trucking rig rig articulated lorry semi shoe shop shoe-shop shoe store airliner go-kart running shoe bobsled bobsleigh bob garbage truck dustcart cinema movie theater movie theatre movie house picture palace moving van
2003	0	51158653976	freight car cinema movie theater movie theatre movie house picture palace trailer truck tractor trailer trucking rig rig articulated lorry semi mobile home manufactured home airship dirigible park bench amphibian amphibious vehicle breakwater groin groyne mole bulwark seawall jetty scoreboard flagpole flagstaff
2004	0	50903022083	freight car trailer truck tractor trailer trucking rig rig articulated lorry semi moving van airliner ambulance container ship containership container vessel crane garbage truck dustcart bobsled bobsleigh bob forklift
2005	0	50756447218	freight car container ship containership container vessel flagpole flagstaff library park bench sliding door picket fence paling umbrella cinema movie theater movie theatre movie house picture palace electric locomotive
2006	0	50712564222	trailer truck tractor trailer trucking rig rig articulated lorry semi bakery bakeshop bakehouse cinema movie theater movie theatre movie house picture palace freight car grocery store grocery food market market barn barbershop restaurant eating house eating place eatery tobacco shop tobacconist shop tobacconist moving van
2007	0	50499802867	freight car trailer truck tractor trailer trucking rig rig articulated lorry semi moving van cinema movie theater movie theatre movie house picture palace barbershop bakery bakeshop bakehouse garbage truck dustcart shoe shop shoe-shop shoe store amphibian amphibious vehicle airliner
2008	0	50499601041	freight car crate shoji sliding door forklift cinema movie theater movie theatre movie house picture palace oscilloscope scope cathode-ray oscilloscope CRO harvester reaper solar dish solar collector solar furnace prison prison house
2009	0	50439456483	freight car barbershop cinema movie theater movie theatre movie house picture palace trailer truck tractor trailer trucking rig rig articulated lorry semi scoreboard passenger car coach carriage recreational vehicle RV R.V. tobacco shop tobacconist shop tobacconist moving van flagpole flagstaff
2010	0	50314308962	freight car moving van passenger car coach carriage trailer truck tractor trailer trucking rig rig articulated lorry semi crate electric locomotive crane sliding door school bus carton
2011	0	50080926423	freight car container ship containership container vessel scoreboard electric locomotive brass memorial tablet plaque passenger car coach carriage park bench lakeside lakeshore solar dish solar collector solar furnace doormat welcome mat
2012	0	50149733482	freight car trailer truck tractor trailer trucking rig rig articulated lorry semi harvester reaper container ship containership container vessel cinema movie theater movie theatre movie house picture palace electric locomotive passenger car coach carriage park bench theater curtain theatre curtain mobile home manufactured home
2013	0	50080935703	freight car trailer truck tractor trailer trucking rig rig articulated lorry semi street sign container ship containership container vessel moving van doormat welcome mat electric locomotive park bench worm fence snake fence snake-rail fence Virginia fence grocery store grocery food market market
2014	0	50021119111	freight car trailer truck tractor trailer trucking rig rig articulated lorry semi moving van mobile home manufactured home harvester reaper streetcar tram tramcar trolley trolley car passenger car coach carriage cinema movie theater movie theatre movie house picture palace electric locomotive garbage truck dustcart
2015	0	51034570636	freight car container ship containership container vessel doormat welcome mat tile roof cinema movie theater movie theatre movie house picture palace pier scoreboard trailer truck tractor trailer trucking rig rig articulated lorry semi library park bench
2016	0	9818706974	freight car streetcar tram tramcar trolley trolley car worm fence snake fence snake-rail fence Virginia fence park bench ashcan trash can garbage can wastebin ash bin ash-bin ashbin dustbin trash barrel trash bin cowboy boot picket fence paling sliding door marimba xylophone electric locomotive
2017	0	51220575716	rocking chair rocker folding chair barber chair grand piano grand crutch park bench throne barbershop cello violoncello stretcher
2018	0	50170566962	forklift radio wireless trailer truck tractor trailer trucking rig rig articulated lorry semi gas pump gasoline pump petrol pump island dispenser harvester reaper projector fire engine fire truck lumbermill sawmill oscilloscope scope cathode-ray oscilloscope CRO lawn mower mower
2019	0	49772445762	home theater home theatre entertainment center television television system monitor screen CRT screen desktop computer bookcase loudspeaker speaker speaker unit loudspeaker system speaker system cassette player tape player
2020	1	49460643493	stethoscope microphone mike pay-phone pay-station oxygen mask hand blower blow dryer blow drier hair dryer hair drier dial telephone dial phone bow tie bow-tie bowtie binoculars field glasses opera glasses reflex camera Windsor tie
2021	0	46130118265	shoji sliding door television television system projector home theater home theatre desktop computer desk cinema movie theater movie theatre movie house picture palace monitor window shade
2022	0	50952165128	computer keyboard keypad laptop laptop computer notebook notebook computer desktop computer mouse computer mouse space bar monitor screen CRT screen stage desk
2023	0	51074512678	brass memorial tablet plaque book jacket dust cover dust jacket dust wrapper comic book menu sundial totem pole bookshop bookstore bookstall breastplate aegis egis crossword puzzle crossword web site website internet site site
2024	0	25040104027	walking stick walkingstick stick insect loupe jeweler's loupe crayfish crawfish crawdad crawdaddy sunscreen sunblock sun blocker Band Aid matchstick coffee mug beer glass bolo tie bolo bola tie bola sunglasses dark glasses shades
2025	0	25882572920	jersey T-shirt tee shirt comic book backpack back pack knapsack packsack rucksack haversack volleyball chainlink fence knee pad book jacket dust cover dust jacket dust wrapper basketball punching bag punch bag punching ball punchball dumbbell
2026	0	50602943208	mask fur coat feather boa boa shield buckler trench coat ski mask gasmask respirator gas helmet llama teddy teddy bear bolo tie bolo bola tie bola
2027	0	15571910765	vestment cloak kimono academic gown academic robe judge's robe poncho altar oboe hautboy hautbois abaya flute transverse flute mortarboard
2028	0	50720977912	nematode nematode worm roundworm matchstick bassoon walking stick walkingstick stick insect syringe centipede leafhopper mantis mantid barn spider Araneus cavaticus lacewing lacewing fly
2029	0	49591674173	web site website internet site site monitor screen CRT screen notebook notebook computer hand-held computer hand-held microcomputer laptop laptop computer menu desktop computer scoreboard oscilloscope scope cathode-ray oscilloscope CRO
2030	0	32495578733	cliff drop drop-off castle megalith megalithic structure sarong viaduct thatch thatched roof monastery park bench birdhouse cliff dwelling
2031	0	26174802602	military uniform crash helmet knee pad gasmask respirator gas helmet ski mask stretcher shield buckler assault rifle assault gun parachute chute bulletproof vest
2032	0	20607040368	beacon lighthouse beacon light pharos breakwater groin groyne mole bulwark seawall jetty pier promontory headland head foreland fireboat container ship containership container vessel lakeside lakeshore dam dike dyke lifeboat boathouse
2033	0	51078820172	American egret great white heron Egretta albus impala Aepyceros melampus crane American coot marsh hen mud hen water hen Fulica americana dowitcher water buffalo water ox Asiatic buffalo Bubalus bubalis lakeside lakeshore little blue heron Egretta caerulea goose spoonbill
2034	0	50313488087	trailer truck tractor trailer trucking rig rig articulated lorry semi seashore coast seacoast sea-coast sandbar sand bar breakwater groin groyne mole bulwark seawall jetty lakeside lakeshore rapeseed geyser dock dockage docking facility hay beacon lighthouse beacon light pharos
2035	0	50244075083	cliff drop drop-off promontory headland head foreland breakwater groin groyne mole bulwark seawall jetty oystercatcher oyster catcher vulture lakeside lakeshore beacon lighthouse beacon light pharos macaque Newfoundland Newfoundland dog seashore coast seacoast sea-coast
2036	0	50012842378	torch volcano barn fire screen fireguard park bench spotlight spot car mirror picket fence paling hyena hyaena jack-o'-lantern
2037	0	51119644432	beer glass water jug cocktail shaker goblet beer bottle pitcher ewer pill bottle water bottle vase wine bottle
2038	1	50726807867	cup pot flowerpot pinwheel pick plectrum plectron hair slide coffee mug pitcher ewer goblet vase tray
2039	0	50722114056	dragonfly darning needle devil's darning needle sewing needle snake feeder snake doctor mosquito hawk skeeter hawk lacewing lacewing fly damselfly grasshopper hopper walking stick walkingstick stick insect ant emmet pismire leafhopper tick cricket centipede
2040	0	50670567373	vine snake green snake grass snake green mamba bell pepper green lizard Lacerta viridis night snake Hypsiglena torquata walking stick walkingstick stick insect cucumber cuke thunder snake worm snake Carphophis amoenus acorn squash
2041	0	50102402288	orange lemon yellow lady's slipper yellow lady-slipper Cypripedium calceolus Cypripedium parviflorum ping-pong ball hip rose hip rosehip pomegranate fig jackfruit jak jack bell pepper banana
2042	0	32983338534	knot swab swob mop wool woolen woollen hay komondor white stork Ciconia ciconia buckeye horse chestnut conker maypole tennis ball teddy teddy bear
2043	0	50327707642	buckeye horse chestnut conker goldfinch Carduelis carduelis sea urchin cardoon acorn bee hip rose hip rosehip pot flowerpot sulphur butterfly sulfur butterfly cabbage butterfly
2044	0	50266861371	thatch thatched roof hay barn ear spike capitulum corn stone wall cliff drop drop-off birdhouse barrow garden cart lawn cart wheelbarrow oxcart
2045	0	49902682798	buckeye horse chestnut conker sea urchin cardoon pot flowerpot artichoke globe artichoke sea anemone anemone earthstar coral fungus porcupine hedgehog quill quill pen
2046	0	48087169946	sulphur butterfly sulfur butterfly bee cabbage butterfly artichoke globe artichoke mantis mantid ringlet ringlet butterfly daisy grasshopper hopper dragonfly darning needle devil's darning needle sewing needle snake feeder snake doctor mosquito hawk skeeter hawk acorn
2047	1	49988203593	brassiere bra bandeau lipstick lip rouge wig maillot bikini two-piece miniskirt mini hair spray mask necklace gown
2048	1	49552627063	wig bikini two-piece lipstick lip rouge miniskirt mini maillot brassiere bra bandeau gown hair spray sarong bathtub bathing tub bath tub
2049	0	50644552866	teddy teddy bear bonnet poke bonnet wool woolen woollen purse cardigan stole hair slide brassiere bra bandeau hamper bow tie bow-tie bowtie
2050	0	51092529497	seat belt seatbelt vacuum vacuum cleaner minivan convertible studio couch day bed limousine limo moving van sleeping bag stretcher ambulance
2051	0	50012105472	Brabancon griffon miniature pinscher seat belt seatbelt Chihuahua pug pug-dog bull mastiff car mirror Rhodesian ridgeback boxer toy terrier
2052	0	48764354536	laptop laptop computer notebook notebook computer jigsaw puzzle web site website internet site site photocopier envelope bookshop bookstore bookstall cash machine cash dispenser automated teller machine automatic teller machine automated teller automatic teller ATM mouse computer mouse book jacket dust cover dust jacket dust wrapper
2053	0	50892491648	chiffonier commode file file cabinet filing cabinet wardrobe closet press bookcase china cabinet china closet desk tabby tabby cat chest wall clock Egyptian cat
2054	0	51048008763	pillow seat belt seatbelt quilt comforter comfort puff sweatshirt jean blue jean denim bow tie bow-tie bowtie ski mask sock remote control remote Band Aid
2055	1	50559601428	burrito pillow packet bakery bakeshop bakehouse diaper nappy napkin quilt comforter comfort puff French loaf bagel beigel cowboy boot hotdog hot dog red hot
2056	0	50945096066	window screen sliding door doormat welcome mat rain barrel fire screen fireguard barbershop cash machine cash dispenser automated teller machine automatic teller machine automated teller automatic teller ATM parking meter ashcan trash can garbage can wastebin ash bin ash-bin ashbin dustbin trash barrel trash bin pay-phone pay-station
2057	0	48977087557	stole fur coat harmonica mouth organ harp mouth harp flute transverse flute cardigan wool woolen woollen panpipe pandean pipe syrinx oboe hautboy hautbois hair spray cellular telephone cellular phone cellphone cell mobile phone
2058	0	51126932141	racer race car racing car sports car sport car cab hack taxi taxicab convertible beach wagon station wagon wagon estate car beach waggon station waggon waggon pickup pickup truck minibus projector car wheel grille radiator grille
2059	0	50572670801	mousetrap throne bakery bakeshop bakehouse fire screen fireguard broom paintbrush perfume essence refrigerator icebox tray altar
2060	0	50364044132	park bench mailbox letter box balance beam beam pedestal plinth footstall brass memorial tablet plaque parallel bars bars stretcher megalith megalithic structure dining table board birdhouse
2061	0	49851615152	triumphal arch altar monastery stupa tope dome palace pedestal plinth footstall library apiary bee house church church building
2062	0	49356881267	seat belt seatbelt folding chair minivan limousine limo minibus barber chair electric fan blower rocking chair rocker pillow car mirror
2063	0	48774575727	sports car sport car grille radiator grille convertible car wheel beach wagon station wagon wagon estate car beach waggon station waggon waggon racer race car racing car minivan limousine limo pickup pickup truck cab hack taxi taxicab
2064	0	47845998711	park bench fountain obelisk picket fence paling mailbox letter box parking meter traffic light traffic signal stoplight shopping cart limousine limo unicycle monocycle
2065	0	51163820449	thresher thrasher threshing machine mailbox letter box harvester reaper tractor freight car pay-phone pay-station ashcan trash can garbage can wastebin ash bin ash-bin ashbin dustbin trash barrel trash bin tile roof barn pickup pickup truck
2066	0	51141258466	electric fan blower disk brake disc brake wok shield buckler spotlight spot lampshade lamp shade plow plough projector dining table board table lamp
2067	0	50887954247	park bench yurt alp bannister banister balustrade balusters handrail apiary bee house mailbox letter box patio terrace crib cot picket fence paling cradle
2068	0	51013142621	tripod dining table board folding chair water tower matchstick saltshaker salt shaker crib cot crane crutch binoculars field glasses opera glasses
2069	0	49345286162	beach wagon station wagon wagon estate car beach waggon station waggon waggon pickup pickup truck cab hack taxi taxicab minivan car wheel grille radiator grille tow truck tow car wrecker minibus limousine limo ambulance
2070	1	45975600242	overskirt hoopskirt crinoline gown velvet miniskirt mini apron cloak sports car sport car maillot poncho
2071	0	50958254158	freight car moving van grocery store grocery food market market amphibian amphibious vehicle bakery bakeshop bakehouse cinema movie theater movie theatre movie house picture palace recreational vehicle RV R.V. confectionery confectionary candy store shopping cart restaurant eating house eating place eatery
2072	0	51111279224	notebook notebook computer monitor desktop computer screen CRT screen hand-held computer hand-held microcomputer television television system home theater home theatre laptop laptop computer cellular telephone cellular phone cellphone cell mobile phone iPod
2073	1	50441251438	wig lipstick lip rouge fur coat face powder hair spray abaya wool woolen woollen velvet stole perfume essence
2074	0	50279691811	scoreboard ballplayer baseball player cinema movie theater movie theatre movie house picture palace bobsled bobsleigh bob ping-pong ball volleyball Afghan hound Afghan racer race car racing car television television system racket racquet
2075	0	50083485257	barbershop sliding door tobacco shop tobacconist shop tobacconist gong tam-tam bakery bakeshop bakehouse barometer doormat welcome mat scale weighing machine brass memorial tablet plaque planetarium
2076	0	50067630953	miniskirt mini wig fur coat overskirt trench coat stole hoopskirt crinoline bonnet poke bonnet feather boa boa wool woolen woollen
2077	0	50068416717	miniskirt mini overskirt wig stole cowboy boot mailbag postbag clog geta patten sabot feather boa boa hoopskirt crinoline sandal
2078	1	50067938336	miniskirt mini maillot wig velvet fur coat poncho trench coat cloak maillot tank suit jean blue jean denim
2079	0	49754365762	suit suit of clothes Windsor tie groom bridegroom bow tie bow-tie bowtie academic gown academic robe judge's robe notebook notebook computer bolo tie bolo bola tie bola gown hand-held computer hand-held microcomputer Loafer
2080	0	49518662936	restaurant eating house eating place eatery cinema movie theater movie theatre movie house picture palace laptop laptop computer library grand piano grand shoe shop shoe-shop shoe store hair spray loudspeaker speaker speaker unit loudspeaker system speaker system ocarina sweet potato folding chair
2081	0	49332051813	television television system monitor home theater home theatre entertainment center grocery store grocery food market market tobacco shop tobacconist shop tobacconist library desk desktop computer bookcase
2082	0	48825281488	umbrella jinrikisha ricksha rickshaw crutch broom maze labyrinth cab hack taxi taxicab pay-phone pay-station parachute chute cash machine cash dispenser automated teller machine automatic teller machine automated teller automatic teller ATM streetcar tram tramcar trolley trolley car
2083	1	49567713832	monitor screen CRT screen desktop computer notebook notebook computer laptop laptop computer television television system mouse computer mouse hand-held computer hand-held microcomputer computer keyboard keypad home theater home theatre
2084	0	51130450174	gong tam-tam puck hockey puck forklift prison prison house loudspeaker speaker speaker unit loudspeaker system speaker system military uniform shield buckler racer race car racing car tank army tank armored combat vehicle armoured combat vehicle amphibian amphibious vehicle
2085	0	51145059717	wardrobe closet press kimono envelope tray wall clock book jacket dust cover dust jacket dust wrapper comic book toyshop mask shoji
2086	1	46791449071	Lakeland terrier Kerry blue terrier toy poodle Airedale Airedale terrier miniature poodle Bouvier des Flandres Bouviers des Flandres Bedlington terrier silky terrier Sydney silky Irish water spaniel shoe shop shoe-shop shoe store
2087	0	48872208718	parking meter mailbox letter box street sign ashcan trash can garbage can wastebin ash bin ash-bin ashbin dustbin trash barrel trash bin pay-phone pay-station crutch prison prison house traffic light traffic signal stoplight shopping cart umbrella
2088	0	15535454480	grand piano grand balance beam beam bassoon upright upright piano ping-pong ball guillotine pool table billiard table snooker table harp bookcase marimba xylophone
2089	0	12686028773	freight car moving van trailer truck tractor trailer trucking rig rig articulated lorry semi cinema movie theater movie theatre movie house picture palace mobile home manufactured home garbage truck dustcart recreational vehicle RV R.V. forklift crate scoreboard
2090	0	50827273287	folding chair studio couch day bed wallet billfold notecase pocketbook lipstick lip rouge stretcher rocking chair rocker dining table board purse window shade barber chair
2091	0	49825303946	toilet seat potter's wheel coil spiral volute whorl helix sundial parking meter magnetic compass teapot plate rack scale weighing machine tray
2092	0	48624649712	barbershop half track wall clock barber chair analog clock restaurant eating house eating place eatery tank army tank armored combat vehicle armoured combat vehicle stopwatch stop watch dial telephone dial phone gas pump gasoline pump petrol pump island dispenser
2093	0	49949342186	rugby ball measuring cup loupe jeweler's loupe bow tie bow-tie bowtie suit suit of clothes groom bridegroom Windsor tie lab coat laboratory coat gasmask respirator gas helmet puck hockey puck
2094	1	49919119893	mountain tent poncho cloak shower curtain mosquito net sarong abaya umbrella gown sleeping bag
2095	0	51033364911	lakeside lakeshore boathouse valley vale sandbar sand bar canoe tench Tinca tinca barracouta snoek seashore coast seacoast sea-coast alp dam dike dyke
2096	0	50294363428	cabbage butterfly lacewing lacewing fly lycaenid lycaenid butterfly leafhopper sulphur butterfly sulfur butterfly tick pick plectrum plectron cockroach roach necklace leaf beetle chrysomelid
2097	0	47939123996	stove goblet torch fire screen fireguard candle taper wax light espresso matchstick cup espresso maker coffeepot
2098	0	50777926818	prison prison house bannister banister balustrade balusters handrail cinema movie theater movie theatre movie house picture palace monastery balance beam beam vault pole restaurant eating house eating place eatery volleyball padlock
2099	0	49582225726	prison prison house bannister banister balustrade balusters handrail church church building organ pipe organ suspension bridge vault library palace prayer rug prayer mat monastery
2100	0	14216185757	prison prison house spotlight spot electric fan blower airship dirigible punching bag punch bag punching ball punchball washbasin handbasin washbowl lavabo wash-hand basin lampshade lamp shade projector radio wireless stove
2101	0	51188048184	maillot maillot tank suit brassiere bra bandeau bikini two-piece bathing cap swimming cap balance beam beam miniskirt mini web site website internet site site swimming trunks bathing trunks wig
2102	0	50869840647	football helmet motor scooter scooter crash helmet moped mountain bike all-terrain bike off-roader reel go-kart baseball bobsled bobsleigh bob disk brake disc brake
2103	0	50769580373	little blue heron Egretta caerulea American egret great white heron Egretta albus bittern crane spoonbill American coot marsh hen mud hen water hen Fulica americana pelican European gallinule Porphyrio porphyrio limpkin Aramus pictus dowitcher
2104	0	50299258917	car mirror seat belt seatbelt crash helmet television television system ambulance minivan monitor screen CRT screen hand blower blow dryer blow drier hair dryer hair drier sunglasses dark glasses shades
2105	0	49836159042	car mirror sunglass seat belt seatbelt sunglasses dark glasses shades gas pump gasoline pump petrol pump island dispenser television television system cab hack taxi taxicab loupe jeweler's loupe wing school bus
2106	0	50041875716	daisy sea slug nudibranch snail bee isopod hair slide bonnet poke bonnet lycaenid lycaenid butterfly handkerchief hankie hanky hankey plate
2107	0	49091196767	lakeside lakeshore boathouse valley vale castle buckeye horse chestnut conker worm fence snake fence snake-rail fence Virginia fence barn rapeseed American egret great white heron Egretta albus park bench
2108	0	48001626223	sliding door scale weighing machine china cabinet china closet window screen washbasin handbasin washbowl lavabo wash-hand basin wardrobe closet press medicine chest medicine cabinet refrigerator icebox pay-phone pay-station tub vat
2109	0	46635282865	tray street sign red wine cup goblet coffee mug flagpole flagstaff book jacket dust cover dust jacket dust wrapper vase chocolate sauce chocolate syrup
2110	0	51112148123	barbershop medicine chest medicine cabinet washbasin handbasin washbowl lavabo wash-hand basin barber chair cash machine cash dispenser automated teller machine automatic teller machine automated teller automatic teller ATM iron smoothing iron soap dispenser dial telephone dial phone hand blower blow dryer blow drier hair dryer hair drier safe
2111	0	51048995736	refrigerator icebox sliding door medicine chest medicine cabinet barbershop prison prison house bow tie bow-tie bowtie shower curtain pay-phone pay-station neck brace vending machine
2112	0	50915709123	spotlight spot stage microphone mike lampshade lamp shade theater curtain theatre curtain gong tam-tam drumstick accordion piano accordion squeeze box grand piano grand drum membranophone tympan
2113	0	49840298487	sarong stole bath towel gown kimono maillot pajama pyjama pj's jammies bikini two-piece miniskirt mini cardigan
2114	0	49839985976	hair spray bikini two-piece sunscreen sunblock sun blocker maillot hand blower blow dryer blow drier hair dryer hair drier gown sunglass perfume essence bubble miniskirt mini
2115	1	48069225628	sunglasses dark glasses shades sunglass jean blue jean denim buckle miniskirt mini cardigan bolo tie bolo bola tie bola stole wig cowboy hat ten-gallon hat
2116	0	48254146667	window screen sliding door restaurant eating house eating place eatery prison prison house volleyball pole cinema movie theater movie theatre movie house picture palace cash machine cash dispenser automated teller machine automatic teller machine automated teller automatic teller ATM television television system web site website internet site site
2117	0	32665443777	boathouse dam dike dyke lakeside lakeshore dock dockage docking facility breakwater groin groyne mole bulwark seawall jetty wreck castle pier paddlewheel paddle wheel valley vale
2118	0	51114501095	wall clock desk analog clock file file cabinet filing cabinet desktop computer mouse computer mouse dining table board folding chair monitor notebook notebook computer
2119	0	46769823101	studio couch day bed quilt comforter comfort puff restaurant eating house eating place eatery patio terrace window shade cinema movie theater movie theatre movie house picture palace sliding door motor scooter scooter umbrella pillow
2120	0	50071804908	unicycle monocycle knee pad parachute chute snorkel passenger car coach carriage stethoscope whistle bicycle-built-for-two tandem bicycle tandem water bottle crash helmet
2121	0	23855921670	passenger car coach carriage streetcar tram tramcar trolley trolley car freight car vending machine electric locomotive minibus bullet train bullet amphibian amphibious vehicle limousine limo cinema movie theater movie theatre movie house picture palace
2122	0	49042435196	freight car canoe harvester reaper trailer truck tractor trailer trucking rig rig articulated lorry semi greenhouse nursery glasshouse snowplow snowplough bobsled bobsleigh bob dam dike dyke fireboat park bench
2123	0	48206610431	freight car trailer truck tractor trailer trucking rig rig articulated lorry semi moving van passenger car coach carriage electric locomotive mobile home manufactured home garbage truck dustcart steam locomotive recreational vehicle RV R.V. crane
2124	0	48970198383	lab coat laboratory coat notebook notebook computer pajama pyjama pj's jammies television television system stethoscope laptop laptop computer potter's wheel Windsor tie hand-held computer hand-held microcomputer photocopier
2125	1	16610879716	window shade Scotch terrier Scottish terrier Scottie Kerry blue terrier toaster cowboy hat ten-gallon hat sunglass wig giant schnauzer washer automatic washer washing machine jersey T-shirt tee shirt
2126	1	50405549776	wig French horn horn face powder hair slide brassiere bra bandeau neck brace harp breastplate aegis egis miniskirt mini maillot
2127	0	35213388136	lampshade lamp shade coil spiral volute whorl helix chambered nautilus pearly nautilus nautilus matchstick theater curtain theatre curtain candle taper wax light shower curtain balloon crash helmet cloak
2128	0	51136656400	spotlight spot projector caldron cauldron bubble stove traffic light traffic signal stoplight torch candle taper wax light planetarium hot pot hotpot
2129	0	49933990268	computer keyboard keypad notebook notebook computer space bar mouse computer mouse laptop laptop computer cellular telephone cellular phone cellphone cell mobile phone typewriter keyboard iPod desktop computer modem
2130	0	51077038977	church church building palace bell cote bell cot castle tile roof picket fence paling monastery cinema movie theater movie theatre movie house picture palace restaurant eating house eating place eatery limousine limo
2131	0	50450071592	promontory headland head foreland seashore coast seacoast sea-coast cliff drop drop-off sandbar sand bar lakeside lakeshore breakwater groin groyne mole bulwark seawall jetty beacon lighthouse beacon light pharos volcano valley vale wreck
2132	0	50358488077	radio wireless loudspeaker speaker speaker unit loudspeaker system speaker system iPod microphone mike book jacket dust cover dust jacket dust wrapper tripod safe hook claw dumbbell gong tam-tam
2133	1	50552211077	moped motor scooter scooter mountain bike all-terrain bike off-roader bow sax saxophone tricycle trike velocipede disk brake disc brake cuirass tractor gong tam-tam
2134	0	50385441358	crash helmet racer race car racing car go-kart car wheel football helmet sports car sport car disk brake disc brake mountain bike all-terrain bike off-roader bobsled bobsleigh bob knee pad
2135	0	50317106176	upright upright piano grand piano grand park bench lumbermill sawmill harvester reaper typewriter keyboard organ pipe organ half track dam dike dyke space bar
2136	0	50252386276	plastic bag ashcan trash can garbage can wastebin ash bin ash-bin ashbin dustbin trash barrel trash bin stretcher garbage truck dustcart barrow garden cart lawn cart wheelbarrow conch grocery store grocery food market market umbrella caldron cauldron corn
2137	0	51176711096	coho cohoe coho salmon blue jack silver salmon Oncorhynchus kisutch reel beer bottle water bottle barracouta snoek wine bottle hippopotamus hippo river horse Hippopotamus amphibius cocktail shaker pop bottle soda bottle stinkhorn carrion fungus
2138	0	51141492034	beer bottle tennis ball pop bottle soda bottle rapeseed croquet ball water bottle red wine zucchini courgette screwdriver mailbox letter box
2139	0	49929579032	comic book book jacket dust cover dust jacket dust wrapper jigsaw puzzle jersey T-shirt tee shirt harmonica mouth organ harp mouth harp Band Aid mousetrap plunger plumber's helper panpipe pandean pipe syrinx toyshop
2140	0	49490311376	punching bag punch bag punching ball punchball swab swob mop knot vacuum vacuum cleaner bearskin busby shako theater curtain theatre curtain broom barrel cask rain barrel pole
2141	0	48576236312	indigo bunting indigo finch indigo bird Passerina cyanea goldfinch Carduelis carduelis monarch monarch butterfly milkweed butterfly Danaus plexippus cardoon hummingbird cabbage butterfly buckeye horse chestnut conker ringlet ringlet butterfly bulbul house finch linnet Carpodacus mexicanus
2142	0	49559484121	prison prison house vault library passenger car coach carriage turnstile monastery church church building palace bullet train bullet organ pipe organ
2143	0	50304578691	freight car trailer truck tractor trailer trucking rig rig articulated lorry semi dam dike dyke cinema movie theater movie theatre movie house picture palace barbershop mobile home manufactured home planetarium minivan fire screen fireguard garbage truck dustcart
2144	0	50300828398	freight car ashcan trash can garbage can wastebin ash bin ash-bin ashbin dustbin trash barrel trash bin thresher thrasher threshing machine rapeseed steam locomotive harvester reaper electric locomotive mailbox letter box fire engine fire truck tile roof
2145	0	31198357427	patio terrace restaurant eating house eating place eatery bell cote bell cot boathouse thatch thatched roof alp monastery picket fence paling tile roof lakeside lakeshore
2146	0	50442651457	bannister banister balustrade balusters handrail viaduct suspension bridge dam dike dyke steel arch bridge pier breakwater groin groyne mole bulwark seawall jetty greenhouse nursery glasshouse parallel bars bars passenger car coach carriage
2147	0	46922030442	church church building monastery prison prison house bell cote bell cot dome vault tile roof palace library mosque
2148	0	44694040665	thatch thatched roof doormat welcome mat vault sliding door yurt shoji tobacco shop tobacconist shop tobacconist brass memorial tablet plaque prison prison house stone wall
2149	0	33929871973	vault coil spiral volute whorl helix organ pipe organ thatch thatched roof dome altar monastery triumphal arch church church building tile roof
2150	0	32970656234	cowboy boot shoe shop shoe-shop shoe store prison prison house plastic bag grocery store grocery food market market stretcher abaya running shoe clog geta patten sabot unicycle monocycle
2151	0	25664139195	prison prison house palace triumphal arch monastery pier bell cote bell cot mosque vault viaduct gondola
2152	0	16031949529	monastery church church building bell cote bell cot palace tile roof dome stupa tope mosque vault castle
2153	0	10690638054	trench coat suit suit of clothes lab coat laboratory coat fur coat bolo tie bolo bola tie bola military uniform Windsor tie bow tie bow-tie bowtie stethoscope mortarboard
2154	0	12418224255	prison prison house vault passenger car coach carriage monastery church church building restaurant eating house eating place eatery bookshop bookstore bookstall barn library lumbermill sawmill
2155	0	9927124005	yawl catamaran schooner trimaran pirate pirate ship pier liner ocean liner fireboat steel arch bridge seashore coast seacoast sea-coast
2156	0	50443815312	pineapple ananas cardoon daisy greenhouse nursery glasshouse artichoke globe artichoke fountain sea anemone anemone quill quill pen ear spike capitulum head cabbage
2157	0	49562671803	analog clock wall clock bell cote bell cot palace barometer stopwatch stop watch digital clock tile roof digital watch sundial
2158	0	49066071338	picket fence paling patio terrace mobile home manufactured home greenhouse nursery glasshouse worm fence snake fence snake-rail fence Virginia fence bannister banister balustrade balusters handrail sliding door chainlink fence pot flowerpot park bench
2159	0	28619664712	flagpole flagstaff grocery store grocery food market market restaurant eating house eating place eatery bakery bakeshop bakehouse barbershop picket fence paling cinema movie theater movie theatre movie house picture palace umbrella barn parachute chute
2160	0	51144768831	binder ring-binder monitor modem rule ruler sunglasses dark glasses shades desktop computer stethoscope laptop laptop computer mouse computer mouse desk
2161	0	51111216552	restaurant eating house eating place eatery dining table board library china cabinet china closet patio terrace grand piano grand folding chair window shade sliding door sewing machine
2162	0	50814101402	book jacket dust cover dust jacket dust wrapper comic book bow tie bow-tie bowtie tray envelope teddy teddy bear jigsaw puzzle menu web site website internet site site crossword puzzle crossword
2163	0	50469290021	red-backed sandpiper dunlin Erolia alpina brambling Fringilla montifringilla water ouzel dipper junco snowbird quail African grey African gray Psittacus erithacus ruddy turnstone Arenaria interpres partridge mousetrap ruffed grouse partridge Bonasa umbellus
2164	0	50429860521	restaurant eating house eating place eatery sunglass sunglasses dark glasses shades vending machine monitor dining table board tobacco shop tobacconist shop tobacconist barber chair shoe shop shoe-shop shoe store slot one-armed bandit
2165	0	50198550543	restaurant eating house eating place eatery palace mosque vault library theater curtain theatre curtain monastery throne triumphal arch altar
2166	0	49977289346	shoe shop shoe-shop shoe store plane carpenter's plane woodworking plane motor scooter scooter beer bottle violin fiddle gondola vacuum vacuum cleaner cowboy boot wine bottle moped
2167	0	49866131742	patio terrace park bench shopping cart lakeside lakeshore stone wall pot flowerpot greenhouse nursery glasshouse chainlink fence castle barrow garden cart lawn cart wheelbarrow
2168	0	48609241193	waffle iron microwave microwave oven washbasin handbasin washbowl lavabo wash-hand basin soap dispenser dining table board toaster frying pan frypan skillet barber chair tray paper towel
2169	0	51161369542	dining table board restaurant eating house eating place eatery folding chair throne bakery bakeshop bakehouse quilt comforter comfort puff tray rocking chair rocker library patio terrace
2170	0	51106246584	folding chair computer keyboard keypad printer mailbox letter box desk washbasin handbasin washbowl lavabo wash-hand basin ashcan trash can garbage can wastebin ash bin ash-bin ashbin dustbin trash barrel trash bin dining table board sewing machine iPod
2171	0	50926503578	volcano stone wall viaduct valley vale worm fence snake fence snake-rail fence Virginia fence cliff drop drop-off megalith megalithic structure lakeside lakeshore geyser rapeseed
2172	0	50529210578	lumbermill sawmill plane carpenter's plane woodworking plane guillotine crate balance beam beam bannister banister balustrade balusters handrail cannon mousetrap power drill cradle
2173	0	49328474161	worm fence snake fence snake-rail fence Virginia fence park bench coyote prairie wolf brush wolf Canis latrans dogsled dog sled dog sleigh stone wall picket fence paling ruffed grouse partridge Bonasa umbellus birdhouse ski chainlink fence
2174	0	42994796745	patio terrace dining table board folding chair restaurant eating house eating place eatery greenhouse nursery glasshouse barrow garden cart lawn cart wheelbarrow rocking chair rocker pot flowerpot grocery store grocery food market market park bench
2175	0	50218727316	assault rifle assault gun military uniform rifle bulletproof vest tank army tank armored combat vehicle armoured combat vehicle half track projectile missile stretcher oxygen mask gasmask respirator gas helmet
2176	0	50569717692	cassette book jacket dust cover dust jacket dust wrapper espresso red wine chocolate sauce chocolate syrup quill quill pen face powder puck hockey puck binder ring-binder syringe
2177	0	50678286872	dung beetle matchstick acorn nail broccoli spotted salamander Ambystoma maculatum mud turtle paintbrush mortar terrapin
2178	0	51144455776	velvet necklace hamper vase bonnet poke bonnet pomegranate purse bell pepper handkerchief hankie hanky hankey pot flowerpot
2179	0	48785590033	umbrella library jinrikisha ricksha rickshaw cab hack taxi taxicab window shade patio terrace restaurant eating house eating place eatery bookshop bookstore bookstall motor scooter scooter sliding door
2180	1	50627427658	overskirt velvet gown stole apron cloak trench coat hoopskirt crinoline miniskirt mini umbrella
2181	0	49313023217	lumbermill sawmill greenhouse nursery glasshouse ashcan trash can garbage can wastebin ash bin ash-bin ashbin dustbin trash barrel trash bin turnstile sliding door barrow garden cart lawn cart wheelbarrow boathouse mobile home manufactured home prison prison house forklift
2182	0	18081272205	monastery dome church church building palace triumphal arch flagpole flagstaff bell cote bell cot altar vault castle
2183	0	50744844258	sports car sport car minivan racer race car racing car car wheel pickup pickup truck beach wagon station wagon wagon estate car beach waggon station waggon waggon cab hack taxi taxicab car mirror ambulance minibus
2184	0	50744133851	racer race car racing car sports car sport car ambulance convertible police van police wagon paddy wagon patrol wagon wagon black Maria car wheel grille radiator grille passenger car coach carriage minivan crash helmet
2185	0	51101694721	sports car sport car beach wagon station wagon wagon estate car beach waggon station waggon waggon convertible car wheel grille radiator grille racer race car racing car pickup pickup truck passenger car coach carriage limousine limo cab hack taxi taxicab
2186	0	51174323353	thatch thatched roof tile roof doormat welcome mat stone wall hay wool woolen woollen barrow garden cart lawn cart wheelbarrow birdhouse broom honeycomb
2187	0	51140484151	mailbox letter box ashcan trash can garbage can wastebin ash bin ash-bin ashbin dustbin trash barrel trash bin school bus gas pump gasoline pump petrol pump island dispenser parking meter padlock trailer truck tractor trailer trucking rig rig articulated lorry semi freight car pay-phone pay-station street sign
2188	0	51033280838	cinema movie theater movie theatre movie house picture palace tobacco shop tobacconist shop tobacconist planetarium bakery bakeshop bakehouse freight car library barn street sign barbershop scoreboard
2189	0	51013110777	comic book jigsaw puzzle slot one-armed bandit toyshop freight car laptop laptop computer tray vending machine monitor theater curtain theatre curtain
2190	0	50879117423	alp tub vat umbrella bobsled bobsleigh bob valley vale lakeside lakeshore plastic bag electric ray crampfish numbfish torpedo promontory headland head foreland killer whale killer orca grampus sea wolf Orcinus orca
2191	0	50969655456	shower curtain binder ring-binder fire screen fireguard handkerchief hankie hanky hankey tray book jacket dust cover dust jacket dust wrapper shoji window screen sliding door comic book
2192	0	50918005487	freight car puck hockey puck book jacket dust cover dust jacket dust wrapper shower curtain parking meter comic book backpack back pack knapsack packsack rucksack haversack perfume essence chainlink fence jigsaw puzzle
2193	0	50836602751	comic book fountain altar mask spiny lobster langouste rock lobster crawfish crayfish sea crawfish vase jigsaw puzzle book jacket dust cover dust jacket dust wrapper necklace chambered nautilus pearly nautilus nautilus
2194	0	50736552742	viaduct suspension bridge triumphal arch megalith megalithic structure maze labyrinth stone wall vault steel arch bridge castle worm fence snake fence snake-rail fence Virginia fence
2195	0	50559527637	freight car moving van trailer truck tractor trailer trucking rig rig articulated lorry semi street sign crate cinema movie theater movie theatre movie house picture palace barbershop grocery store grocery food market market chainlink fence bookshop bookstore bookstall
2196	0	50557323651	jigsaw puzzle brass memorial tablet plaque menu parking meter tray scale weighing machine measuring cup plastic bag confectionery confectionary candy store prayer rug prayer mat
2197	0	50352632588	jigsaw puzzle doormat welcome mat comic book padlock book jacket dust cover dust jacket dust wrapper freight car wall clock tobacco shop tobacconist shop tobacconist chainlink fence parking meter
2198	0	49997995906	envelope picket fence paling mailbox letter box freight car brass memorial tablet plaque book jacket dust cover dust jacket dust wrapper binder ring-binder rubber eraser rubber pencil eraser doormat welcome mat ashcan trash can garbage can wastebin ash bin ash-bin ashbin dustbin trash barrel trash bin
2199	0	50004450737	mailbox letter box ashcan trash can garbage can wastebin ash bin ash-bin ashbin dustbin trash barrel trash bin street sign book jacket dust cover dust jacket dust wrapper vending machine parking meter padlock freight car packet chainlink fence
2200	0	50725637841	stretcher sunglass barbershop shovel vacuum vacuum cleaner barber chair sunglasses dark glasses shades barrow garden cart lawn cart wheelbarrow gas pump gasoline pump petrol pump island dispenser toilet seat
2201	0	49640885256	vault doormat welcome mat comic book safety pin wallet billfold notecase pocketbook thimble ocarina sweet potato fire screen fireguard cinema movie theater movie theatre movie house picture palace binder ring-binder
2202	0	49640866506	comic book book jacket dust cover dust jacket dust wrapper barbershop packet jersey T-shirt tee shirt cinema movie theater movie theatre movie house picture palace jigsaw puzzle bakery bakeshop bakehouse street sign restaurant eating house eating place eatery
2203	0	50141550243	comic book ski mask green mamba book jacket dust cover dust jacket dust wrapper mask puck hockey puck stethoscope vine snake nematode nematode worm roundworm bathing cap swimming cap
2204	0	49904156963	military uniform gasmask respirator gas helmet oxygen mask paintbrush rifle shower cap assault rifle assault gun pajama pyjama pj's jammies tusker bulletproof vest
2205	0	48796551561	freight car park bench doormat welcome mat lakeside lakeshore harvester reaper jigsaw puzzle garbage truck dustcart greenhouse nursery glasshouse street sign restaurant eating house eating place eatery
2206	0	40265781283	comic book book jacket dust cover dust jacket dust wrapper snorkel Band Aid neck brace stage plunger plumber's helper jersey T-shirt tee shirt mask jigsaw puzzle
2207	0	40978318781	shower curtain book jacket dust cover dust jacket dust wrapper chain comic book flute transverse flute vestment throne umbrella pick plectrum plectron shower cap
2208	1	32768229687	comic book book jacket dust cover dust jacket dust wrapper jersey T-shirt tee shirt barbershop puck hockey puck brass memorial tablet plaque mask buckle French horn horn stethoscope
2209	0	47585679352	comic book book jacket dust cover dust jacket dust wrapper jersey T-shirt tee shirt electric guitar trombone puck hockey puck drumstick sweatshirt French horn horn sewing machine
2210	0	46554354572	barn barrel cask padlock tobacco shop tobacconist shop tobacconist chainlink fence barbershop worm fence snake fence snake-rail fence Virginia fence picket fence paling hay nail
2211	0	45396233834	tray comic book jigsaw puzzle picket fence paling apron freight car toyshop bib paintbrush wall clock
2212	0	29472906687	freight car comic book rain barrel ashcan trash can garbage can wastebin ash bin ash-bin ashbin dustbin trash barrel trash bin shovel paintbrush macaw street sign toilet seat hook claw
2213	0	40477316931	chainlink fence worm fence snake fence snake-rail fence Virginia fence padlock yurt shopping cart combination lock carousel carrousel merry-go-round roundabout whirligig king crab Alaska crab Alaskan king crab Alaska king crab Paralithodes camtschatica shopping basket ashcan trash can garbage can wastebin ash bin ash-bin ashbin dustbin trash barrel trash bin
2214	0	38888532944	freight car shoe shop shoe-shop shoe store cinema movie theater movie theatre movie house picture palace doormat welcome mat theater curtain theatre curtain comic book toyshop running shoe shower curtain tobacco shop tobacconist shop tobacconist
2215	0	36344541764	toyshop knee pad toilet seat motor scooter scooter comic book teddy teddy bear unicycle monocycle barbershop barber chair tricycle trike velocipede
2216	0	35148434420	freight car moving van garbage truck dustcart trailer truck tractor trailer trucking rig rig articulated lorry semi ashcan trash can garbage can wastebin ash bin ash-bin ashbin dustbin trash barrel trash bin cinema movie theater movie theatre movie house picture palace theater curtain theatre curtain electric locomotive recreational vehicle RV R.V. barrow garden cart lawn cart wheelbarrow
2217	0	35368740926	wall clock restaurant eating house eating place eatery barbershop altar cinema movie theater movie theatre movie house picture palace medicine chest medicine cabinet pool table billiard table snooker table television television system dining table board barber chair
2218	0	34890369471	chainlink fence prison prison house pier turnstile lumbermill sawmill tile roof sliding door container ship containership container vessel crate patio terrace
2219	0	30367850203	street sign traffic light traffic signal stoplight cab hack taxi taxicab parking meter pay-phone pay-station motor scooter scooter mailbox letter box obelisk ashcan trash can garbage can wastebin ash bin ash-bin ashbin dustbin trash barrel trash bin gondola
2220	0	28836205304	carousel carrousel merry-go-round roundabout whirligig conch spatula mask flagpole flagstaff muzzle scabbard slug clog geta patten sabot snorkel
2221	1	28897813125	safety pin coil spiral volute whorl helix shovel barrel cask abacus plate rack hook claw barrow garden cart lawn cart wheelbarrow macaw canoe
2222	0	26253482033	boathouse lakeside lakeshore viaduct dam dike dyke barn canoe castle steel arch bridge pier lumbermill sawmill
2223	0	26432307632	maze labyrinth bannister banister balustrade balusters handrail stupa tope castle palace picket fence paling chainlink fence coil spiral volute whorl helix tile roof worm fence snake fence snake-rail fence Virginia fence
2224	0	26406918725	comic book book jacket dust cover dust jacket dust wrapper carousel carrousel merry-go-round roundabout whirligig mask jigsaw puzzle shower cap toyshop bookshop bookstore bookstall vending machine totem pole
2225	0	24188547162	toyshop carousel carrousel merry-go-round roundabout whirligig shoe shop shoe-shop shoe store restaurant eating house eating place eatery confectionery confectionary candy store grocery store grocery food market market comic book stage barbershop tobacco shop tobacconist shop tobacconist
2226	0	20623101052	slot one-armed bandit scoreboard oscilloscope scope cathode-ray oscilloscope CRO fire screen fireguard greenhouse nursery glasshouse jigsaw puzzle hand-held computer hand-held microcomputer toyshop carousel carrousel merry-go-round roundabout whirligig cellular telephone cellular phone cellphone cell mobile phone
2227	0	23897810910	barbershop bookshop bookstore bookstall pay-phone pay-station tobacco shop tobacconist shop tobacconist mailbox letter box ashcan trash can garbage can wastebin ash bin ash-bin ashbin dustbin trash barrel trash bin crate cassette street sign freight car
2228	0	23978286136	bottlecap totem pole mask jigsaw puzzle buckle padlock birdhouse church church building sundial obelisk
2229	0	23556194920	freight car swimming trunks bathing trunks shoe shop shoe-shop shoe store umbrella comic book toyshop running shoe carousel carrousel merry-go-round roundabout whirligig flagpole flagstaff hatchet
2230	0	23031295222	comic book toyshop book jacket dust cover dust jacket dust wrapper bookshop bookstore bookstall cassette tobacco shop tobacconist shop tobacconist harmonica mouth organ harp mouth harp slot one-armed bandit altar theater curtain theatre curtain
2231	1	22994326065	bikini two-piece swimming trunks bathing trunks bathing cap swimming cap maillot snorkel maillot tank suit sunglass sunglasses dark glasses shades pole brassiere bra bandeau
2232	0	20971250112	gas pump gasoline pump petrol pump island dispenser vending machine refrigerator icebox pay-phone pay-station bookshop bookstore bookstall cash machine cash dispenser automated teller machine automatic teller machine automated teller automatic teller ATM tobacco shop tobacconist shop tobacconist barbershop carton moving van
2233	1	18536320373	mask shower curtain comic book book jacket dust cover dust jacket dust wrapper shower cap vase toilet seat head cabbage paintbrush pitcher ewer
2234	0	16660393393	park bench swimming trunks bathing trunks umbrella carousel carrousel merry-go-round roundabout whirligig totem pole apron sarong worm fence snake fence snake-rail fence Virginia fence sunglasses dark glasses shades swing
2235	0	16349581554	television television system barbershop parking meter marimba xylophone analog clock basketball punching bag punch bag punching ball punchball paintbrush microphone mike crutch
2236	0	14640691782	projector spotlight spot loudspeaker speaker speaker unit loudspeaker system speaker system stage theater curtain theatre curtain grand piano grand television television system home theater home theatre analog clock screen CRT screen
2237	0	14608093996	toyshop tobacco shop tobacconist shop tobacconist bookshop bookstore bookstall analog clock wall clock gas pump gasoline pump petrol pump island dispenser passenger car coach carriage mobile home manufactured home barbershop street sign
2238	0	14380125321	mailbox letter box ashcan trash can garbage can wastebin ash bin ash-bin ashbin dustbin trash barrel trash bin birdhouse mobile home manufactured home church church building gas pump gasoline pump petrol pump island dispenser refrigerator icebox safe picket fence paling Crock Pot
2239	0	15277247319	crate carton barrel cask tray doormat welcome mat tobacco shop tobacconist shop tobacconist plate rack chest bakery bakeshop bakehouse tub vat
2240	0	15277246889	handkerchief hankie hanky hankey bib sea slug nudibranch tray shower cap diaper nappy napkin bakery bakeshop bakehouse wall clock apron paintbrush
2241	0	15335614845	freight car carpenter's kit tool kit hook claw crutch safety pin tobacco shop tobacconist shop tobacconist mousetrap corkscrew bottle screw fire screen fireguard stethoscope
2242	0	15219709562	American black bear black bear Ursus americanus Euarctos americanus sloth bear Melursus ursinus Ursus ursinus schipperke howler monkey howler lesser panda red panda panda bear cat cat bear Ailurus fulgens groenendael chimpanzee chimp Pan troglodytes siamang Hylobates syndactylus Symphalangus syndactylus bison brown bear bruin Ursus arctos
2243	0	14973219546	magnetic compass coffee mug matchstick oscilloscope scope cathode-ray oscilloscope CRO television television system digital watch nematode nematode worm roundworm joystick bottlecap rule ruler
2244	0	14807375137	barbershop motor scooter scooter tobacco shop tobacconist shop tobacconist throne barber chair jinrikisha ricksha rickshaw shoe shop shoe-shop shoe store cowboy boot totem pole gondola
2245	0	14449866039	umbrella stethoscope comic book book jacket dust cover dust jacket dust wrapper teddy teddy bear soccer ball violin fiddle quilt comforter comfort puff crossword puzzle crossword pajama pyjama pj's jammies
2246	0	14618492432	crutch shovel swab swob mop plunger plumber's helper pedestal plinth footstall guillotine bannister banister balustrade balusters handrail drumstick spotlight spot pole
2247	0	14101869909	wall clock barbershop mousetrap barometer book jacket dust cover dust jacket dust wrapper analog clock chest brass memorial tablet plaque mailbox letter box fire screen fireguard
2248	0	14277577034	envelope carton perfume essence packet bookcase face powder binder ring-binder wall clock book jacket dust cover dust jacket dust wrapper mortarboard
2249	0	12682953315	prison prison house switch electric switch electrical switch wreck padlock radiator castle monastery maze labyrinth gas pump gasoline pump petrol pump island dispenser wall clock
2250	0	11798674006	hook claw go-kart freight car puck hockey puck jigsaw puzzle bobsled bobsleigh bob jersey T-shirt tee shirt shower curtain handkerchief hankie hanky hankey stethoscope
2251	0	11625507813	brass memorial tablet plaque chainlink fence street sign ashcan trash can garbage can wastebin ash bin ash-bin ashbin dustbin trash barrel trash bin shopping cart broom bannister banister balustrade balusters handrail padlock mailbox letter box prison prison house
2252	0	11625187315	crate nail padlock ashcan trash can garbage can wastebin ash bin ash-bin ashbin dustbin trash barrel trash bin chainlink fence screw street sign barrel cask freight car chain
2253	0	11625413253	bottlecap doormat welcome mat mailbox letter box combination lock jellyfish padlock dial telephone dial phone chiton coat-of-mail shell sea cradle polyplacophore beer bottle pop bottle soda bottle
2254	0	11139575125	streetcar tram tramcar trolley trolley car trolleybus trolley coach trackless trolley crash helmet cab hack taxi taxicab toaster minivan beach wagon station wagon wagon estate car beach waggon station waggon waggon backpack back pack knapsack packsack rucksack haversack passenger car coach carriage ambulance
2255	0	11117105465	tray jigsaw puzzle doormat welcome mat manhole cover freight car maze labyrinth bakery bakeshop bakehouse prayer rug prayer mat comic book swimming trunks bathing trunks
2256	0	10293117336	totem pole coil spiral volute whorl helix jigsaw puzzle crash helmet balloon mask jack-o'-lantern rain barrel clog geta patten sabot toilet seat
2257	0	10042822394	ashcan trash can garbage can wastebin ash bin ash-bin ashbin dustbin trash barrel trash bin doormat welcome mat mask tobacco shop tobacconist shop tobacconist cinema movie theater movie theatre movie house picture palace fire screen fireguard brass memorial tablet plaque totem pole comic book parking meter
2258	0	10979632845	alp valley vale flagpole flagstaff viaduct lakeside lakeshore dam dike dyke beacon lighthouse beacon light pharos mountain bike all-terrain bike off-roader volcano chainlink fence
2259	0	10303858646	jigsaw puzzle freight car comic book toyshop street sign wall clock safety pin buckle padlock cinema movie theater movie theatre movie house picture palace
2260	0	9896368214	jigsaw puzzle Christmas stocking barbershop prayer rug prayer mat plastic bag toilet seat bib butcher shop meat market handkerchief hankie hanky hankey apron
2261	0	49251515047	ashcan trash can garbage can wastebin ash bin ash-bin ashbin dustbin trash barrel trash bin parking meter pay-phone pay-station mailbox letter box pedestal plinth footstall carton turnstile abaya kimono fire screen fireguard
2262	0	49096737831	mailbox letter box sundial ashcan trash can garbage can wastebin ash bin ash-bin ashbin dustbin trash barrel trash bin street sign flagpole flagstaff picket fence paling parking meter chainlink fence gas pump gasoline pump petrol pump island dispenser padlock
2263	0	36753767973	doormat welcome mat jigsaw puzzle prayer rug prayer mat wool woolen woollen bottlecap mitten clog geta patten sabot chiton coat-of-mail shell sea cradle polyplacophore maze labyrinth pillow
2264	0	51113182357	bottlecap wall clock doormat welcome mat Petri dish barometer analog clock stopwatch stop watch pillow shower curtain ping-pong ball
2265	0	51009868988	street sign traffic light traffic signal stoplight pole cab hack taxi taxicab obelisk container ship containership container vessel crane dock dockage docking facility breakwater groin groyne mole bulwark seawall jetty flagpole flagstaff
2266	0	50890600558	lakeside lakeshore seashore coast seacoast sea-coast breakwater groin groyne mole bulwark seawall jetty cliff drop drop-off plastic bag stone wall sandbar sand bar shower curtain flagpole flagstaff container ship containership container vessel
2267	0	50845880656	scale weighing machine brass memorial tablet plaque padlock street sign parking meter shield buckler mailbox letter box book jacket dust cover dust jacket dust wrapper switch electric switch electrical switch combination lock
2268	0	50840359997	barn chainlink fence church church building prison prison house greenhouse nursery glasshouse worm fence snake fence snake-rail fence Virginia fence picket fence paling shovel water tower boathouse
2269	0	51210979107	doormat welcome mat bottlecap pick plectrum plectron chainlink fence ant emmet pismire chain maze labyrinth street sign manhole cover brass memorial tablet plaque
2270	0	51201962168	mobile home manufactured home passenger car coach carriage monastery yurt recreational vehicle RV R.V. minibus lakeside lakeshore school bus patio terrace rapeseed
2271	0	51100477715	toyshop streetcar tram tramcar trolley trolley car confectionery confectionary candy store amphibian amphibious vehicle cab hack taxi taxicab slot one-armed bandit panpipe pandean pipe syrinx school bus stage pirate pirate ship
2272	0	51046926923	mailbox letter box street sign picket fence paling barn ashcan trash can garbage can wastebin ash bin ash-bin ashbin dustbin trash barrel trash bin pinwheel pay-phone pay-station worm fence snake fence snake-rail fence Virginia fence shield buckler shovel
2273	0	50790338686	comic book laptop laptop computer toyshop pencil box pencil case barbershop freight car stethoscope iPod vending machine shoe shop shoe-shop shoe store
2274	0	50686546773	freight car ashcan trash can garbage can wastebin ash bin ash-bin ashbin dustbin trash barrel trash bin fire screen fireguard wall clock garbage truck dustcart vault cassette trailer truck tractor trailer trucking rig rig articulated lorry semi barbershop cinema movie theater movie theatre movie house picture palace
2275	0	50434235593	refrigerator icebox street sign medicine chest medicine cabinet ashcan trash can garbage can wastebin ash bin ash-bin ashbin dustbin trash barrel trash bin safety pin cinema movie theater movie theatre movie house picture palace radiator chainlink fence mailbox letter box padlock
2276	0	50429571786	boathouse dam dike dyke pier dock dockage docking facility greenhouse nursery glasshouse lumbermill sawmill crane steel arch bridge lakeside lakeshore breakwater groin groyne mole bulwark seawall jetty
2277	0	50685560238	prison prison house vault crate carton barbershop cinema movie theater movie theatre movie house picture palace sliding door bannister banister balustrade balusters handrail bookshop bookstore bookstall ashcan trash can garbage can wastebin ash bin ash-bin ashbin dustbin trash barrel trash bin
2278	0	50531690302	doormat welcome mat bottlecap parking meter chainlink fence manhole cover screw tennis ball rubber eraser rubber pencil eraser maze labyrinth computer keyboard keypad
2279	0	50233304891	jigsaw puzzle book jacket dust cover dust jacket dust wrapper comic book paintbrush tray envelope scuba diver cab hack taxi taxicab shower curtain wreck
2280	0	50155636377	sarong swimming trunks bathing trunks seashore coast seacoast sea-coast sunglass snorkel maillot tank suit steel drum bubble comic book unicycle monocycle
2281	1	50084652006	mailbox letter box brass memorial tablet plaque ashcan trash can garbage can wastebin ash bin ash-bin ashbin dustbin trash barrel trash bin chainlink fence cash machine cash dispenser automated teller machine automatic teller machine automated teller automatic teller ATM parking meter padlock barn tile roof gas pump gasoline pump petrol pump island dispenser
2282	0	50320425631	barbershop cinema movie theater movie theatre movie house picture palace restaurant eating house eating place eatery bakery bakeshop bakehouse grocery store grocery food market market tobacco shop tobacconist shop tobacconist barber chair bookshop bookstore bookstall gas pump gasoline pump petrol pump island dispenser shopping cart
2283	0	50177328192	ashcan trash can garbage can wastebin ash bin ash-bin ashbin dustbin trash barrel trash bin mailbox letter box garbage truck dustcart freight car shopping cart vending machine birdhouse parking meter street sign toyshop
2284	0	50041121271	brass memorial tablet plaque manhole cover sundial street sign ashcan trash can garbage can wastebin ash bin ash-bin ashbin dustbin trash barrel trash bin whiskey jug doormat welcome mat cliff drop drop-off barrel cask cliff dwelling
2285	0	50023113942	boathouse cinema movie theater movie theatre movie house picture palace traffic light traffic signal stoplight pole mobile home manufactured home flagpole flagstaff paddlewheel paddle wheel dock dockage docking facility fire engine fire truck pool table billiard table snooker table
2286	0	49187161658	altar comic book tray sundial brass memorial tablet plaque fountain vault manhole cover jigsaw puzzle book jacket dust cover dust jacket dust wrapper
2287	0	49900666536	dome pier tile roof patio terrace suspension bridge freight car crane scoreboard container ship containership container vessel dock dockage docking facility
2288	0	49568297412	jigsaw puzzle shower curtain killer whale killer orca grampus sea wolf Orcinus orca theater curtain theatre curtain swimming trunks bathing trunks solar dish solar collector solar furnace window screen quilt comforter comfort puff alp jay
2289	0	49653847553	jigsaw puzzle freight car book jacket dust cover dust jacket dust wrapper coffee mug mousetrap comic book tray shower curtain buckle football helmet
2290	0	49643682706	cab hack taxi taxicab trolleybus trolley coach trackless trolley parking meter minivan garbage truck dustcart traffic light traffic signal stoplight streetcar tram tramcar trolley trolley car street sign police van police wagon paddy wagon patrol wagon wagon black Maria motor scooter scooter
2291	0	49590532501	hammer rifle comic book screwdriver hatchet sax saxophone paintbrush assault rifle assault gun microphone mike book jacket dust cover dust jacket dust wrapper
2292	0	49570140981	ashcan trash can garbage can wastebin ash bin ash-bin ashbin dustbin trash barrel trash bin chainlink fence padlock freight car worm fence snake fence snake-rail fence Virginia fence parking meter plastic bag stone wall mailbox letter box park bench
2293	0	48899430992	mobile home manufactured home freight car cinema movie theater movie theatre movie house picture palace butcher shop meat market barbershop gas pump gasoline pump petrol pump island dispenser totem pole tobacco shop tobacconist shop tobacconist birdhouse thresher thrasher threshing machine
2294	0	49332328167	gas pump gasoline pump petrol pump island dispenser ashcan trash can garbage can wastebin ash bin ash-bin ashbin dustbin trash barrel trash bin beer glass parking meter bucket pail mailbox letter box padlock pay-phone pay-station scale weighing machine street sign
2295	0	49303234463	freight car barbershop cinema movie theater movie theatre movie house picture palace tobacco shop tobacconist shop tobacconist garbage truck dustcart bakery bakeshop bakehouse street sign restaurant eating house eating place eatery shoe shop shoe-shop shoe store confectionery confectionary candy store
2296	0	48956012881	barn theater curtain theatre curtain balloon comic book volcano boathouse jigsaw puzzle lawn mower mower cliff drop drop-off harvester reaper
2297	0	49165759336	barbershop streetcar tram tramcar trolley trolley car bookshop bookstore bookstall amphibian amphibious vehicle tobacco shop tobacconist shop tobacconist shoe shop shoe-shop shoe store cinema movie theater movie theatre movie house picture palace mobile home manufactured home comic book grocery store grocery food market market
2298	0	49042674122	water bottle crate prison prison house ashcan trash can garbage can wastebin ash bin ash-bin ashbin dustbin trash barrel trash bin grocery store grocery food market market swab swob mop paintbrush sliding door mosque carton
2299	0	48787842447	bicycle-built-for-two tandem bicycle tandem tricycle trike velocipede jinrikisha ricksha rickshaw gas pump gasoline pump petrol pump island dispenser sunglasses dark glasses shades racket racquet unicycle monocycle vacuum vacuum cleaner sunglass stethoscope
2300	0	48199771822	airship dirigible carousel carrousel merry-go-round roundabout whirligig aircraft carrier carrier flattop attack aircraft carrier planetarium rugby ball amphibian amphibious vehicle fountain cinema movie theater movie theatre movie house picture palace drum membranophone tympan recreational vehicle RV R.V.
2301	0	48052019921	chain mail ring mail mail chain armor chain armour ring armor ring armour coil spiral volute whorl helix chain chainlink fence doormat welcome mat jigsaw puzzle hook claw safety pin knot nematode nematode worm roundworm
2302	0	48260358397	marimba xylophone padlock safety pin freight car panpipe pandean pipe syrinx shovel umbrella violin fiddle broom hook claw
2303	0	48090167638	amphibian amphibious vehicle cinema movie theater movie theatre movie house picture palace garbage truck dustcart freight car horse cart horse-cart speedboat fireboat oxcart pickup pickup truck shopping cart
2304	0	48016724232	cinema movie theater movie theatre movie house picture palace chainlink fence barbershop window screen street sign parking meter water tower picket fence paling car mirror moving van
2305	0	47961007232	freight car chainlink fence ashcan trash can garbage can wastebin ash bin ash-bin ashbin dustbin trash barrel trash bin crate cinema movie theater movie theatre movie house picture palace prison prison house moving van worm fence snake fence snake-rail fence Virginia fence street sign mailbox letter box
2306	0	50855858983	barbershop tobacco shop tobacconist shop tobacconist confectionery confectionary candy store grocery store grocery food market market comic book toyshop butcher shop meat market restaurant eating house eating place eatery shoe shop shoe-shop shoe store bakery bakeshop bakehouse
2307	0	51047730686	mobile home manufactured home maypole yurt recreational vehicle RV R.V. pole boathouse totem pole barn scoreboard patio terrace
2308	1	50891281921	prison prison house crate organ pipe organ barn barbershop tobacco shop tobacconist shop tobacconist ashcan trash can garbage can wastebin ash bin ash-bin ashbin dustbin trash barrel trash bin bookshop bookstore bookstall lumbermill sawmill panpipe pandean pipe syrinx
2309	0	50762154892	gas pump gasoline pump petrol pump island dispenser mailbox letter box turnstile padlock ashcan trash can garbage can wastebin ash bin ash-bin ashbin dustbin trash barrel trash bin safe combination lock pay-phone pay-station shopping cart sliding door
2310	0	51147115026	parallel bars bars dumbbell stretcher horizontal bar high bar rugby ball ping-pong ball running shoe backpack back pack knapsack packsack rucksack haversack neck brace basketball
2311	0	50764511457	window screen street sign barbershop cinema movie theater movie theatre movie house picture palace brass memorial tablet plaque bookshop bookstore bookstall jeep landrover television television system minivan restaurant eating house eating place eatery
2312	0	51132405363	shower curtain jigsaw puzzle comic book swimming trunks bathing trunks paintbrush quilt comforter comfort puff coral reef pillow tub vat umbrella
2313	0	51163347159	brass memorial tablet plaque menu envelope handkerchief hankie hanky hankey jean blue jean denim book jacket dust cover dust jacket dust wrapper mailbag postbag nematode nematode worm roundworm doormat welcome mat chainlink fence
2314	0	50965755917	ashcan trash can garbage can wastebin ash bin ash-bin ashbin dustbin trash barrel trash bin mailbox letter box apiary bee house Dutch oven television television system stove mousetrap pot flowerpot rain barrel Crock Pot
2315	0	14903895316	packet plastic bag envelope cash machine cash dispenser automated teller machine automatic teller machine automated teller automatic teller ATM ashcan trash can garbage can wastebin ash bin ash-bin ashbin dustbin trash barrel trash bin mailbox letter box barbershop bookshop bookstore bookstall shower curtain chainlink fence
2316	1	50689230356	sock pajama pyjama pj's jammies washer automatic washer washing machine dishwasher dish washer dishwashing machine hand blower blow dryer blow drier hair dryer hair drier dial telephone dial phone cowboy boot miniskirt mini Christmas stocking cradle
2317	0	36117949656	lakeside lakeshore plastic bag valley vale llama worm fence snake fence snake-rail fence Virginia fence water buffalo water ox Asiatic buffalo Bubalus bubalis cliff drop drop-off oxcart grocery store grocery food market market ox
2318	0	50917960378	potter's wheel tray face powder drum membranophone tympan Petri dish toilet seat strainer waffle iron gong tam-tam dining table board
2319	0	48624696752	balance beam beam lumbermill sawmill cannon rifle hammer revolver six-gun six-shooter parallel bars bars reel ladle bannister banister balustrade balusters handrail
2320	0	40617769723	stage microphone mike electric guitar spotlight spot acoustic guitar sax saxophone projector television television system drumstick cellular telephone cellular phone cellphone cell mobile phone
2321	0	17444087621	bow tie bow-tie bowtie stage theater curtain theatre curtain suit suit of clothes neck brace jean blue jean denim miniskirt mini wig torch shoe shop shoe-shop shoe store
2322	0	51167039465	Labrador retriever golden retriever tennis ball Chesapeake Bay retriever soccer ball croquet ball bull mastiff spatula Brittany spaniel kuvasz
2323	0	51041763603	Loafer sandal clog geta patten sabot running shoe shoe shop shoe-shop shoe store cowboy boot buckle jean blue jean denim holster muzzle
2324	0	50704940048	prison prison house bookshop bookstore bookstall bannister banister balustrade balusters handrail vault bullet train bullet turnstile spotlight spot passenger car coach carriage washer automatic washer washing machine suspension bridge
2325	1	50252951588	brassiere bra bandeau miniskirt mini maillot sunglasses dark glasses shades sunglass wig bikini two-piece pole microphone mike maillot tank suit
2326	0	48250559687	torch rifle plunger plumber's helper assault rifle assault gun jinrikisha ricksha rickshaw steel drum golfcart golf cart street sign unicycle monocycle marimba xylophone
2327	0	48117078202	jigsaw puzzle tile roof window screen doormat welcome mat ballplayer baseball player prayer rug prayer mat prison prison house maze labyrinth dome grocery store grocery food market market
2328	0	51195058879	butcher shop meat market grocery store grocery food market market coho cohoe coho salmon blue jack silver salmon Oncorhynchus kisutch tobacco shop tobacconist shop tobacconist conch packet confectionery confectionary candy store plastic bag wool woolen woollen bakery bakeshop bakehouse
2329	0	51184586367	pool table billiard table snooker table parallel bars bars crib cot shopping basket bucket pail monitor folding chair punching bag punch bag punching ball punchball cradle backpack back pack knapsack packsack rucksack haversack
2330	0	50184622911	lampshade lamp shade bannister banister balustrade balusters handrail laptop laptop computer fire screen fireguard table lamp spotlight spot monitor notebook notebook computer wall clock tripod
2331	1	50937604197	water bottle soap dispenser nipple lotion water jug pill bottle sunscreen sunblock sun blocker syringe saltshaker salt shaker bottlecap
2332	0	49470548453	CD player cellular telephone cellular phone cellphone cell mobile phone loudspeaker speaker speaker unit loudspeaker system speaker system radio wireless notebook notebook computer laptop laptop computer modem projector remote control remote desktop computer
2333	0	43358444641	rubber eraser rubber pencil eraser ballpoint ballpoint pen ballpen Biro whistle pencil sharpener candle taper wax light pencil box pencil case lipstick lip rouge ice lolly lolly lollipop popsicle hair slide lighter light igniter ignitor
2334	0	38715072274	reel hamper tray abacus grocery store grocery food market market marimba xylophone upright upright piano lumbermill sawmill crib cot sombrero
2335	0	30757968941	consomme espresso cup soup bowl coffee mug ladle whiskey jug sax saxophone wooden spoon book jacket dust cover dust jacket dust wrapper
2336	0	16538041801	acoustic guitar clog geta patten sabot combination lock coffee mug lotion violin fiddle sandal gasmask respirator gas helmet ping-pong ball beer glass
2337	0	15319913749	Crock Pot hot pot hotpot stove Dutch oven toaster caldron cauldron coffeepot waffle iron cup frying pan frypan skillet
2338	0	50243905537	ice cream icecream plate ladle burrito soup bowl American lobster Northern lobster Maine lobster Homarus americanus strainer teapot candle taper wax light cup
2339	0	48057369517	pirate pirate ship schooner dock dockage docking facility wreck drilling platform offshore rig liner ocean liner crane pole suspension bridge stupa tope
2340	0	48057241466	lumbermill sawmill cannon crane tile roof thresher thrasher threshing machine wreck radiator tank army tank armored combat vehicle armoured combat vehicle broom trailer truck tractor trailer trucking rig rig articulated lorry semi
2341	0	26772992312	medicine chest medicine cabinet vending machine china cabinet china closet tobacco shop tobacconist shop tobacconist tray safe bookcase refrigerator icebox bookshop bookstore bookstall packet
2342	0	50548240537	alp valley vale cliff drop drop-off dam dike dyke promontory headland head foreland volcano lakeside lakeshore viaduct suspension bridge trailer truck tractor trailer trucking rig rig articulated lorry semi
2343	0	50019417971	steam locomotive half track tractor Model T cannon thresher thrasher threshing machine fire engine fire truck jeep landrover tow truck tow car wrecker lumbermill sawmill
2344	0	50007462811	obelisk flagpole flagstaff triumphal arch pole missile breakwater groin groyne mole bulwark seawall jetty traffic light traffic signal stoplight seashore coast seacoast sea-coast mosque projectile missile
2345	0	43506095152	cinema movie theater movie theatre movie house picture palace palace street sign bell cote bell cot library flagpole flagstaff limousine limo bookshop bookstore bookstall restaurant eating house eating place eatery cab hack taxi taxicab
2346	0	32280797678	desk mouse computer mouse desktop computer computer keyboard keypad screen CRT screen monitor notebook notebook computer printer laptop laptop computer file file cabinet filing cabinet
2347	0	50899930892	wreck dock dockage docking facility crane pirate pirate ship electric locomotive submarine pigboat sub U-boat passenger car coach carriage liner ocean liner schooner aircraft carrier carrier flattop attack aircraft carrier
2348	0	48790975476	pencil sharpener cassette lighter light igniter ignitor iPod hard disc hard disk fixed disk modem loupe jeweler's loupe switch electric switch electrical switch mousetrap tape player
2349	0	28228821701	space shuttle mobile home manufactured home flagpole flagstaff snowplow snowplough tow truck tow car wrecker yurt water tower recreational vehicle RV R.V. trailer truck tractor trailer trucking rig rig articulated lorry semi racer race car racing car
2350	1	51065843798	shoe shop shoe-shop shoe store tobacco shop tobacconist shop tobacconist Loafer gasmask respirator gas helmet wine bottle perfume essence wool woolen woollen clog geta patten sabot suit suit of clothes cowboy boot
2351	1	51052080927	Loafer sock suit suit of clothes crutch miniskirt mini cowboy boot sandal jean blue jean denim trench coat knee pad
2352	0	30888184450	Windsor tie suit suit of clothes oboe hautboy hautbois bassoon bow tie bow-tie bowtie cornet horn trumpet trump military uniform trombone academic gown academic robe judge's robe accordion piano accordion squeeze box
2353	1	38288113442	Band Aid sandal buckle pick plectrum plectron safety pin lighter light igniter ignitor sunglasses dark glasses shades ringneck snake ring-necked snake ring snake thimble walking stick walkingstick stick insect
2354	1	23845262784	pool table billiard table snooker table mosquito net ballplayer baseball player torch punching bag punch bag punching ball punchball go-kart remote control remote knee pad sleeping bag dumbbell
2355	1	40682278711	bow tie bow-tie bowtie book jacket dust cover dust jacket dust wrapper web site website internet site site comic book brass memorial tablet plaque menu envelope jean blue jean denim suit suit of clothes perfume essence
2356	0	13915837865	book jacket dust cover dust jacket dust wrapper menu envelope carton binder ring-binder vase shower curtain tray brass memorial tablet plaque lampshade lamp shade
2357	0	8397050426	buckle bolo tie bolo bola tie bola military uniform book jacket dust cover dust jacket dust wrapper bow tie bow-tie bowtie suit suit of clothes pickelhaube brass memorial tablet plaque comic book envelope
2358	0	49734211816	toyshop hand blower blow dryer blow drier hair dryer hair drier comic book wig can opener tin opener Band Aid face powder power drill teddy teddy bear carton
2359	0	36840081113	bassoon flute transverse flute library oboe hautboy hautbois French horn horn bookshop bookstore bookstall restaurant eating house eating place eatery grand piano grand laptop laptop computer harmonica mouth organ harp mouth harp
2360	1	25112977534	comic book totem pole mask ski mask breastplate aegis egis tripod joystick knee pad book jacket dust cover dust jacket dust wrapper cuirass
2361	0	31148337114	throne safe doormat welcome mat wardrobe closet press studio couch day bed four-poster prayer rug prayer mat theater curtain theatre curtain cinema movie theater movie theatre movie house picture palace cash machine cash dispenser automated teller machine automatic teller machine automated teller automatic teller ATM
2362	0	42262694380	mobile home manufactured home recreational vehicle RV R.V. moving van patio terrace sundial mosque mailbox letter box pole street sign picket fence paling
2363	1	50082496576	studio couch day bed seat belt seatbelt miniskirt mini sleeping bag Band Aid suit suit of clothes remote control remote mouse computer mouse Loafer notebook notebook computer
2364	0	9200952203	studio couch day bed window shade quilt comforter comfort puff table lamp home theater home theatre wall clock pillow lampshade lamp shade velvet shoji
2365	1	50369913878	cellular telephone cellular phone cellphone cell mobile phone backpack back pack knapsack packsack rucksack haversack minibus jean blue jean denim passenger car coach carriage miniskirt mini minivan seat belt seatbelt jersey T-shirt tee shirt sunglass
2366	0	6090081201	folding chair marimba xylophone stretcher shoe shop shoe-shop shoe store restaurant eating house eating place eatery solar dish solar collector solar furnace cinema movie theater movie theatre movie house picture palace library sunglasses dark glasses shades dining table board
2367	0	47601002842	red wine purse plate wine bottle tray ice cream icecream brassiere bra bandeau shopping basket strawberry velvet
2368	0	14859071912	pole birdhouse totem pole mailbox letter box pedestal plinth footstall street sign nail mushroom megalith megalithic structure gas pump gasoline pump petrol pump island dispenser
2369	0	14758570643	flagpole flagstaff cinema movie theater movie theatre movie house picture palace pole water tower trailer truck tractor trailer trucking rig rig articulated lorry semi rocking chair rocker restaurant eating house eating place eatery traffic light traffic signal stoplight barbershop scoreboard
2370	0	24093863017	schipperke flat-coated retriever Labrador retriever Border collie groenendael pug pug-dog Scotch terrier Scottish terrier Scottie guinea pig Cavia cobaya bib soup bowl
2371	0	25911929585	comic book book jacket dust cover dust jacket dust wrapper tobacco shop tobacconist shop tobacconist tray barbershop coffee mug bottlecap cinema movie theater movie theatre movie house picture palace doormat welcome mat menu
2372	0	51113394737	traffic light traffic signal stoplight window shade bannister banister balustrade balusters handrail barbershop cash machine cash dispenser automated teller machine automatic teller machine automated teller automatic teller ATM scoreboard parachute chute flagpole flagstaff park bench balloon
2373	1	36616006902	dumbbell knee pad assault rifle assault gun revolver six-gun six-shooter ballplayer baseball player rifle bathing cap swimming cap swimming trunks bathing trunks racket racquet power drill
2374	0	23921700517	school bus passenger car coach carriage minibus trolleybus trolley coach trackless trolley cab hack taxi taxicab traffic light traffic signal stoplight recreational vehicle RV R.V. moving van streetcar tram tramcar trolley trolley car tow truck tow car wrecker
2375	0	29407501332	American alligator Alligator mississipiensis American egret great white heron Egretta albus lakeside lakeshore boathouse beaver limpkin Aramus pictus spider web spider's web water snake terrapin little blue heron Egretta caerulea
2376	0	44274125695	geyser fireboat lakeside lakeshore fountain dam dike dyke volcano steam locomotive paddlewheel paddle wheel coho cohoe coho salmon blue jack silver salmon Oncorhynchus kisutch valley vale
2377	0	19897837066	hand blower blow dryer blow drier hair dryer hair drier pill bottle lotion face powder hair spray lipstick lip rouge dumbbell toaster loudspeaker speaker speaker unit loudspeaker system speaker system spatula
2378	1	18581987651	potter's wheel shower cap dumbbell bathing cap swimming cap barbell neck brace stretcher swimming trunks bathing trunks plunger plumber's helper cowboy hat ten-gallon hat
2379	0	15797667105	hay megalith megalithic structure barn radio telescope radio reflector worm fence snake fence snake-rail fence Virginia fence rapeseed viaduct wombat stone wall African elephant Loxodonta africana
2380	0	11588879253	impala Aepyceros melampus gazelle wallaby brush kangaroo hartebeest dhole Cuon alpinus red wolf maned wolf Canis rufus Canis niger dingo warrigal warragal Canis dingo coyote prairie wolf brush wolf Canis latrans cougar puma catamount mountain lion painter panther Felis concolor grey fox gray fox Urocyon cinereoargenteus
2381	0	30318696051	rhinoceros beetle thunder snake worm snake Carphophis amoenus stinkhorn carrion fungus centipede ground beetle carabid beetle ringneck snake ring-necked snake ring snake garter snake grass snake dung beetle fiddler crab slug
2382	0	6170070282	brassiere bra bandeau bikini two-piece perfume essence hair spray lipstick lip rouge dumbbell ice lolly lolly lollipop popsicle microphone mike hoopskirt crinoline bow tie bow-tie bowtie
2383	0	39610008082	palace monastery library cinema movie theater movie theatre movie house picture palace castle triumphal arch vault gondola bell cote bell cot church church building
2384	0	28911650997	toyshop comic book shoe shop shoe-shop shoe store bib pajama pyjama pj's jammies Christmas stocking rocking chair rocker accordion piano accordion squeeze box tray library
2385	0	41648818952	carousel carrousel merry-go-round roundabout whirligig pole restaurant eating house eating place eatery cinema movie theater movie theatre movie house picture palace streetcar tram tramcar trolley trolley car barbershop palace library bookshop bookstore bookstall flagpole flagstaff
2386	1	50984523013	maillot tank suit maillot balance beam beam spatula hatchet velvet paintbrush sock shovel stage
2387	0	37362390840	desk notebook notebook computer groom bridegroom suit suit of clothes library file file cabinet filing cabinet mortarboard academic gown academic robe judge's robe monitor binder ring-binder
2388	1	22786727853	wig miniskirt mini brassiere bra bandeau bow tie bow-tie bowtie hair spray power drill maillot hand blower blow dryer blow drier hair dryer hair drier lipstick lip rouge mask
2389	0	49585502541	matchstick nematode nematode worm roundworm digital clock spotlight spot microphone mike hourglass lighter light igniter ignitor tennis ball corkscrew bottle screw analog clock
2390	1	27720400998	bikini two-piece maillot miniskirt mini brassiere bra bandeau maillot tank suit tripod pole cloak fur coat sunglass
2391	1	34904250454	miniskirt mini wig hoopskirt crinoline feather boa boa overskirt mask fur coat hair spray knee pad gasmask respirator gas helmet
2392	0	39645760125	bathing cap swimming cap football helmet comic book crash helmet balloon ski mask web site website internet site site binoculars field glasses opera glasses mask pay-phone pay-station
2393	1	24942242675	gown jean blue jean denim maillot miniskirt mini maillot tank suit sunglasses dark glasses shades stole wig feather boa boa balance beam beam
2394	0	8158636035	restaurant eating house eating place eatery cinema movie theater movie theatre movie house picture palace stage projector loudspeaker speaker speaker unit loudspeaker system speaker system library bassoon grand piano grand oboe hautboy hautbois shoe shop shoe-shop shoe store
2395	0	29358383108	comic book football helmet ballplayer baseball player knee pad soccer ball puck hockey puck parachute chute crash helmet toyshop golfcart golf cart
2396	0	50740989616	cliff drop drop-off volcano hen-of-the-woods hen of the woods Polyporus frondosus Grifola frondosa weasel nail water ouzel dipper ant emmet pismire redshank Tringa totanus mink alp
2397	0	50627518747	walking stick walkingstick stick insect mantis mantid whiptail whiptail lizard tailed frog bell toad ribbed toad tailed toad Ascaphus trui African chameleon Chamaeleo chamaeleon alligator lizard common newt Triturus vulgaris thunder snake worm snake Carphophis amoenus fiddler crab vine snake
2398	0	48264327061	minivan police van police wagon paddy wagon patrol wagon wagon black Maria minibus sports car sport car passenger car coach carriage beach wagon station wagon wagon estate car beach waggon station waggon waggon recreational vehicle RV R.V. ambulance convertible racer race car racing car
2399	0	49204585282	cab hack taxi taxicab harvester reaper lawn mower mower tow truck tow car wrecker racer race car racing car amphibian amphibious vehicle sports car sport car car wheel stretcher half track
2400	0	29613602463	wing warplane military plane airliner airship dirigible missile projectile missile parachute chute space shuttle hammerhead hammerhead shark envelope
2401	0	15647904441	racer race car racing car jeep landrover sports car sport car car wheel pickup pickup truck beach wagon station wagon wagon estate car beach waggon station waggon waggon grille radiator grille passenger car coach carriage ambulance cab hack taxi taxicab
2402	0	19155284135	theater curtain theatre curtain torch fur coat stage bassoon hair spray wig harp oboe hautboy hautbois cinema movie theater movie theatre movie house picture palace
2403	1	21244858743	syringe Band Aid lighter light igniter ignitor lipstick lip rouge ice lolly lolly lollipop popsicle screwdriver red wine candle taper wax light paintbrush Petri dish
2404	0	32624992910	crossword puzzle crossword ballpoint ballpoint pen ballpen Biro notebook notebook computer stethoscope mouse computer mouse desk lab coat laboratory coat quill quill pen rule ruler plate
2405	0	14021304618	stove fire screen fireguard space heater rotisserie microwave microwave oven Dutch oven Crock Pot caldron cauldron frying pan frypan skillet chiffonier commode
2406	0	22137375535	stethoscope washbasin handbasin washbowl lavabo wash-hand basin corkscrew bottle screw coffeepot soap dispenser cornet horn trumpet trump hourglass espresso maker wine bottle coil spiral volute whorl helix
2407	0	6455257753	shoe shop shoe-shop shoe store rocking chair rocker throne barber chair iron smoothing iron comic book barbershop wardrobe closet press altar toyshop
2408	0	27437694011	patio terrace dining table board restaurant eating house eating place eatery rocking chair rocker china cabinet china closet folding chair table lamp sliding door sewing machine cowboy hat ten-gallon hat
2409	0	32274100885	groom bridegroom academic gown academic robe judge's robe mortarboard panpipe pandean pipe syrinx flute transverse flute hair spray bow tie bow-tie bowtie kimono military uniform maypole
2410	0	47042061222	dam dike dyke valley vale breakwater groin groyne mole bulwark seawall jetty promontory headland head foreland cliff drop drop-off lakeside lakeshore suspension bridge alp tub vat castle
2411	0	19894121226	crossword puzzle crossword flagpole flagstaff obelisk cinema movie theater movie theatre movie house picture palace pole water tower analog clock bell cote bell cot pillow totem pole
2412	0	48069134938	pole flagpole flagstaff crane totem pole traffic light traffic signal stoplight pirate pirate ship bow mobile home manufactured home lakeside lakeshore ambulance
2413	0	47951758507	go-kart unicycle monocycle moped mobile home manufactured home tricycle trike velocipede golfcart golf cart motor scooter scooter tractor trailer truck tractor trailer trucking rig rig articulated lorry semi crash helmet
2414	0	23538371048	apiary bee house alp monitor greenhouse nursery glasshouse refrigerator icebox mobile home manufactured home honeycomb screen CRT screen bookshop bookstore bookstall printer
2415	0	35161355112	fiddler crab ringneck snake ring-necked snake ring snake thunder snake worm snake Carphophis amoenus mud turtle dung beetle hognose snake puff adder sand viper garter snake grass snake terrapin alligator lizard crayfish crawfish crawdad crawdaddy
2416	0	35161352062	dung beetle ant emmet pismire nail diamondback diamondback rattlesnake Crotalus adamanteus wolf spider hunting spider hognose snake puff adder sand viper honeycomb sidewinder horned rattlesnake Crotalus cerastes rock crab Cancer irroratus syringe
2417	0	38707505791	jeep landrover minibus beach wagon station wagon wagon estate car beach waggon station waggon waggon minivan golfcart golf cart tractor snowplow snowplough pickup pickup truck racer race car racing car half track
2418	0	28219272602	valley vale lakeside lakeshore cliff drop drop-off stone wall coral reef maze labyrinth head cabbage sandbar sand bar alp dam dike dyke
2419	0	8152080643	sandbar sand bar seashore coast seacoast sea-coast promontory headland head foreland cliff drop drop-off lakeside lakeshore wreck volcano valley vale alp geyser
2420	0	6097161742	dam dike dyke canoe lakeside lakeshore boathouse submarine pigboat sub U-boat paddlewheel paddle wheel paddle boat paddle amphibian amphibious vehicle pole park bench
2421	0	33596873930	warplane military plane wing aircraft carrier carrier flattop attack aircraft carrier airliner ambulance half track radio wireless tank army tank armored combat vehicle armoured combat vehicle hummingbird traffic light traffic signal stoplight
2422	0	50661665398	water bottle cleaver meat cleaver chopper plastic bag oil filter ice lolly lolly lollipop popsicle water jug paper towel cocktail shaker sunscreen sunblock sun blocker power drill
2423	0	23000167001	plastic bag umbrella breakwater groin groyne mole bulwark seawall jetty conch garbage truck dustcart stone wall lakeside lakeshore ashcan trash can garbage can wastebin ash bin ash-bin ashbin dustbin trash barrel trash bin mountain tent shoe shop shoe-shop shoe store
2424	0	35179655760	barber chair potter's wheel toilet seat upright upright piano photocopier refrigerator icebox barbershop web site website internet site site printer file file cabinet filing cabinet
2425	0	48868895093	fountain balloon jellyfish drilling platform offshore rig volcano parachute chute wing pole seashore coast seacoast sea-coast geyser
2426	1	46764768842	violin fiddle spotlight spot shower curtain bow parachute chute revolver six-gun six-shooter hand blower blow dryer blow drier hair dryer hair drier balloon electric guitar power drill
2427	0	50613311006	military uniform pickelhaube bearskin busby shako assault rifle assault gun rifle crash helmet bulletproof vest shield buckler unicycle monocycle cannon
2428	0	49906663211	assault rifle assault gun rifle military uniform bulletproof vest revolver six-gun six-shooter tripod bow holster projectile missile binoculars field glasses opera glasses
2429	0	49620281217	syringe jean blue jean denim buckle miniskirt mini dragonfly darning needle devil's darning needle sewing needle snake feeder snake doctor mosquito hawk skeeter hawk pick plectrum plectron fountain pen chain mail ring mail mail chain armor chain armour ring armor ring armour walking stick walkingstick stick insect thimble
2430	0	49145603533	dome palace mosque monastery stupa tope church church building cab hack taxi taxicab obelisk planetarium pedestal plinth footstall
2431	0	36697004196	mobile home manufactured home apiary bee house lumbermill sawmill wreck patio terrace boathouse beacon lighthouse beacon light pharos honeycomb greenhouse nursery glasshouse picket fence paling
2432	0	41524421231	police van police wagon paddy wagon patrol wagon wagon black Maria ambulance cab hack taxi taxicab minibus racer race car racing car minivan beach wagon station wagon wagon estate car beach waggon station waggon waggon passenger car coach carriage car wheel sports car sport car
2433	0	17837847982	police van police wagon paddy wagon patrol wagon wagon black Maria ambulance jeep landrover cab hack taxi taxicab pickup pickup truck minivan tow truck tow car wrecker limousine limo car wheel garbage truck dustcart
2434	1	35614761814	maillot maillot tank suit bathing cap swimming cap bikini two-piece miniskirt mini swimming trunks bathing trunks cannon sunglass military uniform rifle
2435	0	49791318966	cab hack taxi taxicab minivan police van police wagon paddy wagon patrol wagon wagon black Maria tow truck tow car wrecker minibus school bus beach wagon station wagon wagon estate car beach waggon station waggon waggon garbage truck dustcart forklift moving van
2436	0	47810527051	military uniform rifle bearskin busby shako pickelhaube assault rifle assault gun projectile missile flagpole flagstaff bulletproof vest missile bow tie bow-tie bowtie
2437	0	32866901527	military uniform mortarboard bearskin busby shako flagpole flagstaff academic gown academic robe judge's robe altar rifle pinwheel pot flowerpot toyshop
2438	0	39979360500	stethoscope bolo tie bolo bola tie bola mortarboard trench coat oboe hautboy hautbois suit suit of clothes bassoon lab coat laboratory coat crutch academic gown academic robe judge's robe
2439	0	25322626118	jigsaw puzzle maze labyrinth manhole cover nematode nematode worm roundworm envelope handkerchief hankie hanky hankey puck hockey puck crossword puzzle crossword pillow screw
2440	0	25051000118	police van police wagon paddy wagon patrol wagon wagon black Maria minivan ambulance minibus recreational vehicle RV R.V. moving van limousine limo beach wagon station wagon wagon estate car beach waggon station waggon waggon pickup pickup truck jeep landrover
2441	0	32151619921	bulletproof vest bathing cap swimming cap whistle assault rifle assault gun gasmask respirator gas helmet sunglass snorkel jean blue jean denim torch crash helmet
2442	0	30734328731	police van police wagon paddy wagon patrol wagon wagon black Maria minivan racer race car racing car minibus car wheel sports car sport car ambulance passenger car coach carriage cab hack taxi taxicab beach wagon station wagon wagon estate car beach waggon station waggon waggon
2443	0	32686069485	police van police wagon paddy wagon patrol wagon wagon black Maria recreational vehicle RV R.V. garbage truck dustcart moving van ambulance minivan minibus photocopier mobile home manufactured home trailer truck tractor trailer trucking rig rig articulated lorry semi
2444	0	29383856283	gasmask respirator gas helmet oxygen mask crash helmet football helmet bulletproof vest knee pad scuba diver military uniform assault rifle assault gun breastplate aegis egis
2445	0	23652384926	academic gown academic robe judge's robe mortarboard suit suit of clothes bow tie bow-tie bowtie groom bridegroom limousine limo torch Windsor tie prison prison house cash machine cash dispenser automated teller machine automatic teller machine automated teller automatic teller ATM
2446	1	28743761965	menu binder ring-binder envelope fountain pen slide rule slipstick ballpoint ballpoint pen ballpen Biro quill quill pen web site website internet site site oboe hautboy hautbois abacus
2447	0	26492601002	menu hard disc hard disk fixed disk crossword puzzle crossword comic book pill bottle cinema movie theater movie theatre movie house picture palace packet brass memorial tablet plaque carton oil filter
2448	1	26037674190	military uniform rifle bulletproof vest drumstick accordion piano accordion squeeze box assault rifle assault gun revolver six-gun six-shooter pickelhaube sax saxophone tank army tank armored combat vehicle armoured combat vehicle
2449	0	16794171943	military uniform bearskin busby shako ballplayer baseball player pickelhaube rifle flute transverse flute cowboy hat ten-gallon hat bulletproof vest bow tie bow-tie bowtie accordion piano accordion squeeze box
2450	0	16539871924	broccoli plate cucumber cuke tray mashed potato cauliflower meat loaf meatloaf head cabbage wok guacamole
2451	0	15623040234	minibus moving van recreational vehicle RV R.V. minivan ambulance beach wagon station wagon wagon estate car beach waggon station waggon waggon limousine limo police van police wagon paddy wagon patrol wagon wagon black Maria photocopier garbage truck dustcart
2452	0	15376551010	grocery store grocery food market market bow tie bow-tie bowtie cornet horn trumpet trump torch ocarina sweet potato bathing cap swimming cap turnstile whistle military uniform unicycle monocycle
2453	0	49858260683	suit suit of clothes Windsor tie groom bridegroom bow tie bow-tie bowtie Loafer bolo tie bolo bola tie bola notebook notebook computer bassoon oboe hautboy hautbois banjo
2454	0	49117857003	shower curtain four-poster yurt wardrobe closet press theater curtain theatre curtain fire screen fireguard cinema movie theater movie theatre movie house picture palace upright upright piano barbershop stage
2455	0	34648393603	stage theater curtain theatre curtain flute transverse flute electric guitar acoustic guitar pool table billiard table snooker table stretcher cello violoncello cornet horn trumpet trump television television system
2456	0	15066383696	mountain bike all-terrain bike off-roader disk brake disc brake bicycle-built-for-two tandem bicycle tandem jinrikisha ricksha rickshaw tricycle trike velocipede car wheel moped parking meter cab hack taxi taxicab tripod
2457	0	42027659455	fire screen fireguard organ pipe organ bannister banister balustrade balusters handrail throne corkscrew bottle screw lampshade lamp shade altar fountain hourglass four-poster
2458	0	42027651585	prison prison house chain bannister banister balustrade balusters handrail window shade padlock hook claw coil spiral volute whorl helix abacus chainlink fence sliding door
2459	0	42929610951	reflex camera stopwatch stop watch dial telephone dial phone sewing machine binoculars field glasses opera glasses analog clock digital watch rifle whistle tripod
2460	0	33619312914	restaurant eating house eating place eatery dining table board altar table lamp patio terrace library lampshade lamp shade park bench candle taper wax light china cabinet china closet
2461	0	50309472036	studio couch day bed home theater home theatre rocking chair rocker quilt comforter comfort puff velvet throne barber chair pillow mailbag postbag window shade
2462	0	40427620783	bow tie bow-tie bowtie comic book toyshop maillot mask cloak feather boa boa gown Windsor tie suit suit of clothes
2463	0	35454448805	pot flowerpot vase mortar pedestal plinth footstall sundial daisy fountain greenhouse nursery glasshouse broccoli cup
2464	0	45690386554	butternut squash mortar ping-pong ball pot flowerpot earthstar broccoli cauliflower lotion balloon daisy
2465	0	32538964116	grey whale gray whale devilfish Eschrichtius gibbosus Eschrichtius robustus lakeside lakeshore snorkel seashore coast seacoast sea-coast scuba diver dugong Dugong dugon wreck sandbar sand bar promontory headland head foreland coral reef
2466	0	16877461079	speedboat geyser fireboat seashore coast seacoast sea-coast amphibian amphibious vehicle lakeside lakeshore palace lifeboat dam dike dyke paddlewheel paddle wheel
2467	0	49615270212	military uniform trench coat bearskin busby shako suit suit of clothes bulletproof vest bolo tie bolo bola tie bola rifle Windsor tie projectile missile stethoscope
2468	0	33918476704	unicycle monocycle spotlight spot cab hack taxi taxicab moped lawn mower mower mountain bike all-terrain bike off-roader fire engine fire truck tricycle trike velocipede garbage truck dustcart harvester reaper
2469	0	45856036634	menu envelope binder ring-binder web site website internet site site rule ruler crossword puzzle crossword oscilloscope scope cathode-ray oscilloscope CRO monitor book jacket dust cover dust jacket dust wrapper slide rule slipstick
2470	0	17075214437	park bench freight car chainlink fence fire screen fireguard ashcan trash can garbage can wastebin ash bin ash-bin ashbin dustbin trash barrel trash bin padlock bannister banister balustrade balusters handrail doormat welcome mat hook claw mailbox letter box
2471	0	14807760300	leaf beetle chrysomelid fig acorn buckeye horse chestnut conker zucchini courgette acorn squash tick lycaenid lycaenid butterfly ladybug ladybeetle lady beetle ladybird ladybird beetle cucumber cuke
2472	0	40239570905	plow plough coil spiral volute whorl helix pot flowerpot umbrella turnstile barrow garden cart lawn cart wheelbarrow shovel pinwheel worm fence snake fence snake-rail fence Virginia fence bannister banister balustrade balusters handrail
2473	1	33707493873	guacamole broccoli cucumber cuke cauliflower head cabbage meat loaf meatloaf mortar tray mashed potato plate
2474	0	14329783508	washbasin handbasin washbowl lavabo wash-hand basin mouse computer mouse stethoscope CD player soap dispenser wok candle taper wax light tub vat stove bathtub bathing tub bath tub
2475	1	15863172069	pajama pyjama pj's jammies sleeping bag barbershop mosquito net stretcher barber chair studio couch day bed stethoscope gown quilt comforter comfort puff
2476	0	34482768061	dining table board plate tray grocery store grocery food market market altar hamper hot pot hotpot restaurant eating house eating place eatery wok cucumber cuke
2477	0	39672766224	sliding door window screen tricycle trike velocipede moped bicycle-built-for-two tandem bicycle tandem unicycle monocycle Model T window shade mountain bike all-terrain bike off-roader rocking chair rocker
2478	0	51030179052	switch electric switch electrical switch soap dispenser combination lock medicine chest medicine cabinet washbasin handbasin washbowl lavabo wash-hand basin hook claw toilet tissue toilet paper bathroom tissue toilet seat paper towel shower curtain
2479	0	50832024213	pool table billiard table snooker table desk lumbermill sawmill grocery store grocery food market market crate chest projector stretcher printer photocopier
2480	0	36928773043	medicine chest medicine cabinet refrigerator icebox rotisserie switch electric switch electrical switch traffic light traffic signal stoplight spotlight spot hook claw sliding door safe wardrobe closet press
2481	0	10798324736	entertainment center television television system bookcase desk home theater home theatre dining table board file file cabinet filing cabinet window shade wardrobe closet press punching bag punch bag punching ball punchball
2482	0	45989045991	mailbox letter box vending machine bulletproof vest cash machine cash dispenser automated teller machine automatic teller machine automated teller automatic teller ATM parking meter ashcan trash can garbage can wastebin ash bin ash-bin ashbin dustbin trash barrel trash bin military uniform gas pump gasoline pump petrol pump island dispenser pay-phone pay-station refrigerator icebox
2483	0	30467781680	military uniform assault rifle assault gun bulletproof vest oxygen mask rifle stretcher gasmask respirator gas helmet mountain bike all-terrain bike off-roader holster knee pad
2484	0	20065068550	marimba xylophone projector French horn horn laptop laptop computer microphone mike military uniform oboe hautboy hautbois sax saxophone steel drum bassoon
2485	0	17887923060	bulletproof vest sweatshirt military uniform ski mask mask sunglass sunglasses dark glasses shades bathing cap swimming cap cloak abaya
2486	0	17238207331	bow tie bow-tie bowtie sunglass sunglasses dark glasses shades bulletproof vest military uniform Windsor tie cloak trench coat plunger plumber's helper suit suit of clothes
2487	0	21154318213	binoculars field glasses opera glasses radio telescope radio reflector tripod microphone mike spotlight spot torch traffic light traffic signal stoplight parking meter volcano picket fence paling
2488	0	33813655552	valley vale water ouzel dipper cliff drop drop-off rock crab Cancer irroratus fountain alp spider web spider's web platypus duckbill duckbilled platypus duck-billed platypus Ornithorhynchus anatinus dam dike dyke geyser
2489	0	31883923748	jigsaw puzzle envelope tray pillow maze labyrinth handkerchief hankie hanky hankey rubber eraser rubber pencil eraser binder ring-binder spider web spider's web quilt comforter comfort puff
2490	0	27584842094	greenhouse nursery glasshouse grocery store grocery food market market vault banana corn military uniform artichoke globe artichoke scale weighing machine head cabbage restaurant eating house eating place eatery
2491	0	6271967492	street sign barbershop tobacco shop tobacconist shop tobacconist mailbox letter box cash machine cash dispenser automated teller machine automatic teller machine automated teller automatic teller ATM gas pump gasoline pump petrol pump island dispenser ashcan trash can garbage can wastebin ash bin ash-bin ashbin dustbin trash barrel trash bin parking meter pay-phone pay-station cab hack taxi taxicab
2492	1	49465318322	miniskirt mini maillot amphibian amphibious vehicle maillot tank suit minivan bikini two-piece tub vat limousine limo beach wagon station wagon wagon estate car beach waggon station waggon waggon jeep landrover
2493	0	6858739752	military uniform bulletproof vest ambulance stretcher bearskin busby shako knee pad pickelhaube trench coat crash helmet assault rifle assault gun
2494	1	26175687188	bulletproof vest bearskin busby shako military uniform rifle backpack back pack knapsack packsack rucksack haversack assault rifle assault gun tripod crutch bassoon holster
2495	0	17010315722	spindle flute transverse flute oboe hautboy hautbois bow tie bow-tie bowtie drumstick crutch wool woolen woollen mitten letter opener paper knife paperknife swab swob mop
2496	0	26098525778	prison prison house turnstile sliding door carousel carrousel merry-go-round roundabout whirligig West Highland white terrier shoji forklift swab swob mop abaya komondor
2497	0	51165677529	shower curtain handkerchief hankie hanky hankey washbasin handbasin washbowl lavabo wash-hand basin book jacket dust cover dust jacket dust wrapper vault tray triumphal arch comic book jersey T-shirt tee shirt bathtub bathing tub bath tub
2498	0	51145453035	breastplate aegis egis cuirass trilobite fur coat mask velvet chiton coat-of-mail shell sea cradle polyplacophore vase nematode nematode worm roundworm bell pepper
2499	0	49918540052	mask bow tie bow-tie bowtie pinwheel jigsaw puzzle pillow pick plectrum plectron bathing cap swimming cap umbrella tray ski mask
2500	0	49589215408	mask puck hockey puck ski mask comic book shield buckler envelope mailbox letter box ashcan trash can garbage can wastebin ash bin ash-bin ashbin dustbin trash barrel trash bin parking meter book jacket dust cover dust jacket dust wrapper
2501	0	48687803213	freight car cinema movie theater movie theatre movie house picture palace fire screen fireguard vending machine garbage truck dustcart recreational vehicle RV R.V. ashcan trash can garbage can wastebin ash bin ash-bin ashbin dustbin trash barrel trash bin barbershop crate mobile home manufactured home
2502	0	30307648047	padlock toilet tissue toilet paper bathroom tissue paper towel switch electric switch electrical switch hook claw rubber eraser rubber pencil eraser nail mailbox letter box safety pin paintbrush
2503	0	35734593361	vending machine ashcan trash can garbage can wastebin ash bin ash-bin ashbin dustbin trash barrel trash bin mailbox letter box packet bookshop bookstore bookstall pay-phone pay-station cash machine cash dispenser automated teller machine automatic teller machine automated teller automatic teller ATM comic book parking meter confectionery confectionary candy store
2504	0	29580234851	sombrero doormat welcome mat throne folding chair mitten hay ski mask great grey owl great gray owl Strix nebulosa mask umbrella
2505	0	28309674090	book jacket dust cover dust jacket dust wrapper lab coat laboratory coat comic book bookshop bookstore bookstall cassette envelope ski mask bow tie bow-tie bowtie gasmask respirator gas helmet crate
2506	0	16581390998	padlock cinema movie theater movie theatre movie house picture palace fire screen fireguard freight car toyshop sliding door crate shower curtain barbershop jigsaw puzzle
2507	0	14111114975	triceratops brassiere bra bandeau swab swob mop mask boa constrictor Constrictor constrictor book jacket dust cover dust jacket dust wrapper throne vestment kimono rock python rock snake Python sebae
2508	0	6806533055	book jacket dust cover dust jacket dust wrapper comic book bookshop bookstore bookstall tobacco shop tobacconist shop tobacconist scoreboard crate street sign tank army tank armored combat vehicle armoured combat vehicle prison prison house balance beam beam
2509	0	5802506258	coffee mug ashcan trash can garbage can wastebin ash bin ash-bin ashbin dustbin trash barrel trash bin punching bag punch bag punching ball punchball bucket pail wine bottle red wine cocktail shaker water bottle water jug mailbox letter box
2510	0	50814477123	hair spray tub vat jersey T-shirt tee shirt bathtub bathing tub bath tub plunger plumber's helper stage book jacket dust cover dust jacket dust wrapper umbrella shower curtain hammer
2511	0	47952854362	indri indris Indri indri Indri brevicaudatus teddy teddy bear bluetick koala koala bear kangaroo bear native bear Phascolarctos cinereus loupe jeweler's loupe electric fan blower screw coil spiral volute whorl helix Madagascar cat ring-tailed lemur Lemur catta banded gecko
2512	0	30631520877	street sign analog clock refrigerator icebox mailbox letter box traffic light traffic signal stoplight pay-phone pay-station gas pump gasoline pump petrol pump island dispenser parking meter mousetrap file file cabinet filing cabinet
2513	0	37003701092	coffee mug comic book confectionery confectionary candy store fire screen fireguard street sign ashcan trash can garbage can wastebin ash bin ash-bin ashbin dustbin trash barrel trash bin doormat welcome mat freight car wallet billfold notecase pocketbook laptop laptop computer
2514	0	38521751501	barn boathouse church church building worm fence snake fence snake-rail fence Virginia fence solar dish solar collector solar furnace mobile home manufactured home lumbermill sawmill greenhouse nursery glasshouse bell cote bell cot window screen
2515	0	37021123016	tractor jigsaw puzzle lumbermill sawmill thresher thrasher threshing machine barrel cask Model T harvester reaper forklift fire screen fireguard barn
2516	0	34921891075	park bench totem pole confectionery confectionary candy store shopping cart grocery store grocery food market market ashcan trash can garbage can wastebin ash bin ash-bin ashbin dustbin trash barrel trash bin bobsled bobsleigh bob clog geta patten sabot amphibian amphibious vehicle carousel carrousel merry-go-round roundabout whirligig
2517	0	33086075066	freight car swimming trunks bathing trunks ashcan trash can garbage can wastebin ash bin ash-bin ashbin dustbin trash barrel trash bin recreational vehicle RV R.V. diaper nappy napkin worm fence snake fence snake-rail fence Virginia fence jigsaw puzzle carousel carrousel merry-go-round roundabout whirligig bathing cap swimming cap totem pole
2518	0	28915046662	comic book jigsaw puzzle toyshop freight car book jacket dust cover dust jacket dust wrapper laptop laptop computer cassette bookshop bookstore bookstall binder ring-binder cinema movie theater movie theatre movie house picture palace
2519	0	16946639540	ashcan trash can garbage can wastebin ash bin ash-bin ashbin dustbin trash barrel trash bin paintbrush pencil box pencil case tub vat canoe safety pin wallet billfold notecase pocketbook hair slide racer race car racing car mousetrap
2520	0	14305827957	jigsaw puzzle barrow garden cart lawn cart wheelbarrow shovel ski seashore coast seacoast sea-coast alp ashcan trash can garbage can wastebin ash bin ash-bin ashbin dustbin trash barrel trash bin stupa tope lakeside lakeshore maze labyrinth
2521	0	20046469344	freight car barbershop chainlink fence ashcan trash can garbage can wastebin ash bin ash-bin ashbin dustbin trash barrel trash bin patio terrace amphibian amphibious vehicle tile roof bobsled bobsleigh bob park bench carousel carrousel merry-go-round roundabout whirligig
2522	0	17035010654	freight car cinema movie theater movie theatre movie house picture palace barbershop crate tobacco shop tobacconist shop tobacconist stage bakery bakeshop bakehouse street sign shopping cart theater curtain theatre curtain
2523	0	14771436483	cinema movie theater movie theatre movie house picture palace tobacco shop tobacconist shop tobacconist barbershop slot one-armed bandit restaurant eating house eating place eatery scoreboard bakery bakeshop bakehouse shoe shop shoe-shop shoe store butcher shop meat market comic book
2524	0	8641534667	freight car cinema movie theater movie theatre movie house picture palace garbage truck dustcart moving van barbershop crate trailer truck tractor trailer trucking rig rig articulated lorry semi amphibian amphibious vehicle street sign ashcan trash can garbage can wastebin ash bin ash-bin ashbin dustbin trash barrel trash bin
2525	0	13982771297	theater curtain theatre curtain stage mortarboard cinema movie theater movie theatre movie house picture palace bassoon academic gown academic robe judge's robe oboe hautboy hautbois laptop laptop computer loudspeaker speaker speaker unit loudspeaker system speaker system folding chair
2526	0	8435682239	envelope comic book jersey T-shirt tee shirt rubber eraser rubber pencil eraser hook claw web site website internet site site bib book jacket dust cover dust jacket dust wrapper paper towel nematode nematode worm roundworm
2527	0	47574095721	revolver six-gun six-shooter suit suit of clothes groom bridegroom bow tie bow-tie bowtie Loafer rifle Windsor tie military uniform bassoon assault rifle assault gun
2528	0	49916936786	military uniform tobacco shop tobacconist shop tobacconist abaya rifle cash machine cash dispenser automated teller machine automatic teller machine automated teller automatic teller ATM assault rifle assault gun turnstile gas pump gasoline pump petrol pump island dispenser barbershop cinema movie theater movie theatre movie house picture palace
2529	0	49505775648	barbershop cinema movie theater movie theatre movie house picture palace restaurant eating house eating place eatery bakery bakeshop bakehouse barber chair sliding door tobacco shop tobacconist shop tobacconist medicine chest medicine cabinet shoe shop shoe-shop shoe store bookshop bookstore bookstall
2530	1	36411311876	barrow garden cart lawn cart wheelbarrow shovel thatch thatched roof hay tub vat barn bucket pail broom swab swob mop lumbermill sawmill
2531	0	49610452992	fur coat book jacket dust cover dust jacket dust wrapper comic book siamang Hylobates syndactylus Symphalangus syndactylus gibbon Hylobates lar chimpanzee chimp Pan troglodytes web site website internet site site bearskin busby shako gorilla Gorilla gorilla Tibetan mastiff
2532	0	50168147796	jigsaw puzzle dam dike dyke breakwater groin groyne mole bulwark seawall jetty honeycomb sundial ashcan trash can garbage can wastebin ash bin ash-bin ashbin dustbin trash barrel trash bin solar dish solar collector solar furnace brass memorial tablet plaque monitor aircraft carrier carrier flattop attack aircraft carrier
2533	0	18986718863	lycaenid lycaenid butterfly ringlet ringlet butterfly admiral sulphur butterfly sulfur butterfly cabbage butterfly lacewing lacewing fly leaf beetle chrysomelid leafhopper monarch monarch butterfly milkweed butterfly Danaus plexippus tick
2534	0	31666243550	monitor screen CRT screen desktop computer desk mouse computer mouse notebook notebook computer computer keyboard keypad laptop laptop computer television television system web site website internet site site
2535	0	50340675183	vault monastery palace theater curtain theatre curtain dome tile roof church church building organ pipe organ bell cote bell cot viaduct
2536	0	33141455728	rifle revolver six-gun six-shooter assault rifle assault gun tripod can opener tin opener corkscrew bottle screw bow plane carpenter's plane woodworking plane projectile missile screwdriver
2537	0	23952489817	buckle thimble shield buckler sundial pick plectrum plectron radiator screw scabbard lighter light igniter ignitor can opener tin opener
2538	0	36063726486	mailbag postbag bib cuirass breastplate aegis egis acoustic guitar shield buckler purse fire screen fireguard bolo tie bolo bola tie bola punching bag punch bag punching ball punchball
2539	0	32608443736	toyshop comic book bookshop bookstore bookstall bookcase teddy teddy bear library toy poodle mask bearskin busby shako panpipe pandean pipe syrinx
2540	0	45215410942	gorilla Gorilla gorilla chimpanzee chimp Pan troglodytes fur coat orangutan orang orangutang Pongo pygmaeus cash machine cash dispenser automated teller machine automatic teller machine automated teller automatic teller ATM gibbon Hylobates lar suit suit of clothes home theater home theatre television television system baboon
2541	0	36098250004	tripod projector motor scooter scooter binoculars field glasses opera glasses reflex camera backpack back pack knapsack packsack rucksack haversack rifle moped ambulance parking meter
2542	0	50229858976	parachute chute stretcher binoculars field glasses opera glasses cliff drop drop-off alp oxygen mask scuba diver backpack back pack knapsack packsack rucksack haversack sleeping bag gasmask respirator gas helmet
2543	0	22503392034	projector monitor screen CRT screen oscilloscope scope cathode-ray oscilloscope CRO traffic light traffic signal stoplight radio wireless joystick reflex camera spotlight spot television television system
2544	1	50148826997	apron toilet seat overskirt hoopskirt crinoline plunger plumber's helper bonnet poke bonnet shower cap toilet tissue toilet paper bathroom tissue washbasin handbasin washbowl lavabo wash-hand basin bib
2545	0	23953314167	dining table board plate china cabinet china closet tray goblet restaurant eating house eating place eatery beer glass paintbrush thimble handkerchief hankie hanky hankey
2546	0	22706724759	restaurant eating house eating place eatery maze labyrinth dining table board cinema movie theater movie theatre movie house picture palace prison prison house patio terrace library home theater home theatre stage prayer rug prayer mat
2547	0	49982091827	obelisk crane forklift altar pedestal plinth footstall lumbermill sawmill cannon steel arch bridge throne bell cote bell cot
2548	0	32707867118	tile roof patio terrace monastery palace prison prison house church church building restaurant eating house eating place eatery vault rain barrel bell cote bell cot
2549	1	51085533732	gown sunglasses dark glasses shades mortarboard groom bridegroom golfcart golf cart sunglass maypole abaya limousine limo sarong
2550	0	51164778955	sarong kimono gown bikini two-piece brassiere bra bandeau groom bridegroom maillot mask umbrella overskirt
2551	0	50348438872	vestment groom bridegroom mortarboard lab coat laboratory coat Windsor tie suit suit of clothes bolo tie bolo bola tie bola bonnet poke bonnet academic gown academic robe judge's robe bow tie bow-tie bowtie
2552	0	36368993104	binoculars field glasses opera glasses totem pole mask wig backpack back pack knapsack packsack rucksack haversack dumbbell maillot wool woolen woollen velvet buckle
2553	0	50975571183	projectile missile submarine pigboat sub U-boat cannon drilling platform offshore rig missile assault rifle assault gun dock dockage docking facility lumbermill sawmill rifle aircraft carrier carrier flattop attack aircraft carrier
2554	0	50811328433	parachute chute geyser half track tank army tank armored combat vehicle armoured combat vehicle volcano warplane military plane tub vat amphibian amphibious vehicle scorpion projectile missile
2555	1	50713591898	miniskirt mini maillot Loafer hoopskirt crinoline jean blue jean denim sandal vacuum vacuum cleaner cowboy boot brassiere bra bandeau overskirt
2556	0	50623006712	assault rifle assault gun rifle chain saw chainsaw military uniform bulletproof vest gasmask respirator gas helmet tow truck tow car wrecker ski mask revolver six-gun six-shooter stretcher
2557	0	50360863692	assault rifle assault gun rifle projectile missile half track missile guillotine space bar typewriter keyboard crane screwdriver
2558	0	49598216182	amphibian amphibious vehicle wreck speedboat tank army tank armored combat vehicle armoured combat vehicle aircraft carrier carrier flattop attack aircraft carrier schooner lifeboat warplane military plane airship dirigible dock dockage docking facility
2559	0	50034543231	traffic light traffic signal stoplight minivan car mirror trolleybus trolley coach trackless trolley unicycle monocycle pickup pickup truck moped motor scooter scooter limousine limo convertible
2560	0	49401130927	beach wagon station wagon wagon estate car beach waggon station waggon waggon cab hack taxi taxicab minivan traffic light traffic signal stoplight car wheel pole tow truck tow car wrecker pickup pickup truck grille radiator grille limousine limo
2561	0	49264871012	castle church church building fountain flagpole flagstaff lakeside lakeshore balloon palace dome beacon lighthouse beacon light pharos water tower
2562	0	50018076192	minivan beach wagon station wagon wagon estate car beach waggon station waggon waggon car wheel car mirror jeep landrover limousine limo tow truck tow car wrecker canoe shovel pickup pickup truck
2563	0	49749429838	car wheel grille radiator grille racer race car racing car cab hack taxi taxicab Model T sports car sport car convertible beach wagon station wagon wagon estate car beach waggon station waggon waggon pickup pickup truck half track
2564	1	49804938112	minivan beach wagon station wagon wagon estate car beach waggon station waggon waggon cab hack taxi taxicab jeep landrover car wheel pickup pickup truck car mirror parking meter limousine limo canoe
2565	0	45233687651	racer race car racing car sports car sport car convertible car wheel beach wagon station wagon wagon estate car beach waggon station waggon waggon cab hack taxi taxicab pickup pickup truck grille radiator grille amphibian amphibious vehicle limousine limo
2566	0	43501602065	grille radiator grille limousine limo beach wagon station wagon wagon estate car beach waggon station waggon waggon convertible cab hack taxi taxicab car wheel sports car sport car pickup pickup truck Model T minivan
2567	0	41856530985	ladle crash helmet umbrella car mirror black widow Latrodectus mactans car wheel golfcart golf cart caldron cauldron drumstick soup bowl
2568	0	51178113269	limousine limo cab hack taxi taxicab police van police wagon paddy wagon patrol wagon wagon black Maria garbage truck dustcart minivan tow truck tow car wrecker moving van ambulance minibus motor scooter scooter
2569	0	51098231878	jeep landrover snowplow snowplough tow truck tow car wrecker pickup pickup truck lawn mower mower car wheel school bus tractor half track amphibian amphibious vehicle
2570	0	50616587233	sports car sport car racer race car racing car convertible car wheel grille radiator grille projector warplane military plane beach wagon station wagon wagon estate car beach waggon station waggon waggon limousine limo amphibian amphibious vehicle
2571	0	50522323037	grille radiator grille convertible cab hack taxi taxicab beach wagon station wagon wagon estate car beach waggon station waggon waggon pickup pickup truck car wheel limousine limo jeep landrover Model T loudspeaker speaker speaker unit loudspeaker system speaker system
2572	0	50403177222	lens cap lens cover barbershop doormat welcome mat tobacco shop tobacconist shop tobacconist toyshop shoe shop shoe-shop shoe store mailbox letter box bakery bakeshop bakehouse cinema movie theater movie theatre movie house picture palace grille radiator grille
2573	0	50212802233	sports car sport car racer race car racing car car wheel grille radiator grille convertible cab hack taxi taxicab beach wagon station wagon wagon estate car beach waggon station waggon waggon crash helmet pickup pickup truck minivan
2574	0	49452567627	convertible beach wagon station wagon wagon estate car beach waggon station waggon waggon grille radiator grille car wheel limousine limo sports car sport car pickup pickup truck minivan cab hack taxi taxicab racer race car racing car
2575	0	49441480307	convertible sports car sport car grille radiator grille car wheel beach wagon station wagon wagon estate car beach waggon station waggon waggon racer race car racing car pickup pickup truck limousine limo passenger car coach carriage cab hack taxi taxicab
2576	0	49213861678	beach wagon station wagon wagon estate car beach waggon station waggon waggon limousine limo pickup pickup truck car wheel convertible sunglasses dark glasses shades car mirror Loafer sunglass cab hack taxi taxicab
2577	0	49132308018	Model T tractor mailbox letter box steam locomotive half track lawn mower mower thresher thrasher threshing machine grille radiator grille ashcan trash can garbage can wastebin ash bin ash-bin ashbin dustbin trash barrel trash bin barrow garden cart lawn cart wheelbarrow
2578	0	49020175531	Model T fire engine fire truck tow truck tow car wrecker thresher thrasher threshing machine tractor snowplow snowplough horse cart horse-cart lumbermill sawmill trailer truck tractor trailer trucking rig rig articulated lorry semi pickup pickup truck
2579	0	48797280146	car mirror grand piano grand wing seat belt seatbelt motor scooter scooter gondola airliner bannister banister balustrade balusters handrail sock cannon
2580	0	48502897131	sports car sport car racer race car racing car convertible car wheel passenger car coach carriage limousine limo grille radiator grille cab hack taxi taxicab beach wagon station wagon wagon estate car beach waggon station waggon waggon tow truck tow car wrecker
2581	0	50901527481	grille radiator grille beach wagon station wagon wagon estate car beach waggon station waggon waggon convertible cab hack taxi taxicab limousine limo pickup pickup truck car wheel sports car sport car racer race car racing car tow truck tow car wrecker
2582	0	51097648723	car wheel pickup pickup truck trailer truck tractor trailer trucking rig rig articulated lorry semi tow truck tow car wrecker grille radiator grille limousine limo minivan garbage truck dustcart racer race car racing car cab hack taxi taxicab
2583	0	50703394226	racer race car racing car sports car sport car go-kart car wheel crash helmet bobsled bobsleigh bob speedboat passenger car coach carriage snowmobile tow truck tow car wrecker
2584	0	50683841426	sports car sport car convertible car wheel racer race car racing car grille radiator grille pickup pickup truck beach wagon station wagon wagon estate car beach waggon station waggon waggon amphibian amphibious vehicle passenger car coach carriage limousine limo
2585	0	50587725633	convertible grille radiator grille car wheel pickup pickup truck beach wagon station wagon wagon estate car beach waggon station waggon waggon sports car sport car Model T limousine limo racer race car racing car cab hack taxi taxicab
2586	0	50170637066	racer race car racing car tape player go-kart space bar convertible cassette player typewriter keyboard amphibian amphibious vehicle radio wireless grille radiator grille
2587	0	49204621438	racer race car racing car sports car sport car go-kart car wheel lawn mower mower tow truck tow car wrecker convertible pickup pickup truck jeep landrover trailer truck tractor trailer trucking rig rig articulated lorry semi
2588	0	50730170347	racer race car racing car sports car sport car tow truck tow car wrecker go-kart lawn mower mower car wheel pickup pickup truck convertible amphibian amphibious vehicle gas pump gasoline pump petrol pump island dispenser
2589	0	49024608373	racer race car racing car sports car sport car crash helmet go-kart passenger car coach carriage car wheel bobsled bobsleigh bob tow truck tow car wrecker car mirror convertible
2590	0	48121209173	beach wagon station wagon wagon estate car beach waggon station waggon waggon pickup pickup truck cab hack taxi taxicab grille radiator grille car wheel convertible limousine limo minivan ambulance police van police wagon paddy wagon patrol wagon wagon black Maria
2591	0	47941513942	street sign tobacco shop tobacconist shop tobacconist traffic light traffic signal stoplight mailbox letter box buckle ski drumstick wall clock lighter light igniter ignitor can opener tin opener
2592	0	48119188686	cinema movie theater movie theatre movie house picture palace tobacco shop tobacconist shop tobacconist restaurant eating house eating place eatery grocery store grocery food market market barbershop bakery bakeshop bakehouse street sign digital clock turnstile cash machine cash dispenser automated teller machine automatic teller machine automated teller automatic teller ATM
2593	0	32795796077	half track Model T tractor car wheel racer race car racing car tow truck tow car wrecker lawn mower mower sports car sport car horse cart horse-cart military uniform
2594	0	33455413468	racer race car racing car sports car sport car car wheel passenger car coach carriage crash helmet go-kart tow truck tow car wrecker pickup pickup truck cab hack taxi taxicab convertible
2595	0	46307018175	convertible sports car sport car car wheel racer race car racing car beach wagon station wagon wagon estate car beach waggon station waggon waggon grille radiator grille pickup pickup truck amphibian amphibious vehicle Model T minivan
2596	0	44104176855	drum membranophone tympan steel drum drumstick banjo swab swob mop spotlight spot unicycle monocycle electric fan blower vacuum vacuum cleaner violin fiddle
2597	0	31579794288	convertible limousine limo beach wagon station wagon wagon estate car beach waggon station waggon waggon minivan grille radiator grille seat belt seatbelt recreational vehicle RV R.V. loudspeaker speaker speaker unit loudspeaker system speaker system minibus monitor
2598	0	31102961448	racer race car racing car sports car sport car cab hack taxi taxicab car wheel convertible grille radiator grille beach wagon station wagon wagon estate car beach waggon station waggon waggon passenger car coach carriage crash helmet ambulance
2599	0	44564951591	car wheel disk brake disc brake reflex camera lens cap lens cover Model T loudspeaker speaker speaker unit loudspeaker system speaker system cab hack taxi taxicab puck hockey puck crash helmet racer race car racing car
2600	0	42859355684	grille radiator grille car wheel crash helmet toaster hair spray loudspeaker speaker speaker unit loudspeaker system speaker system theater curtain theatre curtain coffee mug electric guitar accordion piano accordion squeeze box
2601	0	42251779065	screw carpenter's kit tool kit screwdriver disk brake disc brake oil filter joystick power drill hard disc hard disk fixed disk radiator computer keyboard keypad
2602	0	50246734076	patio terrace doormat welcome mat solar dish solar collector solar furnace bannister banister balustrade balusters handrail cinema movie theater movie theatre movie house picture palace pay-phone pay-station rain barrel sliding door shopping cart parking meter
2603	0	49692582901	jeep landrover beach wagon station wagon wagon estate car beach waggon station waggon waggon pickup pickup truck convertible minivan car wheel tow truck tow car wrecker gas pump gasoline pump petrol pump island dispenser grille radiator grille pot flowerpot
2604	0	49157961133	sports car sport car convertible racer race car racing car grille radiator grille car wheel amphibian amphibious vehicle pickup pickup truck beach wagon station wagon wagon estate car beach waggon station waggon waggon cab hack taxi taxicab minivan
2605	0	49128614168	beach wagon station wagon wagon estate car beach waggon station waggon waggon minivan cab hack taxi taxicab grille radiator grille convertible car wheel limousine limo sports car sport car pickup pickup truck parking meter
2606	0	49044837027	sports car sport car racer race car racing car car wheel convertible grille radiator grille beach wagon station wagon wagon estate car beach waggon station waggon waggon amphibian amphibious vehicle pickup pickup truck trimaran speedboat
2607	0	48131896557	dingo warrigal warragal Canis dingo Siamese cat Siamese malinois Chihuahua basenji Egyptian cat French bulldog Labrador retriever kelpie Norwegian elkhound elkhound
2608	0	50708389586	web site website internet site site envelope rule ruler analog clock nail stopwatch stop watch screw digital clock nematode nematode worm roundworm Band Aid
2609	0	50020226801	book jacket dust cover dust jacket dust wrapper bookshop bookstore bookstall packet carton cash machine cash dispenser automated teller machine automatic teller machine automated teller automatic teller ATM crate menu comic book street sign Band Aid
2610	0	49979746157	Band Aid cash machine cash dispenser automated teller machine automatic teller machine automated teller automatic teller ATM vending machine street sign packet parking meter modem cassette grocery store grocery food market market laptop laptop computer
2611	0	50913738416	menu envelope carton book jacket dust cover dust jacket dust wrapper packet crossword puzzle crossword binder ring-binder rubber eraser rubber pencil eraser slide rule slipstick hard disc hard disk fixed disk
2612	0	49507471523	chocolate sauce chocolate syrup pill bottle beer bottle pop bottle soda bottle lotion sunscreen sunblock sun blocker packet menu medicine chest medicine cabinet ice cream icecream
2613	1	40957532824	shoe shop shoe-shop shoe store grocery store grocery food market market bookshop bookstore bookstall butcher shop meat market military uniform toyshop sewing machine sleeping bag restaurant eating house eating place eatery studio couch day bed
2614	1	50555675596	vestment lab coat laboratory coat plastic bag torch stethoscope mask bow tie bow-tie bowtie Windsor tie academic gown academic robe judge's robe plate
2615	0	49379828181	candle taper wax light altar torch vestment groom bridegroom throne theater curtain theatre curtain lighter light igniter ignitor brassiere bra bandeau bow
2616	0	49731296633	altar church church building toyshop vestment jigsaw puzzle vault organ pipe organ monastery dome tray
2617	0	50951911853	rule ruler doormat welcome mat jigsaw puzzle matchstick pencil box pencil case tray wallet billfold notecase pocketbook Band Aid lighter light igniter ignitor rubber eraser rubber pencil eraser
2618	0	50368886676	vault monastery church church building prison prison house palace triumphal arch altar library bannister banister balustrade balusters handrail dome
2619	0	49615631496	beacon lighthouse beacon light pharos handkerchief hankie hanky hankey paper towel toilet tissue toilet paper bathroom tissue saltshaker salt shaker picket fence paling shower curtain envelope ptarmigan plastic bag
2620	0	49567614731	academic gown academic robe judge's robe mortarboard hair spray groom bridegroom lab coat laboratory coat oboe hautboy hautbois Windsor tie suit suit of clothes cellular telephone cellular phone cellphone cell mobile phone oxygen mask
2621	0	50372068058	suit suit of clothes Windsor tie groom bridegroom bow tie bow-tie bowtie Loafer bolo tie bolo bola tie bola notebook notebook computer academic gown academic robe judge's robe oboe hautboy hautbois bassoon
2622	0	50801350827	suit suit of clothes Windsor tie groom bridegroom bow tie bow-tie bowtie academic gown academic robe judge's robe Loafer notebook notebook computer cellular telephone cellular phone cellphone cell mobile phone mortarboard cornet horn trumpet trump
2623	0	48601418151	scoreboard volleyball jersey T-shirt tee shirt ping-pong ball stretcher barbell knee pad prison prison house container ship containership container vessel stethoscope
2624	0	50829615737	altar organ pipe organ church church building vault wardrobe closet press monastery bell cote bell cot theater curtain theatre curtain throne upright upright piano
2625	0	50100241988	altar church church building carpenter's kit tool kit bell cote bell cot organ pipe organ cornet horn trumpet trump palace monastery vestment screwdriver
2626	0	49451022968	academic gown academic robe judge's robe vestment maypole torch mortarboard theater curtain theatre curtain overskirt shield buckler sarong kimono
2627	0	49878336477	church church building bell cote bell cot monastery viaduct castle palace barn dome vault tile roof
2628	0	50672938213	window shade prison prison house window screen greenhouse nursery glasshouse vault church church building altar shoji dome prayer rug prayer mat
2629	1	50913634567	bathtub bathing tub bath tub tub vat washbasin handbasin washbowl lavabo wash-hand basin shower curtain toilet seat medicine chest medicine cabinet restaurant eating house eating place eatery grand piano grand studio couch day bed pool table billiard table snooker table
2630	0	49327256837	toilet seat bathtub bathing tub bath tub washbasin handbasin washbowl lavabo wash-hand basin soap dispenser tub vat toilet tissue toilet paper bathroom tissue paper towel shower curtain medicine chest medicine cabinet plunger plumber's helper
2631	0	49685282166	washbasin handbasin washbowl lavabo wash-hand basin medicine chest medicine cabinet bathtub bathing tub bath tub toilet seat shower curtain tub vat soap dispenser spotlight spot home theater home theatre plunger plumber's helper
2632	0	49815652853	tub vat bathtub bathing tub bath tub washbasin handbasin washbowl lavabo wash-hand basin shower curtain soap dispenser toilet seat medicine chest medicine cabinet toilet tissue toilet paper bathroom tissue plunger plumber's helper paper towel
2633	1	49627751183	paintbrush apron library hoopskirt crinoline iron smoothing iron prayer rug prayer mat sarong yurt stole maze labyrinth
2634	1	49836887627	bathtub bathing tub bath tub tub vat washbasin handbasin washbowl lavabo wash-hand basin shower curtain bath towel hand blower blow dryer blow drier hair dryer hair drier soap dispenser hair spray paintbrush maillot
2635	0	48667072781	toilet seat soap dispenser washbasin handbasin washbowl lavabo wash-hand basin washer automatic washer washing machine medicine chest medicine cabinet tub vat dishwasher dish washer dishwashing machine chest plunger plumber's helper bathtub bathing tub bath tub
2636	0	50194798611	washbasin handbasin washbowl lavabo wash-hand basin soap dispenser bathtub bathing tub bath tub tub vat medicine chest medicine cabinet can opener tin opener plunger plumber's helper toilet seat shower curtain toilet tissue toilet paper bathroom tissue
2637	0	48537954947	fire screen fireguard binder ring-binder vault bannister banister balustrade balusters handrail shower curtain scabbard hook claw bathtub bathing tub bath tub bow lampshade lamp shade
2638	0	51214422300	bath towel shower curtain poncho washbasin handbasin washbowl lavabo wash-hand basin wool woolen woollen paper towel tub vat soap dispenser bathtub bathing tub bath tub toilet tissue toilet paper bathroom tissue
2639	1	49573662056	window screen bathtub bathing tub bath tub tub vat shoji window shade sliding door washbasin handbasin washbowl lavabo wash-hand basin doormat welcome mat medicine chest medicine cabinet prison prison house
2640	1	48894273243	bucket pail swab swob mop paintbrush maraca hand blower blow dryer blow drier hair dryer hair drier diaper nappy napkin wooden spoon shower cap strainer plunger plumber's helper
2641	0	50663014131	gong tam-tam chime bell gong mortar frying pan frypan skillet shield buckler wooden spoon sombrero wok strainer ladle
2642	0	50644192816	reflex camera lens cap lens cover Polaroid camera Polaroid Land camera binoculars field glasses opera glasses gasmask respirator gas helmet sunglass sunglasses dark glasses shades washer automatic washer washing machine projector trench coat
2643	0	50862132901	tabby tabby cat Egyptian cat tiger cat lynx catamount Persian cat refrigerator icebox bucket pail tub vat washbasin handbasin washbowl lavabo wash-hand basin window screen
2644	0	51035102332	vase pot flowerpot goblet pitcher ewer cup candle taper wax light tray paintbrush daisy perfume essence
2645	0	51127690718	iPod remote control remote cellular telephone cellular phone cellphone cell mobile phone laptop laptop computer computer keyboard keypad notebook notebook computer hand-held computer hand-held microcomputer printer mouse computer mouse stopwatch stop watch
2646	0	51064087866	manhole cover doormat welcome mat loudspeaker speaker speaker unit loudspeaker system speaker system scale weighing machine tape player oil filter cassette binoculars field glasses opera glasses loupe jeweler's loupe lens cap lens cover
2647	0	50685581931	rule ruler laptop laptop computer cassette hand-held computer hand-held microcomputer rubber eraser rubber pencil eraser notebook notebook computer hard disc hard disk fixed disk monitor modem binder ring-binder
2648	0	50507511747	pay-phone pay-station passenger car coach carriage gas pump gasoline pump petrol pump island dispenser vending machine china cabinet china closet streetcar tram tramcar trolley trolley car dial telephone dial phone guillotine sliding door tractor
2649	0	50244427576	tray wall clock pencil box pencil case analog clock laptop laptop computer stethoscope binder ring-binder wallet billfold notecase pocketbook lighter light igniter ignitor joystick
2650	0	51018851498	cash machine cash dispenser automated teller machine automatic teller machine automated teller automatic teller ATM pay-phone pay-station abaya ski mask sweatshirt sleeping bag parking meter sax saxophone trench coat kimono
2651	0	50282879292	valley vale cliff drop drop-off alp viaduct stone wall volcano maze labyrinth lakeside lakeshore mountain bike all-terrain bike off-roader castle
2652	0	49876454951	modem remote control remote switch electric switch electrical switch notebook notebook computer cleaver meat cleaver chopper loudspeaker speaker speaker unit loudspeaker system speaker system cellular telephone cellular phone cellphone cell mobile phone iPod radio wireless lighter light igniter ignitor
2653	0	49504461861	red wine goblet beer glass wine bottle restaurant eating house eating place eatery perfume essence dining table board water jug cocktail shaker cup
2654	0	48356025341	swing cradle jean blue jean denim four-poster hook claw bow tie bow-tie bowtie prison prison house plunger plumber's helper neck brace flagpole flagstaff
2655	0	43854845470	harmonica mouth organ harp mouth harp accordion piano accordion squeeze box cornet horn trumpet trump sax saxophone binoculars field glasses opera glasses ballplayer baseball player flute transverse flute panpipe pandean pipe syrinx whistle cowboy hat ten-gallon hat
2656	0	39757442675	web site website internet site site envelope screen CRT screen sunscreen sunblock sun blocker Band Aid binder ring-binder hand-held computer hand-held microcomputer modem space heater analog clock
2657	1	23916282517	envelope carton binder ring-binder book jacket dust cover dust jacket dust wrapper rubber eraser rubber pencil eraser packet Band Aid web site website internet site site modem pill bottle
2658	0	37292202391	convertible pickup pickup truck tow truck tow car wrecker cab hack taxi taxicab tile roof sports car sport car limousine limo parking meter beach wagon station wagon wagon estate car beach waggon station waggon waggon gas pump gasoline pump petrol pump island dispenser
2659	1	36018561183	iPod cellular telephone cellular phone cellphone cell mobile phone notebook notebook computer hand-held computer hand-held microcomputer hard disc hard disk fixed disk laptop laptop computer modem remote control remote radio wireless mouse computer mouse
2660	0	35796861171	lakeside lakeshore sandbar sand bar schooner seashore coast seacoast sea-coast rapeseed breakwater groin groyne mole bulwark seawall jetty pole pier canoe balloon
2661	0	34083003926	trailer truck tractor trailer trucking rig rig articulated lorry semi car mirror spotlight spot hay projector television television system jeep landrover lighter light igniter ignitor reflex camera snowplow snowplough
2662	1	34251831140	cellular telephone cellular phone cellphone cell mobile phone iPod hand-held computer hand-held microcomputer hard disc hard disk fixed disk modem stopwatch stop watch remote control remote cassette digital watch wallet billfold notecase pocketbook
2663	0	50228378316	sulphur butterfly sulfur butterfly cabbage butterfly ringlet ringlet butterfly cardoon lycaenid lycaenid butterfly bee daisy lacewing lacewing fly ant emmet pismire rapeseed
2664	1	50653669617	jean blue jean denim suit suit of clothes sunglasses dark glasses shades bow tie bow-tie bowtie fur coat trench coat cowboy hat ten-gallon hat stage sweatshirt stole
2665	0	50385778823	plate mashed potato meat loaf meatloaf ice cream icecream chocolate sauce chocolate syrup cucumber cuke French loaf American lobster Northern lobster Maine lobster Homarus americanus bagel beigel strawberry
2666	0	49436307083	pay-phone pay-station dial telephone dial phone parking meter mailbox letter box gas pump gasoline pump petrol pump island dispenser cash machine cash dispenser automated teller machine automatic teller machine automated teller automatic teller ATM oscilloscope scope cathode-ray oscilloscope CRO television television system tobacco shop tobacconist shop tobacconist cellular telephone cellular phone cellphone cell mobile phone
2667	0	49652659046	bannister banister balustrade balusters handrail groom bridegroom bow tie bow-tie bowtie suit suit of clothes Windsor tie gondola gown prison prison house grand piano grand church church building
2668	0	50046882321	iPod cellular telephone cellular phone cellphone cell mobile phone remote control remote hand-held computer hand-held microcomputer laptop laptop computer notebook notebook computer stopwatch stop watch modem magnetic compass beer bottle
2669	0	51009364878	church church building bell cote bell cot monastery picket fence paling tile roof beacon lighthouse beacon light pharos flagpole flagstaff dome castle stupa tope
2670	0	49592796776	comic book book jacket dust cover dust jacket dust wrapper sweatshirt bolo tie bolo bola tie bola pick plectrum plectron envelope web site website internet site site cassette jersey T-shirt tee shirt rubber eraser rubber pencil eraser
2671	0	33045624380	packet tobacco shop tobacconist shop tobacconist confectionery confectionary candy store perfume essence library bookshop bookstore bookstall grocery store grocery food market market wine bottle bottlecap tray
2672	0	27197212610	envelope menu jigsaw puzzle web site website internet site site comic book fountain pen rubber eraser rubber pencil eraser hand blower blow dryer blow drier hair dryer hair drier power drill harmonica mouth organ harp mouth harp
2673	0	29181046801	stage microphone mike drumstick spotlight spot electric guitar sax saxophone acoustic guitar cornet horn trumpet trump trombone maraca
2674	0	50095938271	menu web site website internet site site packet crossword puzzle crossword brass memorial tablet plaque book jacket dust cover dust jacket dust wrapper cash machine cash dispenser automated teller machine automatic teller machine automated teller automatic teller ATM screen CRT screen television television system sunscreen sunblock sun blocker
2675	0	50737703472	shower curtain apron jigsaw puzzle handkerchief hankie hanky hankey tray shower cap confectionery confectionary candy store pencil box pencil case quilt comforter comfort puff diaper nappy napkin
2676	0	49745400141	coil spiral volute whorl helix dome vault stupa tope maze labyrinth beacon lighthouse beacon light pharos monastery balloon sundial palace
2677	1	50713337013	bulletproof vest military uniform sax saxophone cornet horn trumpet trump trombone rifle assault rifle assault gun stretcher whistle bassoon
2678	0	49310132936	pajama pyjama pj's jammies shower cap bonnet poke bonnet torch apron tray bathing cap swimming cap sombrero handkerchief hankie hanky hankey carton
2679	0	49505482566	cinema movie theater movie theatre movie house picture palace moving van prison prison house crate ashcan trash can garbage can wastebin ash bin ash-bin ashbin dustbin trash barrel trash bin carton barbershop vending machine cash machine cash dispenser automated teller machine automatic teller machine automated teller automatic teller ATM tobacco shop tobacconist shop tobacconist
2680	0	51032749128	birdhouse nail padlock worm fence snake fence snake-rail fence Virginia fence hatchet pole chain saw chainsaw mushroom chainlink fence mailbox letter box
2681	0	49704875671	triumphal arch monastery palace vault church church building castle mosque dome stupa tope altar
2682	0	49703592813	vault crate triumphal arch pedestal plinth footstall lumbermill sawmill barrel cask carton chest prayer rug prayer mat monastery
2683	0	50901321238	alp valley vale volcano lakeside lakeshore cliff drop drop-off mountain tent promontory headland head foreland seashore coast seacoast sea-coast monastery mountain bike all-terrain bike off-roader
2684	0	50887649458	seashore coast seacoast sea-coast radio telescope radio reflector promontory headland head foreland sandbar sand bar beacon lighthouse beacon light pharos valley vale lakeside lakeshore volcano wreck dam dike dyke
2685	0	50792006422	restaurant eating house eating place eatery vault altar prison prison house patio terrace monastery church church building dining table board grand piano grand palace
2686	0	49534058003	crash helmet knee pad rugby ball bathing cap swimming cap military uniform unicycle monocycle bearskin busby shako torch parachute chute ballplayer baseball player
2687	0	49978259333	altar throne vestment palace organ pipe organ monastery church church building vault chest four-poster
2688	0	49928363818	church church building bell cote bell cot cinema movie theater movie theatre movie house picture palace monastery dome library vault castle palace mosque
2689	0	49412804272	barrel cask grocery store grocery food market market milk can restaurant eating house eating place eatery butcher shop meat market punching bag punch bag punching ball punchball rain barrel turnstile crate lumbermill sawmill
2690	0	48486312336	meat loaf meatloaf plate mashed potato chocolate sauce chocolate syrup French loaf bakery bakeshop bakehouse acorn squash zucchini courgette rotisserie sea cucumber holothurian
2691	0	29925458798	giant panda panda panda bear coon bear Ailuropoda melanoleuca lesser panda red panda panda bear cat cat bear Ailurus fulgens indri indris Indri indri Indri brevicaudatus brown bear bruin Ursus arctos American black bear black bear Ursus americanus Euarctos americanus ice bear polar bear Ursus Maritimus Thalarctos maritimus teddy teddy bear soccer ball gibbon Hylobates lar earthstar
2692	1	50984222472	water bottle shopping basket shoe shop shoe-shop shoe store water jug punching bag punch bag punching ball punchball plastic bag clog geta patten sabot hair spray oil filter beaker
2693	0	50823466167	crate window shade folding chair mailbox letter box wardrobe closet press bucket pail sunglasses dark glasses shades ice lolly lolly lollipop popsicle sunglass paddlewheel paddle wheel
2694	0	50766790678	swing binoculars field glasses opera glasses abacus horizontal bar high bar parallel bars bars pajama pyjama pj's jammies tricycle trike velocipede shovel maypole park bench
2695	0	50706021887	suit suit of clothes trench coat bow tie bow-tie bowtie fur coat military uniform bolo tie bolo bola tie bola cardigan Windsor tie teddy teddy bear lab coat laboratory coat
2696	0	50326718153	barrow garden cart lawn cart wheelbarrow bathing cap swimming cap shovel lawn mower mower bicycle-built-for-two tandem bicycle tandem unicycle monocycle Dutch oven plunger plumber's helper lumbermill sawmill gar garfish garpike billfish Lepisosteus osseus
2697	0	51022608542	notebook notebook computer cup laptop laptop computer mouse computer mouse coffee mug lens cap lens cover soup bowl remote control remote cellular telephone cellular phone cellphone cell mobile phone hand-held computer hand-held microcomputer
2698	0	49921026101	Band Aid paintbrush nail sunscreen sunblock sun blocker lotion face powder diaper nappy napkin matchstick pick plectrum plectron pill bottle
2699	0	50021167323	valley vale cliff drop drop-off lakeside lakeshore tripod alp ski seashore coast seacoast sea-coast maze labyrinth park bench promontory headland head foreland
2700	0	49057530621	restaurant eating house eating place eatery grocery store grocery food market market butcher shop meat market bakery bakeshop bakehouse carousel carrousel merry-go-round roundabout whirligig sarong jean blue jean denim shoe shop shoe-shop shoe store potter's wheel umbrella
2701	1	51175449394	swimming trunks bathing trunks diaper nappy napkin sunscreen sunblock sun blocker balance beam beam parallel bars bars horizontal bar high bar maillot bikini two-piece soccer ball bath towel
2702	0	51023715517	television television system grand piano grand ping-pong ball canoe paddle boat paddle groom bridegroom lakeside lakeshore military uniform stage sax saxophone
2703	0	50642647158	Angora Angora rabbit guinea pig Cavia cobaya carton polecat fitch foulmart foumart Mustela putorius collie tray Persian cat mailbox letter box clog geta patten sabot chest
2704	0	51177062136	rifle military uniform bassoon assault rifle assault gun breastplate aegis egis bearskin busby shako cornet horn trumpet trump pickelhaube sax saxophone stretcher
2705	0	46921303602	handkerchief hankie hanky hankey pillow envelope tray menu pencil box pencil case comic book hair slide bakery bakeshop bakehouse wallet billfold notecase pocketbook
2706	1	33677439093	library mortarboard bookshop bookstore bookstall comic book academic gown academic robe judge's robe grocery store grocery food market market umbrella jinrikisha ricksha rickshaw French horn horn toyshop
2707	0	29487992226	stage theater curtain theatre curtain spotlight spot microphone mike loudspeaker speaker speaker unit loudspeaker system speaker system marimba xylophone pool table billiard table snooker table cinema movie theater movie theatre movie house picture palace home theater home theatre projector
2708	1	51135255783	kimono pajama pyjama pj's jammies apron sarong jersey T-shirt tee shirt shoe shop shoe-shop shoe store refrigerator icebox cash machine cash dispenser automated teller machine automatic teller machine automated teller automatic teller ATM shower cap turnstile
2709	0	49970560378	chainlink fence Christmas stocking bib shopping cart poncho shopping basket ashcan trash can garbage can wastebin ash bin ash-bin ashbin dustbin trash barrel trash bin padlock worm fence snake fence snake-rail fence Virginia fence bottlecap
2710	0	50336220472	perfume essence candle taper wax light brass memorial tablet plaque book jacket dust cover dust jacket dust wrapper menu matchstick hourglass bottlecap packet red wine
2711	0	50236712911	nail lotion loupe jeweler's loupe pill bottle tick book jacket dust cover dust jacket dust wrapper perfume essence stopwatch stop watch bottlecap padlock
2712	0	50003298706	cash machine cash dispenser automated teller machine automatic teller machine automated teller automatic teller ATM croquet ball turnstile pay-phone pay-station ashcan trash can garbage can wastebin ash bin ash-bin ashbin dustbin trash barrel trash bin scoreboard brass memorial tablet plaque ballplayer baseball player lawn mower mower parking meter
2713	0	50036333093	lakeside lakeshore gondola canoe lifeboat speedboat dock dockage docking facility paddle boat paddle schooner pool table billiard table snooker table pirate pirate ship
2714	0	49826892161	bannister banister balustrade balusters handrail shoji spotlight spot window screen coil spiral volute whorl helix sliding door window shade mantis mantid shower curtain greenhouse nursery glasshouse
2715	0	41850069204	mosque dome triumphal arch palace cinema movie theater movie theatre movie house picture palace pedestal plinth footstall library obelisk bell cote bell cot vault
2716	1	49787264058	teddy teddy bear washbasin handbasin washbowl lavabo wash-hand basin toilet seat tub vat bathtub bathing tub bath tub shower cap toyshop cowboy hat ten-gallon hat shower curtain plunger plumber's helper
2717	0	50613787802	plane carpenter's plane woodworking plane wooden spoon cleaver meat cleaver chopper mortar plate tray French loaf dining table board cheeseburger restaurant eating house eating place eatery
2718	0	49778035953	assault rifle assault gun rifle mousetrap bulletproof vest mortarboard scabbard dumbbell cowboy hat ten-gallon hat canoe projectile missile
2719	0	50663691836	church church building bell cote bell cot monastery patio terrace vault cinema movie theater movie theatre movie house picture palace palace tile roof thatch thatched roof jinrikisha ricksha rickshaw
2720	0	48626462992	stage microphone mike cellular telephone cellular phone cellphone cell mobile phone electric guitar panpipe pandean pipe syrinx racket racquet book jacket dust cover dust jacket dust wrapper drumstick harmonica mouth organ harp mouth harp iPod
2721	0	49197991061	kimono water bottle abaya brassiere bra bandeau backpack back pack knapsack packsack rucksack haversack apron hoopskirt crinoline mailbag postbag toyshop shoe shop shoe-shop shoe store
2722	0	47333060232	parachute chute toyshop unicycle monocycle snorkel pole comic book street sign wing analog clock bookshop bookstore bookstall
2723	0	51172305109	convertible beach wagon station wagon wagon estate car beach waggon station waggon waggon pickup pickup truck car wheel cab hack taxi taxicab grille radiator grille sports car sport car limousine limo tow truck tow car wrecker racer race car racing car
2724	0	50335268827	racer race car racing car minivan beach wagon station wagon wagon estate car beach waggon station waggon waggon passenger car coach carriage cab hack taxi taxicab car wheel sports car sport car grille radiator grille limousine limo tow truck tow car wrecker
2725	0	50342733163	racer race car racing car car wheel sports car sport car beach wagon station wagon wagon estate car beach waggon station waggon waggon jeep landrover pickup pickup truck tow truck tow car wrecker minivan passenger car coach carriage convertible
2726	0	50130140716	tow truck tow car wrecker Model T half track grille radiator grille trailer truck tractor trailer trucking rig rig articulated lorry semi pickup pickup truck snowplow snowplough fire engine fire truck limousine limo cab hack taxi taxicab
2727	0	49753272757	grille radiator grille Model T half track convertible sports car sport car car wheel racer race car racing car jeep landrover beach wagon station wagon wagon estate car beach waggon station waggon waggon tank army tank armored combat vehicle armoured combat vehicle
2728	0	49841254313	convertible sports car sport car grille radiator grille beach wagon station wagon wagon estate car beach waggon station waggon waggon pickup pickup truck car wheel racer race car racing car cab hack taxi taxicab amphibian amphibious vehicle tow truck tow car wrecker
2729	0	48823073018	sports car sport car convertible racer race car racing car beach wagon station wagon wagon estate car beach waggon station waggon waggon grille radiator grille cab hack taxi taxicab car wheel passenger car coach carriage pickup pickup truck amphibian amphibious vehicle
2730	0	48690095747	racer race car racing car pickup pickup truck cab hack taxi taxicab beach wagon station wagon wagon estate car beach waggon station waggon waggon tow truck tow car wrecker amphibian amphibious vehicle car wheel sports car sport car jeep landrover convertible
2731	0	50823576793	sports car sport car convertible racer race car racing car car wheel grille radiator grille amphibian amphibious vehicle beach wagon station wagon wagon estate car beach waggon station waggon waggon speedboat limousine limo passenger car coach carriage
2732	0	51024883248	pickup pickup truck Model T fire engine fire truck tow truck tow car wrecker grille radiator grille cab hack taxi taxicab car wheel trailer truck tractor trailer trucking rig rig articulated lorry semi beach wagon station wagon wagon estate car beach waggon station waggon waggon half track
2733	0	50040460236	tow truck tow car wrecker racer race car racing car cab hack taxi taxicab pickup pickup truck moving van trailer truck tractor trailer trucking rig rig articulated lorry semi street sign scoreboard garbage truck dustcart gas pump gasoline pump petrol pump island dispenser
2734	0	50823909353	wing airliner warplane military plane aircraft carrier carrier flattop attack aircraft carrier racer race car racing car projectile missile limousine limo cab hack taxi taxicab tow truck tow car wrecker missile
2735	0	50204091957	minivan recreational vehicle RV R.V. cab hack taxi taxicab worm fence snake fence snake-rail fence Virginia fence beach wagon station wagon wagon estate car beach waggon station waggon waggon minibus ambulance racer race car racing car picket fence paling lakeside lakeshore
2736	0	49646866738	convertible pickup pickup truck sports car sport car car wheel racer race car racing car beach wagon station wagon wagon estate car beach waggon station waggon waggon amphibian amphibious vehicle cab hack taxi taxicab restaurant eating house eating place eatery Model T
2737	0	47938966907	cab hack taxi taxicab bubble sports car sport car racer race car racing car convertible grille radiator grille car wheel toyshop motor scooter scooter ambulance
2738	0	46795415071	racer race car racing car grille radiator grille beach wagon station wagon wagon estate car beach waggon station waggon waggon car wheel revolver six-gun six-shooter tow truck tow car wrecker convertible lawn mower mower beer bottle jeep landrover
2739	0	44890125922	police van police wagon paddy wagon patrol wagon wagon black Maria ambulance fire engine fire truck cab hack taxi taxicab beach wagon station wagon wagon estate car beach waggon station waggon waggon tow truck tow car wrecker pickup pickup truck flagpole flagstaff traffic light traffic signal stoplight limousine limo
2740	0	46139019391	racer race car racing car sports car sport car car wheel pickup pickup truck amphibian amphibious vehicle grille radiator grille cab hack taxi taxicab tow truck tow car wrecker beach wagon station wagon wagon estate car beach waggon station waggon waggon go-kart
2741	0	50879058541	flatworm platyhelminth bakery bakeshop bakehouse sea slug nudibranch doormat welcome mat pretzel violin fiddle lens cap lens cover tobacco shop tobacconist shop tobacconist book jacket dust cover dust jacket dust wrapper harmonica mouth organ harp mouth harp
2742	0	50450421981	fire engine fire truck amphibian amphibious vehicle fireboat beach wagon station wagon wagon estate car beach waggon station waggon waggon electric locomotive freight car racer race car racing car pickup pickup truck harvester reaper grille radiator grille
2743	0	49846548316	ping-pong ball Band Aid bathing cap swimming cap shower cap sunglasses dark glasses shades lens cap lens cover seat belt seatbelt drumstick ice lolly lolly lollipop popsicle candle taper wax light
2744	0	51066524937	cash machine cash dispenser automated teller machine automatic teller machine automated teller automatic teller ATM pay-phone pay-station turnstile medicine chest medicine cabinet sliding door vending machine mailbox letter box bookshop bookstore bookstall safe prison prison house
2745	0	51161402444	mailbox letter box picket fence paling dome ashcan trash can garbage can wastebin ash bin ash-bin ashbin dustbin trash barrel trash bin patio terrace park bench parking meter worm fence snake fence snake-rail fence Virginia fence church church building lakeside lakeshore
2746	0	51003907515	street sign rule ruler rubber eraser rubber pencil eraser web site website internet site site gas pump gasoline pump petrol pump island dispenser book jacket dust cover dust jacket dust wrapper ski menu crossword puzzle crossword analog clock
2747	0	50952215363	crate street sign scoreboard brass memorial tablet plaque park bench barrel cask chainlink fence worm fence snake fence snake-rail fence Virginia fence grocery store grocery food market market ashcan trash can garbage can wastebin ash bin ash-bin ashbin dustbin trash barrel trash bin
2748	0	50823277587	barbershop street sign bakery bakeshop bakehouse cinema movie theater movie theatre movie house picture palace tobacco shop tobacconist shop tobacconist restaurant eating house eating place eatery grocery store grocery food market market traffic light traffic signal stoplight bookshop bookstore bookstall butcher shop meat market
2749	0	50502529951	picket fence paling obelisk fountain mosque church church building dome umbrella patio terrace bell cote bell cot stupa tope
2750	0	50395005416	balloon cinema movie theater movie theatre movie house picture palace water tower picket fence paling airship dirigible totem pole mobile home manufactured home fountain shovel rugby ball
2751	0	50280108652	alp ski valley vale ski mask dogsled dog sled dog sleigh pole mountain tent mailbox letter box lakeside lakeshore tripod
2752	0	50120111718	crate mailbox letter box street sign barrel cask worm fence snake fence snake-rail fence Virginia fence ashcan trash can garbage can wastebin ash bin ash-bin ashbin dustbin trash barrel trash bin brass memorial tablet plaque moving van barrow garden cart lawn cart wheelbarrow freight car
2753	0	50208277092	turnstile menu book jacket dust cover dust jacket dust wrapper barbershop cash machine cash dispenser automated teller machine automatic teller machine automated teller automatic teller ATM sliding door binder ring-binder bakery bakeshop bakehouse prison prison house bookshop bookstore bookstall
2754	0	50060355121	pot flowerpot patio terrace doormat welcome mat greenhouse nursery glasshouse balloon ashcan trash can garbage can wastebin ash bin ash-bin ashbin dustbin trash barrel trash bin shovel barrow garden cart lawn cart wheelbarrow plastic bag lakeside lakeshore
2755	0	49796135876	worm fence snake fence snake-rail fence Virginia fence street sign barn park bench trailer truck tractor trailer trucking rig rig articulated lorry semi brass memorial tablet plaque freight car mailbox letter box lumbermill sawmill harvester reaper
2756	0	51179568157	brass memorial tablet plaque planetarium yurt barn plastic bag flagpole flagstaff stupa tope stone wall cash machine cash dispenser automated teller machine automatic teller machine automated teller automatic teller ATM dome
2757	0	51194413837	restaurant eating house eating place eatery tobacco shop tobacconist shop tobacconist grocery store grocery food market market bakery bakeshop bakehouse totem pole street sign toyshop barbershop confectionery confectionary candy store butcher shop meat market
2758	0	50622264163	barbershop grocery store grocery food market market tobacco shop tobacconist shop tobacconist street sign confectionery confectionary candy store butcher shop meat market bakery bakeshop bakehouse bookshop bookstore bookstall book jacket dust cover dust jacket dust wrapper comic book
2759	0	50304548766	street sign barbershop grocery store grocery food market market mailbox letter box parking meter plastic bag bottlecap ashcan trash can garbage can wastebin ash bin ash-bin ashbin dustbin trash barrel trash bin pretzel restaurant eating house eating place eatery
2760	0	49961670506	unicycle monocycle mountain bike all-terrain bike off-roader moped tricycle trike velocipede bicycle-built-for-two tandem bicycle tandem crash helmet bookshop bookstore bookstall jinrikisha ricksha rickshaw toyshop motor scooter scooter
2761	0	49911479553	barbershop analog clock cinema movie theater movie theatre movie house picture palace shield buckler tobacco shop tobacconist shop tobacconist wall clock scale weighing machine bakery bakeshop bakehouse shoe shop shoe-shop shoe store street sign
2762	0	49804730797	moped motor scooter scooter bicycle-built-for-two tandem bicycle tandem analog clock tricycle trike velocipede pole crash helmet breakwater groin groyne mole bulwark seawall jetty wall clock unicycle monocycle
2763	0	49576887092	street sign pole mailbox letter box scoreboard park bench brass memorial tablet plaque traffic light traffic signal stoplight ashcan trash can garbage can wastebin ash bin ash-bin ashbin dustbin trash barrel trash bin birdhouse totem pole
2764	0	33848272968	street sign restaurant eating house eating place eatery bakery bakeshop bakehouse tobacco shop tobacconist shop tobacconist grocery store grocery food market market barbershop scoreboard mailbox letter box cinema movie theater movie theatre movie house picture palace gas pump gasoline pump petrol pump island dispenser
2765	0	51184245361	lakeside lakeshore park bench pole mobile home manufactured home worm fence snake fence snake-rail fence Virginia fence flagpole flagstaff seashore coast seacoast sea-coast picket fence paling golfcart golf cart chainlink fence
2766	0	51097239390	vestment bearskin busby shako kimono academic gown academic robe judge's robe lab coat laboratory coat cloak mortarboard trench coat scabbard military uniform
2767	0	51016346595	lab coat laboratory coat vestment hair spray groom bridegroom barber chair barbershop plate gown oxygen mask neck brace
2768	1	51070703117	vestment cloak gown lab coat laboratory coat groom bridegroom abaya kimono jean blue jean denim suit suit of clothes mortarboard
2769	1	50991734833	hair spray vestment barber chair barbershop perfume essence corkscrew bottle screw cocktail shaker lab coat laboratory coat beaker espresso maker
2770	1	50345240151	lab coat laboratory coat stethoscope vestment barbershop groom bridegroom barber chair vacuum vacuum cleaner gasmask respirator gas helmet kimono hair spray
2771	1	50336410286	lab coat laboratory coat groom bridegroom altar vestment pajama pyjama pj's jammies gown stethoscope cradle torch Windsor tie
2772	0	50307623632	restaurant eating house eating place eatery library shoe shop shoe-shop shoe store grocery store grocery food market market grand piano grand bakery bakeshop bakehouse upright upright piano bookshop bookstore bookstall tobacco shop tobacconist shop tobacconist pool table billiard table snooker table
2773	0	51110696279	vestment gown groom bridegroom altar lab coat laboratory coat overskirt Christmas stocking kimono apron picket fence paling
2774	0	51170293300	altar vault church church building bell cote bell cot wall clock organ pipe organ jigsaw puzzle vestment totem pole monastery
2775	0	40288723314	vestment abaya kimono altar pedestal plinth footstall cloak torch gown triumphal arch bell cote bell cot
2776	0	32581921756	vault dome church church building monastery window screen organ pipe organ altar mosque coil spiral volute whorl helix bell cote bell cot
2777	0	32568227906	triumphal arch dome vault palace maze labyrinth altar monastery manhole cover church church building cinema movie theater movie theatre movie house picture palace
2778	0	27137203245	palace monastery vault church church building altar triumphal arch library organ pipe organ throne vestment
2779	0	26994236791	altar vault church church building palace vestment restaurant eating house eating place eatery monastery library throne dining table board
2780	0	49571264676	palace monastery church church building triumphal arch library bell cote bell cot dome vault mosque obelisk
2781	0	49428093098	church church building bell cote bell cot monastery castle tile roof dome barn vault analog clock cinema movie theater movie theatre movie house picture palace
2782	0	49771776723	organ pipe organ chime bell gong church church building bannister banister balustrade balusters handrail wall clock altar upright upright piano shoji rifle coil spiral volute whorl helix
2783	0	51093273366	church church building slot one-armed bandit altar organ pipe organ palace dome castle cinema movie theater movie theatre movie house picture palace mosque monastery
2784	0	51204177468	monastery dome bell cote bell cot mosque church church building tile roof palace vault triumphal arch promontory headland head foreland
2785	0	50389099748	altar throne vault monastery church church building organ pipe organ vestment wall clock four-poster wardrobe closet press
2786	1	50269472727	motor scooter scooter hand blower blow dryer blow drier hair dryer hair drier maraca iron smoothing iron moped crash helmet toyshop ocarina sweet potato vacuum vacuum cleaner apron
2787	0	51067087331	basketball bubble ballplayer baseball player horizontal bar high bar bathing cap swimming cap ocarina sweet potato volleyball hair spray whistle baseball
2788	0	50899413217	menu envelope web site website internet site site quill quill pen binder ring-binder book jacket dust cover dust jacket dust wrapper ballpoint ballpoint pen ballpen Biro fountain pen crossword puzzle crossword carton
2789	1	50954739643	revolver six-gun six-shooter holster assault rifle assault gun rifle scabbard can opener tin opener bow hard disc hard disk fixed disk scale weighing machine carpenter's kit tool kit
2790	0	50954751398	brass memorial tablet plaque menu cash machine cash dispenser automated teller machine automatic teller machine automated teller automatic teller ATM carton crate freight car ashcan trash can garbage can wastebin ash bin ash-bin ashbin dustbin trash barrel trash bin envelope tile roof pedestal plinth footstall
2791	0	50421443126	maze labyrinth patio terrace sundial park bench manhole cover lakeside lakeshore brass memorial tablet plaque umbrella stone wall greenhouse nursery glasshouse
2792	0	50421327916	monastery church church building tile roof bell cote bell cot palace patio terrace dome beacon lighthouse beacon light pharos picket fence paling library
2793	0	49742541778	altar hamper scale weighing machine toyshop pencil sharpener pot flowerpot ocarina sweet potato guillotine carpenter's kit tool kit plane carpenter's plane woodworking plane
2794	0	49935715421	sax saxophone cornet horn trumpet trump microphone mike stage sunglass maraca ladle sunglasses dark glasses shades loupe jeweler's loupe rifle
2795	0	49945044898	half track military uniform tractor Model T go-kart oxygen mask racer race car racing car garbage truck dustcart fire engine fire truck cannon
2796	0	48094526611	stage electric guitar acoustic guitar microphone mike banjo harmonica mouth organ harp mouth harp accordion piano accordion squeeze box unicycle monocycle cowboy hat ten-gallon hat drumstick
2797	0	47323990582	toyshop rifle marimba xylophone confectionery confectionary candy store tobacco shop tobacconist shop tobacconist guillotine chime bell gong assault rifle assault gun butcher shop meat market reel
2798	0	41308837510	microphone mike thimble lab coat laboratory coat stage cocktail shaker hammer suit suit of clothes Windsor tie hand blower blow dryer blow drier hair dryer hair drier water bottle
2799	0	51223294601	minivan grille radiator grille beach wagon station wagon wagon estate car beach waggon station waggon waggon pickup pickup truck minibus car wheel cab hack taxi taxicab recreational vehicle RV R.V. toaster sports car sport car
2800	0	51007301045	parking meter jinrikisha ricksha rickshaw street sign plastic bag chain saw chainsaw unicycle monocycle cab hack taxi taxicab bookshop bookstore bookstall ashcan trash can garbage can wastebin ash bin ash-bin ashbin dustbin trash barrel trash bin pole
2801	0	51000547127	binoculars field glasses opera glasses reflex camera gasmask respirator gas helmet mask microphone mike sunglasses dark glasses shades harmonica mouth organ harp mouth harp lens cap lens cover sunglass tripod
2802	0	50741784031	pickup pickup truck car wheel beach wagon station wagon wagon estate car beach waggon station waggon waggon grille radiator grille convertible racer race car racing car tow truck tow car wrecker sports car sport car passenger car coach carriage cab hack taxi taxicab
2803	0	50667597896	car mirror minivan seat belt seatbelt beach wagon station wagon wagon estate car beach waggon station waggon waggon limousine limo minibus jeep landrover television television system cab hack taxi taxicab screen CRT screen
2804	0	50866559997	moving van minibus jeep landrover ambulance school bus crane amphibian amphibious vehicle cab hack taxi taxicab police van police wagon paddy wagon patrol wagon wagon black Maria garbage truck dustcart
2805	0	50147949997	beach wagon station wagon wagon estate car beach waggon station waggon waggon pickup pickup truck cab hack taxi taxicab car wheel limousine limo racer race car racing car minivan ambulance grille radiator grille tow truck tow car wrecker
2806	0	50043229561	beach wagon station wagon wagon estate car beach waggon station waggon waggon car wheel limousine limo cab hack taxi taxicab crutch grille radiator grille miniskirt mini minivan pickup pickup truck racer race car racing car
2807	0	49343022893	racer race car racing car sports car sport car passenger car coach carriage car wheel go-kart convertible warplane military plane speedboat grille radiator grille pickup pickup truck
2808	0	49338489777	spotlight spot traffic light traffic signal stoplight pole tow truck tow car wrecker cab hack taxi taxicab fire engine fire truck suspension bridge crane parking meter torch
2809	0	49634552478	recreational vehicle RV R.V. minivan mobile home manufactured home sliding door shovel minibus greenhouse nursery glasshouse police van police wagon paddy wagon patrol wagon wagon black Maria barrow garden cart lawn cart wheelbarrow gas pump gasoline pump petrol pump island dispenser
2810	0	49550540912	sports car sport car racer race car racing car car wheel convertible grille radiator grille beach wagon station wagon wagon estate car beach waggon station waggon waggon passenger car coach carriage tow truck tow car wrecker pickup pickup truck cab hack taxi taxicab
2811	0	49174869916	screwdriver power drill carpenter's kit tool kit hammer plane carpenter's plane woodworking plane tobacco shop tobacconist shop tobacconist paintbrush mousetrap beaker shoe shop shoe-shop shoe store
2812	1	50852828197	cellular telephone cellular phone cellphone cell mobile phone sunglasses dark glasses shades hair spray sunglass lipstick lip rouge wig remote control remote lens cap lens cover miniskirt mini mortarboard
2813	0	50120805936	church church building tile roof thatch thatched roof monastery bell cote bell cot beacon lighthouse beacon light pharos prison prison house flagpole flagstaff library boathouse
2814	0	50104911826	packet carton crate envelope Band Aid rubber eraser rubber pencil eraser cassette nipple street sign toilet tissue toilet paper bathroom tissue
2815	0	47559383252	trolleybus trolley coach trackless trolley streetcar tram tramcar trolley trolley car passenger car coach carriage minibus school bus cab hack taxi taxicab traffic light traffic signal stoplight electric locomotive digital clock scale weighing machine
2816	0	48844451127	quill quill pen rule ruler paper towel tile roof letter opener paper knife paperknife fountain pen toilet tissue toilet paper bathroom tissue rubber eraser rubber pencil eraser gar garfish garpike billfish Lepisosteus osseus envelope
2817	0	48299152722	lifeboat fire engine fire truck torch unicycle monocycle paddle boat paddle drum membranophone tympan ambulance garbage truck dustcart marimba xylophone stage
2818	0	45320098055	beach wagon station wagon wagon estate car beach waggon station waggon waggon grille radiator grille cab hack taxi taxicab convertible car wheel limousine limo sports car sport car pickup pickup truck racer race car racing car police van police wagon paddy wagon patrol wagon wagon black Maria
2819	0	38904212144	hair slide buckle binoculars field glasses opera glasses joystick holster lens cap lens cover carpenter's kit tool kit hook claw necklace electric guitar
2820	0	38771420134	lens cap lens cover joystick loudspeaker speaker speaker unit loudspeaker system speaker system frying pan frypan skillet odometer hodometer mileometer milometer Dutch oven microphone mike radio wireless dumbbell seat belt seatbelt
2821	0	43750347901	puck hockey puck tricycle trike velocipede go-kart broom airliner wing racer race car racing car moving van shopping cart vacuum vacuum cleaner
2822	0	51116106956	grille radiator grille sports car sport car car mirror pickup pickup truck minivan convertible car wheel beach wagon station wagon wagon estate car beach waggon station waggon waggon washbasin handbasin washbowl lavabo wash-hand basin cab hack taxi taxicab
2823	0	51181831836	garbage truck dustcart snowplow snowplough traffic light traffic signal stoplight fire engine fire truck cab hack taxi taxicab moving van tow truck tow car wrecker ambulance trolleybus trolley coach trackless trolley streetcar tram tramcar trolley trolley car
2824	0	50979508911	triumphal arch cab hack taxi taxicab obelisk palace streetcar tram tramcar trolley trolley car vault police van police wagon paddy wagon patrol wagon wagon black Maria bell cote bell cot jinrikisha ricksha rickshaw umbrella
2825	0	50954908238	walking stick walkingstick stick insect ballpoint ballpoint pen ballpen Biro bannister banister balustrade balusters handrail ping-pong ball screwdriver paintbrush pool table billiard table snooker table harmonica mouth organ harp mouth harp rubber eraser rubber pencil eraser parallel bars bars
2826	0	50785802938	beach wagon station wagon wagon estate car beach waggon station waggon waggon car wheel grille radiator grille pickup pickup truck cab hack taxi taxicab tow truck tow car wrecker sports car sport car racer race car racing car minivan limousine limo
2827	0	50624408107	beach wagon station wagon wagon estate car beach waggon station waggon waggon grille radiator grille convertible pickup pickup truck cab hack taxi taxicab car wheel racer race car racing car sports car sport car passenger car coach carriage minivan
2828	0	50490196162	rapeseed daisy bee ant emmet pismire fly sulphur butterfly sulfur butterfly cabbage butterfly ladybug ladybeetle lady beetle ladybird ladybird beetle long-horned beetle longicorn longicorn beetle lycaenid lycaenid butterfly
2829	1	50177984466	lipstick lip rouge face powder wig perfume essence hair spray velvet hair slide sunscreen sunblock sun blocker lotion bikini two-piece
2830	0	50369879521	daisy ant emmet pismire bee fly ladybug ladybeetle lady beetle ladybird ladybird beetle rapeseed vase weevil cricket pot flowerpot
2831	0	49778035137	go-kart speedboat racer race car racing car container ship containership container vessel bobsled bobsleigh bob lifeboat airliner submarine pigboat sub U-boat scoreboard snowmobile
2832	0	49418809837	sports car sport car cab hack taxi taxicab grille radiator grille convertible car wheel racer race car racing car beach wagon station wagon wagon estate car beach waggon station waggon waggon school bus pickup pickup truck minivan
2833	0	48833763198	grille radiator grille sports car sport car pickup pickup truck racer race car racing car car wheel convertible beach wagon station wagon wagon estate car beach waggon station waggon waggon cab hack taxi taxicab passenger car coach carriage tow truck tow car wrecker
2834	0	48660509496	grille radiator grille drum membranophone tympan radiator electric fan blower accordion piano accordion squeeze box beach wagon station wagon wagon estate car beach waggon station waggon waggon Model T fire engine fire truck drumstick car wheel
2835	0	48646757021	cab hack taxi taxicab beach wagon station wagon wagon estate car beach waggon station waggon waggon tow truck tow car wrecker minivan car wheel snowplow snowplough jeep landrover parking meter pickup pickup truck shovel
2836	0	48623888833	warplane military plane projectile missile missile aircraft carrier carrier flattop attack aircraft carrier airliner wing space shuttle submarine pigboat sub U-boat bullet train bullet airship dirigible
2837	0	51104423697	convertible sports car sport car car wheel grille radiator grille beach wagon station wagon wagon estate car beach waggon station waggon waggon racer race car racing car pickup pickup truck amphibian amphibious vehicle miniskirt mini limousine limo
2838	0	50814445277	sliding door recreational vehicle RV R.V. minivan streetcar tram tramcar trolley trolley car bullet train bullet ambulance patio terrace moving van police van police wagon paddy wagon patrol wagon wagon black Maria passenger car coach carriage
2839	0	49327702271	sports car sport car convertible racer race car racing car car wheel grille radiator grille beach wagon station wagon wagon estate car beach waggon station waggon waggon limousine limo cab hack taxi taxicab pickup pickup truck minivan
2840	0	49593836706	beach wagon station wagon wagon estate car beach waggon station waggon waggon pickup pickup truck cab hack taxi taxicab car wheel grille radiator grille convertible minivan racer race car racing car sports car sport car tow truck tow car wrecker
2841	0	49102811553	racer race car racing car go-kart sports car sport car minibus passenger car coach carriage golfcart golf cart car wheel minivan amphibian amphibious vehicle pickup pickup truck
2842	0	49092280157	minivan limousine limo pickup pickup truck photocopier recreational vehicle RV R.V. passenger car coach carriage tow truck tow car wrecker printer cab hack taxi taxicab minibus
2843	0	48813561196	pickup pickup truck racer race car racing car tow truck tow car wrecker cab hack taxi taxicab sports car sport car limousine limo car wheel beach wagon station wagon wagon estate car beach waggon station waggon waggon passenger car coach carriage convertible
2844	0	49047889268	jinrikisha ricksha rickshaw grocery store grocery food market market marimba xylophone horse cart horse-cart toyshop ice lolly lolly lollipop popsicle bookshop bookstore bookstall barbershop butcher shop meat market pier
2845	0	48514050422	grille radiator grille convertible car wheel car mirror minivan beach wagon station wagon wagon estate car beach waggon station waggon waggon jeep landrover racer race car racing car sports car sport car cassette player
2846	0	46580997254	grille radiator grille sports car sport car limousine limo convertible toaster racer race car racing car grand piano grand car wheel minivan accordion piano accordion squeeze box
2847	0	47564728002	seashore coast seacoast sea-coast tank army tank armored combat vehicle armoured combat vehicle aircraft carrier carrier flattop attack aircraft carrier catamaran trimaran airliner amphibian amphibious vehicle recreational vehicle RV R.V. dock dockage docking facility promontory headland head foreland
2848	0	47220857722	tow truck tow car wrecker limousine limo pickup pickup truck fire engine fire truck minivan jeep landrover car wheel trailer truck tractor trailer trucking rig rig articulated lorry semi ambulance beach wagon station wagon wagon estate car beach waggon station waggon waggon
2849	0	47564727132	unicycle monocycle whistle crash helmet rugby ball mountain bike all-terrain bike off-roader alp stage bearskin busby shako bicycle-built-for-two tandem bicycle tandem ice lolly lolly lollipop popsicle
2850	0	45732933265	beach wagon station wagon wagon estate car beach waggon station waggon waggon sports car sport car limousine limo car wheel tow truck tow car wrecker racer race car racing car convertible grille radiator grille Model T minivan
2851	0	45732928815	crane solar dish solar collector solar furnace harvester reaper fireboat hook claw radio telescope radio reflector drilling platform offshore rig fire engine fire truck container ship containership container vessel radio wireless
2852	0	43508920865	racer race car racing car sports car sport car convertible car wheel tow truck tow car wrecker pickup pickup truck cab hack taxi taxicab beach wagon station wagon wagon estate car beach waggon station waggon waggon grille radiator grille passenger car coach carriage
2853	0	44156982994	sports car sport car car wheel beach wagon station wagon wagon estate car beach waggon station waggon waggon convertible grille radiator grille racer race car racing car minivan pickup pickup truck tow truck tow car wrecker cab hack taxi taxicab
2854	0	43065568470	cab hack taxi taxicab school bus car wheel grille radiator grille pickup pickup truck sports car sport car beach wagon station wagon wagon estate car beach waggon station waggon waggon harmonica mouth organ harp mouth harp modem space heater
2855	0	50885480221	military uniform restaurant eating house eating place eatery rifle cannon tank army tank armored combat vehicle armoured combat vehicle barbershop projectile missile tobacco shop tobacconist shop tobacconist missile sax saxophone
2856	0	50226283731	sports car sport car racer race car racing car grille radiator grille car wheel limousine limo convertible beach wagon station wagon wagon estate car beach waggon station waggon waggon pickup pickup truck minivan cab hack taxi taxicab
2857	0	49924019663	seat belt seatbelt sunglass ski mask sunglasses dark glasses shades revolver six-gun six-shooter rifle crash helmet assault rifle assault gun loupe jeweler's loupe neck brace
2858	0	51197785713	beach wagon station wagon wagon estate car beach waggon station waggon waggon grille radiator grille cab hack taxi taxicab sports car sport car car wheel racer race car racing car limousine limo convertible pickup pickup truck passenger car coach carriage
2859	0	51195729515	sports car sport car racer race car racing car car wheel beach wagon station wagon wagon estate car beach waggon station waggon waggon convertible pickup pickup truck grille radiator grille passenger car coach carriage cab hack taxi taxicab minivan
2860	0	51178317642	sports car sport car beach wagon station wagon wagon estate car beach waggon station waggon waggon convertible car wheel grille radiator grille racer race car racing car cab hack taxi taxicab pickup pickup truck passenger car coach carriage limousine limo
2861	0	51010653156	pickup pickup truck beach wagon station wagon wagon estate car beach waggon station waggon waggon tow truck tow car wrecker grille radiator grille cab hack taxi taxicab jeep landrover minibus ambulance fire engine fire truck minivan
2862	0	50992840228	grille radiator grille beach wagon station wagon wagon estate car beach waggon station waggon waggon convertible sports car sport car car wheel pickup pickup truck racer race car racing car minivan cab hack taxi taxicab limousine limo
2863	0	50614058906	sports car sport car convertible beach wagon station wagon wagon estate car beach waggon station waggon waggon car wheel racer race car racing car grille radiator grille cab hack taxi taxicab pickup pickup truck limousine limo amphibian amphibious vehicle
2864	0	50343760861	beach wagon station wagon wagon estate car beach waggon station waggon waggon pickup pickup truck car wheel racer race car racing car amphibian amphibious vehicle sports car sport car cab hack taxi taxicab grille radiator grille convertible tow truck tow car wrecker
2865	0	49907106422	beach wagon station wagon wagon estate car beach waggon station waggon waggon convertible grille radiator grille car wheel sports car sport car pickup pickup truck racer race car racing car limousine limo cab hack taxi taxicab tow truck tow car wrecker
2866	0	49656339883	beach wagon station wagon wagon estate car beach waggon station waggon waggon minivan grille radiator grille pickup pickup truck car wheel limousine limo tow truck tow car wrecker jeep landrover cab hack taxi taxicab convertible
2867	0	50945830982	pickup pickup truck beach wagon station wagon wagon estate car beach waggon station waggon waggon cab hack taxi taxicab convertible grille radiator grille car wheel sports car sport car tow truck tow car wrecker fire engine fire truck racer race car racing car
2868	0	50903217701	sports car sport car grille radiator grille beach wagon station wagon wagon estate car beach waggon station waggon waggon racer race car racing car passenger car coach carriage streetcar tram tramcar trolley trolley car fire engine fire truck cab hack taxi taxicab minibus minivan
2869	0	50801678376	sports car sport car convertible racer race car racing car car wheel grille radiator grille beach wagon station wagon wagon estate car beach waggon station waggon waggon pickup pickup truck limousine limo cab hack taxi taxicab passenger car coach carriage
2870	0	50723143712	beach wagon station wagon wagon estate car beach waggon station waggon waggon pickup pickup truck car wheel minivan cab hack taxi taxicab grille radiator grille car mirror racer race car racing car limousine limo tow truck tow car wrecker
2871	0	50596915107	racer race car racing car sports car sport car car wheel pickup pickup truck cab hack taxi taxicab beach wagon station wagon wagon estate car beach waggon station waggon waggon grille radiator grille tow truck tow car wrecker passenger car coach carriage convertible
2872	0	50188162813	sports car sport car grille radiator grille limousine limo convertible cab hack taxi taxicab racer race car racing car car wheel beach wagon station wagon wagon estate car beach waggon station waggon waggon tow truck tow car wrecker pickup pickup truck
2873	0	50152219647	jeep landrover fire engine fire truck pickup pickup truck tow truck tow car wrecker garbage truck dustcart amphibian amphibious vehicle ambulance snowplow snowplough car wheel police van police wagon paddy wagon patrol wagon wagon black Maria
2874	0	49160800513	beach wagon station wagon wagon estate car beach waggon station waggon waggon pickup pickup truck grille radiator grille passenger car coach carriage limousine limo car wheel convertible tow truck tow car wrecker cab hack taxi taxicab mobile home manufactured home
2875	0	49140808363	Model T tractor half track car wheel tow truck tow car wrecker horse cart horse-cart thresher thrasher threshing machine racer race car racing car pickup pickup truck lawn mower mower
2876	0	49589713816	altar church church building vault monastery organ pipe organ dome throne vestment bell cote bell cot triumphal arch
2877	0	49328526731	dome altar wall clock vault vestment organ pipe organ tray palace sundial analog clock
2878	0	50952167608	dome mosque beacon lighthouse beacon light pharos stupa tope planetarium yurt spotlight spot umbrella monastery church church building
2879	0	49195977568	quill quill pen menu slide rule slipstick upright upright piano crossword puzzle crossword envelope packet binder ring-binder book jacket dust cover dust jacket dust wrapper organ pipe organ
2880	0	51012261195	brass memorial tablet plaque sundial pedestal plinth footstall hatchet obelisk fountain stupa tope cannon bell cote bell cot megalith megalithic structure
2881	0	50738642261	umbrella sarong oxcart hoopskirt crinoline sombrero car mirror mountain tent jinrikisha ricksha rickshaw yurt poncho
2882	0	49577499361	ballplayer baseball player ski soccer ball parachute chute ski mask gasmask respirator gas helmet knee pad football helmet bannister banister balustrade balusters handrail tripod
2883	1	50446115912	maillot maillot tank suit miniskirt mini brassiere bra bandeau gown stole velvet overskirt hoopskirt crinoline wig
2884	0	51051806661	groom bridegroom gown vault bell cote bell cot greenhouse nursery glasshouse fountain dome pier kimono hoopskirt crinoline
2885	1	51038135761	kimono vestment groom bridegroom bow gown military uniform apron bearskin busby shako pajama pyjama pj's jammies academic gown academic robe judge's robe
2886	0	51133956766	oxcart ox horse cart horse-cart plow plough English foxhound bloodhound sleuthhound water buffalo water ox Asiatic buffalo Bubalus bubalis Walker hound Walker foxhound hog pig grunter squealer Sus scrofa stretcher
2887	0	50729774633	envelope binder ring-binder packet crate carton chest menu book jacket dust cover dust jacket dust wrapper paintbrush wallet billfold notecase pocketbook
2888	0	50862991027	comic book jigsaw puzzle toilet seat mask jack-o'-lantern book jacket dust cover dust jacket dust wrapper toyshop totem pole ocarina sweet potato rubber eraser rubber pencil eraser
2889	0	50566937072	plate rack crib cot cradle prison prison house bannister banister balustrade balusters handrail rocking chair rocker coil spiral volute whorl helix fire screen fireguard china cabinet china closet bakery bakeshop bakehouse
2890	1	47598677721	cradle crib cot bassinet diaper nappy napkin sleeping bag studio couch day bed pajama pyjama pj's jammies nipple quilt comforter comfort puff four-poster
2891	0	42454401335	teddy teddy bear wooden spoon plane carpenter's plane woodworking plane dragonfly darning needle devil's darning needle sewing needle snake feeder snake doctor mosquito hawk skeeter hawk acorn mousetrap banana hourglass thimble damselfly
2892	0	37198170040	dome tray vault mosque manhole cover bottlecap palace umbrella face powder church church building
2893	0	50991799912	ballpoint ballpoint pen ballpen Biro fountain pen crossword puzzle crossword rubber eraser rubber pencil eraser paintbrush quill quill pen rule ruler menu letter opener paper knife paperknife binder ring-binder
2894	0	50978927631	police van police wagon paddy wagon patrol wagon wagon black Maria minibus ambulance garbage truck dustcart moving van crane minivan tow truck tow car wrecker recreational vehicle RV R.V. stretcher
2895	0	50341083817	stage banjo assault rifle assault gun rifle electric guitar bassoon microphone mike trombone military uniform barbell
2896	1	50410737351	miniskirt mini velvet maillot cowboy boot maillot tank suit brassiere bra bandeau balance beam beam hoopskirt crinoline overskirt apron
2897	0	50539078287	cab hack taxi taxicab library cinema movie theater movie theatre movie house picture palace bookshop bookstore bookstall street sign analog clock traffic light traffic signal stoplight barbershop crane streetcar tram tramcar trolley trolley car
2898	0	40854550413	web site website internet site site window shade bow matchstick sliding door flagpole flagstaff traffic light traffic signal stoplight croquet ball umbrella abacus
2899	0	46651251445	convertible sports car sport car grille radiator grille pickup pickup truck racer race car racing car car wheel beach wagon station wagon wagon estate car beach waggon station waggon waggon warplane military plane red wine bobsled bobsleigh bob
2900	0	50778118163	rubber eraser rubber pencil eraser street sign binder ring-binder rule ruler packet perfume essence cinema movie theater movie theatre movie house picture palace cup ballpoint ballpoint pen ballpen Biro Band Aid
2901	0	50427523283	analog clock wall clock stopwatch stop watch digital clock digital watch dial telephone dial phone whistle odometer hodometer mileometer milometer barbell reel
2902	1	50991682681	fountain pen ballpoint ballpoint pen ballpen Biro crossword puzzle crossword paintbrush rubber eraser rubber pencil eraser syringe quill quill pen letter opener paper knife paperknife rule ruler loupe jeweler's loupe
2903	0	26739170679	gown cloak hoopskirt crinoline overskirt maypole mortarboard groom bridegroom bow vestment academic gown academic robe judge's robe
2904	0	50096125197	packet book jacket dust cover dust jacket dust wrapper web site website internet site site menu comic book pill bottle bottlecap bathing cap swimming cap brass memorial tablet plaque pinwheel
2905	0	50858110933	crossword puzzle crossword menu loupe jeweler's loupe ballpoint ballpoint pen ballpen Biro book jacket dust cover dust jacket dust wrapper binder ring-binder lens cap lens cover packet thimble hard disc hard disk fixed disk
2906	0	48447248286	throne altar church church building vault organ pipe organ monastery theater curtain theatre curtain vestment palace stupa tope
2907	0	45344070414	throne altar church church building vault monastery vestment theater curtain theatre curtain barbershop triumphal arch palace
2908	0	33255102873	vault monastery church church building palace library triumphal arch mosque organ pipe organ altar fountain
2909	0	49529515176	stage cinema movie theater movie theatre movie house picture palace spotlight spot loudspeaker speaker speaker unit loudspeaker system speaker system cash machine cash dispenser automated teller machine automatic teller machine automated teller automatic teller ATM microphone mike theater curtain theatre curtain television television system home theater home theatre slot one-armed bandit
2910	0	49524936616	grocery store grocery food market market marimba xylophone maze labyrinth bakery bakeshop bakehouse radio telescope radio reflector shoe shop shoe-shop shoe store library folding chair crutch restaurant eating house eating place eatery
2911	0	50361636181	pencil box pencil case stupa tope vestment harmonica mouth organ harp mouth harp gondola grand piano grand throne organ pipe organ cinema movie theater movie theatre movie house picture palace theater curtain theatre curtain
2912	1	50467201756	feather boa boa wig mask fur coat hair spray drumstick microphone mike maraca brassiere bra bandeau book jacket dust cover dust jacket dust wrapper
2913	1	49881889406	wig mask hair spray bearskin busby shako lipstick lip rouge wool woolen woollen fur coat face powder feather boa boa bikini two-piece
2914	0	51092900070	pole obelisk totem pole street sign chain saw chainsaw megalith megalithic structure beacon lighthouse beacon light pharos flagpole flagstaff lakeside lakeshore pedestal plinth footstall
2915	0	51002562247	jigsaw puzzle comic book toyshop stage theater curtain theatre curtain ocarina sweet potato maraca tray whistle altar
2916	0	50947208773	pedestal plinth footstall brass memorial tablet plaque fountain sundial obelisk totem pole washbasin handbasin washbowl lavabo wash-hand basin altar triumphal arch macaque
2917	1	50896614177	lumbermill sawmill broom shovel jinrikisha ricksha rickshaw swab swob mop tricycle trike velocipede turnstile cowboy boot barrow garden cart lawn cart wheelbarrow oxcart
2918	0	50863438383	snowplow snowplough dogsled dog sled dog sleigh snowmobile alp valley vale geyser bobsled bobsleigh bob shovel coyote prairie wolf brush wolf Canis latrans ski
2919	0	50583375092	seashore coast seacoast sea-coast alp valley vale volcano lakeside lakeshore promontory headland head foreland cliff drop drop-off sandbar sand bar balloon suspension bridge
2920	0	50678223403	park bench worm fence snake fence snake-rail fence Virginia fence stone wall birdhouse picket fence paling barn lakeside lakeshore megalith megalithic structure castle rapeseed
2921	0	50103787956	iPod radio wireless cellular telephone cellular phone cellphone cell mobile phone CD player loudspeaker speaker speaker unit loudspeaker system speaker system hard disc hard disk fixed disk Polaroid camera Polaroid Land camera reflex camera tape player cassette player
2922	0	49942793402	church church building monastery vault prison prison house palace mosque dome spotlight spot grand piano grand abaya
2923	0	50165660631	beacon lighthouse beacon light pharos promontory headland head foreland lakeside lakeshore soap dispenser cliff drop drop-off castle church church building breakwater groin groyne mole bulwark seawall jetty seashore coast seacoast sea-coast monastery
2924	0	49597903281	mask bubble carousel carrousel merry-go-round roundabout whirligig comic book cloak rule ruler paintbrush feather boa boa caldron cauldron umbrella
2925	0	49669110231	lumbermill sawmill megalith megalithic structure hay worm fence snake fence snake-rail fence Virginia fence maze labyrinth nail patio terrace park bench obelisk hammer
2926	0	51007937920	street sign crate brass memorial tablet plaque bookshop bookstore bookstall barbershop tobacco shop tobacconist shop tobacconist doormat welcome mat cinema movie theater movie theatre movie house picture palace manhole cover chainlink fence
2927	0	51002460271	totem pole basketball mask wooden spoon balloon fountain violin fiddle comic book revolver six-gun six-shooter throne
2928	0	51096764975	monastery patio terrace church church building tile roof palace castle bell cote bell cot beacon lighthouse beacon light pharos dome picket fence paling
2929	0	50389726658	comic book mask snorkel crash helmet shower cap feather boa boa bathing cap swimming cap book jacket dust cover dust jacket dust wrapper mountain bike all-terrain bike off-roader panpipe pandean pipe syrinx
2930	0	50336113248	dock dockage docking facility seashore coast seacoast sea-coast pier lakeside lakeshore promontory headland head foreland breakwater groin groyne mole bulwark seawall jetty aircraft carrier carrier flattop attack aircraft carrier steel arch bridge dam dike dyke wreck
2931	0	50193367536	banjo cowboy hat ten-gallon hat accordion piano accordion squeeze box drum membranophone tympan harmonica mouth organ harp mouth harp violin fiddle sax saxophone flute transverse flute marimba xylophone acoustic guitar
2932	0	50150307796	switch electric switch electrical switch gas pump gasoline pump petrol pump island dispenser magnetic compass scale weighing machine analog clock barometer sundial slide rule slipstick lighter light igniter ignitor padlock
2933	1	50079157987	sunglasses dark glasses shades bottlecap sunglass seat belt seatbelt hammer Band Aid crutch bow tie bow-tie bowtie neck brace mask
2934	0	49498936406	triumphal arch vault monastery prison prison house bell cote bell cot palace mosque gondola organ pipe organ cinema movie theater movie theatre movie house picture palace
2935	0	49447360468	cinema movie theater movie theatre movie house picture palace barbershop slot one-armed bandit vending machine restaurant eating house eating place eatery tobacco shop tobacconist shop tobacconist home theater home theatre pool table billiard table snooker table menu china cabinet china closet
2936	1	48449768977	jean blue jean denim miniskirt mini umbrella spider monkey Ateles geoffroyi jersey T-shirt tee shirt kimono gown backpack back pack knapsack packsack rucksack haversack squirrel monkey Saimiri sciureus bikini two-piece
2937	1	48448141252	wig sunglasses dark glasses shades cellular telephone cellular phone cellphone cell mobile phone hair spray coffee mug sunglass cleaver meat cleaver chopper loupe jeweler's loupe hair slide beer glass
2938	0	48350936136	mortarboard unicycle monocycle mailbox letter box parking meter racket racquet jinrikisha ricksha rickshaw sunglasses dark glasses shades garbage truck dustcart torch miniskirt mini
2939	0	46888749842	brass memorial tablet plaque cliff drop drop-off crate cliff dwelling Arabian camel dromedary Camelus dromedarius street sign megalith megalithic structure stone wall bakery bakeshop bakehouse obelisk
2940	0	44780517310	lakeside lakeshore alp valley vale volcano canoe sandbar sand bar geyser mountain bike all-terrain bike off-roader boathouse mountain tent
2941	0	46347323392	palace castle triumphal arch mosque monastery bell cote bell cot dome gondola fountain obelisk
2942	0	45074530034	stone wall picket fence paling worm fence snake fence snake-rail fence Virginia fence patio terrace prison prison house chainlink fence bannister banister balustrade balusters handrail birdhouse park bench mailbox letter box
2943	0	50581736507	traffic light traffic signal stoplight digital clock cab hack taxi taxicab jack-o'-lantern fountain cinema movie theater movie theatre movie house picture palace spotlight spot balloon church church building palace
2944	0	51197452572	promontory headland head foreland seashore coast seacoast sea-coast lakeside lakeshore cliff drop drop-off valley vale dam dike dyke sandbar sand bar alp castle coral reef
2945	0	51127173866	cliff drop drop-off promontory headland head foreland alp valley vale volcano seashore coast seacoast sea-coast lakeside lakeshore sandbar sand bar stupa tope dam dike dyke
2946	0	51127007186	carousel carrousel merry-go-round roundabout whirligig swing totem pole harp park bench centipede lumbermill sawmill hook claw plow plough horse cart horse-cart
2947	0	51127222543	park bench obelisk bell cote bell cot beacon lighthouse beacon light pharos lakeside lakeshore viaduct bannister banister balustrade balusters handrail megalith megalithic structure swing vault
2948	0	51015199241	baboon macaque langur patas hussar monkey Erythrocebus patas guenon guenon monkey gibbon Hylobates lar gorilla Gorilla gorilla capuchin ringtail Cebus capucinus spider monkey Ateles geoffroyi titi titi monkey
2949	0	50913730022	patio terrace bannister banister balustrade balusters handrail cannon beacon lighthouse beacon light pharos park bench solar dish solar collector solar furnace dam dike dyke monastery radio telescope radio reflector washbasin handbasin washbowl lavabo wash-hand basin
2950	0	50713219097	bakery bakeshop bakehouse hot pot hotpot plate tray restaurant eating house eating place eatery ice cream icecream trifle dining table board wok espresso
2951	0	50730864717	pinwheel coil spiral volute whorl helix confectionery confectionary candy store grand piano grand sombrero accordion piano accordion squeeze box sunglasses dark glasses shades organ pipe organ shoe shop shoe-shop shoe store seat belt seatbelt
2952	0	50394418363	seashore coast seacoast sea-coast lakeside lakeshore sandbar sand bar breakwater groin groyne mole bulwark seawall jetty wreck beacon lighthouse beacon light pharos promontory headland head foreland starfish sea star park bench pole
2953	0	50434306493	bell cote bell cot monastery unicycle monocycle prison prison house tile roof church church building triumphal arch beacon lighthouse beacon light pharos mountain bike all-terrain bike off-roader alp
2954	0	51101344805	web site website internet site site sleeping bag Band Aid stretcher television television system bobsled bobsleigh bob comic book bulletproof vest ski envelope
2955	0	51106136951	military uniform suit suit of clothes bow tie bow-tie bowtie bulletproof vest Windsor tie stretcher prison prison house kimono groom bridegroom lab coat laboratory coat
2956	0	50953824471	beacon lighthouse beacon light pharos pedestal plinth footstall obelisk pole birdhouse stinkhorn carrion fungus picket fence paling totem pole mosque agaric
2957	0	50341338647	book jacket dust cover dust jacket dust wrapper comic book street sign Band Aid doormat welcome mat punching bag punch bag punching ball punchball traffic light traffic signal stoplight jersey T-shirt tee shirt rule ruler web site website internet site site
2958	0	50144994153	ballplayer baseball player puck hockey puck knee pad ski football helmet bobsled bobsleigh bob military uniform crash helmet ski mask stretcher
2959	0	51100953511	triumphal arch vault monastery altar palace organ pipe organ church church building dome pedestal plinth footstall library
2960	0	49288750553	stethoscope bolo tie bolo bola tie bola vestment loupe jeweler's loupe cornet horn trumpet trump mortarboard oboe hautboy hautbois French horn horn buckle lab coat laboratory coat
2961	1	49494342013	vestment altar academic gown academic robe judge's robe breastplate aegis egis accordion piano accordion squeeze box mortarboard church church building scabbard oboe hautboy hautbois throne
2962	0	40747923933	vestment lab coat laboratory coat trench coat mosque torch altar restaurant eating house eating place eatery abaya cash machine cash dispenser automated teller machine automatic teller machine automated teller automatic teller ATM barbershop
2963	0	46899380354	altar vestment organ pipe organ church church building vault monastery throne grand piano grand restaurant eating house eating place eatery theater curtain theatre curtain
2964	0	50122683517	castle obelisk pedestal plinth footstall megalith megalithic structure sundial stupa tope bell cote bell cot cannon palace fountain
2965	0	49989238738	water tower barn planetarium beacon lighthouse beacon light pharos dome greenhouse nursery glasshouse tile roof patio terrace bell cote bell cot church church building
2966	0	49322314948	dome vault monastery bell cote bell cot analog clock viaduct traffic light traffic signal stoplight church church building car wheel loudspeaker speaker speaker unit loudspeaker system speaker system
2967	0	49322314663	vault dome bell cote bell cot triumphal arch monastery church church building altar palace viaduct coil spiral volute whorl helix
2968	1	51122464981	restaurant eating house eating place eatery china cabinet china closet dining table board organ pipe organ cinema movie theater movie theatre movie house picture palace marimba xylophone grand piano grand bow tie bow-tie bowtie bassoon pool table billiard table snooker table
2969	1	39371737070	accordion piano accordion squeeze box brass memorial tablet plaque suit suit of clothes cash machine cash dispenser automated teller machine automatic teller machine automated teller automatic teller ATM prison prison house cassette pay-phone pay-station vending machine ashcan trash can garbage can wastebin ash bin ash-bin ashbin dustbin trash barrel trash bin television television system
2970	0	34051995054	palace monastery castle church church building triumphal arch vault mosque bell cote bell cot altar dome
2971	0	50080947153	trench coat flute transverse flute assault rifle assault gun rifle fur coat shield buckler torch cowboy hat ten-gallon hat bow panpipe pandean pipe syrinx
2972	0	51188242904	palace dome mosque obelisk triumphal arch library planetarium fountain vault greenhouse nursery glasshouse
2973	0	50817123616	altar church church building vault monastery organ pipe organ bell cote bell cot dome wall clock triumphal arch analog clock
2974	0	49840373358	mask shield buckler vestment swab swob mop chain mail ring mail mail chain armor chain armour ring armor ring armour brass memorial tablet plaque fountain altar toilet seat breastplate aegis egis
2975	0	49192730217	vault church church building altar monastery organ pipe organ dome palace window screen bell cote bell cot triumphal arch
2976	0	31512547637	palace monastery stupa tope bell cote bell cot tile roof throne church church building organ pipe organ carousel carrousel merry-go-round roundabout whirligig castle
2977	0	41078453262	altar vestment cloak theater curtain theatre curtain wardrobe closet press throne vault abaya church church building shower curtain
2978	0	36065095424	church church building vault bell cote bell cot monastery triumphal arch boathouse castle birdhouse bannister banister balustrade balusters handrail park bench
2979	0	26731666820	triumphal arch vault altar bell cote bell cot palace fountain church church building monastery castle mosque
2980	0	49854690301	breakwater groin groyne mole bulwark seawall jetty pier lab coat laboratory coat lakeside lakeshore sarong reel vestment groom bridegroom dock dockage docking facility dam dike dyke
2981	0	49430259106	prayer rug prayer mat wardrobe closet press theater curtain theatre curtain punching bag punch bag punching ball punchball shower curtain clog geta patten sabot bookshop bookstore bookstall jean blue jean denim totem pole paintbrush
2982	0	49846549021	stupa tope monastery palace dome altar mosque church church building sombrero vault bell cote bell cot
2983	0	49483552697	monastery mosque palace castle bell cote bell cot obelisk triumphal arch dome prison prison house church church building
2984	0	49482850128	triumphal arch suspension bridge monastery vault obelisk bell cote bell cot pedestal plinth footstall pier fountain mosque
2985	0	49783691798	beacon lighthouse beacon light pharos dome monastery mosque church church building patio terrace castle solar dish solar collector solar furnace palace tile roof
2986	0	49760357991	cinema movie theater movie theatre movie house picture palace obelisk stage palace dome fountain church church building triumphal arch jigsaw puzzle flagpole flagstaff
2987	0	49672699407	medicine chest medicine cabinet washbasin handbasin washbowl lavabo wash-hand basin pool table billiard table snooker table home theater home theatre dining table board tub vat window shade wardrobe closet press table lamp desk
2988	0	51014600820	ping-pong ball stage maraca microphone mike drumstick racket racquet pick plectrum plectron whistle acoustic guitar trombone
2989	0	50998864980	packet cassette handkerchief hankie hanky hankey freight car rubber eraser rubber pencil eraser wallet billfold notecase pocketbook carton mousetrap book jacket dust cover dust jacket dust wrapper crate
2990	0	50642174076	triumphal arch monastery vault mosque palace dome stupa tope bell cote bell cot tile roof pedestal plinth footstall
2991	0	50058729592	mosque dome monastery bell cote bell cot planetarium palace castle triumphal arch water tower church church building
2992	0	51222659810	restaurant eating house eating place eatery dining table board grocery store grocery food market market pool table billiard table snooker table tobacco shop tobacconist shop tobacconist patio terrace window shade bakery bakeshop bakehouse grand piano grand plate
2993	0	51070625241	church church building monastery bell cote bell cot dome vault mosque tile roof castle altar palace
2994	0	51070114377	barn church church building boathouse thatch thatched roof alp bell cote bell cot tile roof hay worm fence snake fence snake-rail fence Virginia fence megalith megalithic structure
2995	0	51118587246	mobile home manufactured home worm fence snake fence snake-rail fence Virginia fence barn apiary bee house yurt megalith megalithic structure park bench picket fence paling radio telescope radio reflector flagpole flagstaff
2996	0	50893597481	palace lakeside lakeshore castle fountain maze labyrinth mosque sundial obelisk monastery triumphal arch
2997	0	50857515912	pedestal plinth footstall ashcan trash can garbage can wastebin ash bin ash-bin ashbin dustbin trash barrel trash bin apiary bee house sundial megalith megalithic structure brass memorial tablet plaque chest mailbox letter box crate altar
2998	0	50763407156	lakeside lakeshore Ibizan hound Ibizan Podenco schooner goose gondola palace dock dockage docking facility pelican pier yawl
2999	0	50435484557	monastery church church building palace vault prayer rug prayer mat tile roof castle prison prison house dome library
3000	0	50495004308	scabbard soap dispenser hatchet shield buckler rifle hook claw corkscrew bottle screw hammer pedestal plinth footstall revolver six-gun six-shooter
3001	0	50412801492	church church building bell cote bell cot monastery boathouse tile roof barn beacon lighthouse beacon light pharos dome castle picket fence paling
3002	0	50408257863	monastery triumphal arch vault church church building cinema movie theater movie theatre movie house picture palace altar dome barometer pedestal plinth footstall palace
3003	0	50380626791	mosque church church building bell cote bell cot monastery dome cinema movie theater movie theatre movie house picture palace altar palace vault castle
3004	0	50375587508	cinema movie theater movie theatre movie house picture palace turnstile restaurant eating house eating place eatery sliding door spotlight spot pay-phone pay-station guillotine stage cash machine cash dispenser automated teller machine automatic teller machine automated teller automatic teller ATM traffic light traffic signal stoplight
3005	0	50202808511	balloon stupa tope valley vale alp lakeside lakeshore dome crane wing cliff drop drop-off airship dirigible
3006	0	50237504727	church church building monastery bell cote bell cot tile roof dome castle beacon lighthouse beacon light pharos mosque birdhouse vault
3007	0	50145420711	church church building bell cote bell cot castle monastery mosque vault dome cannon stupa tope megalith megalithic structure
3008	0	49838630921	traffic light traffic signal stoplight street sign ashcan trash can garbage can wastebin ash bin ash-bin ashbin dustbin trash barrel trash bin pole streetcar tram tramcar trolley trolley car trolleybus trolley coach trackless trolley library mailbox letter box cinema movie theater movie theatre movie house picture palace parking meter
3009	0	49869971476	altar sewing machine throne wardrobe closet press stage steam locomotive guillotine analog clock wall clock prayer rug prayer mat
3010	0	51097722374	church church building flagpole flagstaff stupa tope obelisk mosque wing dome missile projectile missile gar garfish garpike billfish Lepisosteus osseus
3011	0	50639335406	triumphal arch monastery vault dome bell cote bell cot birdhouse palace pedestal plinth footstall fountain mask
3012	0	50605734062	church church building bell cote bell cot monastery castle tile roof dome thatch thatched roof vault barn palace
3013	0	49984214458	monastery vault triumphal arch church church building palace bell cote bell cot mosque altar castle dome
3014	0	51059201651	megalith megalithic structure stone wall castle viaduct cliff drop drop-off park bench valley vale lakeside lakeshore rapeseed flagpole flagstaff
3015	0	51221630179	vault triumphal arch prison prison house jinrikisha ricksha rickshaw crutch cinema movie theater movie theatre movie house picture palace analog clock unicycle monocycle tobacco shop tobacconist shop tobacconist stage
3016	0	50632174843	church church building bell cote bell cot monastery vault altar dome castle analog clock cinema movie theater movie theatre movie house picture palace tile roof
3017	0	50515412581	brass memorial tablet plaque manhole cover sundial menu packet pedestal plinth footstall book jacket dust cover dust jacket dust wrapper obelisk trilobite doormat welcome mat
3018	0	50417065997	church church building monastery mosque dome vault palace bell cote bell cot altar cinema movie theater movie theatre movie house picture palace library
3019	0	49756714558	vault triumphal arch monastery bell cote bell cot suspension bridge church church building viaduct altar organ pipe organ palace
3020	0	48989519517	church church building monastery palace mosque dome vault viaduct castle tile roof obelisk
3021	0	48434030246	steam locomotive cannon fountain palace volcano castle dam dike dyke geyser patio terrace greenhouse nursery glasshouse
3022	0	33859175468	tile roof monastery bell cote bell cot church church building valley vale dome thatch thatched roof alp patio terrace vault
3023	0	46213580594	moving van brass memorial tablet plaque cinema movie theater movie theatre movie house picture palace library monastery triumphal arch flagpole flagstaff screen CRT screen trailer truck tractor trailer trucking rig rig articulated lorry semi bell cote bell cot
3024	0	31786513297	church church building monastery altar dome palace bell cote bell cot vault mosque throne vestment
3025	0	31345838347	cinema movie theater movie theatre movie house picture palace library palace restaurant eating house eating place eatery triumphal arch flagpole flagstaff obelisk barbershop bookshop bookstore bookstall tobacco shop tobacconist shop tobacconist
3026	0	30340538058	organ pipe organ vault church church building altar monastery bell cote bell cot palace dome triumphal arch prison prison house
3027	0	43547086002	steam locomotive tank army tank armored combat vehicle armoured combat vehicle steel arch bridge dome gondola viaduct triceratops banjo cuirass fountain
3028	0	41493049245	church church building organ pipe organ triumphal arch palace altar vault gondola castle monastery library
3029	0	42804104591	vault altar organ pipe organ dome china cabinet china closet church church building palace monastery vestment window shade
3030	0	28562346748	park bench birdhouse megalith megalithic structure swing worm fence snake fence snake-rail fence Virginia fence picket fence paling rocking chair rocker chain saw chainsaw stone wall barrow garden cart lawn cart wheelbarrow
3031	0	50956723852	house finch linnet Carpodacus mexicanus brambling Fringilla montifringilla bee eater goldfinch Carduelis carduelis indigo bunting indigo finch indigo bird Passerina cyanea lorikeet hip rose hip rosehip robin American robin Turdus migratorius junco snowbird hummingbird
3032	0	49545446648	tile roof maze labyrinth stone wall chain half track screw cup megalith megalithic structure tank army tank armored combat vehicle armoured combat vehicle sundial
3033	0	50628517973	quill quill pen mousetrap plane carpenter's plane woodworking plane thresher thrasher threshing machine cannon black grouse hatchet hare hay rifle
3034	0	49830214957	cliff dwelling monastery vault bell cote bell cot cliff drop drop-off patio terrace castle washbasin handbasin washbowl lavabo wash-hand basin palace church church building
3035	0	49799736962	bell cote bell cot church church building monastery beacon lighthouse beacon light pharos dome castle analog clock palace vault tile roof
3036	0	49904714223	vault church church building altar monastery palace throne triumphal arch organ pipe organ dome bell cote bell cot
3037	0	49790922231	shoe shop shoe-shop shoe store street sign sweatshirt unicycle monocycle poncho ballplayer baseball player crutch sunglasses dark glasses shades ashcan trash can garbage can wastebin ash bin ash-bin ashbin dustbin trash barrel trash bin jean blue jean denim
3038	0	50601439007	shield buckler tile roof monastery palace throne chest stupa tope vault altar theater curtain theatre curtain
3039	0	49626817681	monastery tile roof palace bell cote bell cot stupa tope triumphal arch jinrikisha ricksha rickshaw patio terrace vault thatch thatched roof
3040	0	49626293443	throne wall clock altar organ pipe organ chime bell gong pedestal plinth footstall bell cote bell cot palace monastery church church building
3041	0	49738468466	toyshop bookshop bookstore bookstall tobacco shop tobacconist shop tobacconist shoe shop shoe-shop shoe store comic book confectionery confectionary candy store grocery store grocery food market market butcher shop meat market barbershop library
3042	0	49918300612	stupa tope palace dome monastery mosque triumphal arch obelisk church church building fountain pedestal plinth footstall
3043	0	49710630446	triumphal arch pedestal plinth footstall stupa tope obelisk monastery fountain brass memorial tablet plaque vault shield buckler altar
3044	0	51218006718	trombone cornet horn trumpet trump bearskin busby shako ocarina sweet potato panpipe pandean pipe syrinx drum membranophone tympan flute transverse flute steel drum harmonica mouth organ harp mouth harp oboe hautboy hautbois
3045	0	49416075527	vault candle taper wax light prison prison house megalith megalithic structure bell cote bell cot monastery ashcan trash can garbage can wastebin ash bin ash-bin ashbin dustbin trash barrel trash bin patio terrace turnstile rain barrel
3046	0	50866934706	vault dome monastery church church building umbrella altar bow stupa tope carousel carrousel merry-go-round roundabout whirligig mosque
3047	0	49375553148	screen CRT screen soap dispenser monitor iPod desktop computer sliding door loudspeaker speaker speaker unit loudspeaker system speaker system cash machine cash dispenser automated teller machine automatic teller machine automated teller automatic teller ATM mouse computer mouse television television system
3048	0	33992974538	ping-pong ball balloon punching bag punch bag punching ball punchball library pool table billiard table snooker table carton toyshop comic book maraca confectionery confectionary candy store
3049	0	49457440626	parallel bars bars horizontal bar high bar pole bannister banister balustrade balusters handrail crutch unicycle monocycle neck brace balance beam beam guillotine stretcher
3050	0	50971696961	jersey T-shirt tee shirt sweatshirt drumstick abaya cellular telephone cellular phone cellphone cell mobile phone academic gown academic robe judge's robe shower cap bassoon cloak sax saxophone
3051	0	50171234417	goose drake American coot marsh hen mud hen water hen Fulica americana red-breasted merganser Mergus serrator black swan Cygnus atratus lakeside lakeshore pelican crane prairie chicken prairie grouse prairie fowl terrapin
3052	0	46968296802	crossword puzzle crossword menu web site website internet site site nematode nematode worm roundworm oxygen mask breastplate aegis egis whistle hook claw shovel measuring cup
3053	0	31947430297	packet carton cash machine cash dispenser automated teller machine automatic teller machine automated teller automatic teller ATM menu Band Aid vending machine envelope torch gas pump gasoline pump petrol pump island dispenser garbage truck dustcart
3054	0	49445481436	stage tobacco shop tobacconist shop tobacconist wig shoe shop shoe-shop shoe store street sign toyshop sunglasses dark glasses shades mailbag postbag jean blue jean denim ashcan trash can garbage can wastebin ash bin ash-bin ashbin dustbin trash barrel trash bin
3055	0	50676649441	fur coat silky terrier Sydney silky wig Yorkshire terrier wool woolen woollen jean blue jean denim miniskirt mini stole hair spray Lhasa Lhasa apso
3056	0	50810028052	Band Aid pick plectrum plectron rubber eraser rubber pencil eraser ping-pong ball matchstick microphone mike lipstick lip rouge thimble stage golf ball
3057	1	48644847593	brass memorial tablet plaque book jacket dust cover dust jacket dust wrapper doormat welcome mat menu safe binder ring-binder lighter light igniter ignitor sewing machine padlock mailbox letter box
3058	0	50978909731	pencil box pencil case purse wallet billfold notecase pocketbook rubber eraser rubber pencil eraser iPod handkerchief hankie hanky hankey ballpoint ballpoint pen ballpen Biro bib packet syringe
3059	1	51022454716	perfume essence pick plectrum plectron brass memorial tablet plaque book jacket dust cover dust jacket dust wrapper lotion packet wallet billfold notecase pocketbook stopwatch stop watch face powder envelope
3060	0	50782703171	pitcher ewer water jug coffeepot vase teapot cup whiskey jug coffee mug goblet pot flowerpot
3061	0	50025899671	handkerchief hankie hanky hankey miniskirt mini bathing cap swimming cap sunscreen sunblock sun blocker cellular telephone cellular phone cellphone cell mobile phone water bottle jean blue jean denim volleyball water jug unicycle monocycle
3062	0	49869461948	bathing cap swimming cap lakeside lakeshore breakwater groin groyne mole bulwark seawall jetty sandbar sand bar swimming trunks bathing trunks pier dock dockage docking facility seashore coast seacoast sea-coast lifeboat bucket pail
3063	0	34694702115	palace triumphal arch limousine limo bell cote bell cot obelisk mosque vestment cinema movie theater movie theatre movie house picture palace monastery castle
3064	0	51220422663	beer glass beer bottle bottlecap centipede soup bowl cockroach roach consomme espresso pitcher ewer pill bottle
3065	0	51175382972	barbershop restaurant eating house eating place eatery abaya bakery bakeshop bakehouse barber chair vestment hair spray toilet seat stretcher mosque
3066	0	49580552496	fountain spider web spider's web palace vault monastery suspension bridge maze labyrinth throne harp castle
3067	0	50980777118	microphone mike stage drumstick drum membranophone tympan power drill spotlight spot tripod lens cap lens cover loudspeaker speaker speaker unit loudspeaker system speaker system radio wireless
3068	0	50733487128	scoreboard crossword puzzle crossword menu corn odometer hodometer mileometer milometer digital clock digital watch book jacket dust cover dust jacket dust wrapper oscilloscope scope cathode-ray oscilloscope CRO cellular telephone cellular phone cellphone cell mobile phone
3069	0	51170220424	planetarium cinema movie theater movie theatre movie house picture palace library bookshop bookstore bookstall mosque bell cote bell cot flagpole flagstaff brass memorial tablet plaque church church building sundial
3070	0	51055701013	pretzel stage mountain bike all-terrain bike off-roader unicycle monocycle grocery store grocery food market market balloon toyshop comic book ski mask shoe shop shoe-shop shoe store
3071	0	36168212505	vacuum vacuum cleaner totem pole pole pay-phone pay-station pedestal plinth footstall parking meter gas pump gasoline pump petrol pump island dispenser mailbox letter box umbrella traffic light traffic signal stoplight
3072	0	50366087123	sandbar sand bar golfcart golf cart lumbermill sawmill stage bathing cap swimming cap half track patio terrace thresher thrasher threshing machine marimba xylophone carousel carrousel merry-go-round roundabout whirligig
3073	0	50378077428	soccer ball ice lolly lolly lollipop popsicle barrow garden cart lawn cart wheelbarrow balance beam beam maypole rugby ball cellular telephone cellular phone cellphone cell mobile phone bucket pail sunglasses dark glasses shades bubble
3074	0	50111134048	nail coral fungus hay syringe common iguana iguana Iguana iguana walking stick walkingstick stick insect echidna spiny anteater anteater paintbrush broom screw
3075	0	49054049113	thatch thatched roof beacon lighthouse beacon light pharos picket fence paling monastery flagpole flagstaff palace mobile home manufactured home tile roof barn dome
3076	0	48682799417	toyshop ashcan trash can garbage can wastebin ash bin ash-bin ashbin dustbin trash barrel trash bin comic book moving van crash helmet vault vending machine barbershop bobsled bobsleigh bob planetarium
3077	0	48671556808	swing panpipe pandean pipe syrinx sarong yurt marimba xylophone volleyball lumbermill sawmill sandbar sand bar plunger plumber's helper croquet ball
3078	0	48474522512	projector loupe jeweler's loupe cellular telephone cellular phone cellphone cell mobile phone notebook notebook computer lab coat laboratory coat waffle iron Polaroid camera Polaroid Land camera drum membranophone tympan reflex camera barbershop
3079	0	31789306487	harmonica mouth organ harp mouth harp stage microphone mike fur coat flute transverse flute oboe hautboy hautbois panpipe pandean pipe syrinx cellular telephone cellular phone cellphone cell mobile phone whistle chain mail ring mail mail chain armor chain armour ring armor ring armour
3080	0	43344625431	acoustic guitar stage microphone mike electric guitar banjo sax saxophone pick plectrum plectron accordion piano accordion squeeze box harmonica mouth organ harp mouth harp panpipe pandean pipe syrinx
3081	0	39945782622	restaurant eating house eating place eatery doormat welcome mat bakery bakeshop bakehouse tobacco shop tobacconist shop tobacconist altar confectionery confectionary candy store grocery store grocery food market market broom vault cinema movie theater movie theatre movie house picture palace
3082	0	50300071143	patio terrace palace sundial picket fence paling triumphal arch sunglass dam dike dyke gondola worm fence snake fence snake-rail fence Virginia fence binoculars field glasses opera glasses
3083	0	49466642598	pedestal plinth footstall obelisk totem pole triumphal arch chain saw chainsaw fountain pole brass memorial tablet plaque megalith megalithic structure stupa tope
3084	0	51202763462	parachute chute triumphal arch seashore coast seacoast sea-coast sandbar sand bar limousine limo tow truck tow car wrecker swimming trunks bathing trunks jinrikisha ricksha rickshaw umbrella pelican
3085	0	51196698954	suit suit of clothes Windsor tie bow tie bow-tie bowtie bookshop bookstore bookstall library groom bridegroom trench coat Loafer military uniform bolo tie bolo bola tie bola
3086	0	51149593255	dining table board Dutch oven restaurant eating house eating place eatery plate potter's wheel hot pot hotpot Dungeness crab Cancer magister patio terrace caldron cauldron pizza pizza pie
3087	0	50853445473	beach wagon station wagon wagon estate car beach waggon station waggon waggon grille radiator grille cab hack taxi taxicab pickup pickup truck passenger car coach carriage racer race car racing car car wheel convertible minivan tow truck tow car wrecker
3088	0	50724986162	swing binoculars field glasses opera glasses sweatshirt ski mask cowboy hat ten-gallon hat ballplayer baseball player jean blue jean denim coho cohoe coho salmon blue jack silver salmon Oncorhynchus kisutch horizontal bar high bar balance beam beam
3089	0	50304131662	swing bald eagle American eagle Haliaeetus leucocephalus puck hockey puck baboon dogsled dog sled dog sleigh stupa tope tray maze labyrinth ibex Capra ibex cockroach roach
3090	0	50163192282	suit suit of clothes Windsor tie groom bridegroom bolo tie bolo bola tie bola bow tie bow-tie bowtie Loafer mortarboard academic gown academic robe judge's robe notebook notebook computer trench coat
3091	0	50147000333	bee honeycomb tarantula apiary bee house cardoon wolf spider hunting spider barn spider Araneus cavaticus fly Brabancon griffon dung beetle
3092	0	50085260432	Model T car wheel racer race car racing car sports car sport car pickup pickup truck go-kart horse cart horse-cart tricycle trike velocipede convertible half track
3093	1	49839589161	paddle boat paddle canoe reel go-kart lawn mower mower amphibian amphibious vehicle gondola bikini two-piece racket racquet speedboat
3094	0	49822143422	punching bag punch bag punching ball punchball maraca dumbbell power drill hand blower blow dryer blow drier hair dryer hair drier knee pad plunger plumber's helper joystick barbell balloon
3095	0	50261539318	golf ball ballplayer baseball player pole baseball broom umbrella croquet ball swab swob mop lawn mower mower reel
3096	0	49853096042	book jacket dust cover dust jacket dust wrapper pickelhaube comic book rifle military uniform tobacco shop tobacconist shop tobacconist guillotine bookshop bookstore bookstall sax saxophone cash machine cash dispenser automated teller machine automatic teller machine automated teller automatic teller ATM
3097	0	51210844056	goose black swan Cygnus atratus drake American coot marsh hen mud hen water hen Fulica americana lakeside lakeshore red-breasted merganser Mergus serrator crane water snake Siamese cat Siamese pelican
3098	0	44439992194	baboon macaque guenon guenon monkey patas hussar monkey Erythrocebus patas titi titi monkey langur spider monkey Ateles geoffroyi squirrel monkey Saimiri sciureus capuchin ringtail Cebus capucinus chimpanzee chimp Pan troglodytes
3099	0	50443449953	lakeside lakeshore valley vale church church building castle stone wall seashore coast seacoast sea-coast alp beacon lighthouse beacon light pharos mountain tent volcano
3100	0	50402361676	abacus harmonica mouth organ harp mouth harp wooden spoon stethoscope lens cap lens cover screwdriver maraca crib cot drumstick remote control remote
3101	0	49664160077	cradle diaper nappy napkin crib cot bassinet pajama pyjama pj's jammies nipple bib swing hamper wooden spoon
3102	0	49023545263	palace thatch thatched roof bell cote bell cot monastery castle lakeside lakeshore triumphal arch park bench megalith megalithic structure church church building
3103	0	49275901711	jersey T-shirt tee shirt sweatshirt jean blue jean denim breastplate aegis egis miniskirt mini bulletproof vest ashcan trash can garbage can wastebin ash bin ash-bin ashbin dustbin trash barrel trash bin cloak military uniform pajama pyjama pj's jammies
3104	0	48940614121	alp lakeside lakeshore valley vale coho cohoe coho salmon blue jack silver salmon Oncorhynchus kisutch volcano mountain tent sweatshirt tripod plastic bag sturgeon
3105	0	48845087036	pajama pyjama pj's jammies water jug water bottle hair spray punching bag punch bag punching ball punchball Band Aid diaper nappy napkin military uniform sunscreen sunblock sun blocker paper towel
3106	0	48327988367	volcano lakeside lakeshore valley vale alp balloon yurt mountain tent radio telescope radio reflector Arabian camel dromedary Camelus dromedarius stupa tope
3107	1	48522405601	balance beam beam binoculars field glasses opera glasses cowboy hat ten-gallon hat ice lolly lolly lollipop popsicle maraca bonnet poke bonnet knee pad horizontal bar high bar sunglasses dark glasses shades wooden spoon
3108	0	46037967735	military uniform assault rifle assault gun bulletproof vest half track pajama pyjama pj's jammies rifle stretcher projectile missile tank army tank armored combat vehicle armoured combat vehicle knee pad
3109	0	32145655298	feather boa boa unicycle monocycle torch marimba xylophone stage maraca mask steel drum guillotine maypole
3110	0	49317672998	cliff drop drop-off valley vale promontory headland head foreland cliff dwelling volcano seashore coast seacoast sea-coast dam dike dyke sandbar sand bar alp balloon
3111	1	50493245663	web site website internet site site envelope menu screen CRT screen ski rule ruler packet television television system refrigerator icebox monitor
3112	1	50254927211	monitor screen CRT screen web site website internet site site desktop computer notebook notebook computer laptop laptop computer television television system envelope computer keyboard keypad home theater home theatre
3113	1	49259132338	horizontal bar high bar dishwasher dish washer dishwashing machine knee pad balance beam beam diaper nappy napkin tricycle trike velocipede parallel bars bars Band Aid paintbrush scale weighing machine
3114	0	50896595143	chickadee bulbul junco snowbird indigo bunting indigo finch indigo bird Passerina cyanea goldfinch Carduelis carduelis jacamar house finch linnet Carpodacus mexicanus jay magpie brambling Fringilla montifringilla
3115	0	50353764966	library restaurant eating house eating place eatery home theater home theatre grand piano grand prison prison house dining table board television television system loudspeaker speaker speaker unit loudspeaker system speaker system projector folding chair
3116	0	50000598701	bathing cap swimming cap sandbar sand bar ballplayer baseball player swimming trunks bathing trunks Arabian camel dromedary Camelus dromedarius volleyball loggerhead loggerhead turtle Caretta caretta snorkel ostrich Struthio camelus plunger plumber's helper
3117	0	50001420596	stupa tope palace obelisk monastery church church building bell cote bell cot fountain dome castle flagpole flagstaff
3118	0	31780327768	drum membranophone tympan panpipe pandean pipe syrinx flute transverse flute maraca microphone mike hand blower blow dryer blow drier hair dryer hair drier plunger plumber's helper drumstick marimba xylophone oboe hautboy hautbois
3119	0	48701865452	vault coil spiral volute whorl helix bannister banister balustrade balusters handrail organ pipe organ chime bell gong monastery altar dome hook claw bell cote bell cot
3120	0	35962696535	web site website internet site site menu book jacket dust cover dust jacket dust wrapper brass memorial tablet plaque envelope packet slide rule slipstick rifle crossword puzzle crossword binder ring-binder
3121	1	31409855254	window shade window screen trench coat velvet gown sliding door stole apron bannister banister balustrade balusters handrail turnstile
3122	0	49777070053	lakeside lakeshore boathouse valley vale fountain totem pole maze labyrinth pirate pirate ship cliff drop drop-off wreck breakwater groin groyne mole bulwark seawall jetty
3123	0	49873763391	lion king of beasts Panthera leo tiger Panthera tigris cheetah chetah Acinonyx jubatus tiger cat cougar puma catamount mountain lion painter panther Felis concolor lynx catamount jaguar panther Panthera onca Felis onca dingo warrigal warragal Canis dingo leopard Panthera pardus brown bear bruin Ursus arctos
3124	0	50996163553	impala Aepyceros melampus gazelle ibex Capra ibex bighorn bighorn sheep cimarron Rocky Mountain bighorn Rocky Mountain sheep Ovis canadensis wallaby brush kangaroo hare llama ram tup hartebeest Italian greyhound
3125	0	50974559736	ox water buffalo water ox Asiatic buffalo Bubalus bubalis bison hartebeest oxcart plow plough ram tup ibex Capra ibex impala Aepyceros melampus gazelle
3126	0	50341432307	potpie burrito plate tray ice cream icecream dough mashed potato trifle guacamole French loaf
3127	0	50065300547	vending machine tobacco shop tobacconist shop tobacconist confectionery confectionary candy store bookshop bookstore bookstall gas pump gasoline pump petrol pump island dispenser medicine chest medicine cabinet refrigerator icebox toyshop cash machine cash dispenser automated teller machine automatic teller machine automated teller automatic teller ATM grocery store grocery food market market
3128	0	51120333468	brass memorial tablet plaque megalith megalithic structure pedestal plinth footstall obelisk thatch thatched roof sundial stone wall barrow garden cart lawn cart wheelbarrow shovel manhole cover
3129	1	50494307048	mask brassiere bra bandeau conch shoe shop shoe-shop shoe store bikini two-piece toyshop carousel carrousel merry-go-round roundabout whirligig picket fence paling breastplate aegis egis groom bridegroom
3130	0	49786256907	totem pole pole freight car pirate pirate ship cinema movie theater movie theatre movie house picture palace recreational vehicle RV R.V. carousel carrousel merry-go-round roundabout whirligig schooner maze labyrinth boathouse
3131	0	50910759953	bell cote bell cot church church building monastery mosque birdhouse chime bell gong dome analog clock beacon lighthouse beacon light pharos traffic light traffic signal stoplight
3132	0	49268947563	beaker beer glass eggnog goblet measuring cup soup bowl coffee mug loupe jeweler's loupe Petri dish red wine
3133	0	49209223247	ping-pong ball stage racket racquet trench coat suit suit of clothes theater curtain theatre curtain notebook notebook computer miniskirt mini tennis ball television television system
3134	0	48436703371	tobacco shop tobacconist shop tobacconist comic book lab coat laboratory coat confectionery confectionary candy store grocery store grocery food market market plate toyshop soup bowl coffee mug bookshop bookstore bookstall
3135	0	48413860412	minivan limousine limo sports car sport car racer race car racing car minibus bullet train bullet police van police wagon paddy wagon patrol wagon wagon black Maria cab hack taxi taxicab grille radiator grille car wheel
