0	0	51027421626	Denver COVID-19 death children VIVID&STRIKING playground supervision morbid pandemic Buddhism
1	0	50668571902	bouddhisme tibetain children moine tibetain peuple from tibet population tibet tibetan monk wbayer.com
2	0	51196330717	أطفال Children
3	0	51192228348	139th AW 139th Airlift Wing Community Engagement Missouri Missouri Air National Guard Rosecrans Air National Guard Base Sound of Speed Airshow St. Joseph USAF United States Air Force children civic outreach piggyback
4	0	51040407237	agriculture boy child children fruit kid produce sell stand watermelon
5	0	51040401387	agriculture child children fruit girl kid produce sell stand teenage watermelon
6	0	49417212547	Justice Freedom Civil Rights compassion hero brave Martin Luther King MLK march Human rights leader USA African American race equality dignity change Non-violence people love struggle children education America United State sacrifice dreamer ideas peace man angel history famous important wise inspiring art I Have a Dream Black History leaders Nobel Prize inspirational American
7	0	51040313781	JoshuaTree JoshuaTreeNP JoshuaTreeNPS California NPS JuniorRanger Children Visitor Recreation NationalParkService Programs Outdoors
8	0	51022451226	Peppy long stocking horse children smile bag animal multicolor book film cinema movie postcrossing postcard
9	0	50825460172	picture illustration girl children gray fish bird face postcrossing postcard
10	0	50642652537	Conservation Montana NRCS NRCS Summer farming farmer rancher children kids teenagers family
11	0	50588971842	China tibetano Tibet Langmusi niños nómadas children nomads 藏族，西藏，郎木寺，儿童，游牧民族，中国 Zàngzú xīzàng láng mùsì értóng yóumù mínzú zhōngguó
12	0	50580400401	boy child children kid me Philip Howard
13	0	51154953582	hand saltwater water people child touch touching therapy hydrotherapy cold warm beach summer nature heaaling enjoyment sensory senses autism royalty free stock photo free photo creative commons Free Stock Photos canon high resolution Poppy Thomas Hill Free Images free stock images free images to use no copyright public domain commercial use sand sandy wet sand digging playing scooping fun activity
14	0	51155648228	hand saltwater water people child touch touching therapy hydrotherapy cold warm beach summer nature heaaling enjoyment sensory senses autism royalty free stock photo free photo creative commons Free Stock Photos canon high resolution Poppy Thomas Hill Free Images free stock images free images to use no copyright public domain commercial use
15	1	51108928986	ugly people person woman female perfume
16	0	51109698845	ugly person people woman zelda female table
17	1	50973772838	Nicki NickiAycox Aycox Actress Woman Women Girl Girls Female Human People Person Beautiful Beauty Pretty Attractive Mouth lips Lip Teeth Tooth Bottom Tongue Nose Nostril Nostrils Natural Neck Face Closeup Close Chin Cheek Cheeks Celebrities Celebrity Hair Short Blonde Blowing Blow White Glow Glowing Flame Flames Shine Shiny Shining Fire Candle Candles Lady Ladies Light Meg MegMasters Masters Supernatural T.V Television Open Black Green Demon Demons Lit
18	0	50938973658	curacao netherlands antilles people scouts sepia
19	0	50846020471	winter cold sky snow people walking exploring
20	0	50631960718	1975 asie laos opium people vientiane wbayer.com
21	0	51086426387	alpine backcountry backpacking brown conservation department doi glacier hike hiking interior lookout montana mount mountian mt national park nature nps outdoors park people
22	0	51021611511	edit photoshop photochopped portrait woman lady bw white black #VanveenJF nice bokeh Photo PS mood intensity smile girl face copy Unsplash Foto Hair shine Alberta Canada lighting people fur fashion model russian expression
23	0	50617176457	Antwerp people people with dog girls retro blackandwhite BW antique deckled Dalmatian
24	0	50335942043	punggol park nature flower plant tree greenery exercise relaxation public garden park singapore lake water outdoor panning cycling people
25	1	50145850126	Old Faithful Upper Geyser Basin YNP Yellowstone Yellowstone National Park biking construction people recreation spring
26	0	50099961452	south australia vintage hall building currency creek people crowd 1920 aussiemobs
27	0	49923517637	Uinta-Wasatch-Cache National Forest Recreation People
28	0	49905114963	Haplogroup J2 M172 Project Member Map Image SPread Euope European Subclade STR SNP Genetic Genealogy Research Scientific M410 M12 M241 M102 M205 j2b1 J2b2 j2a4h j2a4b people Human Y-DNA DNA J2-M172 Middle-East Arabia jewish Ancestor Origin Flickr Google Cultural Anthropology FTDNA 23me Tribe Clan Family FamilytreeDNA Familytree
29	0	49905929452	J2 m172 Turkey Anatolia Byzantine j2-M172 j-M172 Europe European Turkic People Urheimat Homeland origin Ancestry FTDNA 23me DNA Turk Roman Empire Turks Turkish Byzantium mediterranean 23andMe FamilytreeDNA BigY YFull Genetic Test Result Map Image Flickr Science Research population J1 G R1b R1a Ancestor
30	0	51104968215	dc washington sticker stickerart street art pegatina trans kids youth transgender
31	0	50336607573	Kids iPhone Boat Lake Ejpovice
32	0	49992265836	cake party birthday kids candy sweden flag candles
33	0	49913418778	exercise recreation bounce bounce house inflatable jump room activity kids children COVID-19 Coronavirus public health pandemic Ohio Hocking County Logan, Ohio southeastern Ohio Appalachian Ohio
34	0	51040493837	Joshua Tree National Park JoshuaTreeNP kids
35	0	51031727356	Chaga Mushroom PLATINUMVK Immune support Blood Cleanser VKPLATINUM booster Power Formula Turkey Tail VK supplément Super Nutrition for kids vitamines Powder kil virus killer protection Better health 2021 Air borne plus tea Pandemic influenza Flu Extra Strength
36	0	50101843748	kuwait kids baby
37	0	49582568146	hoops sports kids
38	0	49626938928	Joe Biden Morning Inspirational Quote White Kids Poor Black Brown Talent QuidProJoe Democrat Party Racism Racist Dementia
39	0	49406198818	Ubauro Abdul Samad Kalhoro photo Ubauro Sindh Sindh Ubauro Sindh Pakistan ubauro photos Ubauro children park ubauro city kids Ubauro gallery kalhoro photos
40	1	48811768201	women tech digital thought leaders tedx talks speakers speaker motivational technology futurist keynote success strategy start-up life business start up smitha nair jain smita wikipedia husband daughter barclays actress sanam johar family rajiv cinematographer rajeev ted leadership mentor kimberly pande it management innovation information Influencer high fintech fin entrepreneurship entrepreneurs economy economics development intelligence believe abigail Author Writer
41	1	51220313529	lynda hotwife milf mom wife married chick horny babe brunette bi sexy hot shorts short legs great
42	1	51218830362	lynda hotwife milf mom wife married babe brunette bi sexy hot
43	0	51217425968	anklet toes feet legs geeat shorts short texting lynda hotwife milf mom wife married babe brunette bi sexy hot
44	1	51195784453	sarah sarah654 socialmedia sexy share asian filipina MILF mom amateur homemade average badgirl glasses geeky geek naughty gf wife hotwife housewife
45	1	51148580527	Ewa black lingerie lingerie wife
46	1	51127456957	#naughtywife #upskirt #Wife #ass #exposed #stocking #pussy #pantie #slutwife #slut
47	1	51126884607	#upskirt #wife #naughtywife #ass #pussy #pantie #sheer
48	1	50115884736	hot sexy bi brunette babe thick chick lbd little black dress mini short micro skirt great legs horny slut swinger hotwife married wife mom milf stef no bra braless ombre hair style
49	0	50042443366	pixabay.com bra brassiere lingerie shoes pumps woman wife lover love sexy sultry sensual lace camisole cami boudoir creative artistic rendering subtle subtleties seduce seduction hints charming charm chic hot lady hump day heels
50	1	48845932932	feet soles toes pedicure long legs sexylegs pose yoga stretches fitness toepoint point toe rings up spread eagle legsup texas tx fort worth share repost fashion wife glamour model pics photos amateur smile beautiful hot babes art footfetish #foot fetish
51	1	48845898692	feet soles wrinkledsoles texas tx fort worth lone star pedicure toe nails painted art foot fetish toes barefeet baresoles sexy legs leggy wife wives share repost brunette amateur glamour fashion model beach pics photos wrinkled smile beautiful hot booty
52	1	51091252613	wife slut milf
53	1	50241073586	busty amateur wife latex pvc heavy saggy boobs british milf devon exeter
54	0	50164729603	george mcneil cased photograph family wife girl child akron ohio mayor usa america vintage aussiemobs emma mcneil george w mcneil eleanor c mcneil emma f mcneil emma angier 1850 miller
55	0	49706236122	socal southern california qos milf wife vixen hotwife queenofspades playwife secretplaywife secret
56	1	48980973777	slut wife schoolgirl panties stockings upskirt
57	0	49169022356	judge Steve Schewel wife Vernetta Alston Javiera Caballero Mark-Anthony Middleton
58	1	49881113077	argentino latin latino desnudo naked nude nudist nudista gay guy boy guitar guitarra musico musician
59	1	49197515182	Leotard dance boy pantyhose tights sissies
60	1	48919251336	argentino argentinian latin latino gay guy boy voley volleyball short
61	1	51151343806	smooth twink femboy sissy boy gay crossdresser thong skirt lingerie thighhighs socks emo emoboy
62	1	51151575808	smooth twink femboy sissy boy gay crossdresser thong skirt lingerie thighhighs socks emo emoboy ass butt upskirt
63	1	50961680523	Strumpfhose nylon pantyhose pumps heels high heels lbd rock skirt minidress lingerie fishnet stockings mtf she male lady boy legs lips blonde ass bum floozy schlampe cd shemale ladyboy tgurl tgirl horny slut slutty smooth sex sexy nutte whore hooker fem en femme feminisation sheer belette crossdresser milf tilf cougar
64	1	50733536751	twink gay boy football hot
65	1	49533166437	travel hairy landscape nature flasher naked nudist nude handsome boy masculine hunk guy chest sexy
66	0	50439365711	legs shoes womens shoes boy boy tying shoes shoe laces wedding reportage candid
67	1	50053873898	Bo Roberts DNA magazine Nude male man guy boy bulge beefcake butt Bubble butt vintage pinup Halloween
68	1	49813484087	muscle man body sixpack naked hot boy sport waschbrett bauch oberkörper nackt
69	0	49208892581	TVDimages Photo by Tom Driggers Thomas Driggers Photography Street Street Photography USA Georgia Marietta lady child boy girl mom Nikon D850 Nikon D850 85mm f/1.4
70	0	48096666681	art ILLUSTRATION PAINTING DRAWING POPART STREETART woman man girl boy sex sexy fuck suck anal oral bdsm hair tits boobs hardcore mature ebay sketch sunset beach water sky flower red nature blue night white tree green flowers portrait light snow dog sun clouds cat park winter landscape street summer sea city trees yellow lake christmas people bridge family bird river pink house car food bw old macro music new garden orange moon blackandwhite danor shtruzman
71	0	50649217302	Bâle Basel Basilea Canton de Bâle Kanton Basel Basel-Landschaft Baselland Baselbiet Bâle-Campagne Suisse Schweiz Svizzera Helvetia Confederation Switzerland Europe Europa Nikon D7000 bosquet oiseaux moineaux brindilles feuilles nature arbuste famille tribu grove birds sparrows twigs leaves shrub family tribe Hain Vögel Familie Stamm Spatzen Blätter Strauch Natur Zweige
72	0	49600268281	Alnmouth estuary river Aln Northumberland Northumbria North East of England North Sea North Scottish border Borders Church hill cross boat boats hotel pub blue sky tide sea seascape sea side Sea Gulls seal Coast Coastal Claymore sword sand Bay ferryman’s hut Percy Wisebuys21 family beach village community religious shoreline ferry man boat house John Gough Brown green grass dune winding twisting weekend escape trees golf couse reflection cars bush spire mast old yellow flower house houses hamlet posh canny lad brother friend newcastle untited supporter fan
73	0	49462787413	japan shiba shiba inu yui cc0 creative commons public domain family A6400
74	0	49650029562	Family
75	0	51173090436	Family NLCS Wilderness castle peak colorado trinity alps
76	1	51166208798	Chandler Arizona police Church Jesus Christ Latter-day Saints Mormons Mormon stalking stalker Temple Congregation Bishop Evangelical Christian missionary missionaries hate hater Tabernacle Choir Zion Mormonism Salt Lake City Utah joseph smith abuse bully spirituality endangerment enlightenment terrorist lds religion religious Jewish catholic Muslim faith Native American black Hispanic family sex offender Serial Rapist
77	1	51105527743	Church Jesus Christ Latter-day Saints Mormons Mormon stalking stalker Temple Congregation Bishop Evangelical Christian missionary missionaries hate hater Tabernacle Choir Zion Mormonism Salt Lake City Utah joseph smith abuse bully spirituality endangerment enlightenment terrorist lds religion religious Jewish catholic Muslim faith Native American black Hispanic family sex offender
78	0	51129598749	Black Canadian Black history Black histories Essex County Essex Ontario family settlers settler farm McCurdy photograph archive Archives of Ontario archives
79	0	50517773252	USO Boots for Troops Soldiers Family Live Music 10th Mountain Division Jason Cassidy Band Fort Polk Louisiana United States
80	0	49811494876	Cabinet card Found photograph Will Grone Wilhelm Henry Grone Hebron Nebraska W Griffin family scenery
81	0	49233614702	milwaukee va milwaukee va veterans veterans affairs healthcare zablocki va christmas donation community donations family nation of patriots
82	0	48548126376	Westlock Memorial Hall The mem Alberta Edmonton Hall Community Dylanna Fisher Westlockmemorialhall@gmail.com Westlockmemorialhall.com Crystal Wedding decoration Wedding Affair Events Beautiful Elks Of Canada Set up Bar Liquor License Canada Great North Strong and Free Rural Alberta Art Elks of Westlock Lodge 330 Westlock Small Town Rural Koala Kare Baby Babies Parents Changing Diapers Single Dad Mom Bathroom
83	0	41918373564	indonesia balinese asia girl bali editorial people asian child culture travel indonesian happy traditional young portrait smile beautiful cute kid face person cheerful outdoor happiness nature childhood kids female fun tropical small children local posing village field beauty school dress girls poor little together playful myanmar temple tradition daughter ethnic
84	0	24977242588	background car cars celebrate celebration child children choo christmas concept december decoration effect festive floor fun gift holiday jolly joy kid kids lights merry occasion oldschool ornament plastic present railway red retro season seasonal toy toys tradition traditional train tree vintage wooden
85	0	25357659061	kids wecandanceifwewantto travel Montreal Canada dance Japan Japanese ilovejapan yosakoi performance モントリオール カナダ 旅行 踊り 日本 よさこい パフォーマンス stage live color indoor indoors group pose costume
86	0	20301542751	street photography strada lday gloomy city urban expression hip shot pov angle perspective hut close candid portrait dark mysterious strange look alone blackandwhite people monochrome henley arden birmingham england uk united kingdom pub bar couple aggression fear girl guys discussion black white strangers night club male hands hand gesture threat düsseldorf germany europe young old shopping teens girls teen kids long haired modern aging fat middle-aged woman outdoor pram homeless poor cologne
87	0	46874275674	Nils Geburtstag www.breakoutbasel.ch Bâlecatraz Bâlechemisten Bâleteken BâleRoyale Real Live Escape Game Switzerland Adventure Abenteuer Spiel Teamevent Event Unterhaltung Entertainment Casino Labor Tempel Gefängnis Wanted! WantedApr19 bobchemisten friends kids
88	1	30994297922	spiritual esoteric mystical husband wife christian christianity religious peace love faith hope joy fun happiness quotes sayings wisdom heaven goth emo hipster white black kissing lovers marriage dating parents
89	0	25960313705	Kalamazoo Public Library Michigan History Photography Milham Park playground children automobile parents slide swings
90	0	36413993026	training noble partner 2017 noble partner hayley gardner spc hayley gardner republic of georgia georgia combat camera noble partner 17 U.S. ARMY Georgian Army army airborne britsh army britian Vaziani GE
91	1	45883473932	pantyhose stockings nylons tights sex wife
92	1	28366509419	couple man wife husband banks harrow england married portrait vintage
93	1	23946360182	mother farmer wife smile
94	1	14941151912	#beautiful #mom wife weading georgous
95	1	44671819342	neilkornswiet carolynkornswiet kornswiet neil wedding wife mrskornswiet montage lagunabeach laguna beach ocean
96	1	25280720980	muslim isis isil kuran dubai devil syria middle east canada fadi azmi alaudhi alawadi alaudi davis mobile alabama devil worshipper satan wife beater strangulation domestic violence son steeple car sales cars auto gamble gambler drug drug addict prostitute mugshot select www.selectautoofmobile.com https://www.facebook.com/eddie.alaudi?fref=ts terrorist palestine wife beater domestic violence drugs gambling biloxi eddie car sales
97	1	23104286182	soft wife woman girl black&white glasses shade
98	0	27205897643	ARETES LADYBOY PANTIMEDIAS zapatillas PANTYHOSE MAKE UP PASSABLE GIRL TACONES ALTOS MALE TO FEMALE BOYS WILL BE GIRLS beatifull beauty BOY TO GIRL BEAUTIFUL CROSSDRESS CROSSDRESSING CROSSDRESSER convertido en chica crossdrsesing calzado Cleavage cd CORSET DRESS DE HOMBRE A MUJER VESTIDO DE MUJER HECHO UNA MUJER MEXICO Feminine FEMALE FISH NET PANTIHOSE feminitacion FALDA feminization FEMBOY FACE gurl girl GUADALAJARA girly HIGH HEELS HEELS husband HOSE hermosa MINIFALDA MINIDRESS MUJER SKIRT MAKE OVER LEGS Leggins lengery LEGGINGS LIPSTICK black LBD MTF NAILS OUTFIT pretty PASSABLE PETTICOAT pantimedias negras PIERNAS RING STRAIGH SEXY shoes sexygirl TRAVESTI VESTIDO wig
99	0	49902491112	fountain statue children playing playful cheekwood nashville TN sweet cute
100	0	48871506383	children besiege memorial bosnia sarajevo
101	0	48453027007	PENNY ARCADE RHYL NORTH WALES NORTH WALES WALES COLOUR LIGHTS PEOPLE CHILDREN MACHINES BUILDINGS FUNFAIR PROMANADE COASTAL COAST ARCHITECTURE REFLECTIONS CANON EOS-1D Mark IV CANON DAY EXPLORE EUROPE KEARNEY LANDSCAPE NATURE ONETERRY OUTDOOR TERRY KEARNEY WEATHER 2019
102	0	44038543455	Gourmet child childhood children delicious dessert eat candies eat sweets food fresh homemade ice ice cream ice cream parlor iced-lolly italian kid local milk paste pastry pie piece popsicle portion regional scoop slice specialty sugar sugar powder sundae sweet tasty
103	0	38338648121	#ahmadiyya #trueislam #religion #peace #muslimsforpeace #loveforallhatredfornone #islam #hadith #prophetmuhammad #muhammad #affection #respect #elderly #love #children #grandparents #family #innerbeauty #picoftheday #bond #muslim #quote #quotestoliveby #quotesaboutlife #famousquotes #projectahmadshahid
104	0	49207565456	SEAYLP Comunity Services Women Children HKL
105	0	49897969782	Monica Wickeler street art Toronto graffiti Joy colours children play
106	0	51220518052	east river park eating fidi financial district manhattan nyc outdoor people restaurant sunny umbrella wwward0
107	0	51219005019	call box crosswalk door fdny fidi film crew film shoot financial district maiden ln manhattan nyc outdoor overcast people sidewalk stairs street traffic signal truck walk sign wwward0
108	1	50784571837	Robotics,Sheyene Gerardi,NASA,Sheyene Gerardi,self-driving cars,ai,Space,people,adult,woman,monochrome,business,facial expression,one,indoors,headshot,pretty,looking,content Robotics Sheyene Gerardi NASA self-driving cars ai Space people adult woman monochrome business facial expression one indoors headshot pretty looking content
109	0	49955320148	City Walks City and People Moscow Walks Russia Russian Federation Sigma AF 60mm f/2.8 DN Art Victory Park barhatov.com city emotions face fountain mood moscow outdoor outdoors people reportage sigmalens story street streetphoto summer urban vintage abbsound Olympus PEN E-PL6
110	0	49955319938	City Walks City and People Moscow Walks Russia Russian Federation Victory Park art barhatov.com children childrenphoto city dream emotions girl light mood moscow no contrast outdoor outdoors people soft focus story street streetphoto urban abbsound Sigma AF 60mm f/2.8 DN Art reportage sigmalens summer vintage Olympus PEN E-PL6
111	0	49853325052	COVID 19 May 2020 Mesilla people NM
112	0	50707105131	Conservation Montana NRCS NRCS Summer farming portable tank water Montana Focused Conservation farmer rancher people
113	0	50552832922	Ghost People Sunset Barbecue
114	0	46773118132	life cycle life cycle adult age aging baby boy character child childhood concept generation growing growth kid male man old pensioner people person process progress row teenager toddler ghost soul skeleton dead family father grandfather grandparent figure figurine lgo legography photo photography editorial newborn evolution student elderly guy collection free free download free stock photo free photo download free photo stock cc0 creative commons
115	0	15439514642	Bíblia menino homem pessoa Israel guerra Judaismo carro Bible boy man person war Judaism
116	0	44185555380	husamaltaee #fashion #swag #style #stylish #envywear #swagger #photooftheday #jacket #hair #pants #shirt #handsome #cool #polo #swagg #guy #boy #boys #man #model #tshirt #shoes #sneakers #styles #jeans #fresh #dope
117	0	41714864791	binary crypto boy child portrait monitor
118	0	41675084222	Technology binary portrait child boy
119	0	40234666800	daan jordens jordensdaan daanjordens youtuber tumblr cute boy slike smile hot
120	1	36819065315	bootstrap boy code coffee common creative images crying cup dark deskcommon creative images free images free photos html laptop macbook men office programmer programming royalty free royalty free Sad men sitting in dark room sad tea thinking web web deisgn working
121	1	49427635726	Male pinup butt sex sexy man guy boy bulge beefcake ladies ride bar Vintage Boots hat hunk Rope Barn
122	0	45031703755	beggar boy thanksgiving poverty poor hungrey begging
123	0	30157966072	nonstory QSA Queensland State Archives Queensland Brisbane festival carnival party warana nostalgia history brass band crowd spectator 1960s
124	1	50181740552	adultbaby adultbabygirl diaper diaperedgirl diapergirl Gummizofe Gummikleidung Friesennerz teen teeny rainwearteen Schürze Gummischürze Regencape raincape apron aprongirl servantmaid dhimmi dhimmitude Plastikschürze Häubchen bonnet bonnetgirl rubberfetish rainwear rainweargirl Gummihose oilskin Regenjacke Regenhose Daunenjacke downwear downweargirl Kellnerin Bedienung Hausmädchen frenchmaid Zimmermädchen Kapuze Kapuzenmädchen hood hooded hoodedgirl Hosenscheißer gewindelt Plastikhose babypants babyface Dreikäsehoch Gummifetisch rubber clothes rubbergirl rubberdoll submissive girl muslim slavegirl slavetrade slavemarket Sklavenmarkt Sklavenhandel Toilette toilet toiletwoman Klofrau Gummisklavin Master
125	1	48122366418	restroom bathroom Men mens room door open Columbus Ohio central Ohio Franklin County
126	0	50890007876	Woodland River Water Ice Snow Winter Photography Monochrome B&W Format Medium 6x6 80mm Analog 120 Tyresta Hasselblad Composition Messy HP5
127	0	49004038176	lunette wc toilette colloc collocation Roommate unclean sale gras pisse shit hair fat hygienique hygiène seat
128	0	23040264099	Crackers Jars Knife Silverware Kitchen Preserves Puff's Messy Cooking Plate Indoor Public Domain
129	0	8733574756	cabling car interior messy Project 365 wires
130	1	18323439904	carloszgz cc CC0 copyleft creative commons Free Cultural Works free pictures open license 2d colour blue toilet wc water closet symmetry original myfavnew public toilet city indoor crazy CMSTools:PhotoRing Public Domain No copyright No Rights Reserved WTF bizarre etrange curieux raro curioso weird loco fou simetria symetrie geometry geometria geometrie color couleur azul bleu toilettes torepost
131	0	35090678564	Lucas Kansas Kansas Lucas Bowl Plaza Toilet Giant Toilet Roadside Attraction Outsider Art Art
132	0	34803704824	transgender bathroom laws law bathrooms sign pictogram pictograms pictogrammes pictogramme montreal cafe coffee shop toilettes toilette debate toilet toilets washroom washrooms trans transgenders people equality rights discrimination stall whichever male female gender genders identity politics kitsune griffintown
133	0	8159527543	South Australia Tea Tree Gully National Trust toilet chamber pot potty exhibition
134	1	49678384373	adultbabygirl adultbaby diaperedgirl rainwearteen rainweargirl rainwear diaper rubberfetish rubbergirl peinlich feel ashamed embarrassedgirl gummifetisch Gummischürze Häubchen babypants plasticpants hotpants teen teengirl Teenager babyface Schürze embarrassed Anorak Regenkleidung downwear bdsm Mädchen Dhimmi Dhimmitude zimmi Harem slavegirl Gummihose Windel Windelmädchen schwitzen Schweißgeruch Pudelmütze bobcup Friesennerz peasant embarrassement Küchenhilfe kitchenmaid Hauswirtschafts-Azubi sweating sweatinggirl Babyspeck Kapuze Mädchenkapuze toilet toiletgirl loo loogirl well-behaved well-behaved girl enslaved girl Sklavenmädels Sklavin Sklavenhandel slave trade hooded hoodedgirl
135	0	47209673422	caption.me funny toilet urinal guillotine
136	0	38035382181	interior interior design интериор интериорен дизайн decor decorating декор декорация вътрешна декорация баня тоалетна мивка умивалник тоалетна чиния батерия чучур bathroom toilet sink battery
137	0	36450149466	bathroom restroom room ideas toilet fifth bath tub guilty remodeling washroom downward remodel after
138	1	33844699648	trash toilet pink panty
139	0	35472834501	sfallhands sanfrancisco allhands allhands2017 sfallhands2017 mozilla mozillallhands rolandtanglaophoto Baño washroom restroom blue
140	0	22376444929	Faucet Chrome Water Running Water Bathroom Lavatory Tile Soap Sink Indoor Public Domain
141	0	19911347628	LEAF Project FLCC France Barbara Kruger Toliettes Toilets Bathroom W.C.
142	0	20302759478	Eclipse Stainless Steel Faucet Bathroom
143	1	17627310650	würzburg badezimmer kloh bathroom grombuhl
144	1	31971855693	bathroom salle de bain mousse portrait color
145	1	50162215323	health diet fitness lose weight loseweight keto
146	1	49812225812	Weight Gain 1950s Vintage Ad Wate-On Popularity Women Men
147	0	51222544608	cuba caribe caribbean travel viagem havana la habana automóvel automobile car carro vintage clássico relíquia
148	0	49043789326	Corvette Car Automobile Blue
149	0	50790221461	holocaust exodus samuel huber rachel huber australia vintage ww2 jewish passport documents papers identification survivors 1947
150	1	50337455337	Curtis Naiken Passport
151	0	49487981023	people local public woman bicycle bike fiets man telefoneren phone Split:def:Locals Maramures Romania Roemenië streetview street photography straatfotografie streetphoto Gulyásház CC0 Creative Commons 20180819-080145LC coeluc vak_2018.09_Maramures buspicture Mátészalka Szabolcs-Szatmár-Bereg Hungary
152	0	50790424133	ِabu dhabi corniche public phone
153	1	49678139991	phone sex sexoutsideofmarriage sexallthetime bestsex casualsex howtogetsex
154	0	51055184267	Tyne and Wear Metro Tyne & Wear Metro Metro railway railroad underground subterranean subway SOS help sign assistance disabled
155	0	50681797287	2011 Italy Italia Rome Roma Europe politics sign poster berlusconi
156	0	51167751841	woodland mental health inspiration wellbeing forest sign message scotland personal
157	0	50760628788	abu dhabi corniche sign
158	0	50822948041	Mayo castle Sign Wild Atlantic Way Summer Ireland Mountain Grace O Malley
159	0	49653708803	moss peace sign symbol
160	0	49614375688	Child future insects yellow demonstration albuquerque olympus #getolympus sign park hope butterflies
161	0	48229558251	simplicity sign
162	0	50670111431	sign tree walk hike city
163	0	50583786022	USFWS conservation outdoor education North Dakota NorthDakota celebration partnership Tribal sign
164	0	49627844133	Williams Arizona sign video
165	0	51160549674	remersdael herbesthal ticket chemin fer SNCB railway vintage ancien nmbs
166	0	50391576143	Berlin Germany Deutschland 1954 strassenbahn bus S-Bahn U-Bahn O-Bus BVG Tram ticket
167	0	51003267921	car better bettercar mercedes cclass 2022mercedes auto cars mercedesbenz mercedesUK c200 c250 c300 c350 4matic
168	0	50647250077	Red retro classic car auto vehicle vintage old dirty radio original desoto 50s
169	0	49733027683	Motor Vehicles Motor Vehicles Registration DMV MVD Auto Metro Carlovers Cars Car Carlifestyle Carporn Instacars Carphotography Cargram Carlove Carstagram Automotive Carlover Amazingcars Street Carshow Drive
170	0	50709814253	Krankenwagen Einsatzfahrzeug Berlin-Buch Berlin Bucher-Forst Malteser Asphalt Auto
171	0	50586275237	BOBBY ROBSON FOOTBALL SEATS AEAT NUMBER BLUE PORTUGAL PORTO PORTUGAL FC Porto SPORT ARCHITECTURE CANON EOS-1D Mark IV CANON DAYLIGHT DAY EXPLORE EUROPE KEARNEY LANDSCAPE NATURE ONETERRY OUTDOOR TERRY KEARNEY WEATHER 2020 One of Fifty Thousand ABSTRACT
172	0	48896179206	book time clock pocket_watch Number Symbol metal molnyya pocket_clock chain bw blackandwhite monomad monochrome glasses
173	0	51101567465	gold golden section ratio number geometry Meter Cubit Sudiste angle PI PHI
174	0	51053512102	pine tag number tree forest label destroy nature
175	1	50578774053	concentration camp victims history war prison nazism death holocaust museum suffering crime text old western script number still life close-up graveyard leipzig germany cemetery memorial auschwitz christmas friedhof weihnachten 1942 extermination campaign
176	0	35531291932	Cam Pos: 3950 S Lotz Rd Canton, MI 48188 3 Views: Views (1) Holiday Inn Express & Suites Address: 3950 S Lotz Rd, Phone: (734) 721-5500 Views (2) Wendy's 40450 Michigan Ave (42.280912, -83.437583) Views (3) Arbys 40210 US-12 42.280547, -83.435909 40210
177	0	31603000884	obama farewell address 2017 chicago mccormickplace
178	0	32763406882	Fredericton New Brunswick Canada Nouveau-Brunswick NB New StateoftheProvince Address 2017 Premier Brunswick
179	0	22294796839	Car Automobile Driving Transportation Trees Sunlight Sun Street Road Outdoor License Plate Public Domain
180	0	47994787883	joshuatree national parks california cali cal ca usa license plate custom plates number plates jeep
181	0	30567556506	airport ticketing ticket flying transit counter
182	0	33196069693	road urban car highway street fast blur traffic city speed automobile tunnel trail velocity italy trails cc0 public domain free image photo foto dominio pubblico copyright free no copyright cc creative commons web use download images background hi res gratis libre 免费 rome stream torrent
183	0	28355014131	sign wall painted old vintage automobile hudson essex jack benny garage green street pasadena california zajdowicz americana text writing letters words cell phone photoshop express motorola droid turbo smartphone cameraphone outdoor outside available light history 366 365 signboard architecture building
184	0	31453536131	road traffic city urban night movement light fast transportation street automobile car rush rome bus teatro marcello roma traffico notte
185	0	13369973975	car automobile
186	0	11953603314	cat automobile racer rocket engine opel rak2 speyer technik museum speyer
187	0	24810963147	automobile automotive car car repair
188	0	27151783846	История автомобиля Русско-балтийский вагонный завод Рига Автомобиль History of Automobile Russo-Balt Russian Empire Российская империя 1913 Automobile
189	0	28690329184	romania travel turist passport passing by people fun farmer country life roads strange shepherd returning home il pastore cows goat tornare a casa
190	0	29079811162	romania travel turist gorgeous view passport mountains nature green fun cervo
191	0	12440677063	immigrant passport immigration czechloslovakia strelec
192	0	17052118489	socialmedia social media email blogs wikis bloomstaxonomy understand know apply analyze
193	0	39840340554	UCU strike pensions UK Universities PR public relations snow day snowman snowwoman snowperson frozen Olaf snowball chauffeur bully bullyboy behaviour apology promise staff punish student refund fees joy peace play outside LEGO AFOL letter Vice Chancellor hole dig reputation turn around email fight LEGOVC
194	0	27165831200	phone black white blackandwhite vintage number
195	0	6981316248	math abstract mathematicalart mathematical maths number numbers
196	0	31232649528	mobile phone writing typing
197	0	44290711562	Kamera Bardziej Warszawa Marszałkowska Aleje Jerozolimskie phone advert trams rondo commute better plus billboard The Model rush hour life Anja Rubik modelka posing consumer products Kamera Bardziej Camera Plus selfie
198	0	40752856062	20170702_101152 Harpos Concert Theatre Google Map I-94 & Chalmers exit 222A Detroit MI 48213 Phone: (313) 824-1700 20170702_101152_-_Merging-Under-Bridge-E-Edsel-Ford-Svc-to-I-94-@6150 Chalmers St, Detroit, MI 48213
199	0	34070088986	phone technology mountain freedom rock travel hiking nature camping woman lifestyle weekend smile cheerful smiling cellular hill connetion gadget cell hobby journey tourism happiness leisure fun lens holiday tourist backpacker voyage shoot outdoors active warm peak plants landscape adventure girl happy casual backpack traveller activity take a picture communication camera romantic enjoy photo backpacking joyful female device lady smartphone
200	0	33118360943	800 year old mobile phone Truth austrian 800-year-old sparked claim cuneiform shape script alien ufo paranormal weird Babylonokia babylon-phone Health Healthcare
201	0	24226663453	Rome roma Italia Italy ita Scooter Vespa Man Phone
202	0	24243796611	Commercial Photography Ed Gregory Free Free Stock Photos Macbook Photography Public Domain Stock Images Stock Photo Stock Photography Stock Photos Stokpic White apple bbook book business computer computing conectivity connect desk iphone iphone 5 laptop mac mobile office organised organized pen phone screen smartphone tech technology touchscreen
203	0	26541251108	VICTOR PIZZEY FELEICA187 VICTORPIZZEYFELECIA187 CRUHSED IT CELL PHONE
204	1	38447369670	victor pizzey felecia187 crushed it cell phone reddeer alberta canada
205	1	40184574992	VICTOR PIZZEY felecia187 OLD CELL PHONE
206	0	34180726256	decay rusty Fabrik factory beautiful phone window HDR Germany forgotten verfall verlassen vergesen green Lost places Urbex Urban Exploration Marcel p
207	0	28221659253	garden summer seat UK Samsung S4mini mobile cell phone photography creativecommons
208	0	26388255387	Statue Graveyard landscape view iPhone France europa Europe Provence Côte d'Azur Côte d'Azur Azur sea Mountain Hill Italy Border Angel Menton Frankrig Marina Port Beach Blue sky Blue clear clear sky cloud Road phone mobilephoto 2014 April Apple 5s Iphone 5s seagull religion
209	0	33543881160	France Veronique film screenshot Kieslowski hair night bed phone
210	0	39006564590	meme humor monkey password
211	0	34716461715	Windows Windows 10 Login Password User
212	1	26724433479	cartoon vector photoshop psdesire portrait grand theft auto gta effect tutorial youtube painting flat art digital
213	0	46919540005	Classic Mustang Front Ford Muscle Pony car Outdoors Grass Auto Show Tree
214	0	33457719601	coche auto car blackcars DODGE public domain
215	0	31494630003	sneeuw snow nacht nite night road outdoor weg straat lichten lampen verlichting straatverlichting street lights lampposts verkeerslichten stoplichten VRI traffic lights lange belichtingstijd long exposure auto car beweging movement koplampen headlichts sneeuwval snowfall falling snow vallende sneeuw Enschede Netherlands g
216	0	28508229065	walk Shorts walk Socks walkers wellington wearing walking Mens Menswear Man men's Fashion Men Kiwi knee Socks knees kiwi Fashion Icon knee kiwiana kiwi Shorts Nz New Zealand napier Auto auckland above The Knee Shorts Australia tube socks old School over the calf socks Retro dunedin dress Shorts golf golfers golf socks golfng golf fashion Golfer Fashion shorts socks summer sox pull Up Your Socks polyester WalkShorts 1980's 1970's people Classic Clothing Clothes Canon queenstown rotorua christchurch Sydney Brisbane darwin
217	0	26998923394	bermuda Socks bermuda Shorts bermuda brisbane bloke Menswear mens Long Socks mens Socks canon Classic cars car Show clothes clothing kiwi knee socks knees kiwiana knee high socks tall Socks old School over the calf Socks pull up your socks wearing walk shorts wearing Shorts wellington walkers golf Socks gents golfer golf fashion 1980s 1970s 11 auckland above the knee shorts Australia ashburton autos auto adelaide vehicle vehicles Vintage vintage car new zealand vintage cars vintage car nz new Zealand nelson new socks napier hastings holiday headlight tube socks retro rotorua akubra hat akubra walking socks compression socks health Socks mens knee socks car outdoor classic old cars classic vintage cars vintage cars in New Zealand
218	0	45439691344	RadwoodLA Auto
219	0	28970552177	Provincetown Cape Cod wayfinding bicycle pedestrian bike Claire Saltonstall Bikeway East Coast Greenway Herring Cove Cape Cod National Seashore Commercial Street East End route sign
220	0	41146295185	arizona wilderness national conservation lands trails outdoors outdoor scenic recreation photography landscape botany plants succulents cactus desert hike hiking sign mountains
221	1	51070124736	iphone 2021 violence
222	0	50706254646	USA guerra mapa soldado pessoa homem war map soldier person man
223	0	50396615832	rant 73 ares myth god war greek mars mythology Achlys Androktasiai Eris Enyo Homados Hysminai Death spirits Palioxis Backrush Proioxis Onrush
224	1	51016271705	COVID Vaccin vaxx Psyop WHO pandemy war OMS bill gates covid 19 pandémie biological warfare biological warfare bacteriological warfare reinfo covid virus Astra zeneca pfizer biontech Bio N Tech sputnik janssen moderna vaxzeria johnson johnson and johnson
225	1	51007981507	military army japonese army Imperial Japanese Army armed forces soldiers officers Sino-Japanese War war barracks quarters shanghai china bathing japanese 1930s bath
226	0	26980459238	2013 55th signal company AFG Afghanistan IED NVG OEF Sabari district US army apu army arrest coalition forces coalition security forces codie mendenhall combat combat camera comcam counter terriorism crye crye precision facilitator guns highspeed homemade explosive insurgent khost province ktah khas mountains mulitcam night operation night vision operation enduring freedom patrols peltor photographer photography rifle soldier soldiers taliban target task force uniform weapon
227	1	10314623056	Afghanistan children guns celebration
228	0	6736745931	Legermuseum Delft 3D stereo anaglyph Armymuseum cannons guns red/cyan Coax gun Shermantank 2012
229	0	22870805544	Canadian Jets Cards Winnipeg Manitoba Upperdeck Series 1 2015-2016 Young Guns Collection Hockeycards
230	0	49568992086	durga goddess culture hindu india poster art divine mother celestial diety war beauty religion sacred holy bhakti faith mata virtue popular pure power ferocious tiger formidable mountains demon-slayer mahishasurmardini devi mythology shiv-shakti shakti red female feminine mythical ancient nature himalayas victory evil-slayer goodness weapons primitive worship intimidating brave courage warrior woman inspire protector pantheon fearless fiery
231	0	33310466438	Spaceship landscape art composition design digital Lights colors sunset Wallpaper War Car highway Alien ufo destroyer Star stars AwardTree N1IPM
232	0	33230171512	atom bomb fallout nuclear war radioactive radiation fire hydrogen
233	0	49070616103	No People Outdoors Tree Day Travel History Built Structure Famous Place Travel Destinations Journey Tourism Exploration Mystery Discovery Washington Memorial Korean Soldiers Autumn Fall War Veterans
234	0	46609922102	Appalachia Hendersonville NorthCarolina WesternNorthCarolina South monument square memorial war
235	0	50250920656	hitlers handlers war knights of the garter garter knight hitler germany hirohito japan nazi prince england george v edward edward viii king prince of wales connaught mountbatten henry gloucester bertie duke of york victor emmanuel italy european tour
236	0	32057485588	george king colonies 1776 war for independence revolution
237	1	49053190282	wrestlers statue sculpture marble men dominance struggle battle war Olympics
238	0	23262744754	Consent It's On Us Sexual Violence
239	0	48913433263	Annapolis MD United State of America US Naval Support Domestic Violence
240	0	24357666745	Lithariel orc orcs Nurn Mordor Shadows of Mordor Middle Earth Lord of the Rings Computer game Violence Game space Video game Female protagonist
241	0	32718436026	carré square cuadrado Quadrat citation Zitat quote cita camp mort extermination Auschwitz nazi enfance maltraitance guerre 38/365 62/64 2017-02-07 littérature literature literatura Belletristik roman novel novela 17 509 secte violence french français France francés Frankreich französisch Francia
242	1	14367475843	IAF Inter-American Foundation Grupo Juvenil Dion DION grassroots development bakery baking bread microenterprise small business mobile workshop Fany Dubón Honduras youth gangs violence
243	0	50124428886	st marys church hidden gem churches religion religious holy sacred nave naves pray praying romanesque interior interiors inside architecture architectural building buildings place places historic historical history old famous landmark landmarks pretty pritty beautiful heritage tourism 4k 8k uhd dci stock free public domain create commons zero o hires manchester greater greater manchester england english british european regen vintage michaeldbeckwith michael d beckwith pp3790 ornate decorated lavish
244	0	50509345786	ArteSacra Arte Art ArteReligiosa Azzurro BeataVergineMaria BertolesiClaudioPhotos BeataVergineMariaImmacolata ClaudioBertolesi Cristianesimo Catholic Chiesa Church CultoCattolico ClaudioBertolesiPhotos ClaudioBertolesiFotografia DevozionePopolare Donna Europe Europa FotoClaudioBertolesi GruppoScultoreo HolyVirginMary HolyMother HolyQueen HolyVirgin Italy Italia ImmagineSacra ImmacolataConcezionediMaria Immagine luogodiculto LuogoSacro Lazio Madonna MariaSantissima Maria OperaD'Arte Queen Religion Religione ROMA Scultura STATUA SacredArt Virgin VergineMaria Vergine 2020 SantaMariaDeiSetteDolori MadreDiDio MammaCeleste
245	0	50386383908	Oaxaca santos religion virgen guadalupe de juquila tule aaroncruzsoto
246	0	50044229352	arte art neogotico neogothic claristorio nubes catedral basilica SXX Jesuitas malaga Arte español ventanal pináculo arbotante contrafuerte arco fajon triforio boveda de cruceria religion cristianismo baquetones
247	0	50526055381	lord mahavira mahavir jainism jain jainist jains 24 Tirthankar Tirthankaras religion symbolism india indian art sadhu sadhus
248	0	51195595267	religious supernatural spiritual wisdom heaven faith hope peace love joy fun happiness cool sick off the chain motivational confidence self-confidence self-esteem discipline self-discipline positive inspiring uplifting quotes sayings
249	0	50823241668	hypnotic soul's-fragment black&white Sacred geometrical-shape Photo Abstract Reality Energy Enjoy High Frequency Vibrations Light Love white Black grey spiritual art artwork PicsArt Nikon-Coolpix-P900 Think-Positive Thank-You! black&white-photo mirror-effect palm-tree
250	0	50693763426	2010 South Korea 대한민국 Korea 한국 Busan ship stereotype culture citizen ferry Japan Fukuoka Australian young woman attractive lovely tourism advertisement
251	0	49939923766	denmark copenhagen midsummer tivoli fairy tales hans christian anderson dolls
252	0	50413370032	Balinesti Bălinești Church Biserica Orthodox Ortodox Gothic Byzantine Christian Architecture Medieval Romania Suceava
253	0	50433457031	viceborgmester Søren Rasmussen Kolding Kommune Byråd Dansk Folkeparti borgmester Jørn Pedersen 2. Christian Haugk byrådssalen rådhus
254	0	49923012311	ketef hinnom silver scrolls bible christian jewish old testament hebrew
255	1	49112194411	Genforenings- og Grænsemuseet Genforeningen jubilæum Genforeningsjubilæet Kong Christian X Thorben Rechendorff Lorenz Asmussen Søren Rasmussen major viceborgmester borgmester fungerende minister formand for grænseforeningen Den gamle Grænsekro Fredrikshøj Christiansfeld Kolding Kommune hvide hest Malgré Tout
256	0	51053192537	Church message biblical prophetic
257	0	50967431731	stained_glass church colorful colors light contrast window black Ohio frame
258	0	50819199927	church norway illinois lasallecounty norwaytownship
259	0	50644371283	Church stained glass window opaque black tights green skirt leather jacket ankle boots
260	0	51073148733	modern cool nature templates motivational mode model fashion art lovely blacklivesmatter blm jesus awesome highway weddingdress dress wedding designs interior_design interiordesigns colorful quotes church bibleverse christianity judaism jews love sorrow lonely background wallpaper learn reading recipes
261	0	50838886142	Felixstowe Church Suffolk Bramley Surrey Francis, Miss Annable, Charlotte Alice Christchurch Pictorial Post Cards Arms Series St Felix Postcard
262	0	50825221757	Cowell's Handy Guides No. 1: Felixstowe, Ipswich and the Orwell [1907] Parsons-Norman, George Norman, George Parsons Felixstowe Suffolk Church
263	0	50324525536	LEGO Model Microscale Render Bricklink Stud.io Columbus Landmark Indiana Church Tower Spire Modernism Brutalism Postmodernism Tree Landscape Building
264	0	49816680501	Saarland Saar Saarbrücken Sarrebruck Barock baroque èglise Kirche church chiesa Ludwigsplatz Alt-Saarbrücken Friedrich Joachim Stengel Treppe escalier stairs Ludwigskirche Saarbrücken
265	0	49421693572	Saint Mary-in-the-Marsh Church Romney Kent
266	0	51152578383	tea Syria Denver Ramadan Islam refreshing beverage
267	0	51106536812	ramadan memes islam islammemes
268	0	50834200797	Md Anan Islam MAI
269	0	49764980477	Turchia Istanbul Moschea Islam
270	0	50980394982	agar pessoa mulher anjo barco bíblia antigo testamento person woman angel boat bible old testament
271	0	48151188547	jesus bible god heaven hell
272	1	50993219356	exodus bible genocide pearce
273	1	50583419533	Bible 1 John Scripture believe Jesus NewKingJames nkjv Eternal life sin love
274	1	49744789337	Indian Sissy Sophia Kitchener Ontario Canada Expose Slut Exposed
275	0	49256788156	indian clouds native graffiti Denver walls street
276	0	50640785682	Indian Classical Music Concert Vocal Carnatic
277	0	48868270908	ganesh indian mfa sculpture art
278	0	50851538442	usa america vintage aussiemobs cactus indian moqui cacti sunset city 1894 california midwinter fair san francisco
279	0	50832672132	Indian Pond hydrothermal explosion crater craters Holocene Yellowstone Wyoming
280	0	50990296206	Picture the Food Food South Africa traditional Township Breakfast sausages ham egg
281	0	48297506702	ArteSacra Arte Art ArteReligiosa BeataVergineMaria BeataVergineMariaImmacolata BertolesiClaudioPhotos ClaudioBertolesi CultoCattolico Chiesa Cristianesimo Catholic Church ClaudioBertolesiPhotos ClaudioBertolesiFotografia DevozionePopolare Donna ChiesaDelCorpusDominiMilano Europe Europa FotoClaudioBertolesi GesùCristo GruppoScultoreo Gesù MadonnaDelCarmelo HolyVirgin HolyVirginMary HolyMother HolyQueen Italia Italy ImmagineSacra Lombardia luogodiculto LuogoSacro lavorazionedelmarmo MILANO Milan Mailand Madonna MadonnaConBambino MariaSantissima Maria OperaD'Arte Queen Religione Religion Scultura STATUA SONY SonyNEX6 SacredArt Virgin VergineMaria Vergine 2014
282	0	48366306577	MARF Ministerial Advance Religious Freedom ECA State Department DOS 2019 Professional Fellows ProFellows Assistant Secretary Marie Royce Panel Cultural Heritage
283	0	51217021707	Earth Travel Transit Space Astronomy Moon science Sun Europa Jupiter
284	0	50575806818	deadman river valley deadman valley bc British Columbia Canada slide film film analog 35mm summer travel outside outdoors expired film north america
285	0	49631023682	orchid flower prayer photography
286	0	46458937701	Ratchaprasong faith shrine
287	0	36796777303	Lexington KY USA Cumberland Gap National Historical Park Kentucky Louisville Frankfort Bourbon Trail UK wildcats bluegrass state commonwealth horse noah ark encounter answers god baptist church faith jesus scriptures fried chicken col sanders field stadium sport grass people crowd Whistle Stop Cafe ceiling wall painting architecture road
288	0	34784861770	Chiangmai Thailand cloud sky temple buddhist Wat faith CNS citizen-news.org Citizen News Service Bobby Ramakant
289	0	32523558176	giacomo colombo naples italy faith fede
290	0	29703945961	faith hope gioacchino fortini florence italy
291	0	42295842374	art God angel cherub Jesus Virgin Mary Holy Spirit Madonna terra cotta Baby Jesus
292	0	34568918290	United Nations UN President Founder CEO StartUp Tech Peter Thomson Steve Gatena Michael Lynn Pope Francis Laudato si' pray.com Vatican Challenge Pontifical Academy Sciences City Holy See Roman Catholic Church
293	0	15294513749	Holy Trinity Church Charing Heath Kent
294	0	46273287642	Holy Mother 2018 Holy-Mother-2018 Holy-Mother Belur
295	0	7666864934	buenosaires argentina city ciudad ville church basilica holy rosary dominic convent america_latina
296	0	31582618574	Venezuela Margarita Valle Virgen Iglesia Church Cathedral Christianity Cristianismo Jew Religion Cruz Cross Catholic Católico María Mary
297	0	15916428994	St-Roch Saint-Roch Québec Canada église St-Roch église Saint-Roch St. Roch church basse-ville basse-ville de Québec lower town Quebec City lower town ville de Québec Quebec City Quebec quartier St-Roch quartier Saint-Roch St. Roch district quartier St-Roch de Québec quartier Saint-Roch de Québec Quebec City St. Roch district outdoor building religion religious religieux église church catholic catholique domaine public public domaine free public domaine
298	0	33991428103	Betancurie Church Fuerteventura.island travel vacation leisure relaxation solitude nature mountain sky blue summer mountains natural outdoor scenery beauty background rock hills beautiful rocky camino spain canary spanish old island tourism ancient european architecture rural historical ecology building scenic environment historic travelling view santa maria matriz whitewashed village street cathedral catholic capital betancuria city destination inglesia traditional canarias belfry islas carti5_photography canon
299	0	42522056904	Georgetown DC Washington, D.C. Catholic tintype Herron John Aloysius Herron 1853 1926 ferrotype
300	0	18685120339	carloszgz cc CC0 copyleft creative commons Free Cultural Works free pictures Mexico open license 2d Guadalajara colour religion wtf vitrina tienda santos Jesus Maria street city statuette CMSTools:PhotoRing Public Domain No copyright No Rights Reserved rue calle outdoor bizarre etrange curieux raro curioso weird loco fou crazy color couleur figurine miniatura figura action figure muñeco Jalisco Mexique America
301	0	15667929129	copyleft spain church blue eglise iglesia Free Cultural Works free pictures open license Montalban 2d CMSTools:PhotoRing azul bleu Espagne Europe building religion monument edificio batiment architecture monumento Europa arquitectura Carlos ZGZ city outdoor CC0 Public domain No copyright No Rights Reserved España Creative Commons CMSToolsTagGroups|1250295N24|2050295N20|2615514N25|1078850N21|2657219N22|778206N20|934314N24|76147754N00|644540N24|1098365N25|83647807N00|2038893N24|26241990N00|99026080N00|24162410N00|59823798N00|2178061N21|828173N21|567626N23|30009679N00
302	0	42354094751	zajdowicz available light lightroom USA travel leica art stained glass indoor inside museum national gallery of art giovanni di domenico religion church color angel of the annunciation
303	0	38291879926	Iglesia Estatua NoCopyright Gratis diablo satan satanas Dios angel Gabriel arcangel espada bien Castro Chiloe Chiloé HDR antigua antiguo luces monocromático terrible triunfo religion poder divino ph.136
304	0	40281840073	religion outdoors Northern Ireland church archive Ireland crowd
305	0	45824464205	Mariana Mariana MG Minas Gerais História de Minas Gerais Igreja Igreja histórica Brazilian church #Church Churches in Brazil Arquivo Nacional Arquivo Nacional do Brasil National Archives of Brazil história memória religião religiosidade religion Igreja Católica cidade histórica
306	0	43721101090	igreja Igreja Católica Aparecida Basílica Basília de Aparecida Catedral de Aparecida Santuário de Aparecida fé crença religião religiosidade religion Arquivo Nacional Arquivo Nacional do Brasil National Archives of Brazil história memória São Paulo Aparecida SP
307	0	25901413908	Rothenburg ob der Tauber Deutschland Germany European Union Bavaria Middle Franconia Ansbach Bayern Mittelfranken 15th Century Painting Glasses Middle-Ages Religion Panasonic DMC-TZ30 October 2013 100 Book Bible Reading Shell Rothenburg Friedrich Herlin of Nördlingen Friedrich Herlin 5000 10000
308	0	15417149783	joyful prayer Jesus Thessalonians Bible Scripture
309	0	35491572924	Prayer Times NYC PrayerTimesNYC PrayerTimes MuslimPrayers
310	0	38456868740	ASL Prayer
311	0	36460515786	Prayer DCI Drum Corps International Southwestern Championship San Antonio
312	0	29949433422	Gayatri Mantra mantra hindu hindu mantra mantras hinduism god prayer pray praying monochrome life health
313	0	6815343423	Hebrew Prayer Jewish Shawl Children Child Making history pingnews
314	0	39995883673	church tower cross bell god religious christ christian spiritual
315	0	34670550452	Lake Havasu City Stonebridge Christian Felloship London Bridge
316	0	16490035671	Christian reslight life boring saying
317	1	29848851937	EPP Summit European People Party Salzburg Austria September 2018 Christian Schmidt Treasurer Wilfried Haslauer Governor
318	0	42970434770	EPP Summit European People Party Salzburg Austria September 2018 Sebastian Kurz Chancellor Christian Kremer Deputy Secretary General Schmidt Treasurer
319	0	23779198560	The Renaissance Woman returns Christian Tagliavini Photographer 1503 Series work art poet architecture poetry photo best perfect people
320	0	27377926339	Hinduism Nepal Spiritual Bells Colors Travel wORLD tIBET C Canon EOS7D
321	0	40161528611	ashlar un goodwill world lucis trust spiritual code light
322	0	27114337716	happiness love happy inspirational quotes quote words to live by meaningful message sentiment light spiritual self improvement meme memes
323	0	12114524526	Nepal Lam Dre Boudha Tibetan Tibetan Buddhist religious religion spiritual Buddhists practice empowerment Buddhist 2717 Leaf miracle monk leaf hovering above him laity posts and gates statues of the Buddha and his students photos of lamas porch Sakya Lamdre Tharlam Monastery Kathmandu Leaf miracle: monk point up towards leaf
324	0	30426694404	music spiritual trentatré church naples italy chorus
325	0	49742338021	CharlesBurchfield painting trees art landscape artwork magic transcend spiritual
326	0	38253617662	spiritual higher self pentax
327	0	31568367072	quote quotes swami hindu hinduism swami vivekananda vivekananda
328	0	27486723564	Ghana Iftar Islam USinGhana
329	0	12066664226	@america Kristen Bauer Moslem Noor Tagouri Islam dream multiculture
330	0	41840088570	Yercaud Tamilnadu sacred heart church hill station Sony RX100 Sony DSC-RX100
331	0	42889920855	quotes sayings christian christianity religious supernatural spiritual esoteric mystical heaven faith hope peace love joy fun happiness cool wisdom anime motivational self-control discipline self-discipline Jesus Bible lust horney seven deadly sins 7 deadly sins lonely lonliness sad sadness depressed depression
332	0	35266296484	flower bible
333	0	33622921595	HD Graphics Text BeardedMango Dog Wave Yo!! Pigs iPhone 5 Palm trees Youth group- Bible verse Swine Sports Cool Awesome Green Brown Ocean Beach
334	1	25984622864	bible quotes quote children family road mountains mountain sky cloud driving
335	0	33225983871	carré square cuadrado Quadrat painting peinture tableau cuaderno Geschilde Bible jardin Eden délices Jérôme Bosch Moyen âge purgatoire terre homme femme 69/365 2017-03-10 17 540 29/64 primitifs flamands musée du Prado speculum nuptorium humanité déluge prédiluvien Garten der Lüste Garden of Earthly Delights jardín de las delicias arbouse fruit
336	0	29140663585	psalm 104 heavaens chariot wings nasa news flatearth flat earth space hoax sun moon yin yang yinyang god reality plane universe curve curvature nocurve bible truth dome
337	0	27405635422	Gustav Dore Gustav Doré engraving Bible violence brutality Old Testament Holy Bible art line line art
338	0	22837009377	SamTrak Bible Pages Book Southeast PDX Portland Sellwood Psalms monochrome B&W blackandwhite
339	1	22292625866	casa ceia pessoa Jesus Cristianismo homem ultima Ceia home supper person Christianity man Last Supper
340	1	24335312310	Truth Jesus Christ good news Christianity
341	0	9047120889	Shooting firing Attempted assassinations Political events Popes Bishops Religious leaders Leaders pontiff Wounds Injuries casualty wounded Roman Catholicism Christianity Religious movements Catholicism Prominent persons Religion Italians Males Southern Europeans Western Europeans Europeans Eurasians Poles Catholics Christians Religious roles Many
342	0	47477565991	emissary messenger devotional mythology indian hindu kshatriya warrior india faith legend sita rama ram ashok vatika hanuman sundar kand ravana ravan grove ramayana queen demons goddess prince princess garden trees art
343	0	37206565456	zajdowicz pasadena california macro closeup object available light lightroom Canon EOS 5D Mark III 5d3 dslr digital indoor inside USA EF100mm f/2.8L Macro IS USM 100 mm prime lens art The Norton Simon Museum shiva Indian brass silver inlay blackandwhite monochrome b&w black white shadow light sculpture statue modern face portrait detail eyes nose lips
344	0	5804929580	indianmoths indian moths mothsofindia moth
345	0	36828134633	U.S. Fish and WIldlfie Service Clinch River Indian Creek golden riffleshell Virginia Department Game Inland Fisheries
346	1	31362803212	sexy hot Beautiful Bollywood Bollywood actress India indian actress Indian
347	1	31391382271	Bollywood Bollywood actress bollywood actresses sexy hot Beautiful legs India Indian indian actress
348	0	47347015772	Vihang Naik Indian Poet
349	0	47201027762	Fort Shafter ESG USARPAC U.S. Army Pacific Indian
350	0	42398919812	Barcelona City Town Urbanismo Turismo Colinas Edificios Cathedral Religious Architecture Urbano Tower Vegetation Viviendas Relief Cars Mountain Cordillera Geografía Urbana Geografía Física Urban Geography ciudad relieve orografía erosión vegetación infraestructura urban town planning tourism physical geography orography erosion infrastructure
351	0	40970555915	angel Guardian angel protector religious safety
352	0	27361965226	EAGERLION2016 Eager Lion EL16 EL2016 ARCENT ARMY CORE Middle East CENTCOM Jordan South Carolina Army National Guard Army National Guard South Carolina National Guard #SCGuard SCNG Hashemite Kingdom of Jordan Jordanian Armed Forces JAF Bilateral Training Exercise 122nd Engineers Chaplain Religion Religious Chaplain Corps Religious Services Protestant
353	0	50681757511	2011 Greece Ελλάδα Europe Attica Αττική ruins church dome
354	0	38498295836	people women girl smile funny TiDf Toronto International Dance Festival 2017 backstage performance dancer Japanese Japan yosakoi traditional reflection
355	0	26232663129	london park clapham common bandstand old traditional blue sky sunny day south
356	0	16179827890	playground slide traditional play children kids vintage old school park bars climb bar trees forest lake texas exercise fun playing monkey wood sport ree photos free images royalty free vintage texas playground
357	0	30199058636	roumanie romania transylvanie transylvania ferme farm house maison casa folklore blue chaume thatch ferma bed lit table chair chaise dish assiette plat drap traditional
358	0	30304344765	roumanie romania transylvanie transylvania ferme farm house maison casa folklore blue chaume thatch ferma traditional cheminée chimney
359	0	28649235551	Senior Leaders Seminar Current Emerging Security Issues Africa Human Traditional Concerns Regional Cooperation Network Professionals
360	0	21468828681	Kenya Italy Milan Expo 2015 Traditional Singing Dancing Song Dance Race Marathon Athletes Runners Run 3km 10km Music Celebration Showcase World Coffee Nation Tourism Investment
361	0	36501326390	agriculture alkmaar beauty bloom blossom blue close cloud counrtyside cultivated culture day dutch farm farmland flora flower flowering green ground holland land leaf light natural nature netherlands no nobody north outdoors people pink plant rural scenery scenic season seasonal sky spring springtime sunlight sunny sunshine traditional tulip view white
362	0	42289668785	Isle of Man Isle of Man culture Manx Manx culture Culture Vannin Culture Badges Manx badges Isle of Man badges Year of Our Island Tynwald Day Tynwald
363	1	39043996484	Doomsday prepper gas mask survivalist bunker apocalypse punk human culture prophecy Jesus end military war mankind warning
364	0	48553225937	MEUDON CENTRE D'ART ET DE CULTURE HARADA TETSUO
365	1	49389809923	beauty spring beautiful girl woman lilac female portrait happy garden model young summer bloom lifestyle outdoor fresh fashion nature eyes hair face park flowers cute lady pretty makeup floral look skin enjoy wellness sexy health attractive natural green caucasian dress spa glamour gorgeous skincare perfume romantic curly aroma blossom flower
366	0	50430590231	antique art artwork cc0 creative commons creative commons 0 design resource drawing egon schiele graphic high resolution illustrated illustration line drawing man old portrait portrait of arthur roessler printable public domain schiele sexual figurative sketch sketch vintage
367	0	50422867606	boat fishing old paint painter fish
368	0	50258760413	A cheese farm in Zaandam Netherlands No People Architecture Outdoors House Water Old Village Built Structure Travel Reflection Landscape - Scenery Building Exterior Blue Travel Destinations Nature Zaandam Amsterdam Bridge sky trees rural holland
369	0	50210430012	Old bridge river Public Domain Pictures Royalty-free free Monochrome monochromephotography B&W svartvitt black white blackandwhite blackandwhitephotography blackandwhitephoto blackandwhitephotonatur fineartphotography Soviet lens a Helios-44 58mm f2.0 13 blades
370	0	50139800202	sick illness religious supernatural spiritual heaven wisdom faith hope peace love joy healing fitness health seniors retired flu colds coughs fever sinusitus bronchitus home remedies healthy aged old infirm
371	0	51118889927	Nature film winter grunge dimness anguish vintage old bc british columbia canada outside outdoors bleak photo photograph photography picture image
372	0	51055708528	Czech Republic Czechia kraj Liberecký okres Česká Lípa Kamenický Šenov Panská skála čedič sloupce sloupcovitá odlučnost sloupcovitý čedič basalt columns columnar jointing columnar basalt prisms igneous rocks magma sopka vulkanologie volcano volcanology rocks rock formations geology science excursion education nature landscape vintage old
373	0	50917857938	graffiti blade old school new york hip hop 80's seen decone abf sketch
374	0	50839190556	lighthouse sky clouds cloudy blue old
375	0	50678363463	park nature autumn pond forest castle old landscape pottendorf
376	0	49848904873	wells cathedral cathedrals cathedra abbey abbeys minster religious religion holy sacred nave naves praying pray scissor section arch aches gothic gothical scissors church churches interior interiors inside architecture architectural building buildings place places historic historical history old famous landmark landmarks tourism heritage 4k 8k uhd dci stock free public domain creative commons zero o somerset england english british european michael d beckwith michaeldbeckwith vault vaults pp3790
377	0	49848193028	ripon cathedral cathedra cathedrals abbey abbeys church churches religious religion holy sacred arch arches gothic gothical exterior outside architecture architectural building buildings place places historic historical history old famous landmark landmarks pretty pritty beautiful ornate tourism heritage pray praying 4k 8k uhd dci hires large big photo photograph pic picture yorkshire england english british european gods own country stock free public domain creative commons zero o michaeldbeckwith michael d beckwith pp3790
378	0	49760843761	graffiti oldschool letters sketchbook alez decone abf old school blockletters wildstyle spraycan art bando seen streetart orc crew
379	0	49655917207	maps oldmaps old
380	0	49620390941	royal crescent the royal crescent house houses home homes arch arches exterior outside architecture architectural building buildings place places historic historical history old famous landmark landmarks heritage tourism bath somerset england english british european 4k 8k uhd dci stock free public domain creative commons zero o big large pic picture photo photograph image images michaeldbeckwith michael d beckwith victorian pretty pritt beautiful pp3790
381	0	49831352742	bloom bud spring big giant old oak tree Logan, Ohio Hocking County Ohio southeastern Ohio Appalachian Ohio
382	0	49245588603	old abandoned Colorado mountains cabin
383	0	48840423598	町家模型 金沢 町家 模型 japan kanazawa old House 町屋 髙木糀商店 高木糀商店 Model 金子作造 建築模型 町家の模型 町屋の模型
384	0	48723842557	Färlev Lysekil old red wooden barn
385	0	48654640183	portovenere liguria italy sea bay architecture landmark landscape water old town
386	0	46756094782	Mexique Mexiko México Oaxaca centro histórico centre-ville Altstadt downtown old town iglesia church église kirche Dom cathédrale Cathedral Catedral de la Asunción
387	0	46808643911	Mexique Mexiko México Oaxaca centro histórico centre-ville Altstadt downtown old town museo museum musée Textile Textil
388	0	39729768833	texture textures Photoshop Illustrator free concrete dirt dirty old aged grunge grungy weathered
389	0	46694611721	texture textures Photoshop Illustrator free concrete pit pits pitted damaged old aged weathered grunge distressed subtle
390	0	43175406362	spences bridge vintage old car film b&w monochrome black white bc canada
391	0	43841829041	Historic estonia talinn buildings town old tower wall
392	0	40911376430	2013 Old Car Day Bethany chrysler restorers south australia
393	0	38975118951	free for commercial use old town New Mexico Albuquerque archetecture doors wood antique south historic museum
394	0	38219514854	attic mansard garret city town old cockloft tile housetop roof
395	0	26679602789	albi. france occitane occitan europe old city streets river medieval church red brick bridge french light sky skyline
396	0	37118180351	ancient architecture bologna bolonia buildings center city cityscape downtown europe european belfry green historic horizon houses italy medieval narrow old panorama panoramic red roofs rooftops structure tile tourism towers town urban windows yellow kartlyn
397	0	27156811079	street old town city house travel cafe
398	0	33501212421	old barn field wildflowers Oregon Willamette Valley hay grass turnip seed spring blooming
399	0	31691774252	beverley old photographs rotary club east riding christmas trees market place people historic streets towns
400	0	30261046665	beverley old photographs industry company east riding motor cars businesses
401	0	33160118765	france old window brick stones ruin
402	0	26672478111	1910 2016 Administration Atmospheric CO-OPS Center Center for Operational Oceanographic Products and Services Coast MD Maryland NOAA National Oceanic and Atmospheric Administration Oceanic Oceanographic Operational Products Services Silver Silver Spring Spring States Tide predicting machine U.S. U.S. Coast and Geodetic Survey United United States analog analog computer antique brains brass chain computer geodetic high high tide historic history low low tide machine mechanical metal national ocean old old brass brains pulley summation summation chain survey tide tide predicting machine no. 2
403	0	26466033210	1910 2016 Administration Atmospheric CO-OPS Center Center for Operational Oceanographic Products and Services Coast MD Maryland NOAA National Oceanic and Atmospheric Administration Oceanic Oceanographic Operational Products Services Silver Silver Spring Spring States Tide predicting machine U.S. U.S. Coast and Geodetic Survey United United States analog analog computer antique brains brass chain computer crank dial gear geodetic high high tide historic history low low tide machine mechanical metal national ocean old old brass brains pulley shaft slotted slotted yoke crank summation summation chain survey tide tide predicting machine no. 2 yoke
404	0	26402696120	GRC Greece Karousades Spartýlas CC0 Creative Commons people public local profession innkeeper old man indoor tavern cafe bottle vak_2015.05_Corfu vak Corfu local people old coeluc
405	0	24545181285	wonderful London st john adcock donald macleish london 1920s twenties photogravure sepia photograph image nostalgia lost yesterday before urban old how we used to live a la recherche de temps perdu trades streets roads scenes olden days times forgotten
406	0	24179576060	wonderful london london st john adcock donald macleish 1920s twenties photogravure sepia photograph image nostalgia lost yesterday before urban old how we used to live a la recherche de temps perdu trades streets roads scenes olden days times forgotten
407	0	26132826074	1910 2016 Administration Atmospheric CO-OPS Center Center for Operational Oceanographic Products and Services Coast MD Maryland NOAA National Oceanic and Atmospheric Administration Oceanic Oceanographic Operational Products Services Silver Silver Spring Spring States Tide predicting machine U.S. U.S. Coast and Geodetic Survey United United States analog analog computer antique brains brass chain computer crank dial geodetic high high tide historic history low low tide machine mechanical metal national ocean old old brass brains pulley slotted slotted yoke crank summation summation chain survey tide tide predicting machine no. 2 yoke
408	0	24854745500	liberdade cotidiano lunch almoço meal moviment movimento independência capacity age Man old people white
409	0	24583302419	red black hat elegant old antique doll Victorian free free-photos CCO
410	0	24252579644	malta harbour old history maltese traditional eyes
411	0	22441855316	wild west old village old village cowboy cowboys olympus digital camera e-m5 mountain houses cart carts outdoor outdoors America abandoned abandon abandoned building city
412	0	18620192772	OldSchool Trolley Transportation DowtownDallas BlackandWhite B&W Texas Dallas classic original old travel downtown canon sigma len sigmalens 28mm
413	1	15347553226	candid 50mm people vintage D800E sleeping building Canton old street Nikon Black and White BW city urban snap sleep bike AF Nikkor 50mm f/1.8D
414	0	15511787012	street photography antica center ancient centro italian city italy rome roman europe old monument building roma urban culture art italia street colosseo architecture colosseum archi flavian history amphitheater historic famous stone gladiator heritage arc arch antique empire anfiteatro outside unesco cc0 public domain free image photo foto dominio pubblico no rights reserved no copyright wtfpl cc creative commons web use download images background gratis libre 免费
415	0	14649228106	vacanza europe viaggi viaggio europa travel tourism journey tourist people trip holiday vacations city traveler vacation visiting urban culture european stroll capital capitale macchina architecture street photography antica center ancient centro italian italy rome roman old monument building roma art italia street cc0 public domain free image photo foto dominio pubblico no rights reserved no copyright wtfpl cc creative commons web use download images background gratis libre 免费
416	0	50956154752	motor rusty old
417	0	49894328062	wood old
418	0	48651702718	1933 1930s advertisement advertising old vintage classic telephone candlestick telephone woman lady classy
419	0	48534614081	1934 1930s advertisement advertising old vintage classic motor oil
420	0	49997867437	outside bridge historical old abandoned
421	0	48536115706	Havana Cuba Old Carriage Horse
422	0	48277588241	1919 1910s advertisement advertising old vintage classic His Master's Voice RCA Records
423	0	48261306677	australia queenland qld travel country city town history historic heritage vintage image blackandwhite bnw old photography photograph photo building architecture archi construction work workers 1940s people classic archives record landscape portrait Brisbane Queensland rural regional
424	0	47985060603	rothemburg Rothemburg ob der Tauber Rotemburgo Baviera Bavaria Alemania Germany old antiguo city ciudad plaza ayuntamiento city hall Paisaje urbano cityscape
425	0	44532427535	old abandoned forgotten past autumn
426	0	34931349934	china old vintage black/white b/w Mactavish 1921 genre-photography Paper-photography 中国 schwarz/weiss Papierbild alt 中國
427	0	28246744067	mens tweed cap hat houndstooth wearing fashion dapper ride run distiguished menswear man retro cool old school plaid old vintage clothing clothes hollywood peaky blinders movie star portrait head face poster sign person man wearing Tweed Cap cheesecutter flat cap british uk britain
428	0	40716296105	railway track line railroad rail unused rusty background transportation transport train new abandoned old nature construction industrial station disused landscape metal industry
429	0	33716042725	manchester united old trafford reds man u football english
430	1	31702317446	old beggar honest female poor
431	0	34250182935	Spirir summer city Fuerteventura.island travel vacation leisure relaxation scenery beauty background spain canary spanish old island tourism european architecture rural historical building scenic environment historic travelling view whitewashed street destination canarias islas
432	0	33913557121	new Zealand kiwi nz auckland australia brisbane sydney mens socks walk socks knee socks mens short shorts retro old school bermuda golf golfing golf socks over the calf socks bermuda socks pull up your socks walkshorts shorts granpa opa old 1980s 80s 70s 1970s 1977 1978 1979 1980 1981 1982 1983 1984 1985 1986 1987 1988 1989 christchurch dunedin tie mens fashion summer focus canon darwin melbourne hastings rotorua free public domain download shirt and Tie oldman guy guys gents older wearing bermuda socks
433	0	33423756545	old cars brodsworth
434	0	31301522974	2017 kecko switzerland swiss schweiz suisse svizzera innerschweiz zentralschweiz uri göschenen schöllenenschlucht Schöllenenbahn SchB historisch historic old alt bahn eisenbahn railway railroad train zug HGe 2/2 Talmuseum Ursern MGB Matterhorn Gotthard Bahn swissphoto geotagged geo:lat=46.660410 geo:lon=8.585490
435	0	27629093726	engine car old vehicle engineering parts metal
436	0	29713447491	Frankfurt tourism rides streets Europe fun funfair culture old buildings cider city apple wine festival Dippemess opera
437	0	28986729862	4 Architektur Fassade Holz Textur alt alte Tür architectural detail architecture braun brown dirt dirty facade heruntergekommen old old door rundown texture wood
438	0	28986725082	Architektur Fassade Holz Textur alt architectural detail architecture braun brown dirt dirty facade heruntergekommen old rundown texture wood
439	0	27009026503	oldglory old glory star spangled banner american flag red white blue our usa patriotic emblem
440	0	16425410043	venice italy landscape buildings old architecture nice water canal canale gondola boat
441	1	16600310959	FAPH Fort A. P. Hill 3D U.S. Infantry Regiment The Old Guard EIB Expert Badge
442	0	15114346880	Country firewood old stove yard europe organized
443	0	7365354944	Samuel Gottscho New York city. View from roof top Tudor 1941 year old vintage skyline skyscrapers cityscape
444	0	6759782515	Bibliomata Antiguo Antique old Libro Book Ilustrado Illustrated Ilustraciones Illustrations Láminas Plates Grabados Engraving Engravings Dibujos Drawings Books 19th century Vintage Illustration Arte Art Acuarelas Watercolors Don Quijote Salvador Tusell Gustavo Doré Doré Quijote
445	0	8022656131	Bibliomata Antiguo Antique old Libro Book Ilustrado Illustrated Ilustraciones Illustrations Láminas Plates Grabados Engraving Engravings Dibujos Drawings Books 19th century Vintage Illustration maleta suitcase Lello Universal PixeLegis Arte Art
446	0	6916247106	Brooklands Museum Woking Old Racing Planes Cars
447	0	31787185887	Europa Europe “San Petesburgo” “Saint Petersburg” “Sankt Peterburg” “Saint-Petersbourg” Санкт-Петербу́рг centro downtown Zentrum Centre Iglesia église Kirche church Savior Blood Церковь Спаса на Крови
448	0	32322708707	alcohol drinks drunk bar restaurant wiskey rum gin bottle
449	0	49959626682	cross-connect box kafao street art graffiti Primary Cross-connection Point eye teeth sharp graff greekgraffiti mobilegraphy iphoneography iphone editing
450	1	35706998084	CNS citizen-news.org Lucknow Citizen News Service India tobacco smoking cigarette Gutkha Pan Masala Rajnigandha
451	0	32547226621	pipa pipe smoking tabaco espuma de mar
452	1	50264829283	Stealthic MIWAS Meva CATWA Maitreya message Hair hairstyle smartphone
453	1	50251071047	DOUX Blueberry Maitreya CATWA thougts love head hair hairstyle
454	0	43166397360	young female woman sunglasses model stylish blue copy smiling up beautiful portrait fashion beauty summer girl pretty lifestyle people attractive caucasian happy person hair style face outdoor glamour adult casual free vacation spring hand closeup beach leisure travel lady smile joy modern cheerful sexy city trendy sunlight happiness lips
455	0	35371853444	associaton cooperation people panasonic hair travel notebook colors dress development colorfull notes meeting burundi africa GX80 Lumix GX85 MFT presentation work aid humanitarian sector NGO relief CCO meetings
456	0	35585691281	girl iphone hair blackandwhite street people bw
457	1	36566877716	rugged rough survivalist outdoors tracker city woods beard la California stalk track hair man
458	0	31540749992	adult beautiful beauty brunette casual celebrate christmas city clothing coat coffee cold cup decorations fashion females festive gloves hair happy holding jacket joy lifestyle lights looking model outdoors people person posing positive scarf street urban winter women young
459	0	32883010970	senior photos teen vogue model atlanta photography portfolio beauty femme waterfall rocks trees portrait graduation alternative artist gallery portraits women colors composition eyes hair makeup upclose girls ladies
460	1	22092641364	portrait hair veil woman red dress hands lady redhair d80 nikond80
461	0	18006181261	Bono Singer Microphone U2 Man Male Human Singing Glasses Earpiece Hair Jacket Public Domain
462	0	49143442963	black NigerianAirForce Africa Nigera NAF Survivalvest خانم زيبا هوانوردي پرواز هوايي نيروي خلبان_زن زنان زن دختر بانو خلبان pilotlife fightersquadron fighteraircraft survivalsuit lifejackat cockpit g-suit mask oxygen visor helmet aviation aviator olive airforce lovely cute babe baby babyface hot pretty gorgeous beautiful eyebrow makeup gloves ladylike hair ponytail eyelashes smile earings lipstick sexy girlsinuniform womeninuniform green her she women woman lady girl squadron female flightsuit femalepilot
463	1	51004943950	Monochrome Black and White Sony Sony Alpha Model Girl hair Urban Milan Navigli
464	0	42489386520	lady costume white curly hair wedding dress
465	0	40549550224	IAF india Mig-21 soloflight Bison history femalepilot flightsuit female squadron girl lady woman women badasswomen she her green womeninuniform girlsinuniform sexy lipstick earings smile eyelashes ponytail hair ladylike gloves makeup eyebrow beautiful gorgeous pretty hot babyface baby babe cute lovely airforce olive aviator aviation helmet visor oxygen mask g-suit cockpit lifejackat survivalsuit fighteraircraft fightersquadron pilotlife aviationlovers femalepower girlpower महिला लड़ाकू विमान चालक خلبان بانو دختر زن زنان خلبان_زن زيبا خانم پرواز هوانوردي
466	1	39183593171	sexy busty milf sensual cleavage big natural tits hair legs big butt humor funny sensualidad tits boobs big tits piernas mujer babe sexy babe huge babe carola oliva dancer actress mujer latina latin woman chica morena busty brunette massive woman latina chilena chile clip sketch carolina oliva tacones leggy humor chileno natural big tits breast escote shoulders sexy shoulders cintura caderas
467	0	39673549730	airline airlines Captain first officer blonde goldenhair golden redlips aviationlovers femalepower girlpower pilotlife pilotlifestyle womenequalmen strongwomen pilotgopro avgeek femalepilot flightsuit female squadron girl lady woman women badasswomen she her womeninuniform girlsinuniform sexy lipstick earings smile eyelashes ponytail hair ladylike makeup eyebrow beautiful gorgeous pretty hot babyface baby babe cute lovely aviator aviation helmet visor cockpit خلبان بانو دختر زن زنان خلبان_زن زيبا خانم پرواز هوانوردي
468	0	35483161205	#OttoWarmbier #LEGO #KIMJUNG #NORTHKOREA #CNN #BBC #BRICKS #WORLD #NEWS #trump #DANOR #art #digitalart #paralyze #war #ignorelife #dictator  #hitler  #say #drawihng #adolfhitler  #luxury #painting #paintings  #graphicart #artist #creative #colour #artisti #beautiful #love #handmade #streetart #POPART #woman #man #girl #boy #sex #fuck #dick #sexy #hair #mature #bricks #sketch #sunset #beach #water #sky #flower #red #nature #blue #night #white #tree #flowers #portrait #light #snow #sun #cat #park #winter #landscape
469	1	33799573381	France film Bleu Kieslowski screenshot hair music
470	1	33888216846	France film Bleu Kieslowski screenshot hair ray
471	1	33310296571	portrait women beauty colors composition eyes hair makeup upclose girls ladies
472	0	30164297830	photography yellow woman colour nikkor girl 1.4 art 85mm camera fx nature brighting nikon sexy eyes play full 35mm deep fullframe novalgoya hair shining colours galery crown forest frame color love orange light d800
473	1	49054223911	trailer official horror movie film scary video creepypasta
474	0	49053671843	horror film scary movie poster cover posterart art antrum deadliest ever made official 2019
475	0	46719586765	#deepdream #deepdreamer #darkdeepdreamer #dystopian #art #trippy #scary #stairway #painting #wallpaper #generator #scifi #cyberpunk #horror #supernatural #artwork #drawing #design #dystopia #dark
476	0	34380209341	land of oz beech mountain museum souvenirs autumn at oz billy ferguson jack pentes land of oz nc banner elk theme park park abandoned scary journey with Dorothy travel sean jana Ferguson Billy
477	0	33347345375	werewolf werewolves wolf wolves howling scary creepy horror halloween lens flare blowout sepia monotone painting grey london church cathedral tower light tower glare screenshot wow world of warcraft screenshots
478	0	22276276238	zombie dead death zombie walk costume halloween spook scary walker walking dead
479	0	14406533013	Not Haunted But Scary
480	1	29019921307	hairy chest naked nackt park sexy male masculine skin forest wood holz body naturist nude topless shirtless hiking landscape nature
481	1	28785914514	ben lucas feather ship compass rib piece side tattoo tiger lily stargazer eye jade artist chico ca california
482	0	20225742405	rock eolian empire heavy noisy weird loud metal punk diy kenton club portland pdx show band gay*bits release album drop concert live party drunk Gaytheist
483	1	40795084473	mulher legg pernas body loira blond woman sofa rose flower
484	1	27594467560	Nikon portrait sock cute foot hands school girl bed girl socks teenage indoor close up body faceless knee socks leg teen long socks Nikon D800E knee-high socks black detail legs feet Manual Lens No CPU
485	1	27983592882	cappello ragazza girl model modella nero blu bionda blonde petite modiste body hat
486	0	19152683249	sock cute zentai hands clean hand bed girl tights socks M43 body faceless long socks leg knee-high knee socks fabrics E-M5 black legs feet flash Kigurumi tiny Olympus OLYMPUS M.12-50mm F3.5-6.3
487	1	18629846584	outfit art girl C200 sock body white F3 slim indoor faceless colors patterns Nikon F3 sweet cute leg socks style red legs dress shape pantyhose feet skirt 50mm strawberry strawberries Fujifilm bed film tights Nikon
488	1	50755588156	Jock strap Jock Nude Male Vintage Beefcake Man Sexy Muscle Body
489	1	50382408266	WWII ww2 italy dead body death Italia
490	1	38504757935	male physique gay men body flex flexing pinup vintage muscle hunk beefcake pin up nude retro style holiday manly magazine add postmodern mid century model
491	0	31746040307	material deportivo suministro mancuernas entrenamiento productos fitness fabricante body fit ortusfitness
492	0	21834543029	nikkor studioin photography noval nikon goya portrait colours frame novalchaos novalgoya D810 light fullframe street 35mm D800 colour full galery fx 2.8 f5.6 bokeh body blure sun 70-200 air real cold city balaton country town clouds people wedding f2.8
493	0	28180070674	capital noface art nikkor summer body camera fx home brighting nikon madrid 24-105 full 35mm boy fullframe morning novalgoya goya noval galery black and white back frame city format love door manana open 5,6 sigma son light d800 balcony
494	1	49858298031	Snake Bodysuit Cosmopolitan Fameshed Revoul EMO-tions Maitreya hair body hairbase Piercing choker earrings Blog Blogger SecondLife Ass Nipples Sexy sex Pose oushk kinky
495	1	33864247498	Wild MakepStudio Makeup TheMakeoverRoom Event Asteria Group Gift Dress Navy Doux Hair Equal Angelica Lode ShinyShabby Gacha HeadAccessory Catwa Catya Maitreya Mesh Body ysm☻♥☻
496	0	50002436286	Hiking Naked Hiking Nude Hiking Free-Hiking Naturist Hiking Bare Clothing-Optional Natural Nudity Natural Nude Naked Nudist Naturist Jim Tighe Jim Tighe Nudist Jim Tighe Naturist Jim Tighe Naked Jim Tighe Nude RiverNude
497	1	40380378193	Naturism Nudity Nudism Nature Forest Night Gymnastics Act Male
498	1	47646842682	slut bed underwear exposed cheap Cindy whore teacher
499	0	46972113114	skin care pele menina mulher rosto mão no hand cuidados com a pele hair depilação spa estética
500	0	40210884560	beautiful bright beauty fashion model outdoors photoshoot season summer male men man 5k 4k fhd full hd skin portrait style hair undercut young eyes people face color colorful sunlight outdoor glamour yellow blue vivid sun
501	1	50710967613	KUPRA BIG GIRL BIMBO SEXY THICC CURVY LUCH BBW CURVES KUPS LOVE FASHION BLOG EYE CANDY STORES SECONDLIFE EVENT SHOPAHOLIC ADDICTED bUSTY HOT YUMMY DESIGNING BLOGGERS INITHIUM SLINK FREYA BBL JESSICA Tonic Kalhene Naomi Legacy eBODY
502	0	32344659441	Spangled cotinga bird vogel aves bokeh zoo tierpark blue green brown captive gefangen gefangenschaft tier tiere animal animals natur nature feathers federn wood holz wing wings flügel eye eyes auge augen high iso d7000 nikon sigma 300mm cayana celeste lentejuelada gargantimorada de Cayenne Halsbandcotinga Cotinga-pintada anambé-azul Glitterkotinga
503	1	22567466373	spider arachnid eye anterior pisaurina mira pisauridae nursery web university texas Austin insects unlocked
504	0	35057839696	photo-microscopy spider eye awesome scarey WOW kids nature microscope homework bug photostacking Zerene Stacker dragons microscopy closeup
505	0	51074810623	Common blackbird Eurasian blackbird musträstas Turdus merula bird spring male branch nature wildlife sit sitting eye
506	0	47929886491	Add tags bird tree baum branch camera Coolpix cool claw notes away depth detail far fernaufnahme fun gewächs garden heaven high himmel icreasing Kamera sky luckyshot leaf Natur nature night Nikon outdoor odd plant P900 pflanze space spotting technics up Vogel wings winter eye zoom branches Amsel beak flying fly flowers forest animal moon mond timing wow air starling
507	0	34477757640	eye Ghirlandina reflection sky
508	0	8131694027	bug bugs bee bees pollinator pollinators animal animals Animalia Arthropod Arthropods Arthropoda Insect Insects Insecta Hymenoptera Aculeata Anthophila Apoidea Megachilidae Megachilinae Megachilini Megachile Megachile inermis taxonomy:binomial=Megachile inermis Sleeping Bear Dunes National Lakeshore biml droege barc pwrc usgs nps Michigan face portrait eye eyes compound eyes ommatidia ocelli antenna antennae sensory array sensor array sensory organs labrum mandible mandibles female scape pedicel flagellum texture dimpled MI zerene zerene stacker stacked head compound eye macro macro photography StackShot usgsbiml
509	0	7693182858	Parasitic Wasp BIML Droege Hawaii Oahu bug bugs wasp wasps animal animals Animalia Arthropod Arthropods Arthropoda Insect Insects Insecta Hymenoptera Parasitica parasitic Apocrita Apocrita Chalcid Wasp Chalcid Wasps Chalcid Chalcidoidea Chalcidid Wasp Chalcidid Wasps Chalcididae Haltichellinae BIML USGS Droege parasitic wasp face portrait eye eyes compound eyes ocelli antenna antennae sensory array sensor array sensory organs Zerene Stacker zerene stacked macro macro photography StackShot usgsbiml
510	0	19229891254	wecanbeheroes mural art graffiti phonkie dab elephants eye nature davidbowie
511	0	8092378840	Andrena Andrena lupinorum taxonomy:binomial=Andrena lupinorum Badlands Andrenidae South Dakota Pennington National Park Service NPS Apoidea Anthophila Melandrena Badlands National Park bee bees biml usgs droege barc pwrc bug bugs pollinator pollinators animal animals Animalia Arthropod Arthropods Arthropoda Insect Insects Insecta Hymenoptera Aculeata Mining Bees Mining Bee Andreninae female Pennington County SD face portrait eye eyes compound eyes ommatidia ommatidium ocelli antenna antennae sensory array sensor array sensory organs labrum mandible mandibles maxillae labial palp proboscis glossa scape pedicel flagellum yellow fuzzy zerene zerene stacker stacked head compound eye macro macro photography StackShot usgsbiml
512	0	8194125082	Eutricharaea Megachile concinna taxonomy:binomial=Megachile concinna biml usgs droege pwrc barc bug bugs bee bees pollinator pollinators animal animals Animalia Arthropod Arthropods Arthropoda Insect Insects Insecta Hymenoptera Aculeata Anthophila Apoidea Megachilidae Megachilinae Megachilini Megachile Dominican Republic zerene zerene stacker stacked black and white DR focus stack focus stacked back top dorsal head thorax abdomen wings eye eyes compound eye female macro macro photography StackShot usgsbiml
513	0	7558203956	BIML Droege Maryland Wasp taxonomy:binomial=Chlorion aerarium Chlorion USGS bug bugs wasps animal animals Animalia Arthropod Arthropods Arthropoda Insect Insects Insecta Hymenoptera Aculeata Apoid Wasp Apoid Wasps Apoidea traditional Sphecidae Sphecidae Chloriontinae Steel-blue Cricket Hunter Chlorion aerarium blue metallic face portrait eye eyes compound eyes ocelli antenna antennae sensory array sensor array sensory organs mandible mandibles scape pedicel flagellum curly curly antennae Zerene Stacker zerene stacked head compound eye macro macro photography StackShot usgsbiml
514	1	49177076143	dental equipment dentist surgery brantford
515	0	23759443370	langscape clouds death valley california desert mojave mountains outdoors sky dramatic nikon d810 hdr
516	0	23724409710	big cloud cloud clouds cumulus rain shower storm mountains nikon d810 hdr landscape dramatic death valley mesquite sand dunes shadows
517	1	23759611862	2015 парень мужчина guy man naked голый
518	1	51024111158	World Naked Gardening Day WNGD Gardening Gardening Naturally Nude Gardening Naked Gardening Natural Gardening Naked Nude Nudist Naturist Clothing-Optional Skyclad Comfortable In My Skin
519	1	50590269467	Firestorm secondlife blond girl sexy naked secondlife:region=WorldParadise II secondlife:parcel=Love and Desire secondlife:x=88 secondlife:y=79 secondlife:z=23
520	1	50046870268	selfie naked nude nature topless hairy FKK nipples bodyart landscape hiking mature hunk bear
521	1	49816360332	Kunstturner Sportboy Muskeln Muscels Waschbrett Waschbrettbach Sixpack man Mann men hot Nawid Kakah Sportler nackter Oberkörper naked
522	1	48428267652	sexy girls lesbians hot naked nude tits angrygif
523	1	48428260437	kin kardashian naked nude celebrity
524	1	48428241577	Kim Kardashian West naked nude pics picture celebrities famous angrygif
525	1	50521647861	travel hairy nature naked nudist nude fashion restricted sport bodyart male manly hunk sexy erection coffee window public-domain
526	1	42881492954	naked man nude male face looking down form below
527	1	42716064614	nude naked man male face bottom
528	1	43274410102	nude naked face man male bottom shadow light
529	1	26330781725	sylph cupid spiderweb rescue Nude naked
530	1	47206562942	hot sexy young married wife mom milf shared hotwife lynda brunette babe crossed legs bare short skirt shorts mini dress drinking drunk chick
531	1	49452663127	hot sexy brunette babe bikini girl great legs swimsuit lady beach bar caribbean married young wife mom bi milf hotwife lynda
532	1	49364614528	hot sexy brunette babe bikini girl swimsuit lady married mature wife mom milf hotwife lynda rack cleavage
533	1	46303202324	hot sexy young married wife mom milf shared hotwife lynda bikini babe swimsuit girl navel legs boat bimbo rack cleavage water chick
534	1	49235257452	swimsuit lingerie badenwolfe gillianbarnes
535	1	40536853383	hot sexy young girl pregnant married wife mom milf shared hotwife lynda brunette babe swimsuit swimwear boat legs chick
536	1	48723865916	Random Woman Women Girl Girls Female Human People Mouth lips Lip Natural Teeth Tooth Top Open Talk Talking Speak Speaking Speech Nose Nostril Nostrils Neck Face Closeup Close Chin Cheek Cheeks Blonde Beauty Beautiful Pretty Shadow Shadows White T.V Television
537	0	38626210122	INSIST BROKEN TEETH BROKEN TEETH ROUGH JUSTICE ROUGH JUSTICE GUILT TRIP GUILT TRIP ENGLAND UK MANCHESTER
538	0	26553692204	dia de muertos skull art color colorful sculpture public art los angeles county arboretum arcadia california zajdowicz canon eos 5D Mark III dslr digital available light lightroom outdoor outside eyes mouth teeth human blue glass tile mosaic detail
539	0	22708604903	cincinnati zoo Giraffe Cincinnati Zoo animal teeth
540	1	49040118511	mouthcam vore mawshot gummy gaping gullet throat dog german shepherd husky bernese mountain st bernard drool tongue maw open wide swallow object stormyszoo nakagawa gulp glurge saliva POV teeth mouthplay tongueplay endo canine pitbull hound stormy's gsd aussie golden retriever endoscope
541	0	29950366751	yawn depends side history read enemies boring quotation sleepy dog yawn teeth tongue
542	1	49726347462	hot sexy brunette bi babe married wife mom milf hotwife lynda great legs short skirt dress shorts feet toes ankle bracelet anklet drinking red solo cup
543	1	49960296276	fantasy drelfsheim leopardas shirtless orc shaman
544	0	51205592180	intel rocketlake-s cypress cove core i5-11400 SRKP0 14nm 8 socket lga 1200 die shot polysilicon rkl die-shot
545	0	50914099198	Nvidia Turing GeForce RTX 2080 2060 TU104-400-A1 TU106-200A-KA-A1 GTX 1660 TU116-300-A1 12nm tensor cores raytracing FP16 nvlink interface chip core gpu cu die shot die-shots silicon silizium mono crystalline uncoated nv ray tracing topmetal layer package polysilicon microscope
546	0	50867753461	Nvidia Turing GeForce RTX 2080 TU104-400-A1 12nm tensor cores raytracing FP16 nvlink interface chip core gpu cu die shot die-shots silicon silizium mono crystalline uncoated nv ray tracing topmetal layer package polysilicon microscope
547	0	48988577721	AMD Zen 2 Rome epyc threadripper 64c sp3 7702 es 7nm 12nm IOD chip core ccx complex die shot die-shots top metal layer near infrared infrarot nir
548	0	46764481872	chip core gpu cu die shot die-shots infrared infrarot silicon silizium IR filter mono crystalline uncoated light bulb heatlamp heat etch hcl salzsäure tim ihs solder
549	0	42757912392	chile valparaiso street art arte callejero stentcil shot disparo gun bullet mind open your
550	0	42481762952	3dfx voodoo 5 5500 355-0026-320 250nm fixed-pipeline napalm vsa100 chip core gpu tmu die shot die-shots
551	0	33028875292	LensTagger macro makro supermakro focusstacking fokusstacking focus stacking fokus stackshot stackrail nvidia shield tv tegra x1 revision a1 nintendo switch erista apu arm maxwell 20nm chip core die shot gpu ceramic keramik gpupackage package gpudie dieshots dieshot waferdie wafer wafershot vintage open cracked SoC
552	1	32214414401	LensTagger macro makro amd microsoft jaguar durango apu xbox one xbox-one xbox1 xb1 28nm gcn based chip core die shot gpu ceramic keramik gpupackage package gpudie dieshots dieshot waferdie wafer wafershot vintage open cracked infrared infrarot 900nm 950nm filter silicon silizium pass light
553	0	24592369751	LensTagger macro makro supermacro supermakro focusstacking fokusstacking focus stacking fokus stackshot stackrail intel celeron p6 mendocino Socket Sockel 370 cpu core heatspreader die shot cpupackage package processor prozessor cpudie dieshots dieshot waferdie wafer wafershot vintage open cracked
554	0	24426696725	macro makro intel celeron p6 mendocino Socket Sockel 370 cpu core heatspreader die shot cpupackage package processor prozessor cpudie dieshots dieshot waferdie wafer wafershot vintage open cracked
555	0	23216475155	macro makro supermacro supermakro focusstacking fokusstacking focus stacking fokus stackshot stackrail amd k6-2 chomper model 8 model8 333AFR socket7 sockel7 cpu core heatspreader die shot cpupackage package processor prozessor cpudie dieshots dieshot waferdie wafer wafershot vintage open cracked LensTagger
556	0	32941322558	chip core gpu cu die shot die-shots infrared infrarot silicon silizium IR filter mono crystalline uncoated light bulb heatlamp heat
557	0	46021792514	QUlSIEZPUkNFIC8gRk9SQ0UgQclSSUVOTkU= AIRCRAFT AVION AIRPLANE AVION DAY JOUR DOMESTIC NATIONAL EDITORPICK13 HORIZONTAL JOINTEX13 MAPLEFLAG13 T1VURE9PUlMgOyBFWFTJUklFVVI= WIDE SHOT PLAN LARGE Cold Lake Alberta Canada CA AIR FORCE AÉRIENNE OUTDOORS EXTÉRIEUR
558	1	14964111740	Lingerie Girls Erotic Underwear Glamour creative commons free image no copyright public domain
559	1	50680450017	Random Woman Women Girl Girls Female Human People Person White Young Mouth lips Lip Lipstick Lady Ladies Open Teeth Tooth Top Tongue Nose Neck Smile Smiling Speak Speaking Speech Shine Shining Shiny Talk Talking Closeup Close Chin Celebrities Celebrity Cheek Cheeks Nostril Nostrils Face Red Hair Long Brunette Brown Wavy Happy Joy Emotions Emotion Shadow Shadows Beautiful Beauty Pretty Actress Attractive Sexy Crop Cropped Black Clothes Clothing
560	1	49309408667	hairychest hairy naked selfie sexy sexyman fashion body bodyhair park nature landscape portrait nipples wood masculine forest hiking hunk
561	1	50892521992	nature legs landscape lake naked nude nudist nackt nakedart naturist barefoot body hairy hunk hiking hairychest hairybody nipples wet bodyart bodyhair
562	1	28406417529	hairychest hairy naked selfie sexy sexyman fashion body bodyhair mirror
563	1	9970181596	noiretblanc black&white blanconero schwarz&weiss police control topless sculpture garden Jardin des Tuilerie paris iconic You're Under Arrest (Serge Gainsbourg album)
564	1	48163063556	augusta commons pride love happy LGBT flag augusta ga party rainbow same sex romance heat summer georgia touch affection festival skin music travel colorful liberal gay kiss hands flags color couples mate family summy cool sexy sun fun wet good senses smell taste sight hearing dance new movement stonewall
565	1	48163136482	pride love happy augusta commons LGBT flag augusta ga party rainbow same sex romance heat summer georgia touch affection festival skin music travel colorful liberal gay kiss hands flags color couples mate family summy cool sexy sun fun wet good senses smell taste sight hearing dance new movement stonewall
566	0	24445160773	Kelly Tse asian hong kong hk sexy naked nude breasts pussy legs lingerie dresses
567	1	27809835925	uniform knee socks girl light blue school girl sailor uniform sock panty white body sneakers indoor faceless knee-high socks detail school uniform sailor sweet cute leg socks close up white sneakers long socks high school foot legs portrait teenage school teen Nikon D800E pantyhose feet skirt blue underwear bed Nikon Manual Lens No CPU
568	0	20586941922	show band Brekken's St. Johns The Strip Portland pdx oregon rock heavy loud dance party fun joy music rawk groove bar groovy rad radical bodacious stage floor concert drummer drums guitar bass singer keys guitarist shred rip ripper rips noisey weird hard Nasalrod
569	1	50906124727	hot sexy bi brunette babe young married hotwife lynda mom milf great legs dress party cocktail drinking stockings nylons pantyhose leggings girl chick busty chesty rack
570	1	51168506319	sissy alice crossdresser crossdressing skirt hairband selfie mtf feminization femboy trap german feminized
571	1	51138471410	sissy exposed tranny transvestite exposure jerilee jerilee42 portsmouth hampshire crossdresser crossdressing married frenchmaid stockings uniform slut
572	1	51121577019	sissy alice exposed crossdresser crossdressing costume cosplay stockings garterbelt thicc maid uniform amateur german fetish kinky
573	1	50976382291	crossdresser crossdressing cosplay costume maid nekopara vanilla german germany mtf bondage pantyshot upskirt catgirl femboy crossplay
574	1	50565551803	ami vacances minidress slut Andrea crossdressing ficksau ehehure
575	0	49739901187	Sissy Sissies Tvinhose Transvestite Pantyhose Pansy Crossdresser Crossdressing CD Exposure Exposed Faggot
576	1	48681018358	Sissy Tvinhose Pantyhose Public Crossdresser Crossdressing Transvestite Exposed
577	1	50687529118	Sissy Tvinhose Crossdressing Transvestite Tights Pantyhose Mini Skirt
578	1	49855621017	Sissy Tvinhose Transvestite Pantyhose L'eggs Suntan Sun Beige Silken Mist Crossdresser Crossdressing CD Public Lace Shorts Summer
579	1	49674133071	Sissy Tvinhose Transvestite Tights Pantyhose Pink Leggings Crossdresser Crossdressing Crossdress
580	1	34389291411	Lace Lingerie Bodystocking girl trap long hair highheels tights mini skirt black hair makeup teen transsexual slut crossdressing girly crossdresser sissy transvestite necklace prostitute whore girlish femme tgirl prostitution feminine womanly tranny indoor cd call girl blonde pony tails
581	1	31790701794	white pullover white turtleneck girl long hair highheels trap tights mini skirt black   hair makeup teen transsexual slut crossdressing girly crossdresser sissy transvestite necklace prostitute whore girlish femme tgirl prostitution skirt feminine call girl tranny indoor cd turtleneck pullover white socks pony tails
582	1	49799780782	Sissy Tvinhose Transvestite Tights Pantyhose Pink Pansy Love Public Park Crossdresser Crossdress Crossdressing
583	1	51223354441	tranny in black tights tranny transvestite crossdresser crossdressing crossdressing schoolgirl queer pantyhose queer
584	1	51222462727	crossdresser wearing black pantyhose crossdresser wearing black tights tranny transvestite crossdresser crossdressing transwestyta crossdressing in black tights
585	1	51222307818	tranny transvestite transwestyta transvestite schoolgirl crossdresser crossdressing crossdressing schoolgirl gay gender bender homosexual queer tights socks t-bars wynsors kiera t-bar shoes wynsors black t-bars socks over tights black tights and white socks tranny in bottle green schoolgirl uniform with black tights white ankle socks and black t-bar shoes collants noirs et chaussettes blanches black pantyhose and white socks tights and socks worn together crossdressing in schoolgirl uniform he's wearing girls clothes he's wearing tights he's wearing pantyhose he's wearing black tights gender queer
586	1	51220605644	tranny tranny schoolgirl transvestite transvestite schoolgirl crossdresser crossdresser schoolgirl crossdressing crossdressing schoolgirl gay homosexual wynsors kiera t-bar shoes gay crossdresser schoolgirl homosexual dressed as a schoolgirl queer queer tranny schoolie tights socks t-bars wynsors platino kiera t-bar shoes wynsors black t-bars wynsors black t-bar shoes wynsors t-bars he's dressed as a girl he's wearing girls clothes tranny schoolgirl not cosplay crossdressing in schoolgirl uniform tranny in bottle green schoolgirl uniform with black tights white ankle socks and black t-bar shoes asda 40 denier black tights tights t-bars socks socks over tights socks and tights pantyhose and socks tights and socks worn together
587	1	51216691422	tranny transvestite crossdresser crossdressing transwestyta
588	1	51217342135	black tights and white converse tights and converse pantyhose and sneakers black tights black pantyhose converse and tights sneakers and pantyhose tranny transvestite tranny schoolgirl crossdresser crossdressing crossdressing schoolgirl gay gender bender gender queer transwestyta transwestyta publicznie queer homosexual he's wearing tights he's dressed in girls clothes white converse Flickr transvestite black hosiery
589	1	51215406592	tights and converse sneakers and pantyhose black tights and white converse black pantyhose and white sneakers tranny transvestite crossdresser crossdressing transwestyta transwestyta publicznie queer gay homosexual black tights black pantyhose gender bender crossdresser schoolgirl tranny schoolgirl hosiery
590	1	51215636004	tranny transvestite crossdresser crossdressing gay homosexual queer black tights and white socks collants noirs et chaussettes blanches collants et chaussettes tights and socks socks over tights tights socks t-bars wynsors platino kiera t-bar shoes gender bender gender queer sissy transwestyta transwestyta publicznie schoolie schoolgirl transvestite schoolgirl tranny crossdressing schoolgirl crossdresser schoolgirl tranny in bottle green schoolgirl uniform with black tights white ankle socks and black t-bar shoes tights t-bars socks socks t-bars tights socks tights t-bars crossdressing in bottle green schoolgirl uniform crossdresser wearing asda 40 denier black tights
591	1	51215879160	tranny transvestite crossdresser crossdressing gay homosexual wynsors kiera t-bar shoes queer collants noirs et chaussettes blanches socks over tights black tights and white socks tights and socks tights socks t-bars crossdressing schoolgirl schoolie sissy schoolgirl crossdressing in schoolgirl uniform socks t-bars tights black pantyhose and white socks gender queer gender bender bottle green schoolgirl uniform transvestite in bottle green schoolgirl uniform white ankle socks black t-bar shoes black tights asda 40 denier black tights crossdresser in asda 40 denier black tights
592	1	51214545194	black pantyhose and white socks black tights and white socks tights socks t-bars wynsors kiera t-bar shoes tranny transvestite crossdresser crossdressing gender queer gender bender queer gay homosexual socks over tights socks t-bars tights tranny not cosplay crossdressing schoolgirl not fancy dress collants et chaussettes collants noirs et chaussettes blanches tights and socks worn together white socks and black t-bar worn together he's dressed in girls clothes he's wearing a bottle green schoolgirl uniform transwestyta transwestyta publicznie gay sissy transvestite schoolgirl transvestite queer socks with tights transvestite in bottle green schoolgirl uniform with black tights white ankle socks and black t-bar shoes black t-bar shoes
593	1	51212534172	crossdressing in schoolgirl uniform tranny transvestite crossdresser crossdressing tranny schoolgirl schoolie gay homosexual queer gay crossdresser gender bender gender queer tights socks t-bars socks t-bars tights wynsors kiera t-bar shoes socks over tights tights and socks worn together black tights and white socks collants noirs et chaussettes blanches collants et chaussettes tights and socks socks and tights black pantyhose and white socks black tights and white socks worn together transwestyta transwestyta publicznie sissy
594	1	51208220389	tranny transvestite crossdresser crossdressing gay gender bender tights socks t-bars socks over tights socks t-bars tights black tights and white socks collants noirs et chaussettes blanches homosexual wynsors kiera t-bar shoes socks tights t-bars black pantyhose and white socks transwestyta transwestyta publicznie black tights black t-bar shoes crossdresser not fancy dress transvestite not cosplay crossdressing schoolgirl
595	1	51206237447	tranny transvestite transvestite schoolgirl crossdresser crossdressing schoolgirl crossdressing tights and socks socks t-bars tights tranny schoolgirl tights t-bars socks tights socks t-bars socks over tights crossdresser not fancy dress tranny not cosplay crossdressing in schoolgirl uniform queer gay homosexual homosexual dressed as a schoolgirl dressed as a schoolgirl he's wearing girls clothes he's wearing a schoolgirl uniform gender bender gender queer collants noirs et chaussettes blanches collants et chaussettes socks and tights black pantyhose and white socks tights pantyhose
596	1	51207503350	tranny transvestite crossdresser crossdressing crossdresser schoolgirl crossdressing schoolgirl tranny schoolgirl transvestite schoolgirl transvestite not cosplay transvestite not fancy dress transvestite not fancy dress as a schoolgirl schoolie schoolgirl transvestite gay gay tranny gay tranny schoolgirl queer gender bender schoolgirl gender bender gender queer tights socks t-bars tights t-bars socks socks t-bars tights socks over tights tights and socks worn together black tights and white socks wynsors black t-bars crossdressing in schoolgirl uniform crossdresser in bottle green schoolgirl uniform with black tights white ankle socks and black t-bar shoes transwestyta transwestyta publicznie collants noirs et chaussettes blanches collants et chaussettes homosexual
597	1	51207023269	wynsors kiera t-bar shoes wynsors black t-bars tranny transvestite crossdresser crossdressing homosexual gay gender queer gay crossdresser gender bender queer tights socks t-bars tights t-bars socks socks t-bars tights black tights and white socks socks over tights tights and socks worn together socks and tights black pantyhose and white socks collants et chaussettes collants noirs et chaussettes blanches he's wearing girls clothes he's dressed as a schoolgirl transwestyta transwestyta publicznie Flickr transvestite Flickr tranny pantyhose and socks socks over pantyhose he's wearing black tights and white socks he's wearing tights and socks tights and socks transvestite gay transvestite crossdressing in schoolgirl uniform
598	1	51213903100	tights socks t-bars tights t-bars socks socks t-bars tights socks tights t-bars tranny transvestite crossdresser crossdressing crossdresser schoolgirl crossdressing in bottle green schoolgirl uniform black tights and white socks tights and socks socks over tights socks over pantyhose queer gay homosexual gender bender gender queer he's wearing tights he's wearing girls clothes crossdressing in schoolgirl uniform wynsors black t-bars black pantyhose and white socks collants noirs et chaussettes blanches collants et chaussettes transwestyta transwestyta publicznie
599	1	51207272588	tranny crossdresser crossdressing crossdresser schoolgirl crossdressing schoolgirl tranny schoolgirl transvestite schoolgirl tights socks t-bars socks t-bars tights transvestite queer gender bender gender queer homosexual homosexual dressed as a girl he's wearing girls clothes he's wearing a bottle green schoolgirl uniform black tights and white socks tights and socks socks over tights tights and socks worn together collants noirs et chaussettes blanches collants et chaussettes gay transwestyta transwestyta publicznie gender bender schoolgirl gender queer schoolgirl tights pantyhose t-bars
600	1	51206628381	tranny transvestite crossdresser crossdressing crossdressing in schoolgirl uniform crossdresser not fancy dress queer tights socks t-bars wynsors platino kiera t-bar shoes collants noirs et chaussettes blanches collants et chaussettes black tights and white socks socks over tights tranny schoolgirl tranny in bottle green schoolgirl uniform gender bender gender queer tights t-bars socks socks t-bars tights collants noirs black tights white socks white ankle socks he's wearing girls clothes dressed as a gurl gurls clothes transwestyta publicznie transwestyta homosexual homosexual dressed as a schoolgirl gay crossdresser gay tranny transvestite not cosplay transvestite in bottle green schoolgirl uniform
601	1	51200767944	tan tights tan pantyhose tan tights and white socks tan tights and white pelerine knee socks tan pantyhose and white pelerine knee socks tan pantyhose and white socks tranny tranny schoolgirl transvestite transvestite schoolgirl crossdresser crossdresser schoolgirl crossdressing schoolgirl crossdressing crossdressing in schoolgirl uniform tranny in bottle green schoolgirl uniform with tan tights white pelerine knee socks and black t-bar shoes wynsors kiera t-bar shoes wynsors black t-bars homosexual homosexual dressed as a schoolgirl he's wearing tan tights he's wearing girls clothes queer queer in girls clothes gender queer gender bender schoolgirl gender bender transwestyta Flickr transvestite white pelerine knee socks white socks pelerine knee socks crossdressing in bottle green schoolgirl uniform schoolie tights and socks socks over tights tights and socks worn together
602	1	51196469259	socks over tights tights socks t-bars tights and socks worn wynsors kiera t-bar shoes wynsors platino kiera t-bar shoes wynsors black t-bars tranny transvestite crossdresser crossdresser schoolgirl crossdressing schoolgirl crossdressing queer gay homosexual gender bender gender queer black tights and white socks collants noirs et chaussettes blanches tights and socks socks t-bars tights socks tights t-bars tranny schoolgirl crossdresser not cosplay in schoolgirl uniform transvestite not fancy dress as a schoolgirl schoolie schoolgirl transvestite schoolgirl crossdresser
603	1	51195491191	tights socks t-bars wynsors kiera t-bar shoes wynsors black t-bars tranny transvestite crossdresser crossdressing crossdresser schoolgirl transvestite schoolgirl queer gender bender gender queer homosexual schoolie white pelerine knee socks black tights and white socks socks over tights tights and socks worn together transvestite not cosplay transvestite schoolgirl not cosplay transvestite schoolgirl not fancy dress
604	1	51196234590	crossdressing schoolgirl tranny transvestite crossdresser crossdressing transwestyta crossdressing schoolgirl drinking
605	1	51194409877	drunk crossdresser tranny transvestite crossdresser crossdressing
606	1	51194357287	tranny transvestite crossdresser crossdressing
607	1	51195240393	tranny in his tights tranny in his black tights tranny in his pantyhose tranny tranny schoolgirl transvestite transwestyta transwestyta publicznie crossdresser crossdressing homosexual queer gay gay transvestite
608	1	51194229332	crossdresser wearing black pantyhose crossdresser wearing black tights tranny transvestite crossdresser crossdressing gay homosexual queer black pantyhose black tights collants noirs travesti en collants noirs transwestyta transwestyta publicznie crossdresser schoolgirl crossdressing schoolgirl tranny schoolgirl transvestite schoolgirl gay transvestite schoolgirl gay tranny tights and t-bars
609	1	51196082177	crossdresser schoolgirl tranny schoolgirl transvestite schoolgirl crossdressing schoolgirl tranny transvestite crossdresser crossdressing tights socks t-bars tights t-bars socks socks t-bars tights socks tights t-bars wynsors black t-bar shoes gay queer homosexual socks over tights tights and socks worn together black tights and white socks black pantyhose and white socks collants noirs et chaussettes blanches collants et chaussettes transwestyta transwestyta publicznie gender bender gender queer crossdresser queer black tights and white socks worn together tights and socks socks over pantyhose white pelerine knee socks transvestite in bottle green schoolgirl uniform with black tights white pelerine knee socks and black t-bar shoes crossdressing in schoolgirl uniform he's dressed as a schoolgirl he's wearing girls clothes
610	1	51194411986	tranny in tights tranny transvestite crossdresser crossdressing transwestyta transwestyta publicznie crossdresser schoolgirl queer gay homosexual black tights tranny in black pantyhose tranny not fancy dress gender bender
611	1	51190479497	crossdresser schoolgirl tranny transvestite crossdresser crossdressing black tights black pantyhose sissy queer homosexual gender queer gender bender gay he's wearing tights he wears pantyhose
612	1	51188588842	crossdressing in schoolgirl uniform crossdresser crossdresser schoolgirl crossdressing schoolgirl crossdressing tranny tranny schoolgirl transvestite transvestite schoolgirl crossdressing in bottle green schoolgirl uniform queer gay gender bender black tights and black t-bars black tights and black t-bar shoes crossdresser in schoolgirl uniform homosexual sissy sissy schoolgirl
613	1	51186652629	tranny transvestite crossdresser crossdressing queer homosexual crossdresser schoolgirl crossdressing schoolgirl gender bender gender queer black pantyhose black tights collants noirs
614	1	51185591566	tranny transvestite transvestite not fancy dress transvestite schoolgirl crossdresser crossdressing schoolgirl crossdressing transwestyta transwestyta publicznie queer gay gay crossdresser gay transvestite gender queer gender bender homosexual collants noirs black pantyhose black tights black hosiery dressed as a girl dressed as a schoolgirl tights and t-bars black tights and black t-bars he's wearing black pantyhose it's a pantyhose wearer loves pantyhose loves wearing tights gay tranny
615	1	51184872268	transvestite in black tights tranny transvestite crossdresser crossdressing queer gay homosexual sissy bottle green schoolgirl uniform with black tights crossdresser schoolgirl schoolie schoolgirl transvestite crossdressing schoolgirl transwestyta publicznie transwestyta travesti wynsors black t-bar shoes tights and t-bars dressed as a girl he's dressed in girls clothes dressed as a schoolgirl cd tv gay tranny gay tv gay cd crossdressing in bottle green schoolgirl uniform
616	0	51182461253	transvestite in public transwestyta publicznie travesti en publico tranny transvestite crossdresser crossdressing gay queer homosexual crossdressing in public black pantyhose black tights he's wearing tights in public he's wearing girls clothes he's wearing a schoolgirl uniform dressed in a bottle green schoolgirl uniform with black tights dressed as a girl in public gender queer gender bender sissy tranny queer transvestite not fancy dress transvestite schoolgirl not cosplay
617	1	51179245048	crossdresser crossdressing in 15 denier black tights crossdressing crossdressing schoolgirl tranny transvestite crossdressing in schoolgirl uniform black black pantyhose black hosiery black nylon transwestyta transwestyta publicznie queer sissy homosexual gay gender queer gender bender he's wearing tights he's wearing pantyhose he's dressed as a schoolgirl he's dressed as a girl he's wearing girls clothes gurl gurls clothes
618	1	51180089300	tranny transvestite crossdresser crossdressing transwestyta transwestyta publicznie queer gender bender gender queer gay homosexual sissy tranny in black pantyhose black pantyhose black tights black hosiery
619	1	51176939116	tranny transvestite crossdresser crossdressing tights and socks queer transwestyta black tights and white socks tights t-bars socks black t-bar shoes
620	1	51176333891	white ribbed knee socks ribbed socks ribbed knee socks white socks black tights black tights and white socks socks over tights tights and socks worn together collants noirs et chaussettes blanches transwestyta tranny transvestite crossdresser crossdressing crossdressing schoolgirl schoolie queer tranny queer tranny schoolgirl schoolgirl transvestite white socks and black tights tights and socks socks and tights pantyhose and socks socks and pantyhose transvestite in black tights and white socks Flickr transvestite crossdressing on Flickr socks queer in schoolgirl uniform gender bender schoolgirl
621	1	51185086631	tranny transvestite transwestyta crossdresser crossdressing crossdresser schoolgirl bottle green schoolgirl uniform with black tights wynsors black t-bars queer gay gender bender gender queer homosexual gay in pantyhose pantyhose queer tights queer he's wearing tights he's dressed in a bottle green schoolgirl uniform with black tights crossdressing schoolgirl
622	1	51185473279	crossdresser transvestite crossdressing tranny gay homosexual queer gender bender gender queer black tights black pantyhose he's wearing tights he's dressed in a bottle green schoolgirl uniform with black tights pantyhose tights t-bars wynsors black t-bars tights and t-bars transwestyta transwestyta publicznie
623	1	51183780498	crossdresser in bottle green schoolgirl uniform crossdresser schoolgirl crossdressing in schoolgirl uniform gay gay transvestite gay crossdresser queer gender bender gender queer crossdressing schoolgirl black pantyhose black tights tights pantyhose crossdresser crossdressing tranny transvestite transwestyta publicznie transwestyta green schoolgirl uniform with black tights and black t-bars sissy sissy schoolgirl transvestite not fancy dress he's wearing girls clothes he's in girls clothes dressed as a girl dressed as a schoolgirl dressed as a schoolgirl and wearing black tights homosexual he's wearing tights he's wearing black pantyhose ian benedict gay transvestite
624	1	51177087920	tights and socks socks over tights black tights and white socks black pantyhose and white socks collants et chaussettes collants noirs et chaussettes blanches tights and socks worn together white ribbed knee socks crossdresser schoolgirl transvestite schoolgirl tranny transvestite crossdresser crossdressing schoolgirl crossdressing gay gender queer gay tranny gender bender sissy sissy schoolgirl queer homosexual homosexual dressed as a schoolgirl 30 denier black tights ribbed knee socks wynsors platino kiera t-bar shoes black t-bar shoes black t-bars white socks worn over black tights transwestyta transwestyta publicznie crossdressing in schoolgirl uniform crossdresser in bottle green schoolgirl uniform with black tights white ribbed knee socks and black t-bar shoes he's dressed in a bottle green schoolgirl uniform crossdressing in bottle green schoolgirl uniform it's a tranny
625	0	51177423067	crossdressing schoolgirl tranny schoolgirl transvestite transvestite schoolgirl tranny crossdresser crossdresser schoolgirl crossdressing transwestyta publicznie tights socks t-bars wynsors platino kiera t-bar shoes
626	1	51177007094	tranny transvestite crossdressing queer sissy crossdressing in girls clothes he's wearing a bottle green schoolgirl uniform black tights and white socks tights socks t-bars socks over tights socks over pantyhose black pantyhose and white socks collants et chaussettes collants noirs et chaussettes blanches gay homosexual gender bender schoolgirl socks t-bars tights wynsors black t-bars
627	1	51170029656	tranny transvestite sissy transwestyta transwestyta publicznie crossdresser crossdressing queer gay homosexual barely black tights and white socks socks over tights wynsors black t-bars black t-bar shoes gender queer gender bender sissy schoolgirl he's dressed as a schoolgirl Internet queer tights and socks socks and tights socks and pantyhose barely black tights barely black pantyhose
628	1	51163365620	tights and socks socks over tights black tights and white socks crossdresser crossdressing tranny transvestite transwestyta publicznie transwestyta homosexual gay gay gay gay gay gay gay gay gay gay gay gay gay gay gay gay gay gay gay gay gay gay gay gay gay gay gay gay queer gender queer gender bender gay tranny gay crossdresser crossdressing in schoolgirl uniform tights socks t-bars socks tights t-bars black pantyhose and white socks collants noirs et chaussettes blanches collants noirs collants et chaussettes black tights black pantyhose white ankle socks white socks worn over black tights crossdressing queer transvestite not fancy dress as a schoolgirl sissy
629	1	51161356477	men in tights men in pantyhose he's wearing tights 15 denier black tights crossdresser crossdressing crossdresser schoolgirl collants noirs black tights black pantyhose black hosiery tranny transvestite transwestyta publicznie transwestyta travesti he wears black tights crossdresser in black tights pantyhose wearer he's in pantyhose crossdressing schoolgirl tranny schoolgirl he's wearing 15 denier black tights 15 denier tights tights pantyhose queer homosexual gay gender queer gender bender gay gay gay gay gay gay gay gay gay gay gay gay gay gay gay gay gay gay gay gay gay gay gay gay gay gay gay sissy in black tights
630	1	51153099656	tranny transvestite transwestyta transwestyta publicznie crossdresser crossdressing black tights and white socks collants noirs et chaussettes blanches collants et chaussettes socks over tights tights socks t-bars socks t-bars tights black tights black pantyhose and white socks black pantyhose white socks white pelerine knee socks knee socks wynsors kiera t-bar shoes wynsors black t-bar shoes queer crossdresser schoolgirl crossdressing in schoolgirl uniform gay gay gay gay gay gay gay gay gay gay gay gay gay gay gay gay gay gay gay gay gay gay gay gay gay gay gay gay homosexual travesti crossdresser not fancy dress tranny in girls clothes he's wearing girls clothes he's wearing black tights he wears pantyhose gender queer gender bender sissy socks tights t-bars tights and socks black tights and white socks worn together black pantyhose and white socks worn together sissy queer
631	1	51153494264	tranny transvestite crossdresser crossdressing queer homosexual crossdressing schoolgirl tights socks t-bars socks over tights socks t-bars tights black tights and white socks black pantyhose and white socks collants noirs et chaussettes blanches transwestyta transwestyta publicznie gay gay gay gay gay gay gay gay gay gay gay gay gay gay gay gay gay gay gay gay gay gay gay gay gay crossdresser not cosplay transvestite not fancy dress wynsors platino kiera t-bar shoes black tights black pantyhose black hosiery white pelerine knee socks white pelerine socks white socks pelerine socks tights pantyhose Flickr transvestite
632	1	51163653318	tan pantyhose and white socks tan tights and white socks white socks and tan tights white socks and tan pantyhose white pelerine knee socks pelerine pelerine knee socks white socks socks tan pantyhose tan tights tan hosiery tan nylons crossdresser crossdresser not fancy dress crossdresser in bottle green schoolgirl uniform tranny transvestite crossdressing crossdressing schoolgirl he's dressed as a schoolgirl queer tranny not cosplay tranny not fancy dress as a schoolgirl gay gay gay gay gay gay gay gay gay gay gay gay gay gay gay gay gay gay gay gay gay gay gay gay gay gay gay gay transwestyta transvestite schoolgirl transwestyta publicznie gender queer gender bender homosexual sissy sissy schoolgirl crossdressing in bottle green schoolgirl uniform tights socks t-bars socks tights t-bars socks t-bars tights wynsors kiera t-bar shoes wynsors black t-bar shoes
633	1	51163514275	tranny transvestite crossdresser crossdressing queer gender queer gender bender gay gay gay gay gay gay gay gay gay gay gay gay gay gay gay gay gay gay gay gay gay gay gay gay gay gay gay gay homosexual transwestyta sissy sissy queer gay sissy
634	0	51160084130	transvestite tranny crossdresser crossdressing tights socks t-bars wynsors kiera t-bar shoes socks over tights tights and socks worn together black tights and white socks collants noirs et chaussettes blanches black pantyhose and white socks gay gay gay gay gay gay gay gay gay gay gay gay gay gay gay gay gay gay gay gay gay gay gay gay gay gay gay gay gender queer gay tranny gender bender crossdresser not fancy dress socks t-bars tights black pantyhose and white socks worn together homosexual transvestite schoolgirl tranny schoolgirl transvestite schoolgirl not cosplay socks with tights collants et chaussettes schoolie schoolgirl transvestite white socks and black t-bar shoes black t-bar shoes white socks transwestyta transwestyta publicznie travesti
635	0	51148525337	black tights and white socks socks over tights tights and socks worn together black pantyhose and white socks collants noirs et chaussettes blanches tranny transvestite crossdresser crossdressing transwestyta transwestyta publicznie white socks and black pantyhose white socks worn over black pantyhose travesti en publico crossdressing in black tights and white socks gay gay crossdresser queer queer tranny homosexual gay transvestite
636	1	51146869213	tranny transvestite crossdresser crossdressing transwestyta transwestyta publicznie travesti crossdresser schoolgirl crossdresser not cosplay tranny not fancy dress as a schoolgirl gay gay gay gay gay gay gay gay gay gay gay gay gay gay gay gay gay gay gay gay gay gay gay gay gay gender bender gender queer homosexual queer tights socks t-bars tights t-bars socks sissy socks t-bars tights socks tights t-bars socks tights and t-bars black t-bar shoes wynsors kiera t-bar shoes wynsors platino kiera t-bar shoes black t-bars crossdressing schoolgirl gay transvestite gay crossdresser
637	0	51215736072	tranny transvestite crossdresser crossdressing transwestyta transwestyta publicznie
638	1	51215677107	tranny transvestite crossdresser crossdressing queer gay homosexual gender queer gender bender crossdressing schoolgirl transvestite schoolgirl
639	1	51221850897	tranny transvestite crossdresser crossdressing crossdressing schoolgirl he's wearing tights he's wearing pantyhose he's wearing girls clothes dressed as a schoolgirl transvestite schoolgirl black tights and white socks tights socks t-bars wynsors platino kiera t-bar shoes queer gay gender bender gender queer homosexual white pelerine knee socks white pelerine knee socks and black t-bar socks over tights tights and socks worn together he's crossdressing in schoolgirl uniform tranny in bottle green schoolgirl uniform with black tights white pelerine knee socks and black t-bar shoes black t-bar shoes black pantyhose and white pelerine knee socks pelerine socks pelerine knee socks white pelerine socks
640	1	50524769572	hot sexy bi brunette babe mature married wife mom milf hotwife lynda rack cleavage halloween costume party anchor sailor horny
641	1	48995722006	hot sexy young girl brunette babe married wife mom milf halloween costume cuckold open swingers party legs nylons stockings pantyhose leggings hose high heels spike chick horny
642	0	50087854597	Republican conservative Donald Trump President headquarters party politics political storefront Ohio Appalachian Ohio southeastern Ohio Hocking County Logan, Ohio downtown leader loyal supporter America United States of America USA United States patriotic patriot cardboard cutout election campaign campaigning election year 2020 Presidential partisan follower devotee cult idol display Appalachia small town rural right wing allegiance middle America Midwest voter voting politician red white and blue photo image
643	0	30056408357	#CostaRica #CRC #CR #PuraVida #Love #Life #happy #beautiful #cute #family #friends #brother #sister #forever #tiquicia #nature #enviroment #ecology #water #Rainforest #beach #waves #sun #awesome #beauty #smile #party #travel #tourism #sustainable #energy #renewable #history
644	0	37646644900	Venezuela Pirotecnia Cohete Pólvora Pyrotechnics Fireworks Año Nuevo Celebrate Celebration Fiesta Party Night
645	1	34544328160	Emilio Insolera Carola Insolera Cannes 2017 Hotel Party
646	0	31965694125	party alcohol drink booze beer wine celebrations
647	0	30182168074	PiratesForIceland Iceland PirateParty Pirates Pirate Piratpartiet UngPirat Ung Pirat Party Scenery sulfur piratar young pirates politics
648	0	24611022723	Hedgehog Cake Birthday Party Hoglet Forest Chocolate Special porcupine igel kuchen geburtstag Waldtier animal hedgehog cake matchmaker minis M&Ms marzipan birthday party
649	1	36541896415	#tattoo #flashtattoo #tatoogirl #fashiontatoo
650	0	17194120850	Marques Tute eventos flash fotografia fotografo mascotas minolta musica portrait product producto retratos publicidad salas conciertos sony strobe animales españa navarra Tudela +34 tin machado tatuaje tattoo
651	0	45306021232	#Peatchwork Jeansjacke #Jeans Kostüm #Jeansweste #Denim #Style #Fashion #Stil #Mode #Damen #Frauen #Lady #Unikat #Upcycling #schneiderin #Hamburg #Lübeck #LineDance #CatalanDance #Western #Country #Straß #70iger #Handmade #Handgemacht #Jeanshose #CountryHochzeit #WesternHochzeit #Rokk Unikate #Mode#skirt #Tattoo
652	0	47949914907	Feuerwear Feuerwehr Feuerwehrschlauch Rucksack Urban brücke damenrucksack damentasche tattoo Upcycling vegan rocker rockergirl tattoogirl
653	1	43902369731	台中刺青 台中紋身 刺青 紋身 TATTOO 鴻炎刺青 大甲刺青 大甲紋身 文字刺青
654	0	38912104285	tattoodrawings dogtattoos art tattoo artists dog
655	1	36496165006	#tattoo #fashiontatoo #flashtattoo #tatoogirl #hennetatoo
656	0	33027138964	older hunks sexy beard beardgrey grey greybeard men hypnotica ericvonsydow von sydow eric tattoo tattoos
657	1	31046521675	ambigram tattoo illusion symmetry sex woman hot girl design female palindrome erotic wordplay calligraphy lettering word upside down ambigrama ambigramme typography doxoc humour fail symmetrical writing logo idea generator shag loving lover heart
658	0	31945610492	SchweizerischeSüdostbahnAG SOB Südostbahn Schweiz Suisse Switzerland Bahn Zug Eisenbahn railway train chemindefer Suedostbahn trains eisenbahnen rail railroads railroad railways svizzera flirt stadler triebzug
659	1	51185797336	sissy femboy boy lingerie thong skirt socks long hair butt ass hole gay horny public pretty cute emoboy emo
660	0	20096460520	heavy noisy weird loud metal rock post grunge show band live portland pdx concert ash street saloon downtown late night performance drunk singer drummer guitarist bassist shred shreder Ape Cave
661	0	32214599440	#comics #beautiful #love #france #handmade #streetart #art #ILLUSTRATION #PAINTING #DRAWING #POPART #woman #man #girl #boy #sex #sexy #hair #tits #boobs #mature #ebay #sketch #sunset #beach #water #sky #flower #red #nature #blue #night #white #tree #green #flowers #portrait #light #snow #dog #sun #clouds #cat #park #winter #landscape #street #summer #sea #city #trees #yellow #lake #christmas #people #bridge #family #bird #river #pink #house #car #food #bw #old #macro #music #new #garden #orange #moon #blackandwhite #danor #shtruzman
662	1	21417297719	Rasmus Simonsen TFP danish model dreamboy Danmark beauty body boner casting dansk dreng fashion hot hot boy jeans male mand metroseksuel mode model prettyboy sexy still tattoo teen twink undertøjsmodel young youth
663	1	31511222608	hot sexy mature married wife mom milf hotwife lynda Halloween party costume girls rack cleavage boobs breasts downblouse busty chesty nympho chick horny
664	1	48932940127	hot sexy brunette babe sailor girl married wife mom milf hotwife lynda Halloween costume party short mini skirt dress pumps high heela rack cleavage nylons stockings leggings pantyhose legs boobs breasts chick horny
665	1	48012452266	antique erotic postcard antik erotikus képeslap photo fénykép
666	1	30691349746	hot curvy voluptuous woman drawing art erotic boobs cleavage bbw exotic nerdy glasses
667	1	31525050605	lsd shroom collage digital models space photoshop art face drugs trippy acid high dunno hoe fashion
668	1	50816041278	nature naturist hunk mensfashion man male manly masculine cool sexy shirtless skin sexyman selfie fashion legs hairy parka jeans hiking asics topless park forest snow winter
669	1	49949047892	nature nackt nakedart naturist hunk mensfashion man male manly masculine cool sexy shirtless skin sexyman selfie fashion legs hairy jeans hiking asics
670	1	18379700143	mermaid parade Coney Island Brooklyn 2015 bodypaint Nikon D90 people pasties breasts sexy public parade
671	0	50006170651	Hervé Germain Marseilles selportrait pq porte fenêtre rideaux rue Vian atelier studio 자화상 autoritratto self-portrait تصوير شخصي Auto retrato αυτοπροσωπογραφία zelfportret auto-retrato автопортре́т 自画像/自我描述 Selbstporträt gaol penitentiary slammer lockup turnkey warder imprisonment jail confinement custody flesh skin chairs peaux univers végétal minéral animal paysages landscapes
672	0	32730722334	alliagator skin banana fruit bunch Musa leaf rubbing mechanical
673	1	50354675396	Vinyl 3D printed girls beach palm tree sand sea blue sky nude grey skin holiday life sun tan artificial plastc virtual wallpaper 2020 green
674	0	40473610133	Fortnite Spartan Gladiator Skins Skin concept art battle royale empire pickaxe
675	0	24227930095	manicure nail nailart naildesign nailpolish nailsart nailspolish nailsdesign Nails art design polish short oval beige neutral skin skincolour gold golden
676	1	50429894888	antique art art nude artwork body cc0 creative commons creative commons 0 design resource drawing egon schiele erotic erotic art female female nude fine art girl graphic high resolution illustrated illustration line drawing naked nude nude art old portrait printable public domain schiele seated nude girl clasping her left knee sexy sketch vintage woman
677	1	50430763032	antique art art nude artwork body cc0 creative commons creative commons 0 design resource drawing egon schiele erotic erotic art female female nude fine art graphic high resolution illustrated illustration line drawing naked nude nude art old portrait printable public domain schiele sexual figurative sketch sexy sketch torso of a nude vintage woman
678	0	45383999144	Australia Maleny Queensland Singalong Sunshine Coast UpFront Club charity fundraising event hinterland kareoke party wig
679	1	39444806610	hot sexy mature married wife shared mom milf cougar hotwife lynda rack cleavage bikini swimsuit swimwear busty chesty breasts big boobs tits nympho chick wives
680	0	39329947945	weird signs
681	0	23619514389	trippy art psychedelic weird funny Surreal surrealism abstract Expressionism publicdomain freetouse surrealist artists trippytrevor blender drawing
682	0	20464604510	show band metal rock loud heavy noisey weird punk diy live concert performance music portland pdx oregon USA drummer bassist singer hardcore kenton club Big Black Cloud Eolian Empire noise
683	0	20625704296	show band metal rock loud heavy noisey weird punk diy live concert performance music portland pdx oregon USA drummer bassist singer hardcore kenton club Valkyrie Rodeo taco tacos tacoband
684	0	19065176403	Faith Twain show band live concert foggy notion portland pdx rock music metal weird heavy noisy loud singer guitar
685	0	19657862166	mARMITs alien aliens underground show band live concert foggy notion portland pdx rock music metal weird heavy noisy loud singer guitar
686	1	48887362451	makeup wig Woman girl girly tgirl lgbt bigender tights highheels Fishnets boots Trans transgender transwoman mtf shoes Crossdresser skirt heels nonbinary genderfluid genderqueer
687	0	50239250457	hot sexy bi brunette babe married mature wife mom milf hotwife lynda great legs short shorts blue jean denim feet anklet back ass butt bum
688	1	49881333996	hot sexy bi brunette babe mature married wife mom milf hotwife lynda short shorts great legs toes anklet ankle bracelet butt bum ass behind booty feet
689	1	41285453491	hot sexy married young wife mom milf hotwife lynda swinger mini skirt short micro legs heels back ass butt booty from behind tank top brunette pins nympho chick horny
690	1	50937818873	Ebony black ass booty bbw busty tits boobs butt
691	1	50053872288	Bo Roberts DNA magazine Bubble butt Butt Halloween Beefcake Pinup Male
692	1	50014415133	alicia dwyer #aliciadwyer #legs #feet #pantyhose #foot fetish soles wrinkled wrinkledsoles wife wives brunette amateur gams texas tx #lonestar toes toe point ankle bracelet rings sexylegs glamour model modeling smile pose indoors booty butt donk ass barefeet barefoot baresoles pedicure nylons stockings silky toepoint yoga pics pinterest pinup fashion summer ideas clothes outfits 2020 crossfit pilates
693	1	49888214437	Beefcake vintage male pin up retro style butt cowboy
694	1	49788840961	cyclingbulge GaySpandex lovelycra meninspandex CompressionTights stretch spandexmen bulgeman spandex leggings catsuit menintights gayfetish musclebear skintight compressionshirt FetishGear lycraman butt malerunners Speedsuit lycragay meninlycra fullsuit realmenweartights workout skinsuit spandexguy lycrafetish menleggings legday lycraguy underarmour lycrabulge gaylycra meninleggings meggings fitguy bulge spandexbulge skintightlycra runningtights GayGear gayspandexfetish compressionguy compression 2xu
695	1	49401874428	vintage style retro Muscle Beefcake Hunk male pin up gay nude butt Costume Thanksgiving turkey pilgrims
696	1	49391854581	Butt beefcake vintage style retro muscle nude man Gay Up
697	1	49391379283	Butt beefcake vintage style retro muscle nude man Gay Up bubble
698	1	49267596817	amateur art alicia dwyer #aliciadwyer ankle fashion barefeet barefoot nails baresoles painted babes spread texas tx toe toes toepoint lone star glamour share sexy soles smile sexylegs stretches pics photos pose pinterest pedicure pilates beautiful brunette bracelet legs long leggy legsup yoga pinup panties print dfw model modeling wrinkled wrinkledsoles fetish foot feet booty butt ass donk photography wife wives milf fort worth
699	1	49253562541	Jock beefcake retro vintage style Pinup Jockstrap Butt hairy Muscle flex
700	1	50938395121	Ebony black bbw butt booty ass busty
701	1	49887141013	Vintage Beefcake Cowboy Farmer Country Man male butt Hairy Flex Sexy
702	1	49427313387	Retro Pinup hunk muscle sexy Eros Bicker leather spank Boots butt
703	1	49382752703	Advertisement bubble butt
704	1	49383192966	Vintage Beefcake Nude bubble butt navy sailor pinup Postmodern G string
705	1	49253088848	Jock beefcake retro vintage style Pinup Jockstrap Butt hairy Muscle flex bubble
706	1	43103754354	nylon shorts white shorts thighs tight shorts butt male male buns ass belt shiny shorts footy shorts lying on the bed gay
707	0	36955230200	USDA USFS Forest Health Protection Region 6 State and Private Forestry R6 BarkBeetle Enemies Bureau of Entomology and Plant Quarantine Bureau of Entomology Division of Forest Insect Investigations State Emergency Relief Administration Project 3F-2-302 1935 BarkBeetle Enemies of California Forests Emergency Educational Program Forest Service forest entomology forest insect bark beetle bark beetles bark beetle control pine beetle pine beetle control western pine beetle pile burn infested tree treat peel log J.E. Patterson 1930 Page 24 hand colored hand tinted artist ponderosa pine bark
708	0	28723418778	Coconut Cocos nucifera Agonoxena argaula leafminer injury leaflets
709	0	33264410893	volcanic emissions injury sulfur dioxide plants volcano Halemaumau fumarole
710	1	50792310463	Men's underwear Underwear Zebra print Sexy Butt
711	0	49454193498	absorbent activated ash background bamboo black body burn carbon care charcoal close up coal combustion dark detox facial health healthcare healthy medical medicine natural objects powder raw science scrub skin spa texture treatment white wood
712	0	49589378573	#williamblake #illustration #vintageillustration #kissing #adamandeve
713	1	9596181418	love photos twilight boat cloud clouds pink orange mountain landscape me mine party bonfire spirit paper sunset forest wild moon full moon sky night stars star phrases text nature green yellow b/w b/n black and white black white black white vodka feast alchool fire bones photo photograph photography away live life smile beer heineken summer season beach sea ocean sand rocks rock legs body funny fun people guys boy girl girls boys light lights converse all star myself
714	0	9740991095	love photograph photos twilight boat cloud clouds pink orange mountain landscape me mine party bonfire spirit paper sunset forest wild moon full moon sky night stars star phrases text nature green yellow shadow black white vodka feast alchool fire bones photo photography away live life smile beer heineken summer season beach sea ocean sand rocks rock legs body funny fun people guys boy girl girls boys light lights converse all star canon 600d lomography FD 55mm
715	1	9526089958	love photos me mine party bonfire spirit vodka feast alchool fire bones photo photograph photography away live life smile beer heineken summer season beach sea ocean night sand rocks rock legs body funny fun people guys boy girl girls boys light lights converse all star
716	1	4661621916	woman female wife red green pink black color hips figure model beauty legs silhouette arms waist curves light photoshop siren goddess erotic passion romantic entice sensual tall strong lovely window swimsuit bikini photo art shape mature sexy nude
717	1	50423788011	beautiful white light people mädchen girl beauty portrait model color art woman frau hair german female natural young sexy studio face pretty europe glamour hands fine body shadow amazing adult lady classic kunst scenic lovely culture posing sensual traditional lingerie skin sculpture erotic saxony sachsen emotion attractive student adorable underwear dresden hairstyle attitude charming intimate nymph enchanting delightful
718	1	41942617861	beautiful white light black mädchen girl beauty portrait model art woman frau hair german female natural young sexy studio face pretty europe glamour photographer monochrome music closeup hands fine body shadow amazing blond adult lady classic kunst scenic lovely culture posing sensual lingerie skin musician sculpture perspective erotic saxony sachsen attractive feeling figure student adorable underwear dresden hairstyle attitude charming slim schwarzweiss intimate nymph
719	1	33768086463	beautiful light people girl beauty portrait model color art woman frau hair german female natural young sexy studio face pretty europe glamour hands fine body shadow amazing blond adult lady classic kunst lovely culture posing sensual traditional lingerie skin sculpture erotic saxony chair tradition sachsen attractive figure student adorable underwear dresden hairstyle pyramids attitude charming slim intimate delightful
720	1	51179000294	SecondLife Flamingos Lya Top Skirt M.MStore Rukia Shape Maitreya Lara Catwa Queen HDPRO Truth Soiree GemsCollar Essent Bella Latex Boots Fakeicon RITUAL Skin Phyrra
721	0	50719961162	kennedy space center Cape Canaveral Florida nasa rocket shuttle Atlantis OV-104 orbiter tiles panels skin
722	0	50702625157	soul eyes windows men man sexy look self portrait self portrait monochrome rugged scruffy skin face male hazel mustache eyebrows nose masculine guys male portrait
723	0	50619335532	Saguaro National Park Tucson Arizona Saguaro Dry Skin
724	1	51008763677	beautiful model woman girl portrait face female beauty style skin bright color look smile colorful lifestyle wellness lady cute background young happy attractive
725	1	49734198531	Bamboo Beauty Product Brush Clean Cleaning Eco Friendly Foot Hand Leg Person Scrub Skin Skincare Wash Zero Waste
726	0	45812476172	Po Bronson Indie Bio Neo.Life Profile Article NYT Magazine 1999 Surfing Slippery Skin Bubble Biotech Incubator
727	0	45606949562	fortnitemare fortnitemares fortnite battle royale season 6 rust lord skin skins fortnitebattleroyale fork fortniteseason6 fortnitebr fortniteskin fortniteskins
728	0	42923725030	africa freedom pattern safari bush skin explore bn together family national geographic nature love zimbabwe tender couple animals GIRAFFE amore future blanc noir wild NGC
729	0	42831066782	namminliz imvu skin filesale imvufashion imvufilesale
730	1	39635196784	SL Second life Artistic Virtual Bikini skin
731	1	36441948645	woman chest sweat skin texture
732	1	35552192262	facebook flickr kiss fan indoor smooth skin athlete muscle white kitchen bkk bangkok asia asian thailand thai photo pic smart face portrait camera iphone model man male boy gay guy handsome cute join love following follower follow selfie myself me
733	0	51137546112	child ladybug little hand girl skin nature people activity animal background biology bug childhood close up closeup curiosity curious cute discovery ecology environment finger fingers freedom fun garden happy human insect insects kid kids ladybird learning life looking macro natural observation outdoors outside playing red small spring summer wildlife young
734	0	51202653241	Rouge vincent fandos photographe photographer singer chanteur pop black skin power guitar bougies candle candles artwork cover live session instagram menswear
735	0	51220103738	bathe bathroom beauty care circle cleansing clear close-up concept cotton earth environment face facial health healthy hygienic item make-up medical natural nature object pad pampering pink planet pure purple remove round sanitary save skin soft
736	0	32804131677	Fish Skin Liisa Saarni Erkki Virolainen Fishing Lure Kalastus Sport Fiske Lust Trout Sea Meri Taimen Pesca Angling Helsinki suomi Finland Finlande EU Europa Scandiavia Urheilu Happy Life Visit Travel Travelling Hook Koukku E.V. Trutta
737	0	51210278999	Skin Care
738	1	33034512563	#Skin #tribal #ethnic #etnico #piel #tribales #tribu #girl #girls #beauty #dark #darkbeauty #book #makeup #runway #etnica #fashion #rostro #hube #hubesalamanca #indu #indi #makeuppro #pro #maquillaje #caracterizacion #facepaint
739	0	1107877214	winter youth skin outdoors location latin headshot girl female environmental contemporary color beauty
740	1	29005098780	portrait skin tones fuji x-t1
741	1	26721297446	sister spotlight high heels light dark hairs skin schwester licht
742	0	25306208265	Dynasty Saturday Morning Saturday morning phone lens Aukey photo test fisheye macro orange skin tv television Dynasty
743	1	15298210728	folsom street fair san francisco summer men man flesh skin gay black leather harness dog pup play mask red bandana nipples ginger beard saint désespoir day light scott richard torbakhopper
744	1	14845540667	Pierre lognoul photographe liege portrait famme women sensual sugestion rouge red lips lèvre bouche dents model skin texture peau girl canon 5D mark III 135mm f/2 f/2.8 plognoul@gmail.com couleur color
745	1	14870142403	lomo kamera underwater film kodacolor 200 analog analogue agua water skin girl she summer verano ella piel blue azul playa beach mar sea
746	1	16499476019	women woman people dogs animals indiana indiaapolis midwest usa america indy sexy hot that damn tattoo contest days of the dead legs rock star blond skin mini skirt face sit sitting seat seated
747	1	400304837	Female Caucasian Beauty Skin Fashion Youth Girl Studio Glamour
748	1	15011287903	avon thrill the world zombies michael jackson women kids face make up eyes contact lens avon zombie walk mother son midwest usa hoosiers america indiana indianapolis skin male love pose posing canon powershot sx50hs canon eyebrows smiles indy
749	0	14369973065	Fairyland Minifee Rheia Tan Skin MNF
750	1	13453608724	Birthmark mark skin pale
751	0	12598646743	the village people makeup feathers ymca ORANGE OUTDOORS skin INDIANA INDIANAPOLIS eagle creek park nikon d70s nikon PEOPLE chest dancing dance midwest MEN polar bear swim lake WATER
752	0	12411749784	114 pictures in 2014 orange skin macro
753	1	9409361310	san francisco dore alley 2013 skin flesh mendolus shank letsdance tonightaway
754	0	9630291979	GEN CON GAMERS hoosiers horns INDIANAPOLIS INDIANA nikon d70s nikon USA america hoosier legs COSTUMES WOMEN T SHIRTS MEN midwest Man boots body language stomachs navels blonde skin face PEOPLE
755	0	9408670524	Audrey Mirror's Enigma skin SecondLife cosmetics
756	1	8314735181	light dark neon photography art self 50mm canon christmas smoke skin
757	0	8008166770	2012 august byllup city folk human beings humans mennesker par people hands hender ring shirt skjorte skin hud black white sort hvit leie hoding hands love kjærelighet ekteskap giftemål marrige pair Oslo Norway Norge hand hånd
758	0	7711391834	hands black and white B&W skin texture
759	1	7535158058	curtains girl portrait skin tender
760	0	6976503800	Fes el Bali tourism Fez el Bali Fes Fez UNESCO Maroc north africa Morocco medina men laborer work tannery leather animal hide skin color family labor life traditional tradition dye red
761	1	6312222472	deet fooet peus pìes pes piel pell pelle skin peau light luz lumiere luce llum marimbajlamesa
762	0	6569467063	cosmetics beauty skin care exfoliator gentle face liz earle
763	1	6292229892	Joker Batman comics Halloween Vera sexy wife legs skin makeup mirror blush photo Photograph photography picture Chicago IL
764	1	51115198310	Second Life Second Life Blogger Second Life Photography Shaedynlee second life avatar Shaedy Bizness skin Virtual Girl Virtual Living virtual fashion Virtual Photography virtual style
765	0	50766720316	histologie histology microscopie microscopy biologie biology science mammifère mammal vivant living couleurs colours art experiences art art visuel homme human trichrome Masson trichrome Masson peau skin finger doigt derme dermis collagen collagène adipocyte corpuscule de Pacini Pacinian corpuscle
766	0	50188252662	lizard molting florida skin
767	0	49484262636	2019 Russia Saint-Petersburg portraitphoto portrait portraits portraitphotographer portraitsessions beautiful beuty Girl woman colours Color colorphoto eyes style studio studiophoto nature day images photography lovely love art girls skin sexy Canon colour natural
768	1	48944443883	Aqua Frostbite Second Life Lingerie Sexy Skin
769	0	49846704052	Older Worker Skin sewing album clothing and textile industries album leather industry album older workers album portrait album small enterprise craft industry album textile leather and clothing Japan
770	0	49845858543	Fabric Handmade Older Worker Orange Skin smile album clothing and textile industries album leather industry album older workers album portrait album small enterprise craft industry album textile leather and clothing Japan
771	0	48905545677	Kimmo Pohjonen Skin FMM 2018 concerto festival SINES
772	1	45258644934	Aemzo_official hot Blonde girls with long hair female hoody beautiful Girls green eyes glamour fashion jumpsuit makeup Yellow hats UK Hiphop Artist Hiphop standing kneeling smiling cute indoor outdoor skin tummy Portrait bricks Sexy hands Boots Jeans crop
773	1	45786759631	portrait plants person people skin photo naked art nude
774	1	29443193538	Yellow beauty studio clean skin retouch
775	1	29710697478	A Any Vision C Faces Joy Labels P S T arm child product skin toddler
776	0	39571714202	shark underwater water sea animal fish dark skin lying
777	0	49724024257	Alex Hyde April Back from the Brink Epidalea calamita Gems in the Dunes Merseyside Natterjack Toad SSSI Sefton Coast amphibians detail dunes organism protected sand skin stripe textures warty wildlife Southport England United Kingdom
778	1	49984730202	equal10 pizza sivir leguage legens LOL skin 3d secodnlife
779	0	50940336473	2021 Dr Jack Griffin The Invisible Man wearing bath robe smoking jacket Monster transparent action figure Universal Monsters New York City creature scary horror terror Halloween fright toy toys creatures shadow shadows sunglasses bandage bandages doctor scientist mad figures pajamas slippers gun movie film Claude Rains cigarette NYC 02/13/2021 Super7
780	1	9413232234	mendolus shank letsdance tonightaway man bare chest bed sheets sleeping satisfied belly button hair hand naked spent
781	0	49453733688	Catwa Omega BOM Baked on Mesh skin tattoo CarolG Chef de Peau Mancave Event Men only Monthly Signature
782	1	13672383333	vacation summer sun beach love sea urlaub skin bikini relax traveller weltenbummler globetrotter reisen sunshine somber sonne strand fotografie photography maldives malediven paradise palm trees palms coconut soccer stadium groundhopper ground station fußball pyrotechnic tattoo tattoos foreveryoung flutlichtmasten hängematte boat boot kanu eidechse animal animals loveanimals
783	1	49498003346	homme man nude skin tattoo tatoo hands
784	1	27561968957	mujer woman girl strobist retrato portrait primavera green spring espalda back piel skin espiga spike verde tatuaje tattoo ojos eyes mirada look ruinas ruins espigas spikes
785	1	46525930435	girl canon canon 650d canont4i kiev Ukraine colours hair coloured colored candle aquatic pulp riot pulpriot blue turquoise green light flame edited no flash hair color colored hair choker skies sky clouds human woman female hand paint black pain makeup facial paint bodypaint teeth sex photoshoot photoset portrait bob carre bobcut bra body
786	1	50623956287	1900s 1900s public domain 20th century antique art art nudes public domain art public domain artist artwork auguste renoir cariatides caryatids cc0 copyright free public domain creative commons creative commons 0 deux baigneuses famous famous art famous artwork famous artworks famous painting famous paintings female female figure feminine feminine public domain femininity fine art french green leaf high resolution public domain holding illustrated illustration illustration public domain impressionism impressionism public domain impressionist impressionist art impressionist style nude nudity oil on canvas oil paint oil painting painting paintings public domain panneau décoratif pierre auguste renoir public domain public domain 1900s public domain art public domain art nudes public domain feminine public domain images public domain impressionism public domain paintings public domain women renoir renoir paintings royalty free public domain sensuality vibrant wall art woman women women public domain
787	1	42369334385	male physique malephysique model guy summer nudity flowerpower flowers
788	1	6602718909	High Key Portrait Self Selbstportrait Man Men Male Nudity Nude Nackt Nacktheit Sexy Schulter Kopf Hell Schwarz Weiß Kontrast Canon EOS 450D Modell Foto Photo Fotografie Photography Creative Commons Creative Commons CC Licence Lizenz Kreativ Dennis Skley Skley Bild Picture
789	1	48626363836	cocoabiscuit Nikon D7100 Philadelphia Naked Bike Ride PNBR nudity public bicycle bike
790	1	50637157802	1900s 1900s public domain 20th century Name antique art art nouveau art nouveau public domain artist public domain artwork bed beige body cc0 classic creative commons 0 drawing erotic female figure fine art friends gustav klimt klimt nude old paper public domain public domain 1900s public domain art public domain art nouveau public domain art nudes public domain images reclining sensual sketch two vintage woman
791	1	9406610269	san francisco dore alley 2013 skin flesh men man bare chest mendolus shank letsdance tonightaway tattoo black leather harness touching sin city we shall rise powerful true YOU!
792	1	46808465471	Winter Jefferson Second Life Nude Avatar Collar #187 Recovery Avatar Fashion Bento Belleza Doll Editorial Fashion Fetish Hair Jefferson Jake Kink L'Homme Light life Model Male Avatar Male Fashion Male Model Male Monster Naked Omega Portrait SL Undead Unisex Vampire Vainpyre vampires Winter Windlight White Mine
793	1	40162765673	Burghley House manor house prodigy historic mansion park estate aristocracy stately home Stamford Lincs Lincolnshire England Great Britain British English PE9 Elizabethan Tudor era period 2016AIMG_2795 wall painted painting fresco naked men man muscular blacksmith
794	1	50622754803	allegory angel antique art artwork cc0 character circle creative commons creative commons 0 day and night drawing edward burne jones gouache grass high resolution illustration leaning male man naked night nude old pre raphaelites public domain public domain angels public domain art nudes religious rock round round watercolor sir edward burne jones star the flower book vintage watercolor whisper
795	0	45655448262	art wildlife Wayne Steven Grazio photo to art mother nature nature water fotograzio teeth grain Wayne Grazio texture photo effect sealife Wayne S. Grazio noise painterly grunge duotone fins predator deadly Shark animal scary animals gritty photo manipulation fish
796	1	42370151822	mike monaghan model girl fashion emotion emotive reflection mirror fine art body nude nudity
797	1	41264290924	bounty berry beauty body nudity woman lady color sophie dituri photo portrait person people
798	1	51199582714	foot treatment risk body medicine skin background disease spider skincare blood woman medical vascular hurt person Young women healthy veins varicose dermatology leg thrombosis ache illness care magnifying healthcare beauty health problem painful lifestyle Feet pain
799	0	49945892092	AFOL MOC lego minifig minifigure Shogun II Total War video game unit attack defense samurai Japan Japanese clan religious warrior fig SNOT Sengoku Jidai daimyo emperor feudal lord armor soldier fire volley flaming warring states period road summer grass practice target bullseye bushido whistling field train gunpowder bomb explosive explosion range pot fuse throw toss thrower siege footman footmen foot battlefied battle ashigaru specialized special specialty blow up short
800	0	47092538302	Red costume wardrobe period actors car classic car hotrod
801	1	51069294227	woman dumbbell beautiful healthy lifestyle young fitness body girl adult exercise people sport person aerobics athlete athletic attractive beauty concentration doing effort exhausted female fit gym home indoors intense lady lifting modern session sporty strength thin training weight workout health tattoo sexy
802	1	48520187361	Magical Dimensions dimensions alexia glasses love passion vintage body lovely girls lovely alone green eyes Gokhan Altintas Photography Gokhan Altintas Studios Gokhan Altintas Pictures Gokhan Altintas Paris Gokhan Altintas Versailles Gokhan Altintas Vintage Gokhan Altintas Vision gokhan altintas alexia Gokhan Altintas Miami gokhan altintas model gokhan altintas movie gokhan altintas manhattan Gokhan Altintas Photographer gokhan altintas belleville belleville photographe belleville lingerie tattoos sexy tattoos miami tattoos flowers tattoos gokhan altintas tattoos tattoo tattoo new york tattoo women tattoo girl tattoo miami inked Gacox Studios
803	0	51211999020	cliff valley
804	1	47793812232	girl nude model sexy erotic modeling beauty expression Canon woman boudoir naked portrait portraits female pose sexiest beautiful shooting bellezza lingerie seduction attractive body panties hair shadow
805	0	48939640116	Automne sentier gore laurentide nature feuille arbre equirectangular 360 panorama
806	0	50872342917	undead!master beevers!master pratt!master classic who gore zombie body horror
807	1	50236013562	First Avenue East Village cyclist bike rider bicycle shirtless shorts September 11 memorial American flag bald eagle NY Strong
808	1	48853108473	nycc nycc2019 cosplay cosplayer cosplaying new york comic con new york comic book convention comic book convention comicon comic con new york comicon ny comic con ny comicon nycc cosplay nycc2019 cosplay new york comic con cosplay new york comic con cosplayer new york comic con 2019 cosplay new york comic con 2019 cosplayer halloween costume halloween costume idea halloween lewks コスプレ 角色扮演 sexy male cosplay sexy male cosplayer cosplay dude cosplay man male cosplay shirtless cosplayer shirtless bare chest sexy halloween costume sexy halloween costume idea
809	1	47706180152	2019 february wake shirtless
810	1	44895083015	2018 august shirtless
811	1	30701382737	2018 august wak shirtless
812	1	38419329070	male model speedlights shirtless
813	0	37054161655	OBX Nags Head North Carolina 2017 male shirtless beach
814	1	19724539822	people men women persons usa ameica midwest marion county indiana indianapolis wrestling animal animal eyes wrestler action indy shirtless outdoor random nikon d7100 nikon passion
815	0	18217439913	nikon d7100 nikon wresling people action motion movement men women wrestling match wrestling mat fights kids moves usa outdoor america good guy bad guy midwest indiana indianapolis sit sitting seat seated drama shirtless expression faces emotion body langauge contact
816	1	16537170125	people family kids men toddlers canon powershot sx50hs canon usa midwest. hoosiers indiana indianapolis america indy chain gang ball and chain wizard world stripes pose posing comic con bald shirtless chain silver
817	1	8696533503	quaint portrait simple crooked boy man shirtless observe observation picture frame picture frame light soft self portrait casey david casey casey david casey david photography
818	1	6884227888	ciaroscuro 50mm 50mmf18d bbg black background bracelet d300 digital DSLR dynalite dynalite 2040 strobe heads dynalite M2000Wi glasses male man model necklace Nikon nikon50mmf18d nikond300 no shirt photo11 Pierce portrait pose RAW shirtless strobist studio studio lights sun glasses low key lighting LS&M8 amateur usa lowkey
819	1	51154043675	Â© Vincent Fandos maxandre duc 16 management 16men model mannequin agency blond tulip shirtless
820	1	48364825076	Roller-skates Camberwell London Athlete Sports Muscles Fit Skater Transport Shirtless
821	1	44239019952	2018 2018/06/09 Pride Parade Pride2018 Alberta Canada Edmonton outdoors YEG AKA Sangudo Photographer Robert Antoniuk rphoto.ca Parade shirtless Sailor Man Male Pipe
822	1	50859488138	little9 xiaojiu curtain shirtless window langhamplace guangzhou guangdong
823	1	50136231558	Man Posing Face Shirtless Thierry Gorgeous Hot Masculine Good-Looking Attractive Handsome Athletic Impressive Muscular Defined MEMNID
824	1	50839548572	120 Film Vintage 1940s Portland, Oregon friends outdoors riverside shirtless wading
825	0	50260137326	Toronto Ontario Canada Canadian beach volleyball shirtless man guy 2020AIMG_1887 sun tanned
826	0	42982682412	UK Great Britain British United Kingdom England English West Country Cornwall Cornish shirtless man guy bloke horse bus pale Englishman 1997 Polperro Dobbin PL13
827	1	48750643768	Netstars TV Awards Party 2018 Netstars TV Netstars Netstar Awards Award TV Party Berlin Maxxim Disco Venus Erotikmesse Eroticfair Webcam Camshow Erotik Erotic
828	0	48807213638	Netstars TV Awards Party 2018 Netstars TV Awards Party Award Netstar Maxxim Berlin Venus Erotikmesse Eroticfair Eroti Erotic Webcam Camshow 2018 Harley Quinn Strip Show Harley Quinn
829	0	47958656882	Twenties 20er 20s Roaring-Twenties Zwanziger Jahre Zwanziger Jahre Années folles Jazz Age Goldene Zwanziger Weimarer Republik Weimar Weimar Republic Berlin Germany Deutschland Moka-Efti Party Nachtleben Nightlife Culture Kultur Babylon Berlin Babylon Tanz Dance Charleston Flapper Flappers Garconne Garçonne Glamour Girl Neue Frau New Woman Frauen Emanzipation Women Emancipation Liebe Love Lust Sex Sexuality Erotik Erotic Gender Self-determination Queer Gay Lesbian Homosexualität Homosexuality Expression Desire 1920s 1920er
830	1	6202617472	self portrait paint nude naked nudity girl woman self image
831	1	50933761888	antique art artwork austrian cafe cc0 color lithograph creative commons creative commons 0 czech design design resource downloadable drink drunk graphic high definition high quality high resolution illustration lithographs man moriz moriz jung old on the terrace people print printable public domain restaurant table viennese café vintage woodcut
832	1	47755019692	#zonie'scloset drag queen drag canon powershot canon people persons usa hoosier midwest america low light bar night life indianapolis indiana indy faces artistic crossdresser eyes wig skin makeup
833	0	50643319642	Neil Moralee Neil Moralee Coronavirus lock down lockdown man face portrait old aged age mature shadow smile beard wicked white hair hair white beard glint eye eyes lock down lockdown covid covid19 corona virus coronavirus isolation alone pandmic UK England Britain Hemyock Devon wrinkles wrinkled senior Black white mono monochrome black and White Black & White Neil Moralee BW candid Olympus OM-D E-M5 blackbackground 17mm
834	1	50902674093	funny joke gag collectible souvenirs cup breast ceramic nipples tits photography olivera Everglades florida souvenir buy drink shape shaped women breasts mug mugs coffee
835	0	51004274537	BDSM waxplay candle wax drip breasts boobs nipples cleavage lemon lemons pink magenta
836	1	38138998822	woman older woman sexy brown temple bed breasts womanhood adult art cartoon handmade sony
837	1	50698332486	tits bust breasts boobs illustration abstract nude
838	1	51011794761	Mardi Gras sydney gay and lesbian mardi gras breasts lesbian
839	1	6347823269	Heather blonde blond beach dirty wet boobs breasts crawling dress gown ocean Southern California sexy beautiful hot skinny lightroom canon outlawmenacephotography
840	0	5839903420	Canterbury Roof support statue big wooden breasts
841	1	40293308233	sexy elegant girl woman portrait beautiful fashion model Fuji X-T1 boobs busty cleavage breasts asian thai modelling sensual people
842	1	51129939959	caribana 2017 toronto costume breasts bikini cleavage west indian trinidad jamaica parade breast caribbean festival mas masquerade band headdress reggae carnival dance african american steelpan west indian mas band african american
843	1	50648311546	caribana 2018 toronto costume bikini cleavage west indian trinidad jamaica parade breast caribbean festival mas masquerade band breasts headdress reggae carnival dance african american steelpan west indian mas band african american
844	1	49909981567	caribana 2017 toronto costume bikini cleavage west indian trinidad jamaica parade breast caribbean festival mas masquerade band breasts headdress reggae carnival dance african american steelpan west indian mas band african american bw
845	0	51104377090	sex education erotic sensual sexy erotic photography romance romantic underwear lingerie sexy stock photos sex education pictures woman stock photo sexy thighs women legs
846	1	51103144922	sex education erotic sensual sexy erotic photography sexy couple romance romantic couple underwear lingerie boudoir sexy stock photos loving embrace couple poses stock sex education pictures woman stock photo sexy thighs women legs
847	1	51104485147	sex education erotic sensual sexy erotic photography romance romantic underwear lingerie boudoir sexy stock photos sex education pictures woman stock photo sexy thighs women legs
848	1	51100392256	sex education erotic sensual sexy erotic photography romance romantic underwear lingerie sexy stock photos sex education pictures woman stock photo boudoir
849	1	51101506120	sex education erotic sensual sexy erotic photography romance romantic underwear lingerie sexy stock photos sex education pictures woman stock photo couple couple poses stock sexy couple boudoir
850	1	51101020253	sex education erotic sensual sexy erotic photography romance romantic underwear lingerie sexy stock photos sex education pictures woman stock photo sexy thighs women legs boudoir sexy flower
851	1	30256047788	brunette BIKINI tattoo MODEL MUSE BEAUTY EXOTIC EYES water wet hair WOMAN PINUP pool ARTISTIC alluring FASHION GLAMOUR FOTOMODELLA green eyes SENSUAL style SKIN swimsuit summer SEXY stilo moda water photography
852	1	51147977880	sex positions intercourse nude naked exhibitionism voyeurism public
853	0	50827178976	art artwork black and white bw church decorative decorative art design downloadable drawing figure grayscale high definition high quality high resolution illustrated illustration linocut maurice denis monotone naked nude art painting people pray printable religion vintage woman
854	1	50623800802	Name antique art art public domain artist public domain artwork breast cc0 creative commons creative commons 0 detailed eve famous famous art famous artwork famous artworks female french gauguin god goddess head naked nude paul gauguin post impressionism public domain public domain public domain art public domain art nudes public domain images public domain post impressionism public domain prints standing suite of late wood block prints tahiti tahitian vintage woman woodblock woodblock print
855	1	49914721086	Donatello David Renaissance statue sculpture bronze nude naked sensual erotic white background colorized colorization
856	1	49862319207	2020 april bath naked victor bathtime
857	1	49411440927	America Art Boulevard California Eccentric Festival Haight Ashbury Haight St Haight Street Haight Street Fair Highway Human Humans Mural Naked North America Nudist Oddball People Person Photography Road San Francisco Sidewalk Sidewalks Street Street Photo Street Photography Streets The Haight USA United States Upper Haight Urban streetphotographer weirdo
858	1	44824987304	Nice France “capital Alpes-Maritimes” “French Riviera” “Baie des Anges” ‘capital Alpes-Maritimes’ ‘French Riviera’ ‘Baie Anges’ Place Massena penis bum #frenchriviera #cotedazur #summer #southoffrance #cannes #monaco #picoftheday #travel #holidays #sea #photography #beach #instagood #sun #nicefrance #love #paca #cotedazurfrance #europe #provence #photooftheday #night #travelgram #wanderlust #ilovenice #antibes #vacances #bhfyp #visitnice #visitnicefrance #nicefranceriviera #frances #francetrip #francephoto #france_photolovers #france_vacations #francewine #francetourisme #visitfrance #lafrance naked statue nude bikini med Mediterranean sun sea sex sex kiss me quick
859	0	39880840563	negative degrees arctic temps freezing because of snow blizzard winter storm winter storm Harper 2019 iPhone X Ryan Hallock rhallock Chautauqua County it’s amazing out there nature I love ny Sheridan ny outdoors outside white green naked blanket snow pine trees western New York WNY
860	1	42991279530	Philadelphia Naked Bike Ride naked bikers bikes Philadelphia
861	1	42178774044	monochrome Fuji naked nude woman smoke dark shadow sensual
862	1	44426095152	nude naked nipples navel disappointment not actually a nude person scarecrow
863	1	24214797117	statue bronze beeld woman naked house for sale bridge house sign for sale lady christmas hat Valkenburg Netherlands
864	1	36934030552	Dina Duende The Naked Midwives Solent Creatives Southampton Solent University
865	1	35825962225	nipple hulk superhero green naked costume Point State Park Pittsburgh heros
866	0	51002711148	montage London culture art women men door gorilla faces poster prices dress museum Dame Edna nude naked religion protest
867	0	40420946962	Danmark Denmark Hove Overdrevsvej Winter naked trees without leaves cold morning blue skye sunshine Nikon D750 Nikkor 70-200mm F/4
868	0	27923336752	ginger natural naked root cause root cause mythoto Australia food proud dour stern face of ginger ginger face
869	1	26425388235	attractive chair couch female implied larry neuberger lingerie naked nude pfx photo playboy sex appeal sexy thong woman
870	1	15330478694	Guerrilla London gorilla Girls poster mannequin 1989 Odalisque naked appeal nude suggestive museum female hallmark rejected head mask Dfine Nik Black & White
871	1	14574453593	men man naked post coital sleeping fking
872	1	8738044066	Canon EOS 5D Mark II Ireland Éire taken in 2013 statue park woman naked Merrion Square Canon EF 40mm f/2.8 STM
873	1	8403429148	alone hand sad freckles grain texture grainy beating heart nude naked long fingers chest
874	1	8268846240	illustration sketchbook naked ladies all day
875	1	8138273072	model photography amsterdam talent naked painting light
876	0	8027380146	blue night hotel frankfurt naked women lieven lievenvm
877	1	6883684154	View photos from you or everyone nude naked shower topless cock dick ass fuck sex hot beautiful porn tits instant lightleak light leak pussy nu mental illness illness depression mental health
878	1	7012236739	naked nude shower nu depression illness mental illness mental health
879	1	6788232649	Tommy Ellis Red Rocks Red Rocks ampitheatre nude implied topless naked outdoor nature natural black and white landscape sky clouds girl Nikon D300 wide angle
880	0	51177273764	pencil drawing Textured naked woman Girl Patrick Verstappen Nikon D7100 Yahoo wood d.i.y selfmade অঙ্কন মহিলা নগ্ন এক্সটেনশন Zeichnung Frau nackt art AAA xxx चित्रकारी महिला नंगा एक्सटेंशन कला お絵かき 女性 裸 拡張 アート desenhando mulher nu extensão arte teckning kvinna naken förlängning konst Рисование женщина голый расширение искусство gambar wanita telanjang perpanjangan seni 绘画 女士 扩大 艺术 scetch Moleskine beginners holder kostenlos nude sexy logitech moleskin surrealistic surreal magnifier string abstract
881	0	51164731925	strassenschlampen Schöne Street Slut gestochen scharf kostenlos Public Amateur Teen Blowjob Big Tits naked ebony sluts pictures
882	1	49822821691	Naked Nature Hot Springs AzNaketure Naturist
883	1	49534586968	fille femme nue nude naked devetue jeune jambes sexe sex seins sein boobs
884	1	49874546893	2020 May Naked Cowboy Back Wearing Coronavirus Protection Medical Mask Guitar Street Musician Times Square COVID-19 Billboard AD Advertisement side walk Broadway St 7th Ave NYC 05/09/2020 New York City Subway sign Traffic looking South skyscraper department store Blue Sky Saturday 21st twenty first forty second
885	1	48139515721	BBQ Bangers Barbeque Commercial Photographer in Edinburgh Edinburgh Garden Lee Live Lee Live: Photographer Lee Simpson Loanhead Naked BBQ Naked Chef Naked Gardener Nudist Sausages https://www.leelivephotographer.com/ naked naturist
886	0	48068746878	Lumix Panasonic Madrid España Spain art arte estatua statue Charles Ray Cuatro moldes Reclining Woman mujer reclinada exhibition exposición B&W blanco negro black white black white monocromo monocromático nude naked
887	1	33987017538	amsterdam noord ijpont zamenhofstraat nederland netherlands ferry people men kid bike black white black&white b&w monochrome contrast dark light mist reflection wet structure naked huub zeeman huub zeeman olympus e-510 olympus zuikon digital 14-54mm f/2.8-3.5
888	0	48274968952	Toscana San Galgano chiesa church cross spada naked
889	1	33936770758	Fotografia de desnudo naked photography nudes art arte artistic experimental doble exposicion double exposition multiple conceptual retrato portrait
890	1	40617923773	Arken Art Konst Kunst Patricia Piccinini Sculpture Skulptur figurer naked naken
891	1	40617917573	Arken Art Konst Kunst Patricia Piccinini Sculpture Skulptur figurer naked naken mutation
892	1	32528649867	nue plage women portrait modele naked nude intime sensual curve beauty desnudo nackt
893	1	44782215775	south korea country asian korean jeju island love land sex theme park museum art firgure naked
894	0	43988751771	datgirl live hardware analog set rap glitch-hop female producer rapper even nice girls get naked sometimes stilldream 2018 music festival music festival blue mountain event center
895	0	28227036007	Naked DRCOG
896	0	43091826081	2018 BTWD Event Apparel Naked Pactimo Way To Go
897	0	39313112805	dessins disegni drawings people art details détail détails detalles Italian drawings dessin italien Italian painters peintres italiens Renaissance dessins 16e 16th-century drawing 16th century croquis étude study sketch sketches wash lavis sanguine red chalk Museum France Italie Italy Bollogne Francesco Primaticcio Le Primatice Primaticcio myth mythe mythologie mythology boy little boy garçon enfant kid kids child children amour amours putti naked nude nu naked woman femme nue fruit fruits love sultry sensual erotism érotisme femme women woman female cornucopia horn of plenty elongated portraits portrait jeune femme young woman
898	0	39140180545	Farkas Ferenc nude sculpture naked female woman bronze outdoor
899	1	37920441314	fujifilm naked nakedness Germany Munich B&W black and white bnw street photography streetphoto
900	0	39695040632	Harry Potter Warner Bros Film Family Trains #SherfieldTwitcher Nature Wildlife Nude Naked sex waterfall pond skyline auto transport cock pussy red sunset dog blue flower new orange
901	0	50296257242	animal zoo atlanta naked mole rat pink wrinkles underground
902	1	50365047616	derelict abandoned buildings nude naked johnamill
903	0	48036483782	USA New York Manhattan America people wandering times square naked cowboy naked cowboy
904	0	46435746302	art sculpture Pepsico fun winter snow naked nude
905	0	45353488405	nude naked 2018 william
906	1	43536969902	graffiti Wynwood Miami budget ace hardware nude girl daniel fila krave sunbather naked legs ass
907	1	50628585393	London Londres England United Kingdom Great Britain Statue Sculpture Bronze The Dancers Dancers Cadogan Place Cadogan Square David Wynne 1971 Naked Nude barenaked
908	1	50469475563	Brazil Brasil Carapicuiba Babak nude hiding naked truth
909	0	46260703434	self selfportrait selfie portrait woman glitter brooklyn ny face sparkles fun sad cute silly pretty sexy skin eyes lips makeup test weird
910	1	27827190585	Mermaid topless Mermaid Parade Brooklyn Coney Island nude in public sex in public naked topless parade girls sexy girls nyc nude naturist party gone wild tattoo girls boobs sex sexy long hair wig blond hot bra braless brunette redhead bikini panties Mermaids sun summer Parade nude parade tits sun glasses body painting black hats tattoo girl tattoo big boobs 2016 purple big tits seethrough fan beads breasts smile
911	0	46386885534	cuba Faceless Jumpsuit ass arse butt cute walking trinidad young girl black hair teen boob breasts
912	0	51206829988	New Orleans pool band party scans
913	0	51073696256	extinction rebellion climate change climate change action climate justice climate Climate emergency climate crisis XR youth xr activism action activists street party party
914	0	50940530117	Christmas Day Amy 2017 Nikon D90 Winter George DSLR Will Party Bury St Edmunds December Family Little Whelnetham UK Suffolk
915	0	50680790197	bunt feiern Geburtstag Geschenk Geschenke Girlande Party Regenbogen schenken verpacken
916	1	50814629298	2006 Digital Marilyn's Party Bardwell Party Bury St Edmunds Konica Minolta Dynax 5D Family UK Suffolk April England United Kingdom
917	0	50811998572	Janice December Fujifilm Finepix F601 Karen 2006 Christmas Digital Low Green Party Bury St Edmunds Winter Family Little Whelnetham UK Suffolk England United Kingdom
918	1	50493438431	Scandinavian Community Centre SCC Scandinavian Centre Burnaby Party Crayfish party
919	0	50582412136	White House 2020 Celebrations Party Demonstration District of Columbia March Political Presidency President Protest Rally Signs Biden JoeBiden Harris KamalaHarris Election Trump USA United States Washington DC
920	0	49499794067	coffee party 1959 saleby grange alford h.r.r princess margaret tuscan tea set palethorpe
921	0	49436630002	audience band celebration crowd dancing festival lights music musician party performance rave silhouette singer spotlights stage
922	0	49091676607	asos tacp tactical air control party georgia air national guard 165th airlift wing mississippi United States Tactical Party Air Control Airmen Kansas GA GANG KS KSNG room clearing room-clearing Magnolia Strike training combat skills exercise NG national guard national guard guardsman guardsmen soldier soldiers airman u.s. army force united states america USA military troops 2019
923	0	48822764183	lviv lwow Lwów ukraine film canon prima bf twin пленка плёнка плівка україна украина 35mm 35мм львів львов аналог analog analogue фестиваль крафт бір бир craft beer vinyl music festival party radio telescope Радиотелескоп радіотелескоп sky небо astronomical telescope астрономический телескоп астрономічний телескоп landscape пейзаж краєвид city город місто
924	0	48807457993	Konzert concert gig publikum Zuhörer zuhören listening audience stage music Musik band Entertainment Stimmung mood musicians drum drums drummer schlagzeug schlagzeuger sticks spielen emotion freuen feiern party light lights bühne show set dEUS belgien antwerpern trix antwerpen cc creative commons
925	0	48992911037	deathbyneff Halloween party costumes
926	0	48976833287	Minnesota Senate State Republican Party Capital Investment Committee Bonding Tour
927	0	48806545408	cocinar cooking mexico mexican comida mexicana party fiesta
928	1	48573796791	sebilden ardala family party
929	0	48493223562	Michelle Vezilj Female Singer Beautiful Sexy Hotel Cafe Hollywood Los Angeles California Live Music Concert Show Single Release Party Fire Goes To Die Event Performance Venue Stage Nikon Z6 2019 May 17 Friday Justin Higuchi
930	0	48356624182	rydale clothing country countryside summer sun farm farming farmer garden equestrian horse tweed wool party blazer jacket
931	0	48249223986	lego afol market summer joust joust guard marketplace vendor seller ascending Hagli's Finger mountain elevator dumbwaiter levels floors busted party humor guards buyer merchant purveyor curiosity dwarf bird snake alcohol mead ale food sunday shop woman man orc human strange fantasy armor clock trophy magic potion herb juggler clown jester joker gatehouse winch cable captain lantern entry 12x12 vignette
932	0	48211993481	Pebbles Flintstone Stone Age flintstones birthday pan costume baby party dress orange girl
933	0	48121341386	FDL Fest der Linken DIE LINKE Fest Konzert Party Kunst Rosa-Luxemburg-Platz Karl-Liebknecht-Haus Volksbühne Theater Theatre Bauhaus Bauhaus100 100 Jahre Bauhaus Weimar Dessau Vertreibung Geschichte Deutschland Kunstgeschichte Architektur Berlin
934	0	48121346031	FDL Fest der Linken DIE LINKE Fest Konzert Party Kunst Rosa-Luxemburg-Platz Karl-Liebknecht-Haus Volksbühne Seenotrettung Sea-Watch Berlin Deutschland
935	0	47942432382	#bettereurope #strongertogether Manfredweber European’s People Party EPP 2019 Manfred Weber Spitzenkandidat European elections #powerofwe #weforweber
936	0	46849134635	firework silvester new year feuerwerk party colourful color sky celebration wedding happy beautiful night light amusement park kirtag linz urfahranermarkt urfix prosit explosion mega huge gorgeaous stunning scenic
937	1	32762879397	black white analogue analog Brussels Life an intern internship parliament people snapshot non staged plux party crowded spring outside alcohol young bottles interns meeting group
938	0	45684071424	OSD Christmas Deaf School Party
939	0	31420794917	Denny Park SLU outdoor festival night party neighborhood celebration music tents snow globe lights holiday ice sculpture
940	1	32390511138	Marion Paul Baylado millenials place SPi Education pool party
941	0	30623834894	toronto ontario rooftop party downtown nightlights cans2s
942	0	32470430888	musician guitar singer holiday party
943	0	32168544258	Flow Communications Flow party superhero superheros
944	0	44144420620	Party 50th Friends Phoenix Arts Club
945	0	32018829978	Billy Kidd magician street performer corporate events festivals television cruise ships Penn & Teller standing ovation now you see it Krowd Keepers Bath stage show Edinburgh Fringe Houdini comedy busker fest Glastonbury wedding entertainer party card tricks balloons wine bottle laughter mystified astonished audience participation surprise Dublin Ireland SPWC world championships Merrion Park crowds children parents free events 2017
946	0	31908879318	EPP Helsinki Congress European People Party Finland November 2018 Angela Merkel Chancellor Germany CDU
947	0	44440040084	radiofabrik #JetztErstRecht Party Salzburg Shakespeare djgusalzburg
948	0	44417479892	LGF Annual Party
949	0	42577798524	Denmark Kamstrup Region Sjælland Roskilde 2018 Creative Commons Danmark DK Dyrskuepladsen festival orangefeeling party Photo by Stig Nygaard RF18 Roskilde 18 Roskilde Dyrskueplads Roskilde Festival Roskilde Festival 2018 smatten G12 Canon PowerShot G12 Dänemark Apollo nightlife night night photography night shot concert El Leopardo orange cuw28 DNK
950	0	42458747195	FS1 summerparty party goldenklaus awarding awards goldenklausawards salzburg 2018 award
951	1	43034818072	Tel-Aviv white night street party IS:RAEL
952	0	28872213968	Bishop Briggs Female Singer Songwriter Artist Band Musician Masonic Lodge Hollywood Forever Cemetery Hollywood Forever Los Angeles Church of Scars Album Release Party Show Event Live Music Concert Gig Tour Venue Photography Sony DSC-RX100 2018 April Thursday 19 Justin Higuchi
953	0	42334006891	Bue festival Bue festival 2017 concert concierto musica arcade fire RégineChassagne Win Butler William Butler Richard Reed Parry Tim Kingsbury Jeremy Gara ARGENTINA buenos aires tecnopolis music pop rock and pop guitar bass publico public people canada canadian indie masters Canon 5d mark ii canon 5d mark 2 Canon EF-S 17-85mm f/4-5.6 IS USM Canon Photography photograph photo rock party fiesta festival rock festival samrani
954	0	28235350268	JohnSeb dancing party friends Modern Jive Ceroc
955	0	50940533187	Christmas Day 2017 Nikon D90 Winter Amy DSLR Will Party Bury St Edmunds December Family Little Whelnetham UK Suffolk
956	1	50735788662	sexy hot girl lady dress gown ballgown blue skirt satin silk silky shiny party Christmas occasion elegance beauty chic classy fun joy smile happy sweet cute necklace lipstick princess T-girl tranny transvestite soft tulle beads dinner food buffet
957	0	49661635172	berlin colorful convention cute d5 dance disco discotheque eurofurence face friends fun furry fursuit germany night nikon party portrait posing together two wide angle lion cheetah
958	1	32255555968	girls ladies friends dresses gowns skirts girly feminine fun joy happy joyous smiles satin silk shiny silky cute pretty sweet lovely party T-girls tranny pumps heels legs purple
959	0	51042757928	Acoustic Shock Aschaffenburg Big Easy Colos-Saal DJ Februar Livestream Party 2021
960	1	50706240353	Coronavirus Covid-19 December 2020 gas mask santa party Xmas Christmas
961	1	50544532067	1 nos 9-14 Black and white negatives Ilford HP3 400 ISO New Year's Eve Roy Pierce 1954 Penrhynside Promicrol party
962	0	47963254713	blfc blfc2019 2019 fursuit furry dance lighting party
963	0	47739388992	Council Member Lisa Wheeler-Bowman District 7 Youth Farm Block Party Enoch Davis Recreation Center Parks Rec South Youth-Led Urban Project garden gardening agriculture TASCO UF/IFAS ExtensionFamily Nutrition Program Economic Development
964	0	31716690538	trampoline club Hallowe'en Haloween party 2018 boys fancy dress costume flying demon
965	0	28138249527	saint st petersburg pete florida fl fla stp burg city sun shines here sunshines sunshine tampa bay gulf coast Pride Parade LGBTQ DTSP downtown waterfront equality diversity party celebration
966	0	37998325645	Suomi Finland Finlandee #suomi100 Eu Europa Scandinavia Helsinki Visit happy Life Lights Valot Juhla Party Itsenäisyys Kaupungin Travel Traveling
967	0	25227797907	spa party kids portrait pink make up beauty
968	0	39032207312	Harp Cello band Austin Texas Serranía Ronda Tajo Auditorio Blas Infante amphitheater outside Spain Andalusia Andalucía Pueblos Blancos Music Festival fest mountains insider amazing spectacular sierra Grazalama Natural Park Montejaque Benaoján Sierra De Libar Cueva de Gato Pileta cave Rock & Roll fiesta party international Roman musica frontera friend family scenery jazz blues funk Villaluenga del Rosario
969	0	26554378869	gramatik hiphop electro dubstep dj concert konzert x-tra zürich xtra zürich party
970	0	36978205504	motorcycle action Group Farmyard Party Helmsley duncombe Park thursday 2017 people grass sky music
971	1	9959552964	Leatherchrissy mature blonde leather model harley biker chick bi milf cougar cuir Leer Couro Lederchrissy Leder Laeder Older Blond Chrissy party women girl lady кожа
972	0	36594072421	5dmark3 5 5d 5dmakr3 50mm 500px 7dmark2 7d Travel travelphotograhy travelasia travelworld travelphoto Travelthejapan traveljapan tokyo tamron tokyoclub Photography party photooftheday play PORTRAIT canon
973	0	34089852554	CineKink Kick-Off Gala Redux M1-5 Lounge Lower Manhattan film party festival party pix sensation stations filmmakers films kink photo by Stacie Joy please feel free to ID/tag yourself
974	0	35755750896	canon photography photographer hobby photo girl people portrait model party prom preset lightroom female male boy black white bw colors lights nice young eos adult new edited filter pretty beautiful colorful
975	0	31836688715	Christmas party North Carolina National Guard 113th Sustainment Brigade Army Greensboro Steel Brigade holiday NCNG
976	0	33294749293	grant birthday party 6th
977	0	32327129616	kenya beach cave party new year
978	0	31776957551	mcgee christmas saint alfonsus party
979	0	31743085055	Christmas party North Carolina National Guard Army Aviation holiday Triangle Shooting Academy NCNG
980	0	31482214912	London Pride LGBT parade Pride Parade gay queer celebration party sandwich board Obergefell marriage equality hell yeah
981	1	30656429286	halloween party food dining table green light
982	0	30580476686	bulgaria festival meadows mountains 2016 mountain tree green outside adventure view beautiful scenery hippy mumma wilderness party music 35mm pentax p30 reading
983	1	29204742303	fashion fashionshow festival streetfashion Japanese japancollection jk canon collection party traveljapan Travelthejapan travelworld travelasia travelphoto travelphotograhy Travel tokyo osaka highschool student seetheworld snap snapshot
984	0	29251223216	poker sports casino gambling gaming copenhagen denmark pokeri 포커 pokeris pokers pôquer 扑克 撲克 texasholdem holdem pokker playersparty party clubbing club arch clubarch
985	0	24136609566	Veranstaltung Trashcave Slaughterhouse Slaughterhouse Berlin Kulturfabrik Moabit Angstpop Herzschlag Helter Skelter Crew Obscure Theater Fabriktheater Filmrauschpalast Mitte Silvester Neujahr Party Berlin Gothic Punk bunt goth dark Bilder Fotos Schnappschüsse PostPunk Wave New Romantic 80s Wave Pop Trash Batcave Indie Classics Alex B. Uwe Marx Maogun Schneon Goth-X Wave-Attack Kato dunkelbunt Minimal Synth EBM Electronic André Marko K. Jaako Hanzel Anaesthesija Factory Underground Ball Pink Noir Feier 31.12.2015
986	0	22105675141	Olsberg Konzerthalle Oktoberfest Party Feier Jubiläum
987	0	20840465055	Alice wonderland wunderland disney disneystore white rabbit hole tea party key card cards hearts queen mad hatter teaparty tee cheshire cat books warren
988	0	20388086706	harrypotter birthdayparty birthday kidsbirthday potions wands handmade homemade party
989	0	18974995108	Birthday 40th Party Cheers to 40 Years party ActiveSteve birthday party
990	1	24291922016	events hsf apperleydigital creative party nikon d750
991	1	16947324938	Japanparty Japan party Nanterre 2015 cosplay concours
992	1	16543102988	engagement party engagement party
993	0	17529596753	Lumix ZS40 Hannah birthday party 2015
994	0	17793154342	My2024 LGBT party stickers
995	0	17470716455	dinner party brooklyn museum natalie barney
996	0	17184028247	Streaming foto amsterdam festa del re urban iphone5 hipstamatic canali cielo orange party nord europa
997	0	44404735870	Liverpool hotel Liner 2018 party Xmas Christmas IT QVC
998	1	51036937157	Extras groom party dancing crying laughter
999	0	51001159432	Tea Party Annie Ellie Russel Maid Pouring
1000	0	50299919688	inigo iturrate bilbao bizkaia biscay basque country national party eaj pentax k 50 sigma 30 mm art
1001	0	50222471217	joshua 2nd second birthday party presents bike balance marlboro place neighbors sidewalk kids cupcakes
1002	1	50239837968	SL SecondLife Sexy Party pool VirtualWOrld Firestorm
1003	0	50233906187	台灣 新北市 生日 派對 生日趴 Taiwan New Taipei City birthday party SPA shelter 勞工 外勞 外籍勞工 庇護中心 桃園市群眾服務協會 labor migrant worker migrant worker birthday party
1004	0	49696795478	1997 becky film firstbirthday october8 party rebecca
1005	0	49689764352	Lego minifigure minifig toy photography party b-girl dancer dancing sigfig
1006	0	49596725377	Sitges Carnaval Carnival Garraf Barcelona carnestoltes calafellvalo Carnaval infantil de sitges Carnaval infantil Infantile carnival Childish carnival Rua de sitges carnaval2020 party Sitges carnaval infantil niños desfile Garraf calafellvalo carnival rua Karneval Fasching Fastnacht Karneval2020
1007	0	49595416273	street path pavement bench seat wood mirror ball party phone box red holland park london
1008	1	49445834937	Party Light
1009	0	49295979826	furries frolicparty frolic party furry club dance suit suiter fur fursuit DJ SF san francisco indoor people costume performer animal blur portrait
1010	0	49303264367	Luna Christmas party YLE Matsumoto Santa
1011	1	49247393382	Weinstüberl Horvath Wien Vienna Spittelberggasse Anni Fuchs Birthday Oschttirol Osttirol East Tyrol Party Birthday Party
1012	1	49227851512	game face blue hair blue party ready 2019P52
1013	0	49222777188	family gathering party food friends bbq barbeque cookout
1014	0	49221700803	35mm Summilux-TL Leica LeicaCL Lexington Party
1015	0	49090028696	London wetland centre barnes sw13 green party manifesto launch general election bartley berry womack november 2019
1016	0	48972204497	halloween party 94117 block party waller street celebration urban colorful play holiday
1017	0	48937060586	coworking wit work town tedx tedxrosario party anniversary aniversario diez años ten years nico parri
1018	1	48835351061	OIST bbq party okinawa japan fujicolor 100 nikon onetouch analog film
1019	0	48408144591	color Espada landscape party
1020	0	48956148536	fur furry fursuit suiter fursuiter costume mascot party club animal tail la los angeles long beach
1021	0	48541282532	Winnipeg Manitoba Canada plainbicycle dutch bike 2019 rollout distribution party random surprise August 14
1022	0	48458366736	party thomas st. block party
1023	1	48407082771	Tallinn Summer Showdown Olybet Olympic Casino players party band
1024	0	48067203823	downtown toronto raptors 2019 nba champions championship finals final game 6 celebration party victory street fans basketball june 13 14 golden state warriors champs we north wethenorth nathan phillips square city hall
1025	0	48067155676	downtown toronto raptors 2019 nba champions championship finals final game 6 celebration party victory street fans basketball june 13 14 golden state warriors champs we north wethenorth king bay financial district cn tower
1026	0	48067179153	downtown toronto raptors 2019 nba champions championship finals final game 6 celebration party victory street fans basketball june 13 14 golden state warriors champs yonge dundas square eaton centre we north wethenorth
1027	0	47940974256	People party events celebration CATEGORIES forets entertainment event Selembao Kinshasa DR Congo
1028	0	14604983614	clown rire spectacle show laughter Reírse espectáculo Payaso cirque artist artiste enfants party circus Déguisement disguise camuffare disfrazar Costume traje Personnes gente persone people nikon nikon d7000 d7000 france gard
1029	0	47306599812	yelp elite brooklyn party lizzie king's parlor tlp productions burgers charcuterie park slope love fun cocktails snacks delicious
1030	0	33861384998	candy Birthday BirthdayParty cake party 21st people
1031	0	40771782813	candy BirthdayParty 21st Party Birthday
1032	0	47706678661	Karaoké Rock EaglesRoad Potaulait lepotaulait Belgique Liegenightlife Party Liege
1033	0	33829244758	PeggyLeeCooper CaSentLeSapin Potaulait lepotaulait Belgique Liegenightlife Party Liege
1034	0	33829020198	HalloweenParty Potaulait lepotaulait Belgique Liegenightlife Party Liege Halloween
1035	0	50960121207	Portrait bar moscow russia bokeh dof party
1036	1	51048838877	Sascha's Designs Doux KC Couture Dressed By Lexi Misha Jesuil (evoLove) Izzie's Party Party Dress SL Second Life Model Fashion Model Transgender Model Sexy Fashion Style Beauty Femme Fatale Pretty Feminine Femme Girl Woman Hairstyle High Heels LGBT Transgender Trans T-Girl Diversity Gender Pride
1037	0	50409819576	Colonel Perry H. Carson black African American civil rights District Columbia Washington DC political leader Emancipation Day Blaine Invincible Club Boys Blue Republican Party 1902
1038	0	50355976017	mijas spain andalusia beach summer sun sunset ocean water coast sky outdoor people relax evening party covid canon
1039	0	50195548141	2020 Bayern / Bavaria Birthday Flickr Germany LuxTonnerre Party cake candle detail event food indoors summer
1040	0	48390231211	Books livres bookshop bookstore Portobello Edinburgh Edimbourg Scotland people watching candid party launch party Portobello Bookshop portrait
1041	0	48390226556	Books livres bookshop bookstore Portobello Edinburgh Edimbourg Scotland people watching candid party launch party Portobello Bookshop portrait bookstores libreria librerias
1042	0	49566600273	dance party NADT North Arkansas Dance Theatre Nutcracker cast dancers
1043	0	49532145271	ERG queer LGBTQIA+ holiday 2019 SF San Francisco employee resource group Uncharted ERG Oakland Dykes with Drills Peacock Rebellion Liberating Ourselves Locally Fruitvale Mapbox party workshop Overpass Light Brigade OLB LED signs lydiawgonzalesphotography
1044	0	49475832391	SNG Seattle Neighborhood Greenways 2020 Volunteer Appreciation Party
1045	0	49179385591	BMO Centre Award Beautiful Calgary Certificate Co-Workers Events Friends Graduation Insurance Institute Southern Alberta Convocation Party Southern Alberta Stampede Grounds Stylish Timeless Trendy YYC
1046	0	49179588457	Award BMO Centre Beautiful Calgary Certificate Co-Workers Events Friends Graduation Insurance Institute Southern Alberta Convocation Party Southern Alberta Stampede Grounds Stylish Timeless Trendy YYC
1047	1	48745631107	Netstars TV Awards Party 2018 Netstars TV Awards Party Netstars TV Netstar Award Germany Deutschland Alemania Venus Berlin Maxxim Erotikmesse Eroticfair Convention Exhibition Disco Club Webcam Camshow Online
1048	0	48017515952	Ricepuddingfestival Kitejoy Kiteprocenter Kiteboarding Kitesufing kitepictures #kitesurfing #kite #kitegirls Maritsa Party Airriders Airriders2019
1049	0	47954221512	Solidarität Arbeiterbewegung Arbeiter Arbeiterin Arbeiterklasse Sozialismus Kommunismus Anarchismus Arbeit Fabrik Industrie Sozialdemokratie Politik Widerstand Revolution Kapitalismus Klasse Gewerkschaft Partei solidarity. labour Labor movement worker working class socialism communism anarchism labor factory industry social democracy politics resistance capitalism class union party Twenties 20er 20s Roaring-Twenties Zwanziger Jahre Zwanziger Jahre Années folles Jazz Age Goldene Zwanziger Weimarer Republik Weimar Weimar Republic Berlin Germany Deutschland Culture Kultur Babylon Berlin Babylon Revolucion ,Roaring solidarity labour 1920s 1920er
1050	0	33641396548	2019 SDLFF 2019 San Diego Latino Film Festival Band Boggaloo Assassins Celebration Film Festival Films Individual Movies Music Box Musician Night Club Party Performance Performer Person Stage
1051	0	46602448125	2019 SDLFF 2019 San Diego Latino Film Festival Celebration Fashion Valley Film Festival Films Individual Movies Party Person Photo Op Portrait Sabor Latino
1052	0	40551806673	2019 SDLFF 2019 San Diego Latino Film Festival After Party Bread & Salt Celebration Display Festival Films Food Media Arts Movies Party Sponsor Vendors
1053	0	33496136408	Let's Play House Good Room Brooklyn New York City New York Party
1054	0	29322942278	1st 2018 5DSR Canada Canada Day Canada Day 151 Canada Day 2018 Ottawa Ontario Canada Canada day 2018 Canadian Canon Canon EOS 5DSR Duncan Rawlinson Duncan Rawlinson Photo Duncan Rawlinson Photography Duncan.co Fireworks Ottawa Canada Day Fireworks Ottawa Canada Day 2018 Flag Ontario Ottawa Ottawa River Parliament Hill Party Photo by Duncan Rawlinson Pride Quebec Shot With Canon EOS 5DSR background banner bridge canada day fireworks 2018 celebrate celebration chateau laurier color colour country day decoration event festival festive firework fireworks fireworks 2018 fireworks Canada day 2018 freedom gatineau happy holiday https://Duncan.co icon independence july light maple nation national national pride night ottawa ontario canada patriot patriotic patriotism poster red river symbol travel water Gatineu CA
1055	1	29094678327	mediamatic play party event game scent smelly smell olfactory quiz show barn dj
1056	1	43175370634	men males women females family friends gathering party celebration boxing-day
1057	0	42043824860	TeronPolttarit2018 20180804 polttarit Tero Helsinki Finland party
1058	0	41560824882	fb6 party
1059	1	41333709141	2018 HNJ Loyola auction drinks food fun fundraiser gala holy name of jesus party ptc
1060	0	39165436750	2018 SD Latino Film Festival Celebration Group Shot Movies Party The Music Box
1061	0	36466892343	guidlford east scouts cubs beavers explorers party 25th annerversy activity day
1062	1	36107256184	U.S. Army Garrison Italy; USAG Vicenza Military Community; VMC; Caserma Ederle; Del Din; 2017 Pool Party; American Red Cross; ARC
1063	1	24235651167	Chicago Christmas R City CDC River City Comunity Church community center party
1064	0	39047435391	concierto paellas 2017 torrevieja concert live music musica fiesta party alicante photographer
1065	0	37924633122	Aniversário Birthday 15 Anos Festa Debutante Teen Sony Alpha A77 Party David Ludugério Girl Garota Adolescente Arielly Ludugério Brasil Brazil Fifteen
1066	0	37857092972	2017 downtown events football game homecoming party queen
1067	0	37457508882	card cards cardgame uno hands party game bokeh
1068	0	35621413654	DPMB Ferndale Area District Library Detroit Party Marching Band Ferndale Michigan United States US Marching Band Musician party
1069	0	36304212095	Botez Eva Party
1070	0	35191291294	2017 birthday Cumpleaños party Francia
1071	1	35578861822	Halloween Party Festa Fantasy Fantasia
1072	0	35391849521	dog dogs bulldog buldogue viralata labrabull pastor alemão canadense jack russel yorkshire Weimaraner border collie chow poodle golden retriever francês festa junina parcão barra da tijuca dogpark party daschund
1073	0	34942028880	Wake Dronning Louises Bro Distortion Street Party Nørrebro Wednesday Copenhagen København Denmark
1074	0	32941763641	girl asian red hood smoke weed young fire night portrait party barcelona dark underground
1075	1	31245248473	Taipei 170101 fireworks 2017 new year Joe BD party Birthday
1076	0	31375082020	HHC 143d ESC Holiday Christmas Party
1077	0	31794048035	LEA The Brave dance party closing friends happy solstice vent Better than Th e Pixel Ballet
1078	0	29316651356	70.0-200.0 mm B&W Mexico Abandoned Broken Luxury Party Expectations Reality Limousine Dreams Junk
1079	0	29239866272	googliati party
1080	0	29821354562	#TED #TEDx #TEDxNewYork 2016 conference donor event ideasworthspreading independent partner refreshments social spaces sponsor Smirnoff party Rekorderlig
1081	0	29291631755	Taipei Crew reunion lunch party 2016 160828
1082	0	28485265004	Smithsonian mei Xiang tian Bei Bao bear zoo party panda birthday
1083	0	29037275735	5 June 2016 Treffort Cuisiat Party Renaud Mqt Marquit France Chateau Albertville Marie Eugenie Marieeugenie Treffortcuisiat Bourg-en-Bresse Hautesavoie hauterhone cuoqlicout redpoppies red poppies rouge poppy coquelicot coquelicots Charlie charliebirtwhistle Karolina Matthew Reback Dr Cottin drmarieeugeniecottin
1084	0	27451244231	milano milan eni teatro theatre energia url energy party cocktail innovazione innovation sito internet corporate reservation postit user userexperience web layout design scenografia regia sostenibilità oil business brand brandidentity stakeholder strategy tecnologia tecnology gas gas&power media ricerca rinnovabili carburante oil&gas news socialmedia presentation workers
1085	0	27527462961	night party stag abschied junggeselle makeup schmike schmiken polterabend polter street
1086	0	26953339284	TCWC Twin Cities Women's Choir party choir party YEP celebration singing awards
1087	0	27421039261	raymondclarkeimages rci canon 8one8studios 6d usa party graduation friends people relatives pool party school rizz 50mm 1.8 stm no flash low light pool side high school portrait smile world class smile project flickr google yahoo
1088	0	25059172872	Rice Feeding Ceremony baby six month party
1089	0	24281845263	Florida Public holidays Artistic objects Party
1090	0	21902623100	Trans Atlantik Piraten Kanada Politik Berlin Stopp Stop 10. Oktober CETA Union Pirates HAndel Deutschland Germany Demokratie Europa Piratenpartei Protest Berlin Canada Gewerksaschaft Demostration Party 10. 10. 2015 Abkommen EU Demo Trade TTIP USA Act 2015 Lebensmittel
1091	0	21664331398	California Donner Memorial Party State Park Truckee Schallenberger cabin site Breen State park
1092	0	21752751746	nightclub nightlife tinder dance party drink girls brazilian @tgbenatti
1093	0	21385376569	dragon con dragoncon 2015 29 cos play costuming atlanta labor day convention party
1094	0	48113525423	1969ers 50th Birthday Band FujiFilm x100f Phoenixville Rob Stickley Rock & Roll band bass drums guitar music party
1095	0	48950653533	portrait laura festival party
1096	0	49693850126	hambuig party silvester new year hafen harbour by night
1097	1	49362951436	1987-01-RMJ-Oxford Catherine Dunham Kodachrome Kodachrome 64 Oxford UK collection country film party person place scene
1098	0	51188052079	Color city party humans human shadows shadow Suomi Finland Helsinki Pasila artist graffiti hiphop blogger editorial summer evening night tunnel underground
1099	0	49363160497	1987-01-RMJ-Oxford Kodachrome Kodachrome 64 Oxford UK collection country film party place scene
1100	0	47940539996	latino power party colombia salsa
1101	1	9377525705	Canon Canon EOS 5D Mark II EF 70-200mm 2.8L IS USM II Head Beauty painting Pörtschach Wörthersee WBF2013 Bodypainting Adult bodypainting job beautiful man stiff dude face portrait adult naked signs the beginning not ready bounty jack sparrow captn jack sparrow fluch der karibik Pirates of the Caribbean pirates eulenspiegel tattoo hardcore indian style indianstyle
1102	1	42450089715	shelby horande daniel danielhorande Danielhorande.com blonde catira naked boobs boobies senos desnuda implied tattoo girl secy sensual sexy houston Photographer beautiful nikon natural light d750 car dirt road model female hot sunny tattoed big flash nipples glamour
1103	0	50126630601	elephant mammal Oregon Zoo zoo skin eye Animal wrinkles texture
1104	0	39960137663	Skin Fish Kalan Nahka Kirjolohi Rainbow Trout Suomi Finland Finlande EU Europa Scandinavia Korkki Wobbler Fishing Tackle Gear Angling Sport Fising teno Joki River Tana Happy Life Travel Travelling Hook Lip markku Kemppainen Folk Art Outsider Modern Contemporary Eye Lust Fiske Fiskare Käsityö Hand Made
1105	1	17245119429	girl naked skin body hair book reading canon 600D fangirl sofa relax afternoon oldpic photograph myself
1106	1	26588191489	horande daniel horandephoto Danielhorande.com photographer photop photo skin model houston lingerie swimsuit gorgeous pretty girl woman naked nued implied seminude marbella sandoval spanish pool photoshoot alien bees beauty dish nikon d750 85mm fire studio lights nino batista workshop texas removed-from-strobist-pool no-strobist-info see-rule-2
1107	0	16685915265	Ngorongoro licking chops tongue blood lioness lion Africa safari Tanzania feeding bloody nature wildlife feline pride
1108	1	26632640842	model portrait portraitfotografie charisma eyes teeth zähne positive attitude einstellung lachen smile dark hair dunkle haare frau girl augen blaue blue light licht spotlight lorella swiss switzerland schweiz bern bümpliz
1109	1	48591188736	sexy lingerie woman girl female beauty underwear young body beautiful fashion sensual erotic lady sexual bed passion model legs black adult love glamour bra panties desire white slim lifestyle romantic sex concept attractive luxury fit pantyhose stockings couple people interior elegant nude hot style gorgeous male nick freund fotograf nürnberg oberasbach fürth shooting
1110	1	51047949091	portrait natural bottle adult people body water person Young Hand sip background healthy health female attractive Drink girl caucasian beautiful nature european woman fit sport pretty fitness lifestyle drinks hair
1111	1	50272743572	activity athlete biceps blonde body cable curls female fit fitness gym hair health healthy physical sports sportswear training woman workout
1112	0	17071115109	mextures matter photowizard-editor comboapps girl woman full body dark hair iphoneart tfm Legs Beautiful manipulation frida deviantart mobuleart mobileart
1113	1	15159755599	beautiful beauty woman emily model girl pretty sexy lovely delicate flower bed sheet cover pillow body frame dark bright fresh hot shirt legs light window soft arm supple sublime exquisite hair black white B&W tones
1114	1	7884365214	girl female shoulders body hair curly long strong muscles broad big petite black white
1115	1	49768589463	self portrait myself Black & White hand hands head body arms olympus E-m10 mk2 optics pro 11 adobe cs5 eyes skin
1116	1	43781411011	woman man people women couple happy hand young female hands men male beautiful love body holiday smile beauty smiling person spa care health massage wellness therapy back oil treatment skin luxury adult natural healthy fresh together romantic relaxing relax lifestyle salon attractive lying stress closed towel caucasian romance relaxed relaxation
1117	1	48727247612	Beauty Sexy Woman Body Skin
1118	0	26653886219	Berlin Deborah Sengl Exhibition Broken Soldiers Galerie Deschler Germany Krieg Mitte Soldat Tier Verzweiflung Zähne animal dangerous depression despair ear eye fight fur gefährlich hand horns man pain parka post-war sadness snout soldier teeth war Austria
1119	1	38770899314	burn heal healing silver gel blister hand Addison IL projects work 2017
1120	0	49455863172	Cuckmere Sussex Alfriston kissing gate A nice example kissing gate 😀
1121	0	45636741694	kiss bird birds kissing zoo cannet var lecannet parc parcanimalier parrot parrots green beak feather feathers animal animals fauna
1122	1	41898164720	#blackandwhite #blacknwhite #blackwhite #bnw_street #decisivemoment #magnumphotos #monochrome #photography #photostreet #street #street_bnw #streetbw #streetphoto_bnw #streetphoto_bw #streetphotographer #streetphotographers #streetphotography #streetphotography_bw #streetphotos #streetscene #streetshot #top_bnw #urbanandstreet #kiss #kissing #love #newyorkcity #newyork #ny #bwstreet
1123	0	33789848488	Eichhörnchen Eichhoernchen Squirrel Écureuil Ardilla Scoiattolo Equito Nature Natur Nagetier Wildlife Animal Cute Naturephotography Squirrellove Wildlifephotography Bestsquirrel nuts_about_squirrels cuteanimals Love Canoodle Smooch Make out Snog Neck Sisterly love Siblings Kiss Kissing Kuss Knutschen Küssen
1124	0	47949954143	Lente Kabinet festival Oostzaan Dekmantel 2019 lente cultuur muziek pop dance dansmuziek culture youth jeugd jongeren dansen clubbing house techno live dj dj's optreden kissing box in the box
1125	0	28794821837	people bride groom newlyweds couple kissing kissers kids playing posing 3D sign Nathan Phillips Square fountain water
1126	0	50344250687	Fish aquarium Kissing Gourami
1127	1	47256848962	Teen-Age Romances 14 1951 cover Matt Baker 1950s romance romance comics comic book comic book art art illustration girl boy woman man kiss kissing comics
1128	1	50973530438	listerine ad ads advertising advertisement vintage vintage ad vintage ads 1942 1940s kiss kissing cold
1129	1	48151157501	redhead girl heels thigh-high boots black dress white swimsuit chain belt see through twerk thick thighs sexy pose Dance shapes black white white back Red Lemonade semi-nude glamour underwear pin-up gloves breasts Black and White jewelry jewellery lipstick Lips to die for Lowkey Highkey indoor Studio strobe strong colors 3 point lighting makeup Portrait bold colors retouch Photoshop photography photoshoot
1130	1	48032307218	Oriana Curls ALL WOMAN boudoir semi-nude glamour sexy underwear negligee pin-up classic 60s gloves red underwear corset breasts Black and White jewelry jewellery lipstick Lips to die for Lowkey Highkey indoor Studio strobe strong colors pose 3 point lighting makeup Portrait bold colors retouch Photoshop photography photoshoot
1131	1	36511196110	instagram iphone hotel hotel bathroom naked nude self portrait mirror tattoos arms hands body abstract square format
1132	1	6372989747	austin texas tx beauty women nude burlesque dance art dancing east 5th spanksgiving naked professional photographer photography ND venue nikon d90 nikkor body post editinig processing vintage men models model portrait cute beautiful interesting amazing strobe speedlite commercial age dslr digital fun people
1133	1	32048949887	male nude painting art artwork man naked body chest coffee kitchen gay bi straight etsy dan lacey cock penis commission
1134	1	50306571368	overweight bad fall wound ugly laceration abrasion knee invalid fat accident terrible
1135	0	51116963095	pubic nudity lecture george washington thinker cloud sky colorful day digital flickr country bright happy colour scenic america world sunset red nature blue white tree green art light sun park landscape summer old new photoshop google bing yahoo stumbleupon getty national geographic creative composite manipulation hue pinterest blog twitter comons wiki pixel artistic topaz filter ON1 sunshine image reddit tinder russ seidel facebook timber unique unusual fascinating color
1136	0	40153790512	abandoned paint peeling decay door staircase house old history Fujifilm X-T20 chipping flaking
1137	1	38727234121	horande daniel www.danielhorande.com danielhorane.com model venezuela venezuelan hot nude implied sensual desnuda senos boobs boobies alien bees nikon d750 beautiful sexy pretty face girl modelo veneolana venezolana houston photographer htx muy bella panties lingerie underware underwear bikini ropa interior oerfect body perfect tanned hispanic photo photograhy boudoir fashion glamour
1138	1	15580019016	san francisco folsom street fair hug embrace black leather saint désespoir bare back muscular muscle sunglasses arm band denim jeans baseball hat chest tattoo gay summer sunshine skin flesh tank top crowd hugging kissing $old out slit pants scott richard torbakhopper
1139	0	49254981707	Summer jump sea coast fun flying sun leap high dangerous wall diving risky
1140	0	37699718624	AquaRio Aquário Marinho do Rio de Janeiro colored pisces dangerous fish peixe escorpião peixe-leão poison sea creature sea lion venenoso Brasil BRA
1141	0	32233358891	stone town tanzania zanzibar africa island of zanzibar union of zanzibar tourism travel exploring street photography street photo daily life lifestyle like a local local life Mji Mkongwe UNESCO UNESCO World Heritage east africa real life solo travel travel photography travel photographer canon 6d canon jump jumping acrobatics acrobatic harbor dive diving divers physicality sunset sun setting seaside dangerous danger gymnastics Forodhani gardens
1142	1	50331708516	male man men nude naked gay bi straight art artwork print canvas painting picture lgbtq ass butt booty mature etsy original back body muscle
1143	1	50443983881	male man men naked dishwasher home donestic small painting butt ass backside body dad mature art etsy Dan Lacey selfie artist acrylic safe
1144	0	50732593907	Montjuic castle Barcelona History Ramparts bloody Building Architecture Spain Catalonia Catalunya Nikon D80 18-200mm
1145	0	50877951613	crochet eye embroidery dool soft wool hair
1146	0	44952882275	portrait people dhaka asia SouthAsia bangladesh FlickrUnitedAward nikon D5300 january winter female lady woman girl fashion model monochrome blackandwhite eyes eye green clarity natural light smile lips hair colors colorful posing experiment
1147	0	7785220620	girl red eye lighting dark blonde long hair female indoor
1148	0	48131250578	panasonic lumix gx80 gx85 insect fly green bottle greenbotle compound eye leaf hair mft micro four thirds
1149	0	8940823776	pictureshow photowizard photowizardeditor tiffen photofx national cathedral men women nudity angels demons limbo naked body bodies red blue stone sculpture art interpretive interpretation religious iphoneography people
1150	0	50812077091	skull and crossbones skull weird bone surreal creepy horror grey-blessed killer bestrafer revenge film skeleton scare wallpaper scary human homo sapiens frightening dead die fear knochenmann risk symbol weapon colt pistol ammunition warning attention note caution dangerous
1151	0	23067749159	naked nude stones summer hair girl analog experimental vintage zenit back hidden dreamy magical psychedelic
1152	1	30223817487	art painter peintre details détail détails detalles drawing dessins dessin disegno disegni Museum peintures 19e 19th-century drawings étude studies study 19th century French painters peintres français people personages french drawings model pose woman women female portrait portraits young girls visage face faces profil profile bare naked nude nue sensuelle
1153	1	27521373837	art painter peintre details détail détails detalles croquis étude study studies sketch sketches british painters peintres anglais dessins 19e 19th-century drawings tableaux Museum Paris drawing dibujo dibujos disegno disegni figures personnes people pose model portrait portraits face faces visage femme women woman female jeune femme young woman man men male hommes young man jeune homme boy little boy garçon enfant kid kids child children bare naked nu nude Le Corrège Corrège Correggio Il Correggio Allegri Antonio Allegri hommage tribute copie copy
1154	1	50852809662	Art Art Nude Art Nudes Body Fine Art Nude Fines Art Nudes Nude Nudes Sexy Woman Torso Nude Sex Skin Skin Detail Skin Texture Trash SM Leg Legs Torso Ass Nipples Body Scape Artful Bodyscapes Breasts Nude Legs Glam Tit Milf Photography Photographie Photographies Artistique Artistic Sensuel Sensuelle Jambes poitrine Seins Fesses Tétons Nu Nue Nues Erotique Erotiques Lingerie Corp Femme Femmes height key Poses couple couples hommes homme man mans Brive Brive la Gaillarde Corréze Limousin France Nouvelle Aquitaine Photographe Photographes Martin Croly Martin Croly Croly Martin
1155	1	50291578341	Art Nude Nudes Body Fine Fines Sexy Woman Skin Detail Texture Artful Bodyscapes Breasts Legs Glam Tit Photography Photographie Photographies Artistique Artistic Sensuel Sensuelle Corp Femme Femmes Brive la Gaillarde Corréze Limousin France Nouvelle Aquitaine Photographe Photographes Martin Croly
1156	1	51223427018	girls ragazze garotas meninas jeunes femmes nana tias chicas nanas gonzesses femmine females donne women mujeres mulheres femmes spiaggia praia playa beach mare mar sea mer acqua agua water eau marbella andalusia spain spagna espanha espagne maillot costume da bagno bikini fêmeas femelles roupa de banho traje de baño swimsuit culo cul bumbum corpi cuerpos bodies corps gambe piernas pernas legs jambes butt fesses trasero playa de la blajadilla correa correia thong yanga lanière people gens gente
1157	1	47100329641	girl woman resort hotel sunset sunrise shadow people sony alpha 7rm2 7rii batis225 carl zeiss batis 25 fine art fineart persone asia thailand thai from behind silhouette intimate naked room private intimacy loneliness melancholy lone bw blackandwhite black white bed bangkok interior polaroid fuji instax wide instafilm towel covid corona virus quarantene chinese
1158	0	45388381341	Halloween pumpkins sculptures sculptor Vergie Lightfoot art Roger's Gardens jack-o-lanterns scary spooky teeth weird eerie scare
1159	1	6934737332	wasington dc bw blackwhite teen couple walking kissing man smoking reading washington nikon d5000 bench
1160	0	48645858792	libertarian liberty capitalism socialism statism libertarian intersection libertarian snow removal libertarian police libertarian fire department muh roads roads fire department police snow removal snowplough hypocrisy socialist statist traffic jam toll bare cold intersection
1161	0	47931794533	2019 amateur babe backside bare beach behind blonde candid cap dog dress feet foot girl girlfriend glamour legs model people russian sand vacation wife woman жена animals pets femme female outside outdoor девушка модель
1162	1	43460108594	Selfie Stick Tourists Bare Midriff Glasses Girl London
1163	1	43279077224	skinny male man men guy guys feet bare legs hairy free medical images
1164	0	28521172527	mountain tree trees bare high altitude wallpaper Nature natural hiking High Sierras
1165	0	39883396824	Autumn leaf leaves trees fields country colours yelow fed green mist field flake bare
1166	0	37117231835	Girls Jeans Bare Midriff london Street Glasses Path Candid
1167	0	23439164729	parkland snow snowfall snowy wood wintertime wintry bristow avenue ashton cold december stream river beck brook winter wonderland jack frost outdoor outdoors red rose county lancs water watercourse nippy chilly bare no people urban england britain british isles uk europe northwest geotagged natural beauty nature canon eos serene scenic landscape naked trees nature reserve green flag open spaces united kingdom frank pickavant preston
1168	1	25679660411	beautiful colorado girl woman asian hot low light darkness zero illumination bed sexy sensual bare back shoulders
1169	0	7595112978	Canon EOS 5D Tom Price 24-70mm Australia Landscape Karijini Drive Western Australia clear Outback sky day Outdoor view Trip oz gps EOS Travel aussie 2011 November Track Flickr bush Canon Desert Vacation Nature Heat Orange weather parking lot red gravel stone road street construction vehicle flat plain bare earth mountain range bleu clouds botanic canonef2470mmf28l
1170	0	50636438787	sky gray grey overcast cloudy tree trees bare branch branches leaves autumn fall season falling changing turning orange outside nature Canon Lightroom Photoshop
1171	0	48237938662	Winter Bannockburn Central Otago bare trees
1172	0	46581010222	tree bare winter
1173	0	49648750937	seabridge september 2016 glacier ice crevasses cracked bare melt melting boundaryranges coastmountains bc britishcolumbia canada glaciology mountain alpine
1174	1	7435119538	TOTW Theme Of The Week insecurity inseguridad complex complejo Canon selfie autorretrato skin legs piernas piel belly tripa underwear ropa interior
1175	1	33825685308	nude naked ass butt female woman sculpture Hungary Tatabánya Grantner Jenő bronze
1176	1	16203787686	female body breasts trees forest devastation havoc monkey slot hopping jump off movement temptation Saint Anthony Desert Devil carnal pleasures flesh demons satyrs Baroque Rococo italy XVII XVIII Venice Veneto Mulhouse Haut-Rhin Alsace France paint painter painting museum corps femmes seins forêt arbres ravage dévastation fente singe envol saut sautillement mouvement tentation Saint Antoine désert Diable voluptés charnel chair démons satyres italie italien Venise Vénétie peintre peinture musée tableau accroupi staring fixe Verwaerde Quentin Verwaerde
1177	0	46453079662	Loxia 2.4/85 loxia2485sonnar 85mm 51695547 sonnar general body hand smartphone light dark low key Zeiss Sony ILCE-7RM3 Alpha 7RIII manual focus manual iris manual exposure Special thanks to Christophe Casenave and his team from Zeiss for their personal involvement in the development of the Loxia lens line. ⚶ e-mount art abstract concept night sleepless backlit bare wabisabi 侘寂 空 fine art
1178	0	51009019305	Christ Christianity Crucifixion Decorate Fasting Reborn Renewed background candy cargo chick chicken chocolate close-up colorful copy space decoration easter egg festive golden happy holiday lift load man men miniature peel people pink red small spring tiny tradition transport transportation truck worker young
1179	0	49957723326	Salford Peel Park Manchester Ancoats New Islington Pentax K1 Irix 11mm
1180	0	48773441888	Peel P50 1964 Trident 1965 Microcar trike tricycle 3-wheeler Classic car automobile cars automobiles voitures autos automobili classique voiture Rétro retro auto oldtimer klassik classica classico 4497VZ
1181	0	50194340677	sugar white dish cake dessert dark chocolate Restaurant sweet wood plate dish milk brown background brownies hot board almond brownie homemade peel chef fruit snack bakery fruits stack cocoa white chocolate cake cherry top view pie chocolate table mint piece wooden berries Cooking view event wooden board brownie milk gourmet Holiday food blueberries lemon cake slice top view nutrition healthy cherry Brownie dark top brownie cake color strawberry fudge chocolate brownie top view brownie almond
1182	0	49079840642	Peel Trident 1965 Microcar Bubble Saloon Scooter Classic car automobile cars automobiles voitures autos automobili classique voiture Rétro retro auto oldtimer klassik classica classico Publicity advert advertising advertisement brochure
1183	0	35675097383	Isle of Man Peel Castle Peel Castle
1184	0	35675158303	Isle of Man Peel Statue
1185	0	51173766897	apples bananas book diet green health healthy lemons literature peel reading snack table vitamines wooden surface young fruit
1186	0	6512135073	vegetable vegetables red onion red onion peel watery eyes tears strong smell healthy
1187	0	51070955126	orange peel sinaasappelschil
1188	0	35657078586	bad Neighborhood mal vecindario malo place hood violent violencia dangerous contaminacion contaminado red b&w rojo armchair sillon sofa street calle vereda rosario argentina mobile lg l9 sunset tree future futuro couch sofá abandoned abandonado viejo old crime crimen
1189	1	34771361756	2017 Bay 2 Breakers SF bay to breakers blood blood drop costume costumes man race runner runners running shirtless CarbonNYC CarbonSF
1190	1	19175598682	muscled men man muscle folsom street fair bare chests back tattoo bright sunlight sunshine summer
1191	1	50746404668	SecondLife WitchCraft Body Domina Maitreya LeLUTKA Fakeicon Gemsuit Stole Demetra Stealthic Valentine Kunst Cigaretts devotion sexy
1192	0	50379196032	abrasives welding welder metalwork metal fabrication empire abrasives black hawk abrasives angle grinder construction auto body paint stripping easy strip disc
1193	0	50685965941	north carolina high point greensboro winston salem nc family children portrait couple engagement christmas tree farm session mini photography photograph full body colorful happy vibrant holiday seasonal
1194	0	50640513961	1500s public domain africa animal animal graphics animals public domain anselmus boëtius de boodt anselmus de boodt antique art art public domain arts artwork avian beak bird birds public domain body boodt cc0 colorful copyright free public domain creative commons creative commons 0 cute decor decorative drawing fauna feather feathers free full fur furry high resolution public domain historic historical historical public domain history illustration illustration public domain legs length long ornithology ostrich plumage portrait poster public domain public domain 1500s public domain animals public domain art public domain birds public domain images retro royalty free public domain serengeti struthio camelus tail tanzania vintage vintage illustration public domain wild wildlife wings
1195	0	50639752648	1500s public domain animal animals public domain anselmus boëtius de boodt anselmus de boodt antique art art public domain arts artwork asia asian asian elephant body boodt cc0 colorful conservation copyright free public domain creative commons creative commons 0 decor decorative drawing elephant face fauna forest gray grey high resolution public domain historic historical historical public domain history illustration illustration public domain jungle mammal natural nature northern nose poster public domain public domain 1500s public domain animals public domain art public domain asia public domain images retro royalty free public domain species tropical trunk tusk vintage vintage illustration public domain wild wilderness wildlife young zoo
1196	1	50393274478	myself olympus E-m10 mk2 adobe photoshop cs5 optics pro 11 self portrait Black & White eyes mouth face arms body tattoo's
1197	1	50257703416	attractive beautiful beauty bikini body female fit model nature outdoors posing river sensual slim summer water woman anxiety depression lonely alone
1198	0	49021474462	moon luna lunar astrophotography heavenly body celestial body craters mares seas sky dark black night summer august rockville maryland md twinbrook satellite solar system neighbor sony alpha a7rii ilce-7rm2 sel100400gm crop mode 600mm equivalent superzoom telephoto telescope photography flickr
1199	1	49913740087	I started new life goal today. got trainer am working health fitness. hope by end this summer there will be difference with mind body. And everyday I be thinking 'bout you Dreaming of you Won't you swang my way self portrait girl stripes fashion retro indie vintage eyes art
1200	1	47400057701	legs woman girl female bed bedshit feet aesthetic beautiful body тело тіло garment одежды Одяг blanket одеяло Ковдра кровати ліжко lying лежа лежачи
1201	0	33646353778	gym gymnasium weight lifting dumbbells exercise griffintown noir+et+blanc black+white montreal B&W City monochrome urban blackandwhite montréal quebec canada b&wphotography shadows blancoynegro metropolis cityscape building absoluteblackandwhite mono weights weight training fitness sport sports sportsman workout muscle muscles weight lift lifting exercises set repetition repetitions rep reps body bodybuilding strength power powerful fit sets strong heavy barre poids fort puissance force
1202	1	46559947024	body lips light speedlight boudoir studio bed girl woman lowkey people d3100 nikon mood blackandwhite black white bw film
1203	1	45508327142	bjd ball jointed doll msd narsha sleeping comparison hybrid leaves dollleaves slim body dollmore 35cm
1204	0	45966535792	Classic car automobile cars automobiles voitures autos automobili classique voiture Rétro retro auto oldtimer klassik classica classico Austin Morris BMC ADO16 1100 1300 Monocoque Bodyshell Carrosserie Body Shell
1205	0	38094710384	Classic car automobile cars automobiles voitures autos automobili classique voiture Rétro retro auto oldtimer klassik classica classico Triumph Super Seven Hoyal Bodied body coachbuilder coachbuilt Super7 Vintage
1206	0	33789231153	CLLV commercial long life vehicle USPS Canada Post Chevrolet S-10 Grumman aluminum body
1207	0	51091001291	protection nursery clothing color body baby fashion eat dinner animal modern child pair apron life style wear footwear newborn isolated cotton Cute closeup Boy shoe kid object infant boot feed texture new lunch blue food classic studio pattern cutout bib trendy sport lace nobody small sneaker childhood
1208	0	50281456631	Sexy hot girl lady t-girl tranny transvestite red stockings hold-ups skirt miniskirt leotard body metallic shiny happy joy fun smile legs heels pumps outside forest woods trees petticoat lace silk silky lacy sweet cute pretty elegant
1209	1	49766272602	studio flash body
1210	0	34347189623	1929 Chrysler Imperial Model 80 Convertible Coupe with Locke Body '3P 82 63'
1211	0	34217397063	Hot Boy Trai Body Muscle Cơ bắp
1212	0	34671195751	person portrait self-portrait green pink ginger hand body human garden face canon camera photography
1213	0	27218828183	radial structure flower body westonEyes
1214	1	28316056703	danse dance corps body bodies movement gestes mouvement élégant élégance elegance spectacle show red D750 Nikon Tamron_2470 Tunisie Tunisia
1215	0	26950946876	arrangement positioning disposition order presentation display grouping organization alignment object item artifact entity body thingummy thingy thingamabob thingamajig doohickey doodad dingus
1216	1	20526772910	girl women body nude portrait smile face cute blackandwhite black white mono monochrome noiretblanc shower happy people argentique film silver glamour beauty pretty young
1217	1	16600940879	white color high key nude model man paint body
1218	1	9232952752	face beauty body bodypaint eyes color girl
1219	1	9344568734	girl legs leg skinny body white photo photograph art teenager fat complex fear pain long bed room bedroom me mine headphones music blanket flower fantasy
1220	1	8925506040	red black ink tattoos model girls art saltlakecity legs blackandwhite body
1221	1	9084216156	artistic nude female body
1222	1	9526764192	knees body shoulder fashion warm colors girl woman
1223	0	8292530007	outdoor Flickr australia EOS november oz canon 2011 aussie trip GPS vacation view Outback travel 24-70mm Canon EOS 5D Action 5D Night sullivan campground fire place wood timber stove long time exposure full body male shorts tree grass green sky clouds blue portrait northern territory botanic bush canonef2470mmf28l highway landscape modified national nationalpark nature northernterritory gregory park victoria stone topaz weather flame open bbq
1224	0	7293879756	studies studium abgaben people portrait beauty body face gesicht körper menschen human personen photography hamburg mia miriam Wagner fotografie
1225	0	7293879000	comissional work Auftragsarbeit Auftrag Job commission work photographer people portrait beauty body face gesicht körper menschen human personen photography hamburg mia miriam Wagner fotografie
1226	0	7997025489	wesc banjo we superlative conspiracy body leg gamba corpo blu blue 50mm 1.8 giacomo carena girl ragazza headphones cuffie nifty fifty fantastic plastic giacomo carena
1227	1	7596329288	Singapore Dance Body Form Art Performance Shadow B&W Light
1228	1	7574649130	Action Canon EOS 5D Conceptual Day Flash Full body Indoor Modified Outdoor Portrait Topaz Canon EOS 5D Full body photographer 16-35mm f/2.8 White Schweiz Levitate EF f/2.8L Black Building Flickr GPS 2012 Nissin DI
1229	1	6958180263	Dan eating disorder awareness PSA hofstra body image portrait
1230	0	6907738377	nikon d60 d700 FX full frame dSLR camera body gear equipment
1231	0	6363331651	paint body crime scene swansea wales AJ_Hobbs Andrew Hobbs
1232	0	51004940510	mini cooper cooper s r50 r52 r53 r56 r55 gen1 bmw e65 760i v12 2003 2008 throttle body tb gasklep upgrade 13541439580 1439580 oem 13541503358 1503358 tuning bolton bolt
1233	0	50899270707	dancer friend portrait rooftop summer fun cute pretty Beautiful beauty belle body
1234	0	48952464257	Saint St Mark 馬可 聖馬可 San Marco body arrive Venice lunette mosaic front facade 18th Century Cathedral Basilica 聖馬爾谷聖殿宗主教座堂 Cattedrale Patriarcale San Marco 聖堂 Veneto 威尼斯 Venezia exterior 教堂 church 教會 主教座堂 Christian Catholic Italia 意大利 Italy Panasonic Lumix GM5
1235	0	48667421893	brutal assault Vampillia ヴァンピリア micci mistake al case concert bass bassist fortress josefov czech republic nikon d500 nikkor 16-80mm festival japan japanese band body art bodyart
1236	1	47829855381	Canon XSI Portrait Nudyti Canon 60D People Canon Retrato NSFW Corpo sexy Body Female Girl B/W Studio Nude negro y blanco Album Camera blackandwhite preto e branco P/B Human Parts Places Nu
1237	1	32941305338	guy stud mate man hombre chico tio homem garoto rapaz homme gar garçon mec tipo uomo maschio male ragazzo speedo acqua water sea eau caraibi caribbean caribe mare mer mar isla contoy riviera maya messico mexico corpo body corps cuerpo caraïbes palo pole pôle pólo cayo cayo contoy blu blue vert verde green azul quintana roo
1238	1	32621187908	Broomfield Colorado USA Ashley Banks model beauty photography girl nudemodel pinup pinupgirl boudoirmodel coloradomodels calendergirs tattooedgirls altmodel sensual woman lady pretty cute sexy glamour body nude photoshoot shooting hot beautiful revealing
1239	1	45565841411	adult Art artistic attractive balance beautiful Beauty Bikini Body body art body painting bodypaint caucasian city color colorful coloring concept cosmetic cosmetics cosmic creative creativity Design dirty elegant enigma Exhibition expression fantasy Fashion Female Festival FOR-München fun Girl glitter gorgeous Head indoors Kesselhaus Lady Lucia Jantos makeup Messe Model modern mysterious outdoors paint painting People perfect professional Show splendor style Summer trade unusual urban vogue Woman Young
1240	0	33516573588	gleichberechtigt prochoice abortion 218 219a self determination schwangerschaft patchworkfamilie for live queer berlin regenbogen brandenburger tor pariser platz regenbogenfahne §218 schwangerschaftsabruch frauenrechte menschenrechte frei sicher legal abtreibungspille protest aktion selbstbestimmung frauentag frauenkampftag 8.märz women 8thmarch feminists body choice equality rights nonbinary patriarchy flagge fernsehturm verantwortung gott aufschrei
1241	1	46183756295	man guy stud mate homme hombre uomo male maschio ragazzo garoto rapaz chico homem type mec gar garçon ik kil yucatán pisté tinúm cenote ik kil messico mexico viso face cara visage protrait ritratto faccia body cuerpo corpo corps tronco trunk tronc busto bust muscles muscules muscoli
1242	1	32278729258	sophie selfie Seattle selfportrait sensual soft Self selfportrait self person portrait red lingerie sexy lacem light window people lady body
1243	0	42608303090	The Schieren Memorial green bronze sculpture hooded mourner angel Azrael Spirit Death by sculptor Solon Borglum Green-Wood Cemetery Brooklyn 09/01/2018 New York City 2018 NYC for Mayor Charles Adolph Birth 1842 1915 Shadow Phantom Book Wraith who separates soul from body supposedly hood
1244	1	42026678884	desnudo body nude Beauty female sexy sensual girl
1245	1	27872764567	boudoir lingerie lencería body black fitness Fotografía people girl women Photoshoot
1246	1	42564808621	BOAZ BARKAN: Our Other Body warehouse9 Boaz Barkan Our Other Body CPHstage performance
1247	0	40243630161	Body Fat Lee Live Our Dream Photography Weight-loss
1248	1	24006610528	Maria Wagner Photography mysterious Art woods dark mariawagner natura aeterna fine art black and white b/w black & white nude forest nature female body monochrome
1249	0	38819998801	Supercars sports car exotic cars fast car drive roads cruise car show Lamborghini Huracan Gallardo Murcielago wide body BMW M3 Porsche 911 GT3 Turbo Ford Mustang Ferrari 458 F430 Italy USA American German Chevrolet Corvette Camaro C7 Jaguar F-Type Nissan GT-R Noble Dodge Viper ACR V10 V12 Canon photography
1250	1	50097771976	africanamerican africanamericanwoman beauty beautiful beautymodel model Studio studiophotography cello Nikon NikonD90 nikonphotography nikonphotographer body nude makeup instruments leggings stocking lingerie
1251	1	49980574893	Africa Uganda East Africa Jinja Photographers Without Borders X-SUBA Sport4Development people human human being human beings humans person youth 4-12 years old child juvenile fashion clothing apparel attire clothes mens clothing mens apparel shoes sneakers body foot feet Walukuba
1252	0	50899017107	homme man uomo hombre homem guy stud mate type tio chico garoto rapaz jeune homme mec gar garçon male maschio spiaggia praia plage playa egypt marsa alam مرسى علم agitto egito egipto egypte hilton marsa alam nubian resort cavallo horse caballo cheveau biga carruagem carruaje chariot char swuimsuit traje de baño roupa de banho maillot de bain slip body cuerpo corpo corps animale animal speedo mare mar mer mar rosso mer rouge mar vermelho mar rojo sable sabbia areia arena sand
1253	0	51151237004	David H Martin Excavating 981 2019 Peterbilt 337 J&J Dump Body AWD 4x4
1254	0	49977706536	fitnessgirl fitgirl sexy body voiture car wheel badass outfit sunny chevrolet CamaroSS gorgeous golden Soustons Landes photoshooting fashion mode
1255	1	48715639858	body couples gay gay couples love love is love lgbt lgbtq black and white project pride hands touch milan milano
1256	1	46494463511	Model Beauty Sexy Body Face
1257	0	44504702520	Face Beauty Woman Sexy Body Shape Nikon Nikon Love
1258	0	43927814852	age vieillesse old age older young femme woman boy garçon plage beach sand sable mer sea vacances holidays senior dependance care bodylanguage body language grand-mère generation
1259	1	50258010293	man beach Hawaii waves water male body
1260	0	50202695568	Green Portrait Night Natural Lamp Light Woman Pretty Looking Look up Table Chair Outdoor Outside Garden Rose Flower Vase Candle Twohig Photography Canon 5D foyle.media glass silver Dinner Party Festa Luce Hair Curly Blonde Smile Eyes Face
1261	0	41353930220	neon grill bar drink drinking dui drunk drunkdriving beer alcohol restaurant bud budlight budbeer cool pretty popular colorful night dark light holiday refreshments travel art food macro new camera flickr
1262	1	16328099791	indianapolis zoo the indianapolis zoo eyes people zoo indianapolis indiana indy midwest america usa hoosiers outdoors tattoo shirtless chest skin piercing nikon d70s nikon skin art face emotion
1263	0	29933923031	metal nose eye men man face Phuket vegetarian festival people tattoo piercing cut scarification blood thailand samui krabi pattaya bangkok lanta chang chinese famous фестиваль пхукет вегетарианский веган кровь люди праздник тату самуи краби бангкок паттая таиланд тайланд color red gold yellow island annual cutting portrait портрет bright phuket vegetarian festival
1264	0	32757277147	eye planet saturn snowy egret close up colorful day digital window flickr country bright happy colour eos scenic america world sunset beach water sky red nature blue white tree green art light sun cloud park landscape summer city yellow people old new photoshop google bing yahoo stumbleupon getty national geographic creative composite manipulation hue pinterest blog twitter comons wiki pixel artistic topaz filter ON1 sunshine image reddit tinder russ seidel facebook timber unique
1265	1	50654340478	Art Creative Design Photography beautiful bodies body coloured colouredlight curves dark designs female geometricshadows Images light lightpatterns lights models nude nudebody nudephoto photographer projected projectors projection projectionphotography bodypaint paintednude fantasy fantasynude shadows shape studio surreal women woman naked nudes
1266	1	9344599568	girl legs leg skinny body white photo art teenager fat complex fear pain long bed room bedroom me mine headphones music blanket flower fantasy summer stars star sky night sky moon full moon forest light lights season murderer killer naked shoulder myself
1267	1	46705517114	Body Naked Light Auto Skinny Ribs
1268	1	50815327621	drugs weapon criminal police narcotic illegal money crime prohibited addictive gun prison ban cocaine cartel drug mafia
1269	1	49067834937	x-ray burn scar graft injury burn survivor leg skin calf lower skingraft
1270	1	51099370963	sex education erotic sensual sexy erotic photography romance romantic sexy stock photos sex education pictures sexy fruit
1271	1	49043493888	Lomochrome purple lomography lomo analog film photography Medium format 120 120mm 6x6 Bronica sqa climax sensual erotic bed sheets girl sexy night
1272	1	51098456912	sex education erotic sensual sexy erotic photography romance romantic sexy stock photos sex education pictures woman stock photo sexy thighs
1273	1	50907932918	spandex lycra tights male erotic
1274	1	49136867567	Art Circle Dark Erotic Fine Grayscale Model Photoshoot Posing Sexy Woman
1275	1	51098132516	sex education erotic sensual sexy erotic photography romance romantic sexy stock photos sex education pictures woman stock photo lipstick girl
1276	1	39656722593	August 2018 New York City NYC Whitney Museum Finistere 1952 Paul Cadmus gay homosexual art artwork subtext erotic tension
1277	1	39656723253	August 2018 New York City NYC Whitney Museum State Park 1946 Jared French gay homosexual art artwork subtext erotic
1278	1	49336863446	woman nude studio light fall off light erotic beauty model white
1279	1	40758156253	femme fille nude girl sexy sensuelle boobs seins erotic erotique
1280	1	42438551940	poledance erotic photoshot session photo session twerk twerking colours light girls woman
1281	1	43808152841	polaroid PolaroidOriginal SX70 Barbie Ken erotic toy
1282	1	50602559862	SECONDLIFE Second Life Poses SECONDLIFE PHOTOGRAPHY TEMPEST ROSCA Tempest Rosca Photography johannes Huntsman John Herring Redheads SL SL Poses Erotic Erotic Second Life couple poses SL Couples
1283	1	50326555623	Photo france D850 composition 85mm creatif photoshop photographie photographer Nude Tirage lightroom urbex erotic n/b Nikon art https://funkographer.fr flash shooting uncensored studio Funkographer light strobism nancy exposition sigma shibari graphisme french pornart oeuvre Portrait fineart 24-70mm illustration Auteur lorraine photographe
1284	1	24218464257	sexy thighs legs woman nylons thighhigh female romance seduction silky smooth alluring muse goddess temptation Venus crossed highheels black fabulous sensual love long hot exciting erotic
1285	1	49601372448	young woman single adult woman female blonde white skin Caucasian Young adult smooth complexion smooth skin lingerie suspenders fishnet stockings legs thighs negligee women's underwear Basque set corset girdle bodice cleavage erotic sexy blonde hair very long hair indoors female model professional model boudoir soft light smooth light eroticism steamy sensual suggestive stimulating alluring desirable erotogenic lustful tantalising randy erotica model release
1286	0	49000811747	Barcelona Erotic Show 2019 Barcelona Erotic Show Barcelona Erotic Show Erotikmesse Erotic Fair Exhibition Salon Erotico Salon Erotico de Barcelona 2019 Salon Erotico Erotik Erotic Ficeb Spanien Espaniol Catalonia Katalonien Spain Olympics Olympia Vall d´ Hebron
1287	1	48799922258	Netstars TV Awards 2018 Harley Quinn Show Netstars TV Awards 2018 -Harley Quinn Netstar Award Berlin Venus Maxxim Erotikmesse Eroticfair Erotic Erotik Suicode Squad
1288	1	48689678632	Netstars TV Awards 2018 Island Netstars Netstar Awards Award Venus Berlin Maxxim Erotikmesse Eroticfair Erotic Erotik Camshow Webcam Camgirl Preisverleihung Roter TeppichRed Carpet
1289	1	49317268018	FoundArt FeminineForm Beauty Erotic Bound Bondage sNm Slap StreetArt Graffiti Denver Alley UrbanLife
1290	1	48718330691	2Netstar TV Awards 2018 Netstars Netstar Award Awards TV 2018 Erotikmesse ERoticfair Erotic Erotik Maxxim Berlin Venus Big Brother Ulf Ulf Netstars TV
1291	0	41708562410	Klimt Schiele Egon Schiele Gustav Klimt erotic eroticism
1292	1	13065461395	beaker buzz leatherpup leatherboy Chicago spots freckles neck taken sexual sexuality sub man boyish boy side profile bone looking look serious hard chin shot head puppy gay model male masculine Lightroom D90 closeup simple background white mebs14 chest ears earings lips hair facial scruff beard blue eyes leather pup submissive Bottom BDSM owned locked lock master byzantine chainmale chain crop portrait selfie me collar kinky mebs09
1293	1	51184372181	SecondLife VDC Candy Top Panty A.T Tattoo YouAreMyHappyness SenseEvent Maitreya Lara LeLUTKA Piper Stealthic Searching Dream Cae
1294	0	50637783452	digitalart procreate applepencil procreateapp ipad painting abstract illustration decay digital grudge pale moon digitalillustration digitaldrawing paint art artistsoninstagram artistsofinstagram artistsupport artistic artinprogress artist minimalism tattoo
1295	1	49819794882	arcade 70s 80s video game retro atari taito Tattoo
1296	1	50337196202	Christmas boy teen topless shirtless Tattoo 18
1297	1	15414894806	folsom street fair saint désespoir summer san francisco football pants shirtless torso men man gay hugging embrace smile hat black leather harness tattoo scott richard torbakhopper
1298	0	5870477263	FÓRMULA TRUCK 4° ETAPA GOIÂNIA 05/06/2011 QUARTA GO GOIÁS BRAZIL BRASIL AUTÓDROMO INTERNACIONAL LOIRA MORENA MULATA NEGRA BRANCA BEAUTY SOM AUTOMOTIVO GIRL BUNDA BUTT ASS GIRLS BODY BEAUTIFUL LINDA MARAVILHOSA PEOPLE BELA BELEZA PESSOA WOMAN SEXY LATINAS GOSTOSA GATA EXÓTICS SUPERCARS CARS AND GERMAN PORSCHE PANAMERA S AMERICAN MUSCLE DODGE CHALLENGER SRT8 AUDI R8 V10 WHITE SILVER ORANGE FERRARI F430 ITALIAN PASSION SCUDERIA JAPAN NISSAN 370Z YELLOW ROSSO CORSA COMBO LOJA M3 MOTORS PARCERIA
1299	0	5864309564	FÓRMULA TRUCK 4° ETAPA GOIÂNIA 05/06/2011 SEXY LATINAS GOSTOSA GATA LINDA MARAVILHOSA PEOPLE BELA BELEZA PESSOA WOMAN GIRL BUNDA BUTT ASS GIRLS BODY BEAUTIFUL BEAUTY SOM AUTOMOTIVO GO LOIRA MORENA MULATA NEGRA BRANCA BRAZIL BRASIL AUTÓDROMO INTERNACIONAL QUARTA GOIÁS AUDI R8 V10 FERRARI F430 NISSAN 370Z RED YELLOW WHITE GERMAN CARS ITALIAN JAPAN
1300	1	5864078440	FÓRMULA TRUCK 4° ETAPA GOIÂNIA 05/06/2011 WOMAN SEXY LATINAS GOSTOSA LINDA MARAVILHOSA PEOPLE BELA BELEZA PESSOA GIRL BUNDA BUTT ASS GIRLS BODY BEAUTIFUL BEAUTY SOM AUTOMOTIVO GO LOIRA MORENA MULATA NEGRA BRANCA BRAZIL BRASIL AUTÓDROMO INTERNACIONAL QUARTA GOIÁS
1301	0	38449036925	monkey ape simian copycat jocko mimic animal fauna muzzle snout mug snoot face person countenance image visage front wool hair fur coat fleece pelage ear eye lug earlap
1302	0	8089601824	cross spider spider 8 eight legs arachnid hairy macro hair eye brown cross web stripe insect animal wild wildlife nature will668 england UK united kingdom great britain Araneus Diadematus
1303	0	51066027261	Neil Moralee man face close binoculars eye dark harsh vignette blackbackground Black white mono monochrome black and White Black & White Neil Moralee BW candid Olympus OM-D E-M1 lock down lockdown covid covid19 corona coronavirus England UK Britain virus disease pandemic epidemic Hair beard portrait white hair white beard old mature senior age aged wrinkles wrinkled
1304	0	50973418011	Neil Moralee eye eyes left right Black white mono monochrome black and White Black & White Neil Moralee BW candid Olympus OM-D E-M1 hearing perception brain lock down lockdown covid covid19 corona coronavirus England UK Britain virus disease pandemic epidemic Hair beard face portrait white hair white beard old mature senior age aged wrinkles wrinkled 17mm M.Zuiko
1305	1	40075482323	pain non-human animals ratexla's alaska trip 2018 ratexla's green tortoise trip 2018 8-jun-2018 2018 san francisco california ca canon powershot sx50 hs travel travelling traveling journey epic photo photos picture pictures image images foto foton bild bilder vacation holiday semester backpacking wanderlust resa resor cool summer usa united states united states of america the united states the united states of america the us the states america north america american earth tellus city town stad sf frisco on the road california sea lion zalophus californianus nature beautiful cute wildlife animal animals non-human animal biology zoology djur wild vild vilda life organism marine mammal mammals pier 39 sea lion sea lions sjölejon wet hurt eye injured injury
1306	0	30127113955	street city town day annual old metal nose eye men man face Phuket vegetarian festival people tattoo piercing cut scarification blood thailand samui krabi pattaya bangkok lanta chang chinese famous фестиваль пхукет вегетарианский веган кровь люди праздник тату самуи краби бангкок паттая таиланд тайланд color red gold yellow island outdoor national tribe phuketian groupshot today show terrible girl costume portrait портрет car auto smoke road fire vehicle машина авто пикап mitsubishi phuket vegetarian festival
1307	0	50947966128	Marie Nayla painting allegory symbolism nude naked sensual erotic oyster underwater Victorian black and white monochrome
1308	1	50226497676	J. R. Weguelin nymph painting nude naked sensual erotic fish racing Victorian colour restoration
1309	0	16222197522	2014 Besalú puente pont bridge Catalonia Catalunya Cataluña Girona Gerona río river españa spain spagne medieval senyera catalan nude naked desnudo erotic sex Nikon D5200
1310	1	47724790011	fille femme girl woman nue nude naked erotic erotique sexy
1311	1	38145496161	harassment gender shirtandtie graphic design message contemporary news hand body publication Economist excellence sexual figure waist arms hips modern invasive unwanted culture men women personal change aware
1312	1	40135485920	New York MoMa Art Painting Artwok Artlife Moden Visit Travel Traveling Museum Musée Museet Museo Taide Teos Nude Matere nake Woman Lady Nature Luonto Juncle Viidakko Flowers Face Portrait Potretti Hair Body Vartalo Skin Look Arm Käsi Ecsotic Eksotic Exotic Boobs Rinnat Sarvikuono
1313	1	26909891319	Purple body lingerie samm outdoor hair dress skin retouch lifestyle sexy nigelelliott makeup beauty glow art natural studio pose angles groom bronze
1314	1	9475484216	Canon Canon EOS 5D Mark II EF 70-200mm 2.8L IS USM II carinthia Kärnten Austria Österreich Wörthersee near klagenfurt Lake Head Woman Beauty painting Pörtschach WBF2013 Bodypainting 18 Adult bodypainting job tattoo beautiful girl face eyes some eyes look into my eyes sirene mystic mystical portrait adult naked signs scary not ready colour toned blue
1315	0	51116584665	wall Mull of Galloway peeling crack
1316	0	42596346414	Vietnam Hanoi Cau Giay Alleyway walls worn weathered beaten North Northern city paint peeling chipped cracked texture Neighborhood community district urban urban decay concrete gate numbers narrow Asia Southeast Asia
1317	0	6167297503	dory boat paint peeling grass blue rocks nova scotia
1318	0	48777876233	Wisconsin outdoor flora plant green nature garden flower purple coneflower native sepals peeling paint wall stem
1319	0	46982534885	event photography outdoors Mozsgó village rural countryside sports day people potatoes peeling food
1320	0	34000111948	graffiti paste ups concrete peeling paint black and white blobs underpass Runnymede Road
1321	1	51143181777	pub dereliction building door window render sunshine peeling cracked
1322	0	50535966581	building shopping mall peeling surface facade windows store mall shopping street street photography people people watching shoot the street street life street shots documentary candid candid street suburban person standing urban outside urban photography street scene urban exploration outdoors urban fragments sign notice type typography text words letters lettering caps word font typeface signage window display store display display window shop window store window store front window reflection stores flower pot planter awning light fixture outdoor lighting brick wall tiled lines pattern city life commonplace banalities common B&W monochrome black white black and white black white photos black white photo we're open
1323	0	40205512971	eye reflection veins skin eyelash green pupil iris sclera pink
1324	0	41773271470	Any Vision C E G H I Labels P S T child eye girl green hair accessory head headgear infant product skin smile toddler toy
1325	1	50769287478	far away blue white orange pink water sy look hair skin dress sky clouds moving calm
1326	0	44451406920	Suomi Rock Finland EU Europa Scandinavia Fly Tying Fishing Fish Kalastus Urheilu Sport Fiske Fiskare Hoo Flies Salmonfly Lohiperho Siipi Wing Hook Feather Hair Finlande Lappi Lapland Teno tana River Joki Salmon Salar Salmo Lohi Lax Atlanticsalmon Viehe Koukku Skin Jussi Muukkonen Liisa Saarni handmade kansantaide Käsityö Pienpainate
1327	0	48242908491	scary steve vampire dark flash studio creepy bloody greasy wet spooky halloween modern man boogey
1328	1	50109110692	Attire Bathing suit Breast Breasts Chubby Clothes Clothing Corpulent Europe European Fat Human Humans Italia Italy Large Mappatella Mappatella Beach Naples Napoli Obese Outfit Overweight People Person Photography Size Street Street Photo Street Photography Swimsuit Urban Weight streetphotographer
1329	1	48641332531	PersonalCare Tips HowTo Product MaleGrooming SelfCare SkinCare Acne AntiAcneCream AntiAcneTreatment AcneTreatments
1330	1	7669551412	self portrait me myself I Wrestling boy man athletic gym buzz ripped tank top lats pecs tan white swim suit face body chicago D90 Sigma t shirt male 30 blue eyes tilt nikon lighroom arms muscle lean tight cute flirt tease leaning wall home studio Black mebs09
1331	1	49588645468	moon hair sordid affair genus head classic 7 deadly skins skin girl pineapple pumec mesh ears wings byak beautiful dirty rich bdr top clothes fashion blog blogger sl second life shopping light black brown brunette piercings tattoo lips eyes nose
1332	1	24377348608	dslr canon t4i people portrait color style feathers be love sunglasses shades indoor indoors model flip strut girl lady woman hair skin tattoo pose
1333	0	31100626924	dog party 2.5 year old two toddler black white
1334	0	51045020882	Oregon National Guard COVID-19 vaccine shot medics Oregon Military Department
1335	0	50649921381	The Sims 4 The Sims The Sims 4 Reshade screenshot Reshade Reshade screenshot Rose Pose PC Gaming Woman Screenshot Shot Sims Sim Simmer Sims 4 Black Black and White Black white Videogame screenshot Sims 4 Reshade Portrait White Face Lips Game Gaming Videogame Dark Dark colors Female Femme Filter Filters Girl Lady Virtual Photoghrapy Content Creator
1336	0	48895905272	@JayGalvin Hector Peterson Hector Pieterson Memorial Johannesburg Sam Nzima South Africa Soweto apartheid art joburg memorial mural police protestor public shot street urban wall art Gauteng exif:lens=lumix g vario 14-140/f3.5-5.6 camera:make=panasonic exif:make=panasonic geo:location=soweto camera:model=dc-gx9 exif:model=dc-gx9 geo:city=johannesburg geo:lon=27.907922221667 geo:state=gauteng exif:focal_length=21 mm geo:country=south africa exif:iso_speed=200 exif:aperture=ƒ / 6.3 geo:lat=-26.235122221667
1337	0	48599719512	Shot Sports Tchoukball Tir WYTC World Youth Tchoukball Championships suisse switzerland wytc2019
1338	0	48599704977	Shot Sports Tchoukball Tir WYTC World Youth Tchoukball Championships vietnam wytc2019
1339	0	48585616831	Shot Sports Tchoukball Tir WTC World Tchoukball Championships men singapore singapour wtc2019
1340	1	47679930921	Bohemia Black White weapon Czech #czechrepublic Shot
1341	0	43536817975	DETONATOR 37 SHOT 1.3G BARRAGE #EpicFireworks
1342	0	41871862725	accessory chrome close-up doctor equipment focus glazed instrument medicine metal metallic photo photography plastic product shot reflection screw shine stainless steel still life surgical technology tool white
1343	1	50860809241	concept corona coronavirus covid covid-19 disease doctor emergency flag flu freedom health health care immunisation injection inoculation insulin medicals medicine needle nurse pandemic pharmaceutical pharmacy prevention protection science shot south korea syringe vaccinate vaccination vaccine virus
1344	0	17181772408	photograph photo photography picture art light exposure capture shot image snap world earth planet natural history outdoor national 10-20mm landscape britain british england english uk country countryside kumweni
1345	0	49906238332	camera vintage film analog Canon Sure Shot 85 zoom Autoboy Luna Prima
1346	1	36431921125	portraits portrait lifestyle photography low light lowlight neon signs buffalo new york water summer pool action shot lights fairy
1347	0	29974239254	arizona army flu fort huachuca shot u.s. us. walk-in vaccinations vaccine
1348	0	29323082033	paintball ball game nikon d7100 300mm people run shot shotting depth field
1349	0	18716199918	shot shots pictures home homes wilhaggin neighborhood sacramento california peaceful tranquil community american river parkway access quiet saint desespoir
1350	0	16910493437	tulip tulips tulip fields Mount Vernon, WA Washington Canon Canon 5D MarkII flowers bloom bright interesting interestinness paweest pat weesit red barn red barn rural farm country interestingness paweesit explore photo photograph wow blue photos photography weesit pat outdoor EF 24-105mm f/4L IS USM pweesit ©paweesit digital camera retrato picture shot capture travel
1351	0	49906241922	camera vintage film analog waterproof Canon Sure Shot WP-1 Yellow Submarine Beatles
1352	1	51053412671	pandemic time pandemic janssen foothill transit covina arm shot mass vaccination vaccine COVID-19 COVID vaccinated
1353	0	16449198865	Canon EOS 750D Rebel T6i DSLR Landscape Street Shot Travel Trip No-Flash Handheld Explore Color Colour Outdoor EF-S 55-250 IS IS II Sunrise Sun Orange Sky Skyline Horizon Beautiful Metro Metropolis City Cityscape Modern Building Skyscraper Tower Yogya Jogja Asia Southeast Indonesia Tugu Merapi Mountain Volcano Gunung 101 Tugu Hotel Room View Balcony Merbabu Strato Golden Hour Cloud Wide Nature Hotel 101
1354	0	47369735311	madrioso heparina enoxaparina sódica heparine inyección jeringa shot
1355	0	50149483046	Milky Milky-way way stars shot
1356	0	50078544131	whiskey liquor drink tullamore shot photograph photography
1357	0	49796873467	索尼 photo E-mount 7R Alpha ILCE-A7R EF85mmf1.8 EFlens f1.8 85mm A7R sonya7r sonyimages sony Taichung Taiwan portrait outdoor photography shot 人像 外拍 台中景點 台中文學館 girl asian pretty
1358	0	40372919604	YYZ Toronto Lester B Pearson International airport planespotting 2005 film negative photo image shot Canada Air Canada Star Alliance Boeing 767 767-200 762 012_13A airlines airliner civilian aircraft scan scanned negatives
1359	0	35696243146	mr.beaver Panasonic G7 panasonic 45-150 Yongnuo flash product shot souvenir from Tokyo
1360	0	31896727273	Germany Köln Cologne Bridge Dom Kölner Sightseeing Sehenwürdigkeit favour Deutschland bei Nacht Best shot one Day Europa Europe
1361	0	31380632373	SRU ACHA WVU goal 7 Slippery Rock Hockey skill score puck stick ice college Green white speed fast shot pass play competition
1362	1	28510168294	MONG MOARNG MORRB MO Guard Missouri Army National RRB RRBN Recruiting Recruiter Retention Studio Shot
1363	0	21968928325	#TulsaFashionWeek (hashtags) Jackie Cooper Imports Oklahoma The Mayo Hotel Tulsa celebrities corset designer Nicole Moan designers fashion fashion industry hotel medium mid mid-shot public figures runway shot week United States US
1364	0	30289210623	wayne rooney england drunk three lions euros 2016 10 green bottles ten green bottles
1365	0	32003577351	browserling aftermath bad idea browser browsers christmas christmas tree chrome drinks drunk edge firefox holidays ie internet explorer new year opera passed out ram safari tux
1366	0	49650690732	12 March 2020 Edited Kitahiroshima Hokkaido Japan Animal Cat Tigger Floor Living Room Harumaki Tunic Belly Band Matatabi Drunk
1367	1	50725968278	bare bottom butt cheeks arse rude illustration
1368	0	46463212031	Trevor Rohrig Trevor Röhrig Trevor Roehrig Trevor Roerig Trevor Rohrig Röhrig Roehrig Roerig Ryan Butt Ryan Butt Casper Bobcats Casper Bobcats Western States Hockey League Western States Hockey League WSHL 2018-19 Western States Shootout City National Arena City National Arena Nikkor 300mm f/2.8G VR II Nikon D4 Nikon D4 AR1x1
1369	0	29989416368	exercise workout fitness fit athlete athletic muscle bodybuilder bodybuilding personal trainer training video glutes butt
1370	1	41198480050	gay price chicago parade ass butt buttcheeks jockstrap jock public street
1371	1	35026512505	Barcelona Catalunya Spanien stoketravelco #stoketravel Spain Katalonien Catalonia Catalonha Cataluña #visitbarcelona Butt Ass Girl Woman Shorts Hotpants byErwin AJ1A0755
1372	1	9091685677	sea mare beach she woman butt ass cold water acqua fredda
1373	0	7533019476	barbecue bbq butt food pork shoulder smoked
1374	1	48851445351	Roxy Pro surf surfer Surfing surfergirl surf photography Hossegor WSL competition bums bum beauty babe beach butt bikini
1375	1	25630907397	tanga Maui Hawaii Pacific Ocean beach island South Pacific surfing surf vacation holiday travel USA family kids Jim Mullhaupt surfers waves boating coral volcano exotic wallpaper clouds sky mountains landscape water water falls palms coconut bikini swim snorkel dive reef photo flickr geographic picture pictures camera snapshot photography Nikon Coolpix P900 Nikon Coolpix P900 Nikon P900 Coolpix P900 butt tee butt
1376	1	40265229971	Sunset Kihei Keawakapu beach Maui Hawaii Wailea sundown dusk sun evening end of day sky clouds color red gold orange pink yellow blue tree palm outdoor silhouette weather tropical exotic wallpaper landscape Nikon Coolpix P900 Jim Mullhaupt clouds storms sunsets sunrises Pacific Ocean island South Pacific surfing surf vacation holiday travel USA family kids surfers waves boating coral volcano mountains photo flickr geographic picture pictures camera snapshot photography Nikon Coolpix P900 Nikon P900 Coolpix P900 palms coconut bikini swim snorkel dive reef sunrise butt Tee Butt T Butt
1377	1	40137181052	tanga thong teebutt butt Ho'okipa Beach Paia Maui Hawaii Pacific Ocean island South Pacific surfing surf vacation holiday travel USA family kids surfers waves boating coral volcano exotic wallpaper palms coconut bikini swim snorkel dive reef sunset sunrise Jim Mullhaupt water outdoor North Shore photo flickr geographic picture pictures camera snapshot photography Nikon Coolpix P900 Nikon Coolpix P900 Nikon P900 Coolpix P900
1378	1	49333179832	Italy Italia Rome Roma Capital city Capital City Museum Gallery Altemps Palazzo Palazzo Altemps Statue Sculpture Male Male statue Roman statue roman art roman ass butt buttocks
1379	1	32549849567	lady in black black dress black pants black bikini black boots black hips lips sexy eyes sexy smile sexy cleavage breast big ole titties big ole booty big breast big buxom long curly hair long hair long legs short-hair short skirt goddess gorgeous stiletoes high heels bbbw bbw thunder thighs thighs thickness Thick thick hair honey thick pretty feet pretty toes pretty fine beautiful necklace ankle braclet braclets red hair red shoes red lips muscles in her legs pants pawg fishnets hands on hips ravishing see-thru big booty butt ass behind toes feet outdoors chair sofa couch park nightclub indoors camel mini-skirt blonde hair earrings legs
1380	1	32260001768	caribana 2016 toronto costume bikini cleavage west indian trinidad jamaica parade breast scotiabank caribbean festival mas masquerade band headdress reggae carnival dance african american steelpan august 2015 west indian scotiabank caribbean festival Scotiabank Toronto Caribbean festival mas band african american 8ack butt bum fishnet
1381	1	51009307122	male man mirror butt exercise cancer gay bi straight reference glioblastoma selfie ass photo pic bathroom encouragement inspirational nude des nudo
1382	1	49799631503	Apia General Hospital Samoa Ioane Okesene Surgery Hospital Operation Medical Health Ellen Davis Western Samoa
1383	0	49597953372	Project 366 dentist red chair treatment surgery
1384	0	48820520193	southwark museum bottles apothecary chemist coloured colored window london attic bars shadow magic potion wellness hospital surgery alchemy st thomas saint tourist tourism
1385	0	49464049121	Swiss Pelvic and Acetabular Course Hans-Christoph Pape acetabulum surgery Kongressorganisation: Intercongress Zürich Solothurn Congress traumatology
1386	0	48866249377	medglobal medical medicalmission medicalvolunteer medicine medicalmissionary mission medicalngo medicaltraining medicaleducation medicalteaching med healthcare humanitarian healthngo healthsector health healthcarevolunteer shorttermmedicalmission surgeon surgery surgicalmission surgicaltraining surgeons surgical surgicalteaching child children lebanon patientcare criticalcare education bedsideteaching bedsideeducation cardio cardiology cath refugee syria syrian refugees internallydisplaced internallydisplacedperson instruction intensivecare intensive
1387	1	50937203432	Wayne Nebraska Ali Surgery Cataract surgery Hat Eye patch
1388	0	50616181178	Veneers dental veneers crowns caps cosmetic dentistry tooth whitening whitening dentist teeth straight teeth clip on veneers snap on veneers artificial teeth removable veneers instasmile instasmile veneers
1389	0	50718728887	Tooth Teeth 歯 x-ray レントゲン 歯医者 dentist 歯科医師 dentalsurgeon 歯学 Dentistry
1390	0	50674669631	Stained teeth
1391	1	49778687326	Beauty Bright Close-Up Color Cutout Detail Fashion Girl Lips Lipstick Model Mouth Person Photoshoot Portrait Pose Style Teeth Woman
1392	0	49004650358	animal eating log tree brown yellow teeth mouth open feet claws pine marten Devon
1393	0	48656569753	Chocolate Lab Labs Labrador Retriever Labrador play wrestle run ball yard puppy playful cute grass happy ears eyes mouth teeth baby dog siblings brother sister
1394	0	47563611491	T. Rex: The Ultimate Predator AMNH American Museum of Natural History dinosaur Tyrannosaur teeth jaws mouth tongue
1395	0	44310743990	oral health dental care plaque teeth gums
1396	0	32047579288	oral health dental care teeth gums mouthguard
1397	0	45793162702	oral health dental care diabetes teeth gums infections
1398	0	46258532311	oral health dental care teeth gums cavities decay
1399	0	44153395790	oral health dental care teeth gums bad breath cleaning hygiene
1400	0	30867009207	oral health dental care teeth gum braces toothbrush toothpaste flossing infographics
1401	0	43294752712	grau grey gatto zähne teeth gähnen gähn yawn schnauze mouth kopf head katze cat
1402	0	41151712034	close up portrait man elderly man elderly elder senior age aged old age glasses teeth smiling smile happy happiness home indoors house news reading joke laughing
1403	0	27956497028	oral health dental care baby teeth teething
1404	0	34463927781	Sea Lion Seal Sealion fish feed food fed teeth mammal Seaworld orlando florida america
1405	0	42592900960	tiger big wild cat amur siberian male young standing profile portrait attentive looking open mouth teeth beautiful zürich zoo switzerland nikon d5
1406	1	45880324075	DANMI Teeth Clean Care
1407	1	28407355902	couple love lovely bride groom happy romantic sensational sensationnel sensations sensation sensuel like live together ethernity faces portraits portrait shooting eyes teeth hand hands watch light sun reflector reflect reflection sunny daylight photo photoshop photography photographie wedding weddingidea weddingceremony weddingsmile weddingcelebration islamicwedding tunisia tunisie tunis tunisian germany tunez
1408	0	23220728999	tanzania africa kid child poverty poor water pollution tanks Smile Shy Door wooden smiling happiness happy love save rain grateful thankful black hand white shirt mud house beautiful teeth genuine
1409	1	14889448135	tabby cat crazy teeth
1410	0	8011286741	Urbex Urban Exploration Alberta Canada Lightroom 50D Canon Skull Dead Yellow White Bone Teeth
1411	0	7781274750	niña girl mirada look ojos eyes smile sonrisa amor love kid light luz teeth dientes flor flower sun sol campo retrato portrait lengua tongue
1412	0	6888306887	dog dogs dachsunds dachsund sun jumping for joy 2012 february 16 12 spring atlanta georgia superb action explore explored shirt yellow san wildlife rockies upper paris sunset page horse smile sleeping diego gardens aruba fauna blue buenos festival flowers cactus canada france galapagos cute canadian arizona argentina antelope angels aires harry jet potter race village victoria truck tour teeth super seagull gorilla grand harbor canyon bc bikes 4
1413	1	6541083725	dente teeth puppy dog animal cachorro.
1414	0	6212165023	EF100-400mm f/4.5-5.6L IS USM lion yawn teeth vicious Masai Mara Masai Mara Kenya safari Africa African Kenyan
1415	1	5982660659	Me eyebrows Olympus flab smile teeth girl edit Picnik
1416	0	50604394816	maned wolf yawn yawning open wide mouth tongue teeth tooth maw jaw predator animal tiergarten nürnberg nuremberg
1417	0	50676043391	Terence Faircloth Atelier Teee Mural Street Art Worcester Massachusetts X-Ray Bones Teeth
1418	0	48915307187	south africa country continent sanbona wildlife reserve safari montagu animal wild desert semi cheetah feline spots coat fur face teeth
1419	0	32752939867	Dwarf crocodile Africa Animal Reptile Zoo Singapore River Safari Water Predator Teeth Frightening Apex Death
1420	0	26321534448	smile teeth
1421	1	25488143658	okaeri tadaima bjd doll green vert orange rat animal mirror miroir curves beads teeth
1422	0	50160049403	tween teen child children beach summer childhood innocence beauty ga gaze thoughtful thinking sunset sunrise girl daughter freckle freckles wind windswept hazel eyes smile teeth youth
1423	0	50078750061	Alligator mississippiensis alligator alley summerdale alabama reptile teeth wild animal nature
1424	0	50093466537	Teeth (Otodus Megalodon) NHM-Rotterdam 3D tand haai anaglyph stereo red/cyan Peru tooth shark 40mm Nikkor
1425	0	50830464376	Stop Motion SlowTek Daniel Johnson PDX Portland Oregon Animation Clay Dental Teeth Health Insurance Stop Motion Studio Chris Dreger Multimedia PCC
1426	1	33563710035	bikini pretty woman swimsuit sexy outdoors legs female California model woods barefoot nature natural super beautiful body sun Goddess
1427	1	37877147742	Halloween Lingerie Sexy Cute Cosplay Wig Kawaii Girl Cosplayer Body Portrait Boudoir
1428	0	50659022841	Michigan exciting America North America Fall Fall vibes Michael Jackson cows Christmas faucet movies popcorn meme breathing Jane soldiers scary bulls COVID19 coronavirus Paris Hilton Transformers anime Family Guy dragons dragon cereal grains grain cereals wheat oat oats healthy fiber urinal urinals pottery Paul Karen George Janice Jack puffs puff pirate pirates Johnny Depp LGBT basket weaver tiktok Lindsay Lohan cow great photos mustard reggae
1429	0	50573098156	Heri Es Souani ruins romans darkness scary fear Leica M typ 240 24mm leica m elmarit leicastore leicastorerivegauche leicalove leica lens morocco meknes blanc noir schwarzweisse bianco nero ancient light explore Travel
1430	1	49574752972	schrecklich Schreck scary marfis75 Marfis75 75 Umzug Wiesbaden Karneval Faschingsumzug Geschminkt Dunkelheit Dunkel face Phase Gesicht Spider Spinne Spinnen Verkleidung Verkleiden Adams Onkel fester Vampire Vampir Black Schwarz-weiß Fasnacht Fasching Mask Maske
1431	0	49813916026	Halloween carving pumkin ugly clown red close up still life object background Colorado Holiday fall October Denver Scary no people painted
1432	0	46090903595	tamburica prim string instrument musical equipment wooden wood retro vintage part body structure traditional tradition Balkans folklore folk national heritage old brown object still life detail closeup neck fret crafted craft skill ornament design style Serbia Vojvodina Croatia concept sound acoustic music tone studio small old fashioned
1433	0	50297891486	child injury child injury prevention safety farm fencing fence farmers children injuries injury injury prevention hazards worksite safe play area facebook graphic infographic tips tip
1434	0	33760698358	child injury injury prevention amusement rides amusement ride safety safety injury prevention
1435	1	48316119381	Injury Wrist injury Fractured bone Splints Wrist splints
1436	0	50370334316	CBD Oil cannabis hemp intimacy sexual health arousal
1437	0	46950221915	HOMOSEXUAL GAY PREMIOS SDR SECRETARIO OFELIA MEDINA DIVERSIDAD SEXUAL LGBTTI JUAN OSORIO RECONOCIMIENTOS MÉXICO
1438	0	40274408414	Inclusion Convention Institutional Sexual Harassment London with Farrukh Dhondy Homayra Sellier Dr Diahanne Rhiney Jay Kamara-Fredrick
1439	1	5949143077	Playboy Changzhou shemale sexual girls boys
1440	0	51120798065	cigarettes environmental issue pack smoking trash riverbank garbage litter waste pollution
1441	1	50690727122	Woman Smoking Man Smoking Vaping Vaporizers E-Cigarette Electronic Cigarette Smoking Cigarette Smoking
1442	0	49873527533	match matches matchcover matchcovers matchbook matchbooks smoking advertisement advertising promotion promotional Indiana Porter County sheriff auditor recorder assessor coroner commissioner congress senator representative superior court prosecuting attorney election elect GOP Republican vote voting slate
1443	0	49617123167	brett brett jordan http://x1brettstuff.blogspot.com/ cremation burial undertaker joke smoking non-smoking
1444	0	49833309001	match matches matchcover matchcovers matchbook matchbooks smoking advertisement advertising promotion promotional Indiana Porter County Valparaiso, Indiana Valparaiso Marie's restaurant food eatery
1445	0	48506556017	1980s 1983 film crew actor TV show Martin Landau smoking cigarette microphone boom
1446	1	45983204872	smoking silhouette sunset
1447	0	44758011745	cigar smoking cigars Forrestal trade fair tobacco
1448	0	50968199361	Agfachrome film slide film E6 Tanglewood KFC July 1983 Kentucky Fried Chicken smoking picnicking Massachusetts
1449	0	42753474910	Chiqo Slim Smoking
1450	1	37152727870	Chicago sunset Street street photography candid bike Cycling smoking outside hoodie
1451	0	49301270148	havana old havana street man smoking cuba
1452	1	50900588183	GeMyles Kamiri EXxEss Indy&Co PKC No Smoking Smoking SL Second Life Model Fashion Model Transgender Model Sexy Fashion Style Beauty Femme Fatale Pretty Feminine Femme Girl Woman Hairstyle High Heels LGBT Transgender Trans T-Girl Diversity Gender Pride
1453	0	49167547562	sydney bushfires bush fire smoking smoke haze pollution asthma flight red sun big ciricle trees The Ruby eucalyptus
1454	0	48838526067	vaping vapeban taskforce electronic smoking
1455	1	48432187287	Mistique Izzie's KC Couture Moondance Boutique SL Smoking Smoking SL Second Life SL Transgender Model SL Model SL Sexy SL Fashion SL Beauty SL Femme Fatale SL Pretty SL Feminine SL Girls SL Women SL Hairstyles SL High Heels SL LGBT SL Transgender Transgender T-Girl SL T-girl LGBT SL Diversity SL Gender SL Pride
1456	0	38657334121	elizabeth bioshock infinite cinematic dark portrait screenshot wallpaper water underwater smoking dress stairs gaming games srwe super resolution
1457	0	23649530048	serikin Sarawak market blackandwhite streetphotography street rural smoking Minolta H-Matic G2
1458	0	29969614460	dan-scape hat Spring Black and White SheffieldStreets Break Woman bnw smoking Sheffield steel city flat cap stone work smoke break
1459	0	28828418061	Chattahoochee River National Recreation Area Hammock Medlock Bridge Park National Park service Smoking Summer
1460	1	50167416381	Puerto Princesa travel photography fotograzio skin indigenous photo effect sea monochrome Wayne Grazio Palawan vanishing culture old man naked Wayne S. Grazio sepia people elderly vintage smooth skin culture Tribal man tribal clothing Wayne Steven Grazio South China Sea travel bare traditional clothing Filipino photo to art half naked Philippines tourism Asians Pacific Islanders black and white loin cloth
1461	1	50815404206	tattoo piercing woman style girl pierced young alternative body tattooed hair color subculture female person youth tattoo gun dyed hair pain
1462	1	48822662618	tattoo tanlines tan lines naked sexy heart libertarian freedom cellulite removal photoshop graphics art
1463	1	9576586963	Canon Canon EOS 5D Mark II EF 70-200mm 2.8L IS USM II carinthia Kärnten Austria Österreich Wörthersee Lake Head Woman Beauty painting Pörtschach WBF2013 Bodypainting 27 Adult bodypainting job tattoo beautiful girl face boobs breast brust robot mystic mystical portrait adult fully naked nackt naked smile smiley smiles signs redhat red redhead citrus hardcore
1464	0	48123135852	discoteca serate nightlife roma disco club clubs night joy dance dancer dancers drink rome italy italia drinking party partylife parties happy happines smile model modeling portrait champagne cocktail musician festival music dj singer
1465	0	24648963478	sign funny whimsical joke drinking coffee alcohol old timey screw it let's drink booze fujifilm x100f signage red lipstick drinks
1466	1	49174423498	vintage Busen Brust Statue Kunstwerk Party Tanz Perücke wig DJ Halskette Doppelbelichtung
1467	0	7212585744	NYC 2009 Sex Nude Drugs Kissing Pain Lesbian
1468	1	27157438564	Mermaid topless Mermaid Parade Brooklyn Coney Island nude in public sex in public naked topless parade girls sexy girls nyc nude naturist party gone wild sexy blonde tattoo girls topless girl boobs umbrella sex sexy long hair wig blond hot hot pair bra braless brunette redhead bikini panties Mermaids sun summer Parade nude parade tits sun glasses body painting black black beauties hats jellyfish tattoo girl tattoo frame picture smile
1469	1	38042329106	model young sexy men body erotic studio lovely great indoor ekb russia modeltest test vogue fashion minimal black white brick wall
1470	0	50416170611	spider arachnid eight legs body teeth web silk pattern
1471	0	49941847697	HongKongProtests hongkongpolicebrutality national anthem security mass arrest cwb causeway bay 國安法 國家安全法 國歌法
1472	1	34396199746	girl nude naked erotic smoking
1473	1	6241169859	lips sugar kiss teeth gap skin
1474	0	48023994121	noah sicily palantine chapel mosaic drunk naked
1475	1	6238953828	retrato portrait ojo mirada teeth luz look hands eyes eye Azul Blue Shadow sombra Ojos women mujer smile love amor light
1476	1	50859947942	girl satin honey lady silk hot Vietnam cute curves cave fuck asian ass naked make makelove beautiful boobs body breast big butt doggy nude model sexy teen leg sex legging vietnamese love long lingerie thong nipple pussy
1477	1	50806750458	girl sexy satin honey lady silk hot Vietnam cute curves cave fuck asian ass naked make makelove beautiful boobs body breast big butt doggy nude model teen leg sex legging vietnamese love long lingerie thong nipple pussy
1478	0	51216172251	microscopy science biology hair cashmere fox fur sheep hiar field mouse hair
1479	1	50737482376	Man topless Speedo Holiday Ibiza Spain Chest Hair Nikkormat FTn 50mm F2.0 AI Kodachrome
1480	1	49747986857	Dusche Junge Mutter Sohn Wasser baby baden bath bathing boy duschen hair hygiene keeping clean mom mother parent shower showering son taking a bath taking a shower toddler washing water
1481	0	49723751212	horse hair texture background beauty attribution
1482	0	49959947497	LAC BAC Library and Archives Canada Bibliothèque et Archives Canada Canada hair cheveux brush brosse girl fille
1483	0	49821797803	rossetti gabriel davide aurelia Steam Punk Roma Italia Model Portrait Red Hair Capelli Rossi Modella Ritratto Steampaint Contest COsplay Cosplayers Costumes Cosplayer Costumi Costume
1484	1	49972941572	Marla Nails Hair Hairsyles Rings
1485	0	49959947147	LAC BAC Library and Archives Canada Bibliothèque et Archives Canada Canada hair cheveux art man homme print estampe
1486	0	49857658228	doggie nature baby laying dog animal puppy brown canine purebred pet doggy mammal hair cute fur small young little background pedigree furry pup sunset outside grass beautiful
1487	0	34085723764	How Weird How Weird 2017 San Francisco California Hippie Festival Love Fest Love Festival Love 60s Summer of Love Gay Lesbian Free Expression “How Weird Festival” party crowd LGBT LGBTQ Downtown 2017
1488	1	42691949682	Shirley Miranda Antonio Ramírez Retrato Fotografía Fashion fitness Photoshoot Belleza Beauty Body blue swimsuit swimming pool Portrait Girl
1489	0	50692952961	first in coffee vittoria coffee ahegao coffee prices of coffee cartel coffee tucson coffee barrel hopped up coffee drinks coffe coffe drinks drinking coffee cup logos kofi coffee coffee cup menu coffee cake mug cake foundry coffee handheld coffee grinder cafe vienna coffee catalyst coffee about coffee community coffee happy coffee black coffee coffee subscription coffee plant coffee bar lavazza coffee super coffee cup of coffee coffee cups coffee gif coffee brands
1490	0	49878633033	makro macro outdoor natur pfingstrose peony wassertropfen waterdrop drop tropfen tr trinken drinking ameise ant
1491	1	50360841916	alcohol alcoholic beverage cup dress drinking female glamour model outdoors sitting smile style stylish tea vintage watch white woman
1492	0	48865007426	street photography streetphotography cuba cuban fuji x-t20 vacation havana habana people folk boy boi kid drinking water juice
1493	0	47593190541	Coffee Drinking Elderly Woman Cafe CoffeeBeans ShopBeans Espresso Coffeecup Cup Drink
1494	1	43465987382	mim ness friends drinking
1495	0	49243381242	tiger big wild cat siberian amur young portrait face water pond surface reflection drinking tongue looking cute grass hodonin zoo czech republic nikon d5
1496	0	43313183070	rally Capitol Hill protest MoveOn Blasey Ford Christine Blasey Ford speaker speakers protesters women court talk chant nominee political organizer sexual assault rape assault survivors activist signs StopKavanaugh.com Stop Kavanaugh Brett Kavanaugh democrats nomination justice Supreme Court The People's Filibuster People's Filibuster I Believe drinking student congress lied judge
1497	1	34261735435	Cambridge night out nightout club clubing friend friends booze boozing drink drinks drinking
1498	0	29775906875	outdoordining restaurants eating drinking urbandesign california alfresco
1499	0	17437386213	Blue Planet Aquarium aquarium otter drinking
1500	0	50294668877	Sleeve 7-Eleven Taiwan CITY CAFE 咖啡豆品評篇 四個人都在 才能開始喝咖啡 Coffee beans tasting version Four people there can start drinking
1501	1	49061763607	Obtuse Photo Canon 5D II pretty cute lake travis austin fun happy drinking girl
1502	1	48285125276	Neil Moralee red woman lady girl pop colour color Bristol Dockside drinking stand out hat table wine popping spot harbour England street candid Panasonic Lumix Neil Moralee couple lovers date meeting bold
1503	0	49595624911	blue blue wkd blue wicked wicked wkd drink description subvertising badvertising art breakfast beer soviet jazz smurf aging ravers tears urban street graffiti label drinking contemporary
1504	0	49171710697	TianTian DaBigGuy BigTeddyBear SoHandsome ProudPapa AdorableEars FuzzyWuzzy Drinking Leaning JustLikeBei TooCute BeingAdorable SillyPapa JustBecauseHeCan CoolDude Precious BottomsUp CC-NC-BY NationalZoo
1505	1	50010171247	Edinburgh Edimbourg Scotland people watching candid Street Black and White Black & White B&W Monochrome sunny sunshine sun sunglasses Man Woman Walking West End drinking New Town
1506	0	32847378707	Open Streets Open Streets Edinburgh May May 2019 Edinburgh Edimbourg Scotland Black and White Black & White B&W Monochrome people watching candid Street traffic free cafe diner seated sitting eating drinking table chair Cockburn Street
1507	0	43727142981	BeiBei ChubbyCubby FuzzyWuzzy AdorableEars Sniffing Smelling Investigating Remembering Drinking Thirsty BooTime Hungry TooCute Adorable Precious Darling Contentment MeltingHearts CC-NC-BY NationalZoo
1508	0	24472949229	Elephant Elephants African Africa African Elephant Outside Outdoors Animals Mammals Wild Free-Ranging watering hole Watering Hole Drinking Water Tsavo Kenya
1509	0	49344956686	beauty bar beautybar nyc drinking dive pub salon drinks east village evillage 14th street sign signage fujifilm fuji xpro2 xf35mmf1.4
1510	0	49895109361	Britain Cheshire Dee England GB UK United Kingdom Weimarador Weimrador dog drinking grass green mud river riverbank trees wading Chester
1511	1	50827678286	Banc de Sang Banc de Sang i Teixits BST banco de sangre; blood donation
1512	1	50554037881	SecondLife KennyRolands KinkyEvent Tyra Bodysuit Jacket Parasit Sexy Endless Stealthic Maitreya LeLutka Piper Blood Halloween
1513	1	49698635362	Lt. Governor Boyd K Rutherford. Gov Maryland. Blood Drive
1514	1	48371246381	graffitis humanities writings écrits affiches détournements posters artistic alterations thierry Ehrmann 999 Abode of Chaos chaos l'Esprit de la Salamandre Salamander Spirit Demeure du Chaos DDC groupe serveur TAZ organ museum server group facteur cheval palais ideal sanctuaire sanctuary Artprice Saint Romain au Mont d'Or portrait painting peinture France Museum sculpture architecture maison d'artiste art artists' houses street art sculpture moderne modern sculpture secret alchimie alchemy Land Art Art Brut Art singulier Raw art symbol 9/11 contemporary art Apocalypse post-apocalyptique cyberpunk graffiti vanitas ruins prophecy prophétie container dadaisme outsider art mystery No escape Blood Dog Prisoner
1515	0	44747649221	abandoned blood paint splat discovery dark cryptic
1516	0	47448282501	leukocyte blood microscopy biomedicinskanalytiker.org broken damage biomedical laboratory science laboratory biomedicine blood smear
1517	1	46528150911	Jorbasa Hessen Wetterau germany Deutschland geotag Gomera La Gomera Kanarische Insel canry island Spanien Spain Atlantik Wanderung hiking tour Las Toscas Irmada Bergdorf Imada Benchigigua Palmen palm Tal der 1000 Palmen Berg Landschaft mountain landscape Sukkulenten Kaktus Ozean Atlantischer Ozean Garajonay National Park Atlantic Ocean Natur laus Läuse lice blood Blut Läuseblut ISLAS CANARIAS Weinachtszeit christmas time
1518	1	50841168326	Moscow Russia russian girl woman lady sexy beautiful park sokolniki cosplay косплей fest cosplayfest epiccon epicon эпикон эпиккон epiccon2019 epicon2019 эпикон2019 эпиккон2019 outdoor BloodRayne 2 Blood Rayne cleavage neckline декольте redhead decolletage decollete
1519	1	50837359186	Moscow Russia russian girl woman lady sexy beautiful park sokolniki cosplay косплей fest cosplayfest epiccon epicon эпикон эпиккон epiccon2019 epicon2019 эпикон2019 эпиккон2019 outdoor BloodRayne 2 Blood Rayne cleavage neckline декольте redhead decolletage decollete heels high heels каблуки boots leather boots high boots
1520	1	50240542296	SL SecondLife VirtualWOrld BDSM D/S Blood Sexy
1521	0	51023002151	juliensart karel julien cole gent ghent flanders vlaanderen plastic collection bois durci natural pope pius IX omd olympus E-M5MarkII em5 mark2 zuiko pro 12-40 manfrotto Medal 19th century negentiende eeuw medaillon pontifex maximus bloed zagemeel blood saw dust france paris
1522	1	48969268496	blood cosplay costume female gender halloween holiday people portrait undead woman zombie zombie walk
1523	0	46098369074	1/20/19 2019 Super Blood Wolf Moon blood january lunar eclipse moon rokinon
1524	0	28186418397	crucifixion inri roman soldier pierce side Jesus Christ spear lance faces sacrifice altar cross flesh blood atonement covenant calvary golgotha art st. john lateran saint john lateran laterano san giovanni basilica archbasilica rome
1525	0	37068345442	Barcelona Catalunya Spain BST banc de sang blood sangre sang blood bank banco de sangre plaquetes plasma donación laboratori
1526	0	27241084973	Laos USAID Blood Samples Wildlife Lifestock Health Disease ASIA
1527	0	27758301221	Chonburi Thailand USAID Asia Blood Samples Wildlife Lifestock Health Disease Bat
1528	0	21326230743	Blood blood moon moon luna super moon gorgeous iphone camera amateur fun beautiful amazing city red color rare
1529	0	49548270343	Blood drive cesar chavez vitalant students sac state sacramento
1530	1	8247570415	portrait Self portrait black and white lights lighting studio personal intimate skin
1531	1	48268025321	Homeless Vagrant Down and Out drugs addiction Los Angeles Chinese Take-out New Balance Old man brick wall
1532	0	41626348254	addiction flickr health drugs alcohol substance abuse rehab detox treatment recovery photo photos picture people life information disorder disease sober withdrawal psych help change alcohol substance abuse rehab detox treatment recovery photo photos picture people life information disorder disease sober withdrawal help change
1533	0	38984044355	san francisco city california scott richard torbakhopper art artist painting painter liquidpainting liquid SF SFMET scottrichardpainter scottrichardartist scottrichardart scottrichardpainting FRENCHESCAPISM french escapism DopaquelPeninsula Dopaquel Peninsula antipsychotic medz drugs fantasy peace idyll escape retreat pre-electric world tourism leisure rest ideal village countryside CLEAN AIR LAND WATER FOOD PEOPLE peacocktree peacock tree sailing boat rainbow
1534	0	35181500754	dwarfism undp ukraine procurement drugs medicine health suprun
1535	0	34957638104	Augsburg Graffiti Laktoseintoleranz Veganismus Helene Fischer Hipster Mode Modeerscheinung Rock´n Roll Sex Drugs Tür Fenster Fensterlade Baum Strauch Akazie
1536	0	20713391334	BMW 235 235im 235i 2 series 3 4 5 6 7 blue m sport msport m2 denlin barmann raleigh nc nor north carolina car drugs cardrugs thecardruts thecardrugs
1537	1	48942458542	Devil’s Harvest 1942 1940s poster poster art film movie movie poster marijuana drugs 420 trees vintage devil woman
1538	0	27704879201	illinois il police law enforcement department public safety office officer protection district Romeoville dare resist drugs dodge challenger
1539	0	25437032510	tourism tour travel traveler barcelona spain espana drugs drug testing kit headshop seeds
1540	0	49879805477	Fields Plenty Community Newsletter publication periodical food drugs cooperative 1974 co-op non profit anti
1541	1	29142376978	Dalian Liaoning Dongbei Xinghai Square Selfie Old Lady Woman Portrait Light Sun Sunny Shadow Sea Side Pavement Phone Mobile Cellular Cell Cellphone Shooting Shot Taking Picture Herself Self Alone Lonely Addiction Addicted Canon EOS 100D 50mm Prime Street Urban City Outside Outdoor People Candid BW BNW Black White Black&White BlackandWhite Monochrome Natural-Light Natural Asia Asian China Chinese
1542	0	48890943553	Reshade Dark Darkness Dark colors Sims 4 Shot Gaming Game Videogame Videogame screenshot Portrait Screenshot Reshade screenshot Pose Girl Lady Woman Femme Female Red Black Hair PC Gaming Model TheSims TheSims4 The Sims 4 Screenshot
1543	1	897433210	woman female beauty mature sensual erotic shoulders mystery goddess soft shadows mujer romantic wife back skin beautiful desnudo romance photography artistic model femm fantastic
1544	1	44401686615	wnbr 2018 naked nude topless fetish breasts exhibitionist bike bicycle less gas more ass oil dependence self-powered environment oil gas tits toronto world naked bike ride burn fat not oil one less car body paint body painting nudist clothing optional naturist undressed bottomless topfree happy naked people breast tattoo canada coronation park oasis lounge
1545	1	35022633274	sexy woman lingerie model young beautiful fashion female glamour beauty attractive girl hair underwear lady body women portrait white face sensual slim bed adult panties background caucasian makeup erotic sensuality brunette sex back skin ass style black pretty one hairstyle fit tan alluring sexual hot legs human butt passion perfect
1546	1	42694581255	Nude beach fkk summer nudist Sand water HTC re Naked male tan skinnydipping Public Heat sky blue Barefoot man toerings Rhein rhine germany Nudism naturism bare Naturist Sun Sunbath
1547	1	26791425619	smooth nudstralph ralph nudst nudistralph nudist nudism nude newdist nekid naturist nackt naked clothing optional bare outdoor skinsuit Thanksgiving turkey Nov November
1548	0	44078644235	Demo sicheren Hafen Hamburg gerettete Flüchtlinge Mittelmeer Refugees Seebrücke sichere Fluchtwege keine Grenzen Zuflucht Seenotrettung Flüchtlingspolitik welcome Frontex Mensch illegal Rettungsschiff Geflüchtete Seenot united against racism Antiracist Parade searescue breaking borders
1549	0	50894090376	Graz 2021 Graffiti Illegal Bombing Chrome BASTION BN03
1550	0	50308346581	Ljubljana 2017 Graffiti Illegal Bombing Throwup Throw Up Chrome HILTON WATT
1551	0	49078543562	Graz 2019 Graffiti Illegal Bombing Tag Tags Tagging Handstyle Handstyles WÜRDE
1552	0	32662868687	Wien Vienna 2019 Graffiti Illegal Bombing Chrome 1220 Y. HURN
1553	0	50630387796	Versammlung Ansammlung Kundgebung Demonstration verboten illegal Querdenken Verschöwrungsideologie Coronaleugner Ramstein Ramstein-Miesenbach Rheinland-Pfalz Rednerin Coronarebellen
1554	0	50630388056	Versammlung Ansammlung Kundgebung Demonstration verboten illegal Querdenken Verschöwrungsideologie Coronaleugner Kaiserslautern Rheinland-Pfalz Polizei Videoüberwachung filmen Polizeiauto Kamera Coronarebellen
1555	0	49991213948	stripped rusty old police box edinburgh renovation TARDIS naked
1556	0	49665536871	Plymouth ply Plymouth North Road Class 43 HST Class 43 HST High Speed Train High speed Class 43 High Speed Train AXC HST Arriva Crosscountry Arriva UK Trains Limited Arriva Arriva Crosscountry HST Arriva Crosscountry Class 43 Crosscountry Crosscountry Trains Crosscountry HST Crosscountry Class 43 HST DEVON South West England INTERCITY Intercity 125 43366 outside historic design england light art Portrait new old national fun nude naked nudes
1557	0	49375703638	LNER London and North Eastern Railway lner b1 B1 Steam engine Steam locomotive Steam Dreams 61306 Mayflower Dorset Dorchester dorchester south bongo Railway Station Railway Railways Steam Mainline Steam South West England West Coast Railway Company WCRC Operated by WCR Operated by WCRC b1 class county of dorset west of england westcountry outside historic design england light art Portrait new old national fun nude naked nudes
1558	0	33870179358	1501 15xx GWR GWR 15xx Hawksworth F.W. Hawksworth Frederick Hawksworth Hawksworth Pannier Pannier Tank Pannier Great Western Railway 15xx pannier South Devon Railway SDR Devon Dart Valley Railway.Dart Valley South Devon Railway Trust outside historic design england light art Portrait new old national fun nude naked nudes
1559	0	32526428727	SWR First Group First SWR South Western Railway Yeovil Junction Somerset Yeovil Railway Station DMU Diesel Multiple Unit Class 158 158882 First MTR SWR First MTR South Western Railway West of england mainline West of england line Sprinter Sprinter DMU Sprinter Diesel Multiple unit Sprinter Diesel multiple units DMUS West of England Westcountry County of somerset outside historic design england light art Portrait new old national fun nude naked nudes The mule mule WOE
1560	0	49991738851	old box edinburgh naked TARDIS stripped rust police
1561	0	25533415667	book books cover read reading girl scientist robot robots fight argue argument fighting aggression mad angry frustrating frustration purple pink hair teeth cartoon cartoons draw drawing drawings
1562	0	35433803390	woman young beautiful happy girl nature summer beauty spring field grass green smile smiling people healthy natural person female outdoor meadow sunny lying pretty portrait sun hair flowers lifestyle teeth happiness face attractive cheerful enjoy freedom season white day countryside park fresh cute adult yellow caucasian sky fun landscape joy
1563	1	44513756764	Ballerina Horror Zombie COsplay Cosplayers Costumes Costumi Costume Cosplayer Girl Spooky Spaventosa Spaventoso Dito Puntato Pointing Finger Bendage Scary Blood Sangue Bende Romics 2018 Fall Romics 2018 Fall
1564	1	50090345156	cult rou rings maitreya forge becky bodice harness gold pumec mesh ears moon 7 deadly skins skin maeline bom pineapple doux hair jenna hairstyle yellow pose sl second life blog blogger female
1565	1	18195419381	nikon d7100 nikon people superman men women usa midwest indianapolis indiana america indy costumes fun red white blue the international bikini indiana motorcycle expo indiana state fair catwalk legs leather skin pose headband blond hair
1566	1	49679555358	selfie skin eyes hair glasses eyebrows
1567	0	48933348333	onion skin creepy face Donnie Darko Frank rabbit black white spooky scary
1568	0	51006859101	dogs terrier tongue pets canine looking travel food suitcase puppy snacks Pitty Poppy dog Pittie anticipation eye yummy Pibble pit bull
1569	0	50279592517	black and white photography black and white photo black and white rabbit nature perfection nature lovers nature photography nature macro photo macro photography macro expression eye pet house pet
1570	0	49378805612	Publiek Domein publieksdomein domeindag publiekdomeindag public domain domainday publicdomainday open content archief bibliotheek makers auteursrecht auteurswet Hilversum Beeld Geluid NIBG OpenNederland EYE Filmmuseum Koninklijke KB Wikimedia Nederland PDDay 2020
1571	0	49671036238	Eye 366 2020 window being singularity ser blue very blue it's just a thing somebody loan me a dime
1572	0	49479921208	Yoga Bolster & Luxury Eye Pillow Set | Handcrafted | Green Nature Print Fabric | Yoga Room Studio | Yoga Gift | Round Bolster | Yoga Props yoga gift idea yoga bolster round yoga bolster green fabric printed fabric floral yoga bolster eye pillow Eye Shade Eye Therapy Eye Bag made in canada small business handcrafted hand made yoga yoga props yoga equipment
1573	0	48807847168	basel switzerland modern messe architecture sky eye circle
1574	1	48756814918	fashion hamilton ontario canada supercrawl 2019 eye faith eye of faith
1575	0	49702120456	Hochplatte Friedenrath Staffen Sauerlahner Aggbichel Bodennebel Nebel Fog Achental CHiemgau BAyern Fish Eye
1576	0	49130609387	patapsco river park mckeldin area state blue-jay bird animal wildlife beak peak wings legs rapids cascade fall water zoom eye nature marriottsville baltimore maryland u.s.a.
1577	0	49078245287	Altitude Bird's Eye View Clouds Cloudy Cold Daylight Daytime Environment Fog Foggy Freezing Frost Frosty Weather Frozen Glacier High Ice Icy Landscape Mountain Peaks Range Summit Nature Photography Wallpaper Outdoors Rocks Rocky Scenery Scenic Sky Snow Capped Mountains Snowy Winter
1578	0	47902542831	box turtle turtles yellow black garden nature wild life wildlife reptile reptiles tortoise eye mirrorless macro
1579	0	33544565528	red tail eagle bird animal fence branches green leaves beak peak eye feathers wing legs claws park magical ranch tlalpan mexico city fauna
1580	0	47128914062	Detail animal beautiful blue bridle brown corral domestic equestrian equine eye head horse licking mammal minerals mouth muzzle nature nose nostril outside riding sand sky space summer tongue young animals Liederbach am Taunus Hessen Germany Deutschland DE
1581	0	32384598698	Adventure Animal Aqua Black Coral Dark Eye Eyeball Fish Grey Marine Nature Neight Ocean Plants Reef Sea Tropical Underwater White
1582	0	44753323004	Black Kite Raptor Bird Prey Eye Beak Feather Nikon Nikkor
1583	0	41391395054	anolis green lezard fauna wildlife animal guadeloupe gwadloup gwada antilles tropical gourbeyre basseterre eye closeup close up macro proxi spotted upclose nikon D610 sigma sigmaart 135mm tiomax tiomax80
1584	0	40929118045	tigers eye gem crystal rock
1585	0	29248486097	frosch frog gras grass macro makro closeup eyes eye auge augen froschauge frogeye amphib amphibie
1586	0	42918136185	butterfly swallowtail insect yellow nature black papilio macro animal closeup wildlife wing summer beautiful machaon colorful detail white flower blue green orange color background beauty natural isolated pink pattern garden lepidoptera biology bug delicate eye view red spots papilionidae close metamorphosis wings swallowtail butterfly plant spring zoology wild space
1587	0	41827525581	cymophane cats eye gem crystal rock
1588	0	26791267158	Los Angeles Los Angeles California CA USA US United States United States America street art streetart graffiti Sorella mind woman eye national
1589	0	39145147941	Louis Bavent Canada Ontario Toronto France World Street Photography Olympus E-M10 hybrid Moments Decisive Creative Commons Flickr Explore best camera prime lens eyed eye Scene snap landscape fiery wheel fire spin spark skyline trillium park light painting painter snow burning
1590	0	26244276179	Louis Bavent Canada Ontario Toronto France World Street Photography Olympus E-M10 hybrid Black White B/W Moments Decisive Creative Commons Flickr Explore best camera prime lens eyed eye Portrait Scene snap landscape Distillery district wall tankhouse bricks
1591	0	38786171585	hand coffee black and white white bean cup black yin yang milk and black coffee cup material circle eye shape monochrome photography
1592	0	36223412802	Attribution Creative Commons Eichhörnchen Ekorre Finland Hyvinkää Orava Red squirrel Sciurus vulgaris Squirrel Tero Laakso animal eyes backyard eye juvenile juvenile squirrel nuori orava oravan poikanen poikanen takapiha talaakso young young squirrel Uusimaa FI
1593	0	35406669680	blue spot spotted puffer arothron caeruleopunctatus eye circles hypnotic pattern yellow
1594	0	34809334181	pareidolia Pareidolie face Gesicht Augen eye eyes Auge Mund mouth character macro Makro macro photography Makrofotographie creative abstract kreativ lock Schloss
1595	0	33458434403	eye demon horror digital Achim Herzog
1596	0	51189692298	eyeball eye close up closeup macro photography intense
1597	0	51190287267	Canon FD Macro 100mm  F4 Anguis fragilis deaf adder slowworm blindworm long-cripple nature close up bokeh lizard animal eye
1598	0	47982934831	New York Brooklyn 2019 leica Coney Island spook a rama eye haunted house amusement park
1599	0	34935001864	golden eye bird wildlife nature young ware hertford meads rye meads
1600	0	31206317420	angora cat chat chats cats photos photo photographie photography picture pic eye wildlife
1601	0	21617843154	Night gellscom Landscape Artistic Gerry Machen Gerry Machen London Eye
1602	0	20494156259	animal eye donkey
1603	1	18871513894	eye Jake
1604	0	19052884182	eye portrait reflection macro citylandscape sunset lights tokyo
1605	0	16487059683	horkstow bridge night light paint fish eye fisheye dark lightpaint lincolnshire
1606	0	13261104783	tokyo japan skytree city birds eye view
1607	0	16162178126	cat eye blue eyes siames deep puppy
1608	1	13723921445	animal bosc monitor canon 600d claw eye lizard reptile savannah monitor scales zoobus
1609	0	13379064493	lilo kitten cat closeup eye fur rimlight whiskers macro cat photographs kitten photographs orange photographs tortoise shell photographs whiskers photographs cat canvas prints cat iphone cases kitten canvas prints kitten iphone cases orange canvas prints orange iphone cases tortoise shell canvas prints tortoise shell iphone cases whiskers canvas prints whiskers iphone cases
1610	1	8703443519	b&w me selfshot autoscatto eye grain mustache dalì
1611	0	9717285295	lomo lomography Black and White Street streetfotografie straßenfotografie Streetphotography streets StPhotographia Björn Björn Bechstein b & w black white bwfp candid candidandstreet frankfurt film dm paradies 200 lc-a bike bicycle velo urban city hip fromthehip unposed crop streettog tog Snap square squareformat Scene Strassenfotografie Moments Decisive Moment Creative Co m- mons Flickr Flickriver Explore Scout 1.8 best camera prime lens left eyed eye
1612	0	9368748113	eye eye institute cinema amsterdam nederland denkrahm ij street straat
1613	0	9239852649	europe london england uk united kingdom tourist vacation visit London Eye eye view city pod
1614	0	9113507114	tigers jaw tigers jaw richmond va rva camel fisheye fish eye lens the camel rva the camel final tour final tour farewell farewell tour
1615	0	8774357635	crown empire crown the empire generation now tour the generation now tour kingdom rva kingdom rva richmond fisheye fish eye lens
1616	0	8730308963	greyhound sepia dog rescue retired racer ear eye close up fur
1617	0	9468579831	Embankment London Londres Inglaterra Ingleses England Reino Reino Unido Unido United Universidades Kingdom UK EUrope Europa eye London Eye Tamesis River Tamesis river Big Ben Big Ben Gran Bretaña Britain Gran Bretaña Breznev Great Britain Great
1618	0	8310671403	Bird Duck Wildlife head fowl eye Ladybower Location Gerry Machen
1619	0	7704037164	garden baby pidgeon detailed feathers close eye glisten bokeh squab dof smooth grey young isle of wight zoom 300mm macro Nikon D200 d200 nikon
1620	0	7951843070	The Hypnotic Eye Lexington Psychedelic Sunday
1621	0	7695587222	India Elephant Eye Canon 60D Perspective
1622	0	7673130646	pills bottle eye lasik giant pills of death
1623	0	7577703972	sparrow chair beak tail feathers eye common birds
1624	0	7476965392	san jose earthquakes los angeles galaxy mls major league soccer la sj quakes stanford stadium june 30 2012 6 12 jon busch black eye goalkeeper goalie
1625	0	7223228010	macro batch Dragonfly faceted eye close-up head gold green
1626	0	7157344726	tree bark wood wooden stump nature knole park whale chameleon knob knobbly eye eyes england UK united kingdom great britain tree stump with an eye eye in a tree trunk whales eye
1627	0	6966428218	eye colorful eyes pretty rainbow beautiful unique human
1628	0	5973415023	cake fisheye fish eye
1629	0	6493332527	light sea eye wheel UK england winter night Nikon D3100 Sigma uwa Immaculate Photons mgwalker mrdubya
1630	0	6486716315	suisse estavayer-le-lac lac granges-de-vesin ane spiterman sony hx-9V lama bebe animal llama eye
1631	0	6442540519	london eye uk united kingdom england
1632	0	6438540339	daisy 2 two flower whiskers fur fluffy fluff nose wet paw straw grass eye eyes beautiful stunning gorgeous lush cute meow cat
1633	0	6346623781	Pony Eye Quarter Horse Palomino Eyes Reflections Sunlight Equine youngphotographers
1634	0	6347209852	rememberance sunday november 2011 duck tours london eye Remembrance UK Thames Memorial
1635	1	6285926806	light dark portrait girls anger hope faith religion contrast close up eye colours stunning macor grimy sitting black white leaves alone
1636	0	6187297206	b&w bullfrogphoto jeremiah john mcbride goat eye
1637	0	6065100222	Wigley Digital Julian Wigley Iphone Collage Photo Mash Australia Ipad Brushes Camera 2011 Building Shed Studio Magpie Paint tubes pictorial puzzle artist's studio rural obscure eye shelving books canvas stretcher bucket truss script Gwenyth Wisewould face History false location fingerpainter idevice
1638	0	5810281679	Temecula Valley Balloon Wine Festival 2011 Third Eye Blind
1639	0	50807822631	volvo s80 s60 v70 v70n p2 wasa limited edition black 2.4t 2.5t t5 t6 t3 t8 turbo td04hl td04 td04hl-13t 13t 13g nighteye bullvision night eye bull vision h7 cree xpd xps led external driver high beam grootlicht groot licht
1640	0	50218856401	chenhowen wesleychen wesley chen howen ho wen 阿鶴 鶴仔 阿鶴仔 螢光魚 螢光斑馬魚 螢光 斑馬魚 fluorescent zebrafish fluorescent zebrafish zebra fish animal model 生命科技 生技 基因轉殖 螢光基因 teleost 斑马鱼 данио peixe-zebra 제브라피쉬 台灣斑馬魚中心 TZCAS TZCF 台灣 斑馬魚中心 ゼブラフィッシュ 班馬魚 cá ngựa vằn poisson zèbre el pez cebra даніо balığı peixe peix cnn bbc cbc flickr zfin best 眼睛 魚眼睛 魚眼 對焦 焦平面 對焦在魚眼睛 eye eyes fisheye excellent
1641	0	50706862616	frogs Teichfrosch Frosch grün green golden eye Sony RX-10-III
1642	0	49644314787	eye suffolk
1643	0	48642632273	eye wall painting Rembrandt graffiti muorre muur muurschildering Mauer Wandgemälde Wandbild Wandmalerei two social people mensen minsken Peuple duo zwei twa twee deux boy girl pace pas path grey griis grijs grau 90mm Prinsentuin Prinsetún tamron Tamron SP AF 90mm F/2.8 Di Macro Sony Photographing Sony sonyalpha A-mount Minolta A mount ON1 Photo RAW 2019 on1pics 2019 candid street photo Straßenfotografie straatfotografie
1644	0	49847607083	White Eye Eye's Horse Horse's Photo's photo
1645	0	49598278136	animal bird bird photography close up conservation conserve nature conserve wildlife eye feather gull herring gull keep our air clean keep our oceans clean keep our water clean larus argentatus nature nature photography nj bird nj gull nj nature nj seagull nj wildlife outdoor outdoor photography protect nature protect our environment protect our oceans protect wildlife seagull water wildlife wildlife photography
1646	0	49293443322	animal bird columba livia coney island bird coney island nature coney island wildlife detail dove eye feather irridescence irridescent keep our air clean nature nature photography ny bird ny nature ny wildlife orange eye pigeon rock dove rock pigeon wildlife wildlife photography
1647	0	48851876636	dog labrador selfie eye photo photography photograph image
1648	0	48628819527	london eye pano samsung city blue sky clouds thames river water bridge high down
1649	0	48181356581	fly red eye mich vlieg Stubenfliege Fliege leaf blêd blad Blatt blue blau green grien groen grün vert read Rot rood rouge skepping Schöpfung schepping creation nature natuur natoer natuer macro sharp Close up Garden Garten tuin tún Sony Photographing Sony sonyalpha α77 SLT A77 II Sony ILCA 77M2 A-mount Minolta A mount 2019 on1pics sonya77ii a77ii ON1 Photo RAW 2019
1650	0	48172317857	Olympus E-M5MarkII Olympus Flickr Texel E-M5MarkII vakantie slufter beach strand oog eye wimper 2019 2019-06
1651	0	48162725981	canon 6d 45mm closeup Black and White high contrast eye
1652	0	48027151911	animal ban pesticides conservation conserve nature detail eastern garter snake eye garter garter snake head keep our air clean keep public lands public nature nature photography outdoor outdoor photography outside protect nature protect our environment protect wildlife reptile scales snake thamnophis sirtalis thamnophis sirtalis sirtalis wildlife wildlife photography
1653	0	47981588441	2019 The Other MAC Store Glass Floor Stairs Apple Cube Entrance Computer Stores near Lincoln Plaza Hotel 66th Street Broadway New York City 06/01/2019 West Side Midtown MACs Macintosh computers entrepreneur innovator co-founder chairman Inc Studios Steve Jobs six below feet view ice frosted plates underneath worms eye views June 1st
1654	0	32673708647	Milano design week mdw2019 mdw 2019 italia woman sleep closed eye glasses relax people public
1655	0	46544873742	cat animal feline eye whisker white ginger
1656	0	45442113235	Macro Mondays SAFETY SAFE MACRO MM Nikon D3400 Tamron SP AF 60mm Di II DX RAW gimp December 2018 eye protection glasses
1657	0	47438037281	backyard beak bird black cap buds cherry tree chickadee eye feathers nature outdoors perched Poecile carolinensis sky spring square
1658	0	45156633505	homebush bay swan Black Swan eye bill beak red
1659	0	43391129560	black&white bnw eye macro
1660	0	31426834897	EF-FX Pro Fuji Tamron Adapter Fringer Canon X-T10 Dog Eye Macro High ISO
1661	0	26881809127	Silvereye Tauhou white eye bird native male sparrow
1662	0	39063911494	feet foot cockatoo Sulphur Crested Cockatoo sulfur crested cockatoo lane cove beak eye
1663	0	24002323058	cat petr pet animal exes eyes eye auge
1664	0	51179698104	cloud sky building trees distortion eye fish ball lens lensball
1665	0	50534217756	playas asturias Flickr Pedro Mena mar sea beach cantábrico España sky lit candilazo ojo eye roca rock hito milestone espuma blanca white foam nubes clouds portizuelo
1666	0	49931685196	bird black blackbird beak eyes eye green grass leaves baby
1667	0	49994674763	Bee Canon 70-200mm f2.8 L IS II USM Canon 80d Canon Extender EF 1.4x III Crab spider Garden Safari Misumena vatia Polaroid 500D Close Up Lens eye focus green prey spider yellow
1668	0	50349735993	red ruffed lemur lemuren roter vari zoom erlebniswelt gelsenkirchen nikon d7000 tierpark zoo germany deutschland bokeh eyes augen hände füße hands feet adorable cute niedlich madagascar 80-200mm f/2.8 Nikkor GrÃ¼n animal tier madagaskar fell fur eye auge foot fuß World Festival day critically endangered public domain blurred background leaves green tree branch iucn list lémur rufo wari var lady outside
1669	0	50781505013	Oriental White Eye Coonoor
1670	0	50584798422	cat feline eye hide flower peek
1671	0	49971610523	animal wildlife bird twitcher twitching birdwatching birdwatcher beak talons wings juvenille jezhowellphoto eye green emu
1672	0	49674616366	asia asian concert cultural culture low energy entertainment festival history music musical orient oriental performance traditional clothing costume dancers design dress east exotic eye face fashion female femininity flower geisha japan japanese kimono colorful colors costumes dance event folk group people
1673	0	49723708856	Alex Hyde April Back from the Brink Epidalea calamita Gems in the Dunes Merseyside Natterjack Toad Night Nocturnal SSSI Sefton Coast amphibians colorful colourful detail dunes eye macro protected sand wildlife Southport England United Kingdom
1674	0	49694474043	Tufted Duck Aythya fuligula Burnaby Lake Water black white feather green sheen blue bill ripple ripples Piper Spit Eagle Creek yellow eye twitch rare accidental British Columbia Canada BC bird blogger Michael Klotz
1675	0	48742352326	eye kuruman lotus flowers chill wallpaper nature plants green
1676	0	48161216752	eye eyes India iris close up 18-55mm Nikon d5500 raipur chhattisgarh
1677	1	33473243798	portrait Fujinon 50mm vintage lens eye girl soft smooth bokeh mouth chocolate posing model
1678	0	47054001942	london eye engl;and winter trees travel olympus
1679	1	29072297387	shooting modeling portrait styling lighting cosplay style professional Gorillazs Photographer eye gintama manipulation vietnam retouch design feeling godox light story
1680	0	42018801490	graffiti Shoreditch Street art eye eyes
1681	0	49674074383	asia asian concert cultural culture energy entertainment festival history music musical orient oriental performance traditional clothing costume dancer design east exotic eye face fashion female japan japanese colorful colors costumes dance event folk samurai
1682	0	42603477574	tobacco cigar habit addiction object smoking unhealthy still life studio concept conceptual closeup macro white background abstract model classical smoke dangerous issue social circle simple sparse copy space paper gray cigarette
1683	0	20768754894	mulafest Madrid skate parkour tricking music urban festival party tattoo
1684	0	8688671915	girl 85 mm canon 60d sun black bokeh hair russia soft light kdl photography 85mm adult alone attractive beautiful beauty body bright brown cheerful child close cute eos eye eyeglasses eyes face fashion female glasses handsome hairstyle head human lifestyle life lighting lips modern luxury looking makeup model person photoshop portrait pretty stylish style successful woman women young
1685	1	30307682146	street city town day annual old men man face Phuket vegetarian festival people tattoo piercing cut scarification blood thailand samui krabi pattaya bangkok lanta chang chinese famous фестиваль пхукет вегетарианский веган люди праздник тату самуи краби бангкок паттая таиланд тайланд color red gold yellow island outdoor national tribe phuketian groupshot today show terrible costume portrait портрет crowd толпа народ девушка girl кровь phuket vegetarian festival vegetarian festival phuket festival
1686	1	50501294791	exhibitionist girlfriend artistic portrait feminine russian glamour erotica sensual amateur closeup people posing indoor erotic fetish slavic shaved erotik female public woman femme adult naked body bare sexy toes 2014 girl feet foot legs model modeling tfp nails nudity nude
1687	1	7735411958	couple love analog film skin naked portrait nature
1688	1	51056077047	#lisa rountree #lisarountree sexy long legs #longlegs blonde amateur wife nude pussy heels shoes glamour pinup fetish mature milf office tx outfits 2021 spring fashion model modeling pose save share bed airbnb photos pics photography
1689	1	51025246938	sarah asian marquette sarah654 socialmedia glasses filipina hotwife wife FWB Friendswithbenefits e
1690	1	50946646662	hot sexy bi brunette babe mature married wife mom milf hotwife lynda short shorts legs grest crossed feet toes anklet
1691	1	50815534631	hot sexy bi brunette babe horny young girl chick married wife mom milf hotwife lynda great legs short mini skirt dress pantyhose nylons stockings leggings rack cleavage low cut top thin skinny slut cheap tacky
1692	1	50566306887	hot sexy brunette bi horny babe mature married wife mom milf hotwife lynda short shorts great legs feet toes toe ring
1693	1	50332155812	hot sexy bi brunette mature babe married wife mom milf hotwife lynda short denim shorts jeans great legs feet toes anklet ankle bracelet rack
1694	1	50248368442	hot sexy bi brunette babe married wife mom milf shared hotwife lynda short mini skirt great legs tank top braless no bra sun tan tanned swinger
1695	1	50200297068	hot sexy bi brunette babe married wife mom milf hotwife lynda drinking cosmo martini great legs short skirt mini micro braless
1696	1	49968922202	hot sexy bi brunette babe young married wife mom milf hotwife lynda great legs short mini skirt dress nylons stockings pantyhose leggings Sexy Young Thing
1697	1	49513017268	hot sexy bi brunette babe mature married wife mom milf cougar hotwife lynda selfie
1698	1	49538092308	hot sexy bi brunette babe mature married wife mom milf shorts legs hotwife lynda feet toes
1699	1	49394597147	hot sexy brunette babe legs tights leggings platform wedges shoes married wife mom milf hotwife Lynda
1700	1	47963358416	Linda GG me wife married mom mother sister neighbor friend happy church member Sunday school teacher frisky Free for commercial use Okay to repost repost Permission to repost face Ok to repost brunette mature Faces of portraits Faces portraits
1701	0	40644833663	Linda GG me Okay to repost Ok to repost Permission to repost repost wife married mom mother sister friend neighbor church member Sunday school teacher holiday vacation travel college educated graduate face homemade frisky Free for commercial use balcony cruse ship ocean blue drink
1702	1	47472235272	hot sexy brunette babe married wife mom milf hotwife lynda legs short skirt mini feet toes rack cleavage micro dress chick wives
1703	1	42464993191	hot sexy mature married wife mom milf hotwife lynda rack cleavage busty chesty brunette cougar nympho chick horny
1704	1	50619017222	hot sexy horny bi brunette babe mature married wife mom milf hotwife lynda short denim shorts great spread legs feet toes anklet toe ring texting sexting
1705	1	51081906021	sarah sarah654 socialmedia sexy wife hotwife housewife share milf asian filipina nobra braless
1706	1	51113013548	busty british wife uk amateur milf sexy cleavage devon exeter
1707	1	50209044043	barefeet toes model modeling brunette glamour pinup pinterest texas dfw alicia legs sexy long gams wrinkled soles wrinkledsoles #feet dwyer #aliciadwyer amateur fashion fetish fitness fashionable footfetish art painted pedicure summer 2020 smile outdoors fit calves exercise yoga yoga-pose pilates crossfit fort worth photos photography milf mature wife wives share toe rings post matters black outfit salon hair nails beauty care products jewlery earings diva foot
1708	1	50095370857	alicia dwyer foot fetish wrinkled soles texas fort worth tx modeling brunette model amateur photography fashion summer 2020 trends clothes outfit outfits fitness fit yoga pilates pose crossfit share smile pinup glamour sexy legs leggy long wrinkledsoles barefoot barefeet pedicure toenails toe nails wife wives hot milf makeup dfw lone star state feet toes painted designs posing pics photos yoga-pose
1709	1	49471598461	alicia dwyer #aliciadwyer feet foot fetish soles brunette barefeet barefoot baresoles babes beautiful legs sexy leg model long leggy wife gams glamour glam longlegs amateur art fashion toe nails toenails pedicure painted footfetish fort worth texas tease pinterest pinup pics photos modeling milf smile tx lone star #lonestar dfw ankle bracelet spread closeup fitness yoga pilates pose crossfit toes
1710	1	49348746668	feet soles wrinkledsoles foot fetish dfw texas wives wife toes pedicure share repost brunette alicia dwyer aliciadwyer tx fort worth model pinup glamour christmas 2019 milf fit fitness legs yoga pilates 2020 sexy modeling pics photos fashion leggy sexylegs
1711	1	51111208371	british milf wife sexy amateur boots heels latex pvc cleavage devon exeter
1712	1	50265811543	busty amateur milf wife sexy slut lingerie kinky heavy chubby thick cleavage stockings brunette exeter devon tiverton taunton
1713	0	48875921716	cariboo chilcotin 108 mile house summer stable barn portrait children kids young youth pose posing dresses fun canon bw black white monochrome contrasts flash dark light tones bc british columbia canada canadian
1714	1	26149054310	Sud-Comoé Côte d'Ivoire CI Maman Mother Madre Femme Enfant children Afrique tendresse Fabuleuse
1715	0	31239347765	Europe South France Süd Frankreich Zuid Frankrijk Midi Méditerranée Occitanie Languedoc Roussillon Hérault Montpellier Métropole Jacou aire de jeux jeux pour enfants constructions aménagements plein-air enfants children playground Extérieur outdoor Canon EOS 5D Isasza
1716	0	26481955111	Vintage valentine valentines child children kids balloon balloons basket angel
1717	0	21272674995	adventures children Dmitry Shparo Expedition Avannaa Krasnodar Matvey Shparo polar exploration Russia tourism
1718	0	9615883605	streetphoto brno czech republic street photography street Romany gypsy children cc Creative Commons
1719	0	10418882135	Somalia Baidoa AMISOM African Union Mission AU Uganda Burundi Civilians Women Children Medical Peace Security Development Bay Bakool Region Health Healthcare
1720	1	51189168491	الفخاري AlFukhari children أطفال
1721	0	49149340416	vintage Queensland aussie mobs Australia gatton 1930s state school school children
1722	0	48440731656	National Guard National Guard Bureau NGB South Carolina South Carolina National Guard SCNG South Carolina Army National Guard Army National Guard SC Army National Guard SCARNG South Carolina Air National Guard SC Air National Guard Air National Guard SCANG youth camp service member and family care service member family care family youth children camp bob cooper
1723	0	47808682292	Ambassador Reading Iftar with Refugee Children
1724	0	51211495998	couple fidi financial district manhattan nyc outdoor overcast people raining rainy rainy day sidewalk umbrella wall st wet wwward0
1725	0	50025135401	60tal Alfa Romeo Alfa Romeo Antique Car Chrome Classic Collector's Concept Domestic Elegance Grille gullietta Hatchback Nostalgia Obsolete Passenger People Traveling Racecar Restoring Retro Revival Roadster Romeao Shiny Sports Style Technology Travel Vintage Guilletta Giulia
1726	0	49883079248	caracol concha escada pessoas homem mulher snail shell ladder people man woman
1727	0	50024591118	60tal Alfa Romeo Alfa Romeo Antique Car Chrome Classic Collector's Concept Domestic Elegance Grille gullietta Hatchback Nostalgia Obsolete Passenger People Traveling Racecar Restoring Retro Revival Roadster Romeao Shiny Sports Style Technology Travel Vintage GT 1300 Junio
1728	0	49964496143	Moscow Walks street streetphoto people Moscow Russia face Russian Federation mood abbsound barhatovcom Music musicians bandsman documentary streetphotography citylife streetlife явижумоскву moscowstreet instamoment russianfoto On foot across Moscow
1729	0	49658858297	zion oak people
1730	1	49658857832	people zion
1731	0	49488931736	Split:def:Buda_Streetview public people Hungary Hongarije Boedapest Budapest streetview street photography straatfotografie streetphoto Budapest V. kerület CC0 Creative Commons 20180819-152051LC coeluc vak_2018.09_Maramures
1732	0	49487991743	gistingsvat butoaie căldări fermentation vessel vat Palinka pălincă palincă people local public man Split:def:17.Pruimenstoker2 Maramures Romania Roemenië street photography straatfotografie streetphoto Breb CC0 Creative Commons 20180817-090412LC coeluc vak_2018.09_Maramures Maramureş
1733	1	49488398956	Glod clothing kleding traditionele klederdracht traditional clothing activity people procession processie banner flag vaandel vendel vlag local young woman woman Split:def:15.kerkfeest2 public headscarf hoofddoek kruis cross kruisbeeld Maramures Romania Roemenië CC0 Creative Commons 20180815-131518LC coeluc vak_2018.09_Maramures Maramureş
1734	0	49488396556	building gebouw house hout wood wooden people local public clothing wasgoed laundry Split:def:Gebouw-gevel Maramures Romania Roemenië street photography straatfotografie streetphoto facade gevel Jereapăn CC0 Creative Commons 20180816-100617LC coeluc vak_2018.09_Maramures Budeşti Maramureş
1735	1	49456505486	People 1970s
1736	0	49346889813	Colorado National Guard CONG @CONG1860 COARNG GSAB Black Jacks aviation helicopter Black Hawk Kosovo NATO #StateOfCO TAGofCO GovofCO LtGovofCO People Readiness #AlwaysReadyAlwaysThere military media interview news media Buckley Air Force Base CO United States
1737	0	49217438012	Dalaman airport luchtfoto aerial view airport luchthaven people public CC0 Creative Commons 20190915-175418LC coeluc vak_2019.09_Turkey Turkey Lycian Way Dalaman Muğla
1738	0	49064582836	#bullying #crime #cybercrime #cyberbullying #cybersecurity #cyberstalker #stalker #infosec #instagram #life #nyc #page #people #psychology #revengeporn #socialmedia #stopstalking #twitter
1739	0	48946307092	autumn woman nature pond water fall outdoor beautiful lake park leaves forest travel landscape foliage people female colorful girl sitting tourism yellow young season holiday vacation calm lifestyle background person tranquil tourist pier tree scenery europe changing pet woods idyllic emerald spectacular serene river golden
1740	0	49053934191	people companion W.E.T. public landscape landschap duinen dune activity walking wandelen CC0 Creative Commons 20191026-144516LC coeluc vak_2019.10_NoordHolland Noord-Holland Schoorl Netherlands
1741	0	48995386783	a_2019.10.25_BundelVoorstelling_Loo_signeersessie Het LOO coeluc Tussen pergamijn bundelvoorstelling signeersessie gedichtenbundel dichtbundel tekenen handtekening public people bundle presentation collection of poetry signing session CC0 Creative Commons 20191025-230703LC Tessenderlo Vlaanderen Belgium
1742	0	48995636991	a_2019.10.25_BundelVoorstelling_Loo_signeersessie Het LOO coeluc Tussen pergamijn bundelvoorstelling signeersessie gedichtenbundel dichtbundel tekenen handtekening public people bundle presentation collection of poetry signing session CC0 Creative Commons 20191025-215938LC Tessenderlo Vlaanderen Belgium
1743	0	33940339288	smartphone woman phone mobile people mobile phone technology young girl female lifestyle communication person smart hand happy holding cyberspace business using smiling device white caucasian screen app portrait fun beatiful background message smile online photo adult modern city digital social media texting selfie attractive camera looking teenage group summer outdoors travel
1744	0	47038019252	VEHICLE CARS CAR TAXI WAGON LORRY VAN TRAFFIC TREES TREE WOOD HIGHWAY ROAD CANON EOS-1D Mark IV CHESTER CITY CENTRE CHESHIRE CHESTER DAYLIGHT DAY EXPLORE EUROPE ENGLAND KEARNEY SKYLINE LANDSCAPE CITYSCAPE CITY ONETERRY OUTDOOR PEOPLE TERRY KEARNEY 2019 COMUTE COMUTING SIGN
1745	0	32111965197	CHINESE NEW YEAR CHINESE NEW YEAR LIVERPOOL LIVERPOOL CHINA TOWN CHINA TOWN Buildings & Architecture BUILDINGS BUILDING STRUCTURE ARCHITECTURE SKYLINE SKY CLOUDS PEOPLE OF THE DRAGON PEOPLE TREES TREE GARLANDS CITYSCAPE CITY LIVERPOOL CITY CENTRE CANON EOS-1D Mark IV CANON DAYLIGHT DAY EXPLORE EUROPE ENGLAND KEARNEY SKIES LANDSCAPE LIVERPOOL MERSEYSIDE ONETERRY OUTDOOR SUNSHINE TERRY KEARNEY URBAN UNESCO WEATHER 2019 Gong Hei Fat Choy
1746	0	46919538425	Mercedes-Benz SLS AMG Exotic Grass Tree Trees People
1747	1	33347886868	Margot Vanderstraeten interview people CC0 Creative Commons 20190224_121940LC coeluc a_2019.02.24_Margot Bubbels met Margot Vanderstraeten cultuurhuis Tessenderlo Leesclub De Boekerij bubbels in de Bib public Tessenderlo Vlaanderen België BEL
1748	1	46459484354	people reception friends Ani Theré Frison Paul CC0 Creative Commons 20190219_215637LC coeluc Cultuurprijs Het Loo Cultuurhuis Cultuuravond cultuurpluimen Minus van Looiprijs Tessenderlo 2019 public a_2019.02.19_cultuurprijs Vlaanderen België BEL
1749	0	46459469184	speech people CC0 Creative Commons 20190219_205526LC coeluc Cultuurprijs Het Loo Cultuurhuis Cultuuravond cultuurpluimen Minus van Looiprijs Tessenderlo 2019 public a_2019.02.19_cultuurprijs Vlaanderen België BEL
1750	0	31987033278	ww1 lives people soldier military East Yorkshire Army History Archives Riding portrait First World War Pte. G. W. Preston, R.A.M.C. George Welburn Preston 1893 - 21 September 1917 Royal Army Medical Corps Hull Herald 1790
1751	0	43507860455	Eckart Preu conductor Spokane Symphony Pavillion Park Liberty Lake Washington bw blackandwhite people music Eckart Preu
1752	0	27433085927	#people #cooking #jilapi #street #food #colour #life #Different #chokbazar #Iftari #time
1753	0	28070425978	Iceland ISL Reykjavík Höfuðborgarsvæðið seaview boat ship schip Harpa concert hall leisure building building yacht Split:def:23_24_Reykjavik_Whale_watching people public CC0 Creative Commons 20170823-170406LC coeluc vak_2017.08_Iceland
1754	0	41038199365	Seljalandsfoss waterfall waterval undercutting behind behind the waterfall Ásólfsskáli Hvolsvelli Iceland ISL Suðurland Split:def:18_10-20_Seljalandsfoss people public landscape CC0 Creative Commons HDR hdr-enhanced 20170818-103012LCAnd6moreEnhanced coeluc vak_2017.08_Iceland
1755	1	51214198733	east river east river park fidi financial district manhattan nyc outdoor people river sunny women wwward0
1756	0	50724063768	Christmas Xmas decoration ornament mall festival people
1757	0	50061181518	Coyote Creek Trail YNP Yellowstone Yellowstone National Park backpackers people
1758	0	50061375397	transport street people monochrome black and white b/w
1759	0	49912750238	Old Faithful Upper Geyser Basin YNP Yellowstone Yellowstone National Park people
1760	0	49858590967	people hat headgear
1761	0	50134526073	Norris Geyser Basin Porcelain Basin YNP Yellowstone Yellowstone National Park boardwalk people
1762	0	49855823348	554th REDHORSE Anderson Air Force Base COVID-19 CVN 71 Construction DOD Det. Guam EMEDS Expeditionary Medical Support System Guam Mobile NEFCPAC Naval Hospital Guam People Task Force 75 Theodore Roosevelt U.S. 7th Fleet U.S. Air Force U.S. Department of Defense U.S. Navy U.S. Pacific Fleet USAF USN United States
1763	0	49768486623	India Delhi people indiani gente mercato market tempio Jaisalmer
1764	0	49642796471	walkalator travelator black and white b/w monochrome people building
1765	0	49630221976	music outreach people Tampa Florida USA
1766	0	49628163732	Ben Carson People SOHUD Secretary White House White House Fellows
1767	0	49310613782	running racing outdoors phoenix park tom brennan 5km fun ireland dublin park people
1768	0	49205659036	Affordable Housing Roundtable Series: A Focus on Construction Alfonso Ben Carson Costa HUD Roundtable on Eliminating Regulatory Barriers to Affordable People SOHUD Secretary dcr seth appleton HUD Roundtable on Eliminating Regulatory Barriers to Affordable Housing
1769	0	49035057606	BMA Ben Carson Chief Sharon D. Rogers Inc.) Korean War Era Veteran: Yeoman 3rd Class Petty Officer Terry Don Nadeem Butler Natalie Bishop People President and CEO (NGEN President and CEO (Technatomy Purple Heart medal SOHUD Sammy Mayo Jr Sammy Mayo Jr Photography Secretary Terry Speigner USN (Ret.) United States Navy Veterans Day Veterans Day Ceremony and HUDVET Senior Advisor Donald  Green and former HUD Employee gold star mothers walter elmore Korean War Era Veteran: Yeoman 3rd Class Petty Officer Terry Don Bennett
1770	0	48942584661	Ben CONFERENCE Carson Event Keynote Remarks Miami People SOHUD Secretary The Real Deal florida interview
1771	0	49013660352	Forest Service employee contest photo wildlife scenic people fire
1772	0	48920648776	National Park Service climate change doi employee glacier interior montana nps park people program ranger rangers talk uniform visitor visitors
1773	0	48408062166	Ben CONFERENCE Carson Denise Cleveland-Leggett Emerging Strategies in Affordable Housing Expo Event People Region IV SOHUD Secretary atlanta employees georgia
1774	0	48401871007	hong kong HK China people street weekend phillipines;
1775	0	48310332192	Ben Carson Housing People Phoenix SOHUD Sammy Mayo Jr Secretary Veteran Housing Veterans Visits arizona
1776	0	48140454022	Small business Beautiful City Wonderful People Amsterdam n.y. new York ghost town dead upstate real-estate abandoned toxic waste hazardous rape sex offender offenders criminal Mohawk valley violent 12010 capital capitol region Albany troy Schenectady cruelty abuse religious intolerance intolerant urban decay heroin drugs narcotics robbery elderly disabled for sale dirty unsafe ghetto crime river development renewal link park Montgomery county Gateway Overlook Pedestrian Bridge Riverlink Fest kayaking
1777	0	48057632368	Ben Building Carson HUD Housing Innovative Housing Showcase 2019 Day 2: State and Local Governme People SOHUD Sammy Mayo Jr Sammy Mayo Jr Photography Secretary dc homes local nahb the NATIONAL mall Innovative Housing Showcase 2019 Day 2: State and Local Government Day
1778	0	50814807072	Small business Beautiful City Wonderful People Amsterdam n.y. new York town upstate real-estate toxic rape sex offender offenders criminal Mohawk valley violent 12010 capital capitol region Albany troy Schenectady cruelty abuse religious intolerance intolerant urban decay heroin drugs narcotics robbery elderly disabled for sale dirty unsafe crime river development renewal link park Montgomery county Gateway Overlook Pedestrian Bridge Riverlink Fest kayaking lanzi restaurants Proclamation news times union
1779	0	51020404503	black & white b&w architecture Singapore building people
1780	0	49002932111	people profession reciter verteller voordrager family household Luce Rutten friends Frison Paul a_2019.10.25_BundelVoorstelling_Loo Het LOO coeluc Tussen pergamijn bundelvoorstelling gedichtenbundel dichtbundel public bundle presentation collection of poetry CC0 Creative Commons 20191025-202831LC Tessenderlo Vlaanderen Belgium
1781	0	46500198254	Margot Vanderstraeten people family household Luce Rutten interview CC0 Creative Commons 20190224_123355LC coeluc a_2019.02.24_Margot Bubbels met Margot Vanderstraeten cultuurhuis Tessenderlo Leesclub De Boekerij bubbels in de Bib public Tessenderlo Vlaanderen België BEL
1782	0	41069383782	bts j-hope jimin min kim park kpop idol boy group v taehyung jungkook jeon beautifull number one yoongi rm namjoon jin korea jk hallyu jh jm soekjin hosoek bangtan suga
1783	0	40258221944	bts jungkook jk rm jh jim jimin jm jin v taehyung kpop idol boy group hallyu suga min yoongi beautifull sweet love
1784	0	27903980475	step love foot hand shadow girl boy heart stairs square
1785	1	8119387893	Guangzhou Sky Creative Model girls boys girl boy student Outdoors Canton China University
1786	1	51185793776	sissy femboy boy lingerie thong skirt socks long hair butt ass hole gay horny bra pretty cute emoboy emo
1787	1	51142372730	twink gay man underwear seobean sexy hot amateur selfie boy femboy
1788	1	51141281261	twink cute sissy boy crossdress skirt lingerie dress bra panties underwear naked nude sexy hot amateur gay femboy
1789	1	42328503382	nature lake wet wetlook water wetbody wetfashion fashion weather hairychest hunk hiking hairybody landscape legs nipples mud messy muddy swamp marsh bodyart nude naturist nackt male stud sexy
1790	1	51047148341	adultbabygirl adultbaby diaperedgirl rainwearteen rainweargirl rainwear diaper rubberfetish rubbergirl peinlich feel ashamed embarrassedgirl gummifetisch Gummischürze Häubchen babypants plasticpants hotpants teen teengirl Teenager babyface Schürze embarrassed Anorak Regenkleidung downwear bdsm Mädchen Dhimmi Dhimmitude zimmi Harem slavegirl Gummihose Windel Windelmädchen schwitzen Schweißgeruch Pudelmütze bobcup Friesennerz peasant embarrassement Küchenhilfe kitchenmaid Hauswirtschafts-Azubi sweating sweatinggirl Babyspeck Kapuze Mädchenkapuze toilet toiletgirl loo loogirl well-behaved girl enslaved Sklavenmädels Sklavin Sklavenhandel slave trade hooded hoodedgirl
1791	1	49692384517	adultbaby adultbabymaid diaper diaperedgirl diapergirl Gummizofe Gummistiefel Friesennerz teen teeny rainwearteen Schürze Gummischürze Regencape raincape apron aprongirl servantmaid dhimmi dhimmitude Plastikschürze Häubchen bonnet bonnetgirl rubberfetish rainwear rainweargirl Gummihose oilskin Regenjacke Regenhose Daunenjacke downwear downweargirl Kellnerin Bedienung Hausmädchen frenchmaid Zimmermädchen Kapuze Kapuzenmädchen hood hooded hoodedgirl Hosenscheißer gewindelt Plastikhose babypants babyface Dreikäsehoch Gummifetisch rubber clothes rubbergirl rubberdoll master submissive girl muslim master slavegirl slavetrade slavemarket Sklavenmarkt Sklavenhandel Toilette toilet toiletwoman Klofrau Gummikleidung
1792	1	49674856063	frenchmaid adultbabygirl adultbaby diaperedgirl rainwearteen rainweargirl rainwear diaper rubberfetish rubbergirl peinlich feel ashamed embarrassedgirl gummifetisch Gummischürze Häubchen babypants plasticpants hotpants teen teengirl Teenager babyface Schürze embarrassed Anorak Regenkleidung downwear bdsm Mädchen Dhimmi Dhimmitude zimmi Harem slavegirl Gummihose Windel Windelmädchen schwitzen Schweißgeruch Pudelmütze bobcup Friesennerz peasant embarrassement Küchenhilfe kitchenmaid Hauswirtschafts-Azubi sweating sweatinggirl Babyspeck Kapuze Mädchenkapuze toilet toiletgirl loo loogirl well-behaved well-behaved girl enslaved girl Sklavenmädels Sklavin Sklavenhandel slave trade hooded hoodedgirl
1793	0	8965683402	madrid mad La Tape beer cervezamadrid toilette restroom aseo
1794	0	50990030146	Thurk Clintonville Wisconsin WI Wis Thurk's Thurk's Tavern estate family collection Thurke Thurke's
1795	1	42750168184	street photography fashion family blogger london city
1796	0	39098006834	family david memory
1797	0	36366911486	Peover Knutsford game angling fair falconry jousting hounds rescue dogs security dogs hunting fishing shooting family day countryside pursuits & pastimes Cheshire
1798	0	34238035456	Braae Disneyland Disney's California adventure World of Color Water Animation Vacation Entertainment Free Resort Anaheim Ears of Experience Family California Disney Travel Trip Planning
1799	0	28997849644	youth play family street boys happy
1800	1	29387767741	painting people family madonna child joseph vanCleve Siff Sinebrychoffintaidemuseo
1801	0	22656304036	silhouettes football path pathway bridges backlight overexposure sunlight water ditches family shadows banks willows sunrays scattering atmosphere atmospheric shade autumn
1802	0	23852103350	OPC 211215 varios tren barraca bruja papa Noel familia family niño vagones gente
1803	0	8306531766	Tephrocactus articulatus diadematus 2012 TUS Opuntia articulata diademata Spruce Cone Cholla Family Cactaceae blooming
1804	0	50702813288	Alpine Loop Family NLCS Wilderness colorado Alpine Loop National Backcountry Byway BLM Colorado
1805	0	49982081626	Chandler Arizona police Church Jesus Christ Latter-day Saints Mormons Mormon stalking stalker Temple Congregation Bishop Evangelical Christian missionary missionaries hate hater Tabernacle Choir Zion Mormonism Salt Lake City Utah joseph smith abuse bully spirituality endangerment enlightenment terrorist lds pride pflag religion religious Jewish catholic Muslim faith Native American black gay lesbian lgbtq Hispanic family sex offender
1806	0	49628818141	coat arms family heritage ancestry coa vector
1807	0	49102174852	Alpine Loop Family NLCS Wilderness colorado Bureau of Land Management BLM Colorado wildflowers hiking
1808	0	48899274291	Syracuse New York USA wedding family historic building historic place mansion goth goth-theme goth-themed wedding Central New York wedding photography wedding photographer
1809	0	48324908876	Redeployment welcome home ceremony Family deployment Afghanistan Operation Freedom's Sentinel Army Commandos 2nd Battalion 15th Field Artillery Regiment Allons 210th Brigade Support Battalion Providers 41st Engineer Battalion Mountain Sappers 1st Squadron 89th Cavalry Regiment Wolverines 4th Battalion 31st Infantry Regiment Polar Bears 14th Infantry Regiment Golden Dragons 87th Infantry Regiment Catamounts 2nd Brigade Combat Team 10th Mountain Division New York Fort Drum United States
1810	0	48365537242	Panzerknacker www.breakoutbasel.ch Bâlecatraz Bâlechemisten Bâleteken BâleRoyal Real Live Escape Game Switzerland Adventure Abenteuer Spiel Teamevent Event Unterhaltung Entertainment Wanted! WantedJul19 friends family bobInsassen
1811	0	48357183702	Philipes Gang www.breakoutbasel.ch Bâlecatraz Bâlechemisten Bâleteken BâleRoyal Real Live Escape Game Switzerland Adventure Abenteuer Spiel Teamevent Event Unterhaltung Entertainment Wanted! WantedJul19 friends family bobInsassen
1812	0	48336070156	royale flash Bâlecatraz Bâlechemisten Bâletheken Real Live Escape Game Switzerland Adventure Abenteuer Spiel Teamevent Event Unterhaltung Entertainment Wanted! WantedJul19 friends family bobGangsters
1813	1	48330768566	ladies for freedom Bâlecatraz Bâlechemisten Bâletheken Real Live Escape Game Switzerland Adventure Abenteuer Spiel Teamevent Event Unterhaltung Entertainment Wanted! WantedJul19 friends family bobInsassen
1814	1	48154659987	augusta ga travel rainbow festival colorful love summer party liberal lgbt gay kiss hands flags color couples mate family summy happy cool sun fun wet good senses smell taste sight hearing touch dance new movement stonewall
1815	0	48314086716	obviously the best www.breakoutbasel.ch Bâlecatraz Bâlechemisten Bâleteken BâleRoyal Real Live Escape Game Switzerland Adventure Abenteuer Spiel Teamevent Event Unterhaltung Entertainment Wanted! WantedJul19 friends family bobChemist
1816	0	48068679362	lauras Bâlecatraz Bâlechemisten Bâletheken Real Live Escape Game Switzerland Adventure Abenteuer Spiel Teamevent Event Unterhaltung Entertainment Wanted! WantedJun19 friends family bobInsassen
1817	0	48020330137	Kamikatzen ChickenWins www.breakoutbasel.ch Bâlecatraz Bâlechemisten Bâleteken BâleRoyal Real Live Escape Game Switzerland Adventure Abenteuer Spiel Teamevent Event Unterhaltung Entertainment Wanted! WantedJun19 friends family bobGangsters
1818	0	47958394791	Bird avian songbird Cardinal family fledglings
1819	0	40466989613	USDA US Department of Agriculture Oklahoma ranch ranching cattle family farm farming farmersgov
1820	0	33683747648	169th Fighter Wing McEntire Joint National Guard Base S.C. Air National Guard SCANG South Carolina Air National Guard S.C. Air Guard South Carolina S.C. Eastover 169th FW/PA 169th FW Swamp Fox South Carolina ANG Family Day SCNG South Carolina National Guard SCARNG South Carolina Army National Guard family fellowship McEntire Joint National Guard Ba USA
1821	0	47393457241	vintage australia mother children family house home residence aussiemobs
1822	0	31398198557	moonta south australia family soldier father son vintage army military ww1 aussiemobs
1823	0	46978015132	U.S. Army Army Operation Spartan Shield Deployment ceremony Deployment New Jersey Army National Guard NJARNG New Jersey National Guard NJNG Army National Guard National Guard 44th IBCT Community support Citizen Soldiers Soldier Soldiers Family West Orange N.J. U.S.
1824	0	47010591011	U.S. Army Army Operation Enduring Freedom - Horn of Africa Operation Enduring Freedom Horn of Africa Deployment ceremony Deployment New Jersey Army National Guard NJARNG New Jersey National Guard NJNG Army National Guard National Guard 44th IBCT Community support Citizen Soldiers Soldier Soldiers Family Jersey City N.J. U.S.
1825	0	46082907385	Post050219 Bâlecatraz Bâlechemisten Bâleteken BâleRoyale Real Live Escape Game Switzerland Adventure Abenteuer Spiel Teamevent Event Unterhaltung Entertainment Casino Labor Tempel Gefängnis Wanted! WantedFeb19 friends family bobInsassen
1826	0	46930885691	Hockey www.breakoutbasel.ch Bâlecatraz Bâlechemisten Bâleteken BâleRoyal Real Live Escape Game Switzerland Adventure Abenteuer Spiel Teamevent Event Unterhaltung Entertainment Wanted! WantedJan19 friends family bobHunters
1827	0	46336341601	Die drei Fragezeichen www.breakoutbasel.ch Bâlecatraz Bâlechemisten Bâleteken BâleRoyal Real Live Escape Game Switzerland Adventure Abenteuer Spiel Teamevent Event Unterhaltung Entertainment Wanted! WantedDec18 friends family bobChemist
1828	0	31689876588	ABC Saturday Superstar Hanna-Barbera Animated Series pilot episode Schoolhouse Rock Cartoon 1966 All In The Family Castle 1975 Carol Burnett TV AD Folk Rock Cincinnati Charlton Heston MASH Vampire Mason Reese Lucan rare WKRP 1978 Dracula LIFE Magazine Kids Sci Fi animation fun family Ghost Story classic old film 1977 Death disco 1976 70s nostalgia Saturday Morning star wars Sid Western Marty hustle hippie Winterhawk (1975) Gerald Ford Krofft Run Joe Run German Shepherd bell bottoms Grizzly Adams John Denver summer fun sitcom summer Norman Lear Saturday morning cartoons Gilligan's Island Walt Disney sherwood schwartz Cher
1829	0	45848250542	Presidio of Monterey Defense Language Institute United States Army Garrison Monterey Army Golden Knights Jimmy Panetta Veterans Day Monterey County Veterans Day Parade Military Army Navy Air Force Marines Color Guard Salinas Veterans Service Members Family parade
1830	0	44296649624	farr family
1831	1	44990546461	photobooth Casino CasinoBale CaBa The Buchis www.breakoutbasel.ch Bâlecatraz Bâlechemisten Bâleteken BâleRoyal Real Live Escape Game Switzerland Adventure Abenteuer Spiel Teamevent Event Unterhaltung Entertainment Wanted! WantedSep18 friends family bobGangsters
1832	1	43355352495	photobooth Casino CasinoBale CaBa dreamers Bâlecatraz Bâlechemisten Bâletheken BâleRoyal Real Live Escape Game Switzerland Adventure Abenteuer Spiel Teamevent Event Unterhaltung Entertainment Wanted! WantedAug18 friends family bobGangsters
1833	0	42792870454	milwaukee va medical center veteran affairs healthcare veterans milwaukee va milwaukee va medical center zablocki va memorial day wood national cemetery national cemetery administration hallowed grounds hallowed hallow child people family legacy honor community
1834	1	43384415082	416th 416th TEC Army Reserve Engineers FRG Family Soldier US Army Reserve
1835	0	41431674630	photobooth Casino CasinoBale CaBa Ocean's 2 www.breakoutbasel.ch Bâlecatraz Bâlechemisten Bâletheken BâleRoyal Real Live Escape Game Switzerland Adventure Abenteuer Spiel Teamevent Event Unterhaltung Entertainment Wanted! WantedJul18 friends family bobPrisoners bobHunters bobChemist bobGangsters
1836	0	28350164097	trail outdoors family Every Kid in a Park nature California Sacramento River Bend Outstanding Natural Area explore hiking
1837	0	42311257475	McCaskey www.breakoutbasel.ch Bâlecatraz Bâlechemisten Bâletheken BâleRoyal Real Live Escape Game Switzerland Adventure Abenteuer Spiel Teamevent Event Unterhaltung Entertainment Wanted! WantedJul18 friends family bobPrisoners bobHunters bobChemist bobGangsters
1838	0	42797370981	driving mirror dog wind reflection animal pet loved family motion
1839	0	50337324236	south carolina national guard sc national guard scng national guard promotion colonel family friends ceremony recgonition south carolina columbia soldiers service
1840	0	50680496136	Church, Jesus, Christ, Latter-day, Saints, Mormons, Mormon, stalking, stalker, Temple, Congregation, Bishop, Evangelical, Christian, missionary, missionaries, hate, hater, Tabernacle, Choir, Zion, Mormonism, Salt, Lake, City, Utah, joseph, smith, abuse, bully, spirituality, endangerment, enlightenment, terrorist, lds, religion, religious, Jewish, catholic, Muslim, faith, Native, American, black, Hispanic, family, sex, offender
1841	0	49923565273	Chandler Arizona police Church Jesus Christ Latter-day Saints Mormons Mormon stalking stalker Temple Congregation Bishop Evangelical Christian missionary missionaries hate hater Tabernacle Choir Zion Mormonism Salt Lake City Utah joseph smith abuse bully spirituality endangerment enlightenment terrorist lds pflag religion religious Jewish catholic Muslim faith Native American black Hispanic family sex offender Preaching Gospel Sunday Morning
1842	0	50909607258	antiracist design diy antifascist antifa sticker racist racism typography protest blm injustice politics political propaganda agitprop
1843	0	36593376861	number numbers signs sign God
1844	0	49523030591	religious supernatural spiritual wisdom heaven faith hope peace love joy fun happiness cool sick motivational off the chain music entertainment dance goth thrash fitness exercise
1845	0	49636819318	facade architectural element gevel public people companion Toneelhuis streetview coeluc CC0 Creative Commons 20200229-154508LC w_2020.02.29_Antwerpen Belgium BEL Antwerpen Bourlaschouwburg geo:lon=+4.40620340 geo:lat=+51.21604960 geotagged Vlaanderen
1846	0	49056700337	Anna Maria Farias BMA Ben Brian Montgomery Carson DEPSEC Deputy Secretary FHEO FHEO All Managers Meeting People SOHUD Secretary assistant secretary
1847	0	48949379953	steam train boy kid child father dad daddy
1848	0	50047988548	primavera spring ciudad de Granada Granada city Alhambra de Granada Religión Religion Arte Art siglo XIII 13th century arte Andalusí Andalusian art Patrimonio de la Humanidad World Heritage
1849	0	38307780632	#ahmadiyya #trueislam #religion #peace #muslimsforpeace #loveforallhatredfornone #islam #picoftheday #muslim #quote #quotestoliveby #quotesaboutlife #wisewords #wisdom #nature #instadaily #learn #inspirationalquotes #realtalk #truewords #wordsofwisdom #beinspired #wealthywords #itstrue #goldenwords #truth #words #thinking #thoughts #projectahmadshahid
1850	0	38307761892	#ahmadiyya #trueislam #religion #peace #muslimsforpeace #loveforallhatredfornone #islam #picoftheday #muslim #quote #quotestoliveby #quotesaboutlife #wisewords #wisdom #instadaily #inspirationalquotes #realtalk #truewords #wordsofwisdom #beinspired #wealthywords #itstrue #goldenwords #words #bookstagram #money #blessings #gold #charity #projectahmadshahid
1851	0	8932951688	Christchurch Christchurch Eartquake Cardboard Cathedral Stained Glass window Modern buildings A Frame Church Religion Sony DSLR A580 Architecture Places of worship Holy places Religon Public Domain Dedication (CC0) free photos cco
1852	0	21577722973	Background Berättelse Docka Doll Fiction Freja Frigg Frigga Gudar Gudinnor Mytologi REligion Storie Web Design website Ämnen
1853	0	34555254763	#MayMustGo Conservative Party Cybershot DUP Downing  Street HX60V Jeremy Corbyn Lightroom London ON1 Photo 10 Sony Theresa May Tories anti-DUP demonstration political politics protest
1854	0	22256080235	EK-GC100 Galaxy Camera Jeremy Hunt London Perfect Photo Suite Twitter Waterloo Place Westminster doctor junior junior doctor lightroom march political politics protest #juniorcontract Creative Commons
1855	0	16939813427	party political bullshit graffiti
1856	0	11968365023	CIC MIGS UN USA concordia event foreignaffairs political politics
1857	0	10372593424	collage Pop Politics political art rainbow rainbow_flag blogging opinions Photoshop Photoprocessing Photo_Morph Political rob Goldstein San Francisco California #BlueWave #Resist #TheResistance
1858	0	50011501283	covid pandemic virus 2020 covid-19 park sign signage
1859	0	50294839166	canoneosrp canoneosrpphoto rolandtanglaophoto vancouver canonef28-135mm eosrp East van eastvancouver walk Walking not rainy not sunny clouds cloudy shoulda woulda coulda should would could jacksons store sign
1860	0	49978997292	bridge city walk Dmitrov Moscow Region olympus russia Russian Federation sign street superstition urban Moscow barhatovcom abbsound Дмитров Московская Область Зима Город
1861	0	49629358292	apartment building Baltimore Charles Street condominium condos Highfield Road Ludwig Mies van der Rohe Maryland modernism modernist sign
1862	0	49053413253	nobody public sign information sign jogging CC0 Creative Commons 20191028-104430LC coeluc vak_2019.10_NoordHolland Noord-Holland Callantsoog Netherlands
1863	0	15744604791	architecture cold marroc snow copyleft Free Cultural Works free pictures open license 2d Morocco Marruecos Maroc Maghreb Afrique Africa CMSTools:PhotoRing arquitectura Carlos ZGZ neige nieve outdoor CC0 Public domain No copyright No Rights Reserved sign Creative Commons CMSToolsTagGroups|30009679N00|13386921N00|99769916N00|1779201N23|1880177N24|26241990N00|506268N23|1564884N22|1770642N23|1098365N25|1115578N22|2532236N24|990205N24|25022669N00|1267988N25|76831503N00|2615514N25|2038893N24|1939948N22|59823798N00|77356438N00
1864	0	44238414911	city michigan sign clinton river watershed official signage oakland county pontiac
1865	0	43295835434	no dogs baseball diamond sign Franklin County Ohio central Ohio suburb Grandview Heights park Pierce Field
1866	0	40774665412	Baltimore Broadway commercial building Fells Point Maryland signage sign commercial signage
1867	0	39967223644	Baltimore Lafayette Avenue Maryland open space park sign roadside sign historic marker
1868	0	36782109183	Vinton County Appalachian park lake sign entrance southeastern
1869	0	36254608322	panneau road sign graffiti tag street-art Clet
1870	0	35615242053	panneau sign road graffiti tag street-art
1871	0	35181461713	hdr bridge sweden lake river tree trees downtown city building buildings store stores nature outside outdoors cloudy sunset night evening reflection hotel sign
1872	0	35254278692	japanese japan norway germay new york toronot child deaf sign language asl csl nsl england red persons equality adoption hoh kimono
1873	0	32891207281	fog foggy tree trees woods sign
1874	0	23611009233	frick park sign
1875	0	22558368066	Tennessee Jack Daniels sign grain whiskey
1876	0	24129532822	detour hulton bridge construction sign handwriting handwritten
1877	0	23047425025	I-69 Interstate 69 Indiana Monroe County road interstate construction freeway sign big green sign infrastructure Crider & Crider
1878	0	22207889401	Moose Jaw Saskatchewan sign signage private parking
1879	0	22010670029	Moose Jaw Saskatchewan chop suey cafe chinese signage sign
1880	0	14922632083	pieter weerspad sign amsterdam
1881	0	15257161367	powell street skyline 94608 sign highway 80 emeryville
1882	0	49275551453	Midway Sign Atoll Pacific Pacific Ocean Midway Atoll Midway Atoll National Wildlife Refuge Papahanaumokuakea Papahanaumokuakea Marine National Monument National Wildlife Refuge USFWS Northwest Hawaiian Islands
1883	0	39493614935	Memphis, Tennessee Beale Street O'Sullivan's Hooters sign signage Shelby County business street side advertisement
1884	0	36154803225	Avaaz BENIM ADIM OZLEM ambassade ambassy asking autorite banderole banner defense des droits humains demande emprisonne emprisonnee face france gathering human rights jail liberation manifestation membre operation organisation paris petition prison protest rassemblement rue rue ankara sans chef accusation sign signature staff turc turkish turquie visage
1885	0	34474967173	Memphis, Tennessee Shelby County caboose train sign business advertisement
1886	0	30487132622	sign airport security station flying transit
1887	0	24830698890	INTERPRETIVE SIGNAGE SIGN ST CLOUD DAY USE AREA US FOREST SERVICE WASHINGTON COLUMBIA RIVER GORGE COLUMBIA RIVER GORGE NATIONAL SCENIC AREA FACILITIES columbia river gorge nsa national forests national forest national scenic area
1888	0	30567552766	airport sign gates gate
1889	1	48729789553	hot sexy brunette babe mature married wife mom milf shared hotwife lynda legs short shorts feet toes texting sexting anklet ankle bracelet chick
1890	1	48124536163	Linda GG me wife married mom mother sister friend neighbor face church member repost Sunday school teacher Free for commercial use frisky homemade holiday vacation brunette mature
1891	0	48096107417	Linda GG me wife married mom mother neighbor friend church member Sunday school teacher repost frisky college educated graduate homemade happy friendly face
1892	1	49068429816	busty british milf wife amateur exeter devon uk cleavage boots heels sexy
1893	0	50944581651	Beltsy PerioadaInterbelica PerioadaInterbelicaBalti Resedinta mitropolitului Visarion Puiu ResedintaEpiscopalaBalti StradaVisarionPuiu1Balti StradaVisarionPuiuBalti Visarion Puiu St balti balti interbelici balti vechi biserica bishop residence church interbellum interwar balti interwar period moldavia moldova old balti republic of moldova republica moldova resedinta resedinta episcopala residence str Visarion Puiu бельцы бэлць интербеллум межвоенные бельцы межвоенный период молдавия молдова резиденция резиденция епископа резиденция митрополита республика молдова старые бельцы ул Виссариона Пую церковь
1894	0	50064338647	moldova republic of moldova chisinau church
1895	0	50042785798	church building England Somerset
1896	0	49949522733	norway oslo domkirke church carnerstone antique
1897	0	49862088202	Alexandr Karpisin St BisericaAcoperamantulMaiciiDomnuluiBriceni Church of the Intercession StradaAlexandrKarpisin32Briceni StradaAlexandrKarpisinBriceni biserica biserica acoperamintului maicii domnului briceni brichany church intercession maica domnului moldavia moldova r-n Briceni raionul briceni republic of moldova republica moldova str Alexandr Karpisin temple богородица бричанский район бричаны бричень молдавия молдова пресвятая богородица республика молдова ул александра карпишина церковь церковь покрова пресвятой богород церковь покрова пресвятой богородицы
1898	0	49753393278	Strasbourg Bas-Rhin Alsace Grand Est nouvelle Austrasie France Europe Straßburg Nieder-Rhein Elsass Großer Osten New Austrasia Frankreich Europa Neu Austrasien Lower-Rhine Great East Nikon D7000 XX Johann-Karl Ott Saint Stephen Saint Etienne Stephanus Santo Esteban Stephanos école lycée période wilhelmienne quartier impérial historicisme art nouveau éclectisme feuille d'acanthes crénelage clocher verre verrerie vitrail polychromie vert bleu Neustadt school high school wilhelmian period imperial district historicism eclecticism acanthus leaf crenellation bell tower glass glasswork stained glass polychromy green blue Schule Gymnasium Wilhelmszeit Kaiserbezirk Historismus Jugendstil Eklektizismus Akanthusblatt Zinnen Glockenturm Glas Glaswaren Glasmalerei Grün Blau church église
1899	0	49479396847	Venice Church Bell Monument Architecture Vintage Public Domaine Palace
1900	0	49512928481	BdStefanCelMare190Chisinau BdStefanCelMareChisinau ChisinauVechi ImperiulRusChisinau St Nicolas Church bd Stefan cel Mare biserica biserica sf nicolae chisinau church imperiul rus khishinev moldavia moldova old chisinau russian empire бул Штефана чел Маре кишинев кишинэу молдавия молдова российская империя старый кишинев церковь церковь св николая BisericaSfNicolaeChisinau
1901	0	47894020971	alps snow dawn mountain soft chapel quite silence switzerland blue iglu dorf Europe winter church building chappel calm postcard alpes montañas nieve calma azul
1902	0	46799275695	Barmouth Wales church estuary Mawddach view
1903	0	50903355797	BaltiVechi Beltsy Hotinului St ImperiulRusBalti StradaHotinului39Balti StradaHotinuluiBalti UsiVecheBalti UsiVecheBisericaSfGrigoreIluminatorulBalti armenian church balti biserica biserica armeneasca biserica sfantul grigore iluminatorul church grigore iluminatorul imperiul rus moldavia moldova old balti old door republic of moldova republica moldova russian empire str Hotinului usa veche usi veche армянская церковь бельцы бэлць молдавия молдова республика молдова российская империя старая дверь старые бельцы старые двери хотинская ул церковь святого григория
1904	0	50988547407	newcastlewestend newcastle upon tyne fenham churches church stjamesandstbasil
1905	0	50901074711	newcastlewestend westroad churches church
1906	0	49721681557	COVID-19 Coronavirus quarantine Hocking County Logan, Ohio southeastern Ohio Appalachian Ohio Ohio 2020 virus cancelled services church sermon Sunday weekly Christian religious Protestant building parking lot public health worship God
1907	0	50151508247	Horreby Horreby kirke Den danske Folkekirke Falster Lolland-Falster stift Folkekirken christianity lutheran church
1908	0	50150314186	Stubbekøbing Stubbekøbing kirke Falster Lolland-Falster stift Den danske Folkekirke Folkekirken lutheran church christianity
1909	0	50919944331	Slovakia Pribylina museum houses village history traditional wooden Múzeum liptovskej dediny Pribylina open-air museum
1910	0	50720477517	Donald Trump Trump conservative Republican President election politics politician campaign sign yard sign Steer Inn McArthur Ohio southeastern Ohio southern Ohio Vinton County Appalachian Ohio signage BLM Black Lives Matter activist movement social political flag Market St Market Street 93 SR 93 route 93 USA United States of America United States America race barn big small
1911	0	34363315393	Tommy Robinson Report Public Domain Politics Political British Flag Mark Latham Tragedy Britain England Brickwall Fascist Racist
1912	0	33134212492	#MarchForWomen Billy Bragg Care International City Hall International Women's Day Lightroom London Lumia 930 March4Women More London Nokia OnOne Photo 10 The Scoop Tower Bridge Tower Hill activist cellphone guitarist mobile musician phone singer Creative Commons
1913	0	12875973555	DSC03143-1403 La Reunion Island Phone Hands B&W Selected color 2014 Sony NEX-3 SEL1855 Barachois
1914	0	51061206816	Folkmanis Raccoon Stage Puppet Forest Leaves Cellular Telephone Cell Mobile Phone Photography Univaded
1915	1	39553975645	CRUSHED IT CELL PHONE VICTOR PIZZEY FELECIA187 BASEBALL BAT 100KPH TOSS OUT WINDOW OF CAR
1916	0	23220478680	Jamadots Hiawatha Telephone Company Munising Michigan Internet Phone Rekindle The Spirit 2015 Frotsty Snowman Photo Booth Santa Silly Masks www.jamadots.com Alger Chamber of Commerce Pictured Rocks National Lakeshore Hiawatha National Forest Upper Peninsula U.P.
1917	0	39513171324	Ben Carson Housing People SOHUD Secretary african american black history christine culture history holbert jenkins kenneth krewasky la wanda museum national salter war world war young
1918	0	37841723421	japaneseinternment identitycards worldwarii unlawful racist nikkeicentre burnaby
1919	0	50034436443	Trump President jerk fool idiot racist insane moron
1920	1	51194900603	tranny transvestite crossdresser crossdressing homosexual gay queer gender bender gender queer transvestite in black tights transvestite not fancy dress transvestite in black pantyhose transvestite schoolgirl crossdressing schoolgirl schoolie schoolgirl transvestite he's dressed as a girl he's wearing girls clothes
1921	1	51128575389	#gayfeet #malefeet #boyfeet #malefootfetish #gaybear #chub #chubby #feet #fetish #gay #smellyfeet #foot #gayfeetmaster #gayfeetfetish #malesoles #boyfootworship #malefootworship #sexymalefeet #barefeet #manfeetlover #gayfeetlover #feetporn #maletoes #masterfeet #menfeet #teenboyfeet #guyfeet
1922	1	51127608907	tranny transvestite crossdresser crossdressing crossdresser schoolgirl crossdressing schoolgirl tranny schoolgirl transvestite schoolgirl schoolie tights and socks socks over tights tights socks t-bars wynsors kiera t-bar shoes queer gay gay gay gay gay gay gay gay gay gay gay homosexual crossdresser not fancy dress crossdresser not cosplay socks tights t-bars black tights and white socks gender bender collants noirs et chaussettes blanches collants et chaussettes gender queer transwestyta transwestyta publicznie travesti en publico
1923	1	51125617317	tranny transvestite crossdresser crossdressing sissy gay gay gay gay gay gay gay gay gay gay gay transvestite not fancy dress fancy dress transvestite cosplay transvestite homosexual queer gender queer gender bender black tights collants noirs crossdressing sissy tights pantyhose black pantyhose he's wearing girls clothes he's dressed as a woman he's wearing gurly clothes he's dressed as a gurl
1924	1	51125589034	transvestite tranny crossdresser crossdressing queer homosexual collants et chaussettes collants noirs et chaussettes blanches black tights and white socks socks over tights tights socks t-bars wynsors kiera t-bar shoes wynsors platino kiera t-bar shoes wynsors black t-bars crossdresser schoolgirl he's dressed as a schoolgirl he's wearing girls clothes he's an Internet transvestite travesti travesti en publico transwestyta transvestite schoolgirl transvestite not cosplay crossdresser not fancy dress gender bender gender queer gay gay tranny gay gay gay gay gay gay gay gay gay gay crossdressing schoolgirl tights and socks worn together black pantyhose and white socks sissy
1925	1	51125207072	tranny transvestite crossdresser crossdressing transwestyta transwestyta publicznie queer crossdresser not fancy dress cosplay transvestite gay sissy gender bender socks over tights tights and socks tights and socks worn together black tights and white socks black pantyhose and white socks collants noirs et chaussettes blanches collants et chaussettes gender queer homosexual he's wearing gurls clothes he's dressed as a gurl gurl gurly gurly guy he's wearing tights he's wearing black pantyhose he's a sissy travesti en publico crossdresser in public
1926	1	50983497913	wynsors kiera t-bar shoes tan tights and white socks tranny transvestite transwestyta crossdresser crossdressing schoolie tranny schoolgirl tights socks t-bars crossdresser schoolgirl gay
1927	1	50984250507	tranny transvestite crossdresser crossdressing tan tights and white socks white pelerine knee socks tranny schoolgirl transvestite schoolgirl transwestyta queer tights socks t-bars wynsors kiera t-bar shoes wynsors black t-bar shoes tranny in bottle green schoolgirl uniform gay gender bender gender queer
1928	1	50983072481	tan tights and white socks tights socks t-bars wynsors kiera t-bar shoes wynsors black t-bars tranny transvestite crossdresser crossdressing gay homosexual crossdresser schoolgirl queer gay crossdresser gay tranny queer tranny tranny schoolgirl transwestyta crossdressing schoolgirl transvestite not cosplay crossdressing in schoolgirl uniform tan pantyhose and white socks tranny in bottle green schoolgirl uniform tan tights white ankle socks and black t-bar shoes transvestite schoolgirl dressed as a girl he's wearing girls clothes he's dressed as a schoolgirl he's dressed as a girl gurls clothes dressed as a gurl wynsors platino kiera t-bar shoes socks t-bars tights gender bender gender queer Flickr transvestite
1929	0	50962842527	tranny transvestite crossdresser crossdressing gay gay tranny tights socks t-bars socks t-bars tights socks over tights tights and socks worn together black tights and white socks wynsors kiera t-bar shoes wynsors black t-bar shoes wynsors platino kiera black t-bar shoes black t-bar shoes gender bender gender queer queer queer tranny transwestyta transvestite not cosplay crossdressing not fancy dress homosexual homosexual dressed as a schoolgirl he's wearing girls clothes he wears girls clothes he only wearing girls clothes he's dressed as a schoolgirl he's wearing a schoolgirl uniform Box-pleated Box-pleated school skirt crossdressing schoolgirl t-bars tranny in bottle green schoolgirl uniform transvestite in bottle green schoolgirl uniform crossdresser in bottle green schoolgirl uniform crossdressing in bottle green schoolgirl uniform dressed in gurls clothes dressed as a gurl he's dressed as a girl
1930	1	50865835253	tranny tranny schoolgirl transvestite schoolgirl transvestite crossdresser schoolgirl crossdresser crossdresser in schoolgirl uniform crossdressing schoolgirl crossdressing in schoolgirl uniform tights socks t-bars socks t-bars tights schoolie black tights and white socks tights and socks queer queer tranny schoolgirl bottle green Box-pleated school skirt Box-pleated wynsors kiera t-bar shoes wynsors kiera t-bars wynsors black t-bar shoes wynsors t-bar shoes wynsors t-bars wynsors black t-bars homosexual dressed as a schoolgirl gay gay tranny gay tranny schoolgirl gay crossdresser gay crossdresser schoolgirl gay transvestite gay transvestite schoolgirl socks over tights tights and socks worn together black tights and white socks worn together white socks worn over black tights black t-bar shoes and white socks tbars tbar shoes gender bender schoolgirl gender bender collants noirs et chaussettes blanches travesti transwestyta transwestytą
1931	1	50746019743	Sissy Miguela Exposed Faggot Maid Slut Gay Transgender Stockings GarterBelt HighHeels
1932	1	50788707282	tranny transvestite crossdresser tranny not fancy dress tights he is wearing tights he wears tights gay gay crossdresser queer gendee bender
1933	1	49253049018	jockstrap Jock beefcake retro Knee socks Vintage Male pinup Football Bedroom Muscle Magazine Pose Gay sexy
1934	0	50441121083	kanta-hämeen kuvapankki visithäme visithame Häme Kanta-Häme HAMK Smart VIKKE Boost Westernlakeland Visit Finland Lepaa Lepaan puutarha kartano viini golf palvelut nature culture EAKR Hameenliitto Hämeenliitto vipuvoimaaeulta Hattula
1935	0	17458645140	ots15 opentechsummit berlin kalkscheune open source conference linux free software Barbara Fischer Wikimedia Coding da Vinci culture partnerhsip OpenXLab
1936	0	50495487436	salon des artistes orleanais orleans benoit gayet tetsuo harada annie harada viot le mag sculptures ceramique céramique art culture
1937	0	40365602250	Steven Shepard POM Presidio Military Army Monterey California IMCOM Language Day DLI DLIFLC Defense Language Institute open house costumes culture language foreign language linguist dance students colorful event
1938	0	35729347802	NB New Brunswick Canada Canada150 Grand-BayWestfield #NBProud #FiertéNB Tourism Heritage Culture Nouveau-Brunswick NewBrunswick
1939	0	37189519195	U.S. Army Defense Language Institute DLI linguist language culture St. Jerome patron saint
1940	0	35060599160	U.S. Army TRADOC Davenport Defense Language Institute language culture multi-domain battle NCO 2020 Strategy SFAB Black Daggers NCO Professional Development System Army Operating Concept 229th MI
1941	0	34702012636	steven shepard military language foreign language language day army presidio pom dli dliflc defense language institute language capitol soldier field culture costumes ethnic linguist navy air force marine corps student Monterey California United States
1942	0	29504536793	Culture Pyrus New York Botanical Garden, LuEsther T. Mertz Library bhl:page=6541514 dc:identifier=http://biodiversitylibrary.org/page/6541514 Seckel pear
1943	0	30051370981	Culture Pyrus New York Botanical Garden, LuEsther T. Mertz Library bhl:page=6541424 dc:identifier=http://biodiversitylibrary.org/page/6541424 Frederick Clapp pear
1944	0	21948314494	travel tourist tourism tenerife teide spain space print poster monuments islas canarias heritage earth culture canary islands artwork parquenacionaldelteide
1945	0	22557332752	travel tourist tourism spain space print poster plano patios mosque monuments mirhab mezquita catedral map juderia heritage earth culture cordoba barrios artwork andalucia
1946	0	49256547108	Ancona italy cc0 public domain images 2017 vacation travel
1947	0	49256675577	Croatia debrovnik 2017 travel cc0 public domain images
1948	0	49255553292	europe vacation 2017 travel cc0 public domain images Mykonos Greece
1949	1	49118992877	beauty gorgeous beautiful experience world love cute photooftheday swag amazing bestoftheday life pretty art look nice soothing smooth nature grace relax relaxant chill cool travel photography therapeutic onlocation hot sensual sexy sensuality photoshoot sweet
1950	1	48491675901	zajdowicz art sculpture statue bronze woman nude color outdoor available light lightroom kreeger museum washington dc travel usa creative commons pomona aristide maillol
1951	0	50086707277	1851-1929 Animals Birds Chapman, Abel, Description and travel Field notes Natural history Pictorial works Sketchbooks Sudan Travel Smithsonian Libraries bhl:page=58366745 dc:identifier=https://biodiversitylibrary.org/page/58366745
1952	0	49999718528	etoile exploration explorations etl travel travelling art abstract artist amazing artistic laurentguidali creativecommons creativecommon
1953	0	50000226216	exploration explorations travel travelling traveller art abstract artist amazing artistic laurentguidali creativecommons creativecommon freetouse blackwhite whiteblack arts illusion 3D
1954	0	49813863858	1812-1880 19th century Animals Animals, Fossil Antiquities Archaeology Bolivia Brazil Castelnau, Francis, comte de, Description and travel History Indians of South America Natural history Peru Plants Scientific Expeditions South America Travel Smithsonian Libraries bhl:page=33046528 dc:identifier=https://biodiversitylibrary.org/page/33046528
1955	0	4007193188	cloud blue sky rock Arizona landscape geology geography trail vacation beauty wonderful view sunny vista lovely wild free land wilderness hike best weather good environment southwest beautiful travel
1956	0	51192092998	saint john's antigua caribe caribbean travel viagem férias holidays
1957	0	50029612348	Slemminge Slemminge kirke Lolland Lolland-Falster stift Den danske Folkekirke Folkekirken lutheran christianity
1958	0	31835681800	sidecar War guerra R-12 1941 BMW sespan
1959	0	51144875683	australian tank sentinel ac1 ww2 world war 2 color colour
1960	0	26147376067	Pecos National Historical Park Pecos New Mexico Pecos Civil War Encampment Civil War
1961	1	37241918562	kelham hall american civil war American civil war society confederate army union army wet plate dry plate confederacy antietam battle of antietam
1962	0	28549769602	documentary photography war warfare poverty poor poor people poor child Nicaragua social issues suffering james nachtwey extreme poverty abject poverty
1963	0	29997954742	Port Royal port royal virginia charter day Charter Day festival 15th annual Charter Day festival Port Royal community pirates Colonial-era civil war
1964	0	23712848682	starwars world war 2 wwii scifi black and white war
1965	0	22050309261	HISTORICAL historic history Oregon Siuslaw Spruce Production Division WWI World War One Forest Service Region Six R6 spruce production siuslaw national forest oregon coast black & white
1966	0	16668784890	United States Air Force U.S. Air Force USAF Air Force Air National Guard U.S. Air National Guard ACC Air Combat Command Department of Defense New Jersey NJ 177th Fighter Wing 119th Fighter Squadron 119thFS 177thFW Atlantic City AC airman airmen F-16 Fighting Falcon Egg Harbor Township USA creative commons royalty free public domain photo photograph digital matt hecht getty reuters AP public domain royalty free military aircraft aviation combat iraq afghanistan war operation enduring freedom operation iraqi freedom strike eagle sunrise sunset Air Force One Red Flag Alaska Green Flag East combat aviation pilot pilots military pilot helicopter helo rotary wing fixed wing jet fighter plane airplane
1967	0	30382454521	mythology wedding hindu marriage culture ramayana swayamvara ram sita rama legend prince people indoor couple princess event love grand ceremony palace india matrimony nuptial hero king queen wedlock sacred divine celebration knot faith relationship exotic
1968	0	17880243729	Vintage Ford Truck Automobile Building Outdoor Elvis Warehouse Public Domain
1969	0	15983540167	1949 Mercury Modified Custom Robert Fox Oklahoma Shaved Doors Club Coupe Custom Paint Silver Silk Paint Lead Sled Coolest Dad A Girl Ever Had Mercury Club Coupe 49 Merc Tinted Windows Spotlights Copan OK Dad's 49 Customized Automobiles Classic Led Sled Automobile 49 Mercury 1949 Mercury Classic Car Interior Garage My Dad
1970	0	49041153557	blue mountains national park vintage australia govetts leap blackheath car automobile vehicle lookout aussiemobs
1971	1	26637849560	flood 1917 renmark south australia horse drawn bridge automobile motor car trolley aussiemobs
1972	0	27355611856	1894 BnF Gallica France Français Old photo History of Automobile Automobile История автомобиля Франция Галлика Национальная библиотека Франции National Library of France Bibliothèque nationale de France
1973	0	27255270575	Автомобиль и война Первая мировая война World War I WWI 1914 Старый журнал К спорту! ГПИБ State Public Historical Library SPHL Russian Empire History of Automobile Automobile
1974	0	27482154916	Блок Ж. Свобода передвижения РГБ Автомобиль Мотоцикл Российская империя 1906 RSL Russian State Library Automobile
1975	0	48323349402	road runner mighty mouse comics vintage retro reading looking portrait girls children kids canon camera outdoors outside sitting content satisfied canadians young youth bright colorful colourful collage picture photo photograph photography flickr Vignette theme depiction image
1976	0	30617864808	samochód car auto
1977	0	25471284837	Historic Auto à la Beaujoire 2018 voiture ancienne nantes moto vélomoteur cyclomoteur vélo tricycle microcar tracteur caravane utilitaire bus véhicule militaire Miniatures jouets revues spécialisées spécialistes de la sellerie plaques pièces détachées assurances expertise formation outillage location négoce traitement de surface entretien maroquinerie Maserati
1978	0	33430801962	2017 aston martin audi autosalon genf 2017 bugatti cadillac divers models ford mustang koenigsegg maserati mercedes benz motorshow geneva opel cascada peugeot porsche rinspeed salonauto geneve sbarro toyota lexus vw arteon auto car cars geneve geneva genève suisse switzerland schweiz rolls royce
1979	0	49714372568	Motor Vehicles Motor Vehicles Registration DMV MVD Auto Metro Carlovers Cars Car Carlifestyle Carporn Instacars Carphotography Cargram Carlove Carstagram Automotive Carlover Amazingcars Street Carshow Drive Tempe Arizona United States of America
1980	0	47208038992	vintage socks car nz kiwi retro 2019 auto shorts bermuda fashion summer 1970s 70s 1980s 80s knee walk socks long Socks mens gents club rally show legs tie older old schooL' wearing akubra hat australia felt bermuda shorts new zealand
1981	0	26485081997	auto rojo antiguo calle
1982	0	35901830783	Hetzer Heidi Hudson Auto Car Caffenol
1983	1	22248100420	Fiat Girl sexy Model Spandex Car Oldtimer Show Outdoor Fahrzeug Auto
1984	0	28847344037	number signs God providence 33 88 Jesus Holy Grace Spirit Christ
1985	0	14640462201	vacanza europe viaggi viaggio europa travel tourism journey tourist people trip holiday vacations city traveler vacation visiting urban culture european stroll capital capitale museum brutal bruxelles belgium belgio architecture cc0 public domain free image photo foto dominio pubblico no rights reserved no copyright wtfpl cc creative commons web use download images background gratis libre 免费 copyright free high quality
1986	1	41328510695	BTS jungkook suga number yourself group beautifull tour seoul USA album United States Singularity taehyung hallyu jeon tear soekjin love korea one life comeback hosoek sweet concept j-hope trailer worlwide Los Angeles rm park world photo bangtan bighit yoongi boy jimin min idol kim jin jim namjoon kpop
1987	0	42229507941	jungkook jimin jin jeon jh jk jm jim namjoon j-hope soekjin USA suga yourself number tour group beautifull album Singularity taehyung seoul hallyu tear sweet one love korea life concept United States hosoek comeback trailer worlwide Los Angeles photo BTS bighit bangtan rm park world yoongi boy idol min kim kpop
1988	1	41263115405	bts kpop jungkook suga number yourself group beautifull tour seoul album taehyung hallyu jeon tear sweet one soekjin love life comeback korea hosoek concept trailer worlwide j-hope rm park world photo bangtan bighit yoongi boy idol jimin min kim jin namjoon jk jh jm
1989	1	50978189948	abuse addict addiction background bag black cash cocaine composition crime criminal danger dark depression divided dollar drug flat forbidden fractured heroin illegal junkie line medicine money narcotic nobody object package plastic powder separated sniff substance syringe table temptation top track unhealthy view white
1990	0	35572285793	Molly Molly Dilworth Sculpture axiom custom omega morgan grand ronde willamette meteorite portland pdx psu state university school business b-corp the future forgotten space artist art public skanska behnisch srg NYC Brooklyn tulsa taf future labor global trade Architecture contemporary green leed john grade panorama powder coat installation install
1991	0	16014927382	ellemgee photography dog dogs Sapsaree Molly grey shaggy dog shaggy dog pet photography pets wet dog water dog nose
1992	0	14565842375	Molly Molly Dilworth LMCC Smack Mellon Sculpture Painting paintings pattern Dilworth design concrete contemporary art artist artwork craft
1993	0	14782066576	Humpback Whales Newfoundland 2014 Molly Bawn Whale Puffin Boat Tour Ocean
1994	0	48980314592	Molly Tuttle Leeds
1995	0	51081312567	mug cup brew drink tea coffee desk
1996	0	49310512152	business Paris France building night light window dark nuit tertiaire tour immeuble tower Boildieu esplanade igh Défense Europe quartier District affaire lumière town ville skyscrapper bureau desk windows fenetre energy energie electricity electricité work gratte-ciel
1997	0	49504628663	2020_01_30 lax-ewr flying aviation windowseat windowshot aerial UNITED United Airlines UAL trip 757 United 757 Mount Wilson Mt. Wilson mountains ridge geology broadcasting radio TV television towers FM
1998	0	49982587397	2020 Times Square Closed Sunday 06/07/2020 NYC June Black Lives Matter Social Distancing during Coronavirus Protection Medical Clinton Neighborhood Corona virus COVID-19 near AD Advertisement side walk forty second St 9th Ave Looting happening lately New York City Covid 19 Subway sign Traffic looking South skyscraper department store Blue Sky
1999	0	34003847288	Mauritius Moris Ile Maurice Ile de France Historic Mauritius Pamplemousses Parking Scam Rip-Off Illegal Criminal
2000	0	51216519858	Graffiti Art Paint Spraypaint Graff Bombing Rail Fan Train Freight Autorack Boxcar Tracks Flick Tag Piece Traincar Well Car Benching Railcar Hopper Freights Railroad Rails Krylon Montana MTN 94 Flicks Rust-Oleum Southern California California SoCal CC Attribution License Creative Commons (CC) License Fujifilm X-Pro3 7Artisans 7.5mm F/2.8 Fisheye Santa Fe BNSF Yard Depot
2001	0	51033852708	Graffiti Art Paint Spraypaint Graff Bombing Rail Fan Train Freight Autorack Boxcar Tracks Flick Tag Piece Traincar Well Car Benching Railcar Hopper Freights Railroad Rails Krylon Montana MTN 94 Flicks Rust-Oleum Southern California California SoCal CC Attribution License Creative Commons (CC) License Fujifilm X-Pro3 Fujifilm 23mm f/2 E2E WholeCar KOSM
2002	0	51157997572	Graffiti Art Paint Spraypaint Graff Bombing Rail Fan Train Freight Autorack Boxcar Tracks Flick Tag Piece Traincar Well Car Benching Railcar Hopper Freights Railroad Rails Krylon Montana MTN 94 Flicks Rust-Oleum Southern California California SoCal CC Attribution License Creative Commons (CC) License Fujifilm X-Pro3 Fujifilm 23mm f/2 JONAS
2003	0	51158653976	Graffiti Art Paint Spraypaint Graff Bombing Rail Fan Train Freight Autorack Boxcar Tracks Flick Tag Piece Traincar Well Car Benching Railcar Hopper Freights Railroad Rails Krylon Montana MTN 94 Flicks Rust-Oleum Southern California California SoCal CC Attribution License Creative Commons (CC) License Fujifilm X-Pro3 Fujifilm 23mm f/2 EVERY RAIN
2004	0	50903022083	Graffiti Art Paint Spraypaint Graff Bombing Rail Fan Train Freight Autorack Boxcar Tracks Flick Tag Piece Traincar Well Car Benching Railcar Hopper Freights Railroad Rails Krylon Montana MTN 94 Flicks Rust-Oleum Southern California California SoCal CC Attribution License Creative Commons (CC) License Fujifilm X-Pro3 7Artisans 7.5mm F/2.8 JABER
2005	0	50756447218	Graffiti Art Paint Spraypaint Graff Bombing Rail Fan Train Freight Autorack Boxcar Tracks Flick Tag Piece Traincar Well Car Benching Railcar Hopper Freights Railroad Rails Krylon Montana MTN 94 Flicks Rust-Oleum Southern California California SoCal CC Attribution License Creative Commons (CC) License Fujifilm X-Pro3 Fujifilm 23mm f/2 Cajon Pass EVADES
2006	0	50712564222	12-06-2020 Graffiti Art Paint Spraypaint Graff Bombing Rail Fan Train Freight Autorack Boxcar Tracks Flick Tag Piece Traincar Well Car Benching Railcar Hopper Freights Railroad Rails Krylon Montana MTN 94 Flicks Rust-Oleum Southern California California SoCal CC Attribution License Creative Commons (CC) License Fujifilm X-Pro3 Fujifilm 23mm f/2
2007	0	50499802867	Graffiti Art Paint Spraypaint Graff Bombing Rail Fan Train Freight Autorack Boxcar Tracks Flick Tag Piece Traincar Well Car Benching Railcar Hopper Freights Railroad Rails Krylon Montana MTN 94 Flicks Rust-Oleum Southern California California SoCal CC Attribution License Creative Commons (CC) License Fujifilm X-Pro3 Fujifilm 23mm f/2 TOAST ASRT
2008	0	50499601041	Graffiti Art Paint Spraypaint Graff Bombing Rail Fan Train Freight Autorack Boxcar Tracks Flick Tag Piece Traincar Well Car Benching Railcar Hopper Freights Railroad Rails Krylon Montana MTN 94 Flicks Rust-Oleum Southern California California SoCal CC Attribution License Creative Commons (CC) License Fujifilm X-Pro3 Fujifilm 23mm f/2 ORIBLE
2009	0	50439456483	Graffiti Art Paint Spraypaint Graff Bombing Rail Fan Train Freight Autorack Boxcar Tracks Flick Tag Piece Traincar Well Car Benching Railcar Hopper Freights Railroad Rails Krylon Montana MTN 94 Flicks Rust-Oleum Southern California California SoCal CC Attribution License Creative Commons (CC) License Fujifilm X-Pro3 Fujifilm 16mm f/2.8 KUSHED OUT SOULS
2010	0	50314308962	Graffiti Art Paint Spraypaint Graff Bombing Rail Fan Train Freight Boxcar Flick Tag Piece Traincar Benching Railcar Hopper Freights Railroad Rails Krylon Montana MTN 94 Flicks Rust-Oleum Southern California California SoCal CC Attribution License Creative Commons (CC) License Fujifilm X-Pro3 Fujifilm 23mm f/2 KLOZER
2011	0	50080926423	Graffiti Art Paint Spraypaint Graff Bombing Rail Fan Train Freight Boxcar Flick Tag Piece Traincar Benching Railcar Hopper Freights Railroad Rails Krylon Montana MTN 94 Flicks Rust-Oleum Southern California California SoCal CC Attribution License Creative Commons (CC) License Fujifilm X-E3 Fujifilm 23mm f/2 Character
2012	0	50149733482	Graffiti Art Paint Spraypaint Graff Bombing Rail Fan Train Freight Boxcar Flick Tag Piece Traincar Benching Railcar Hopper Freights Railroad Rails Krylon Montana MTN 94 Flicks Rust-Oleum Southern California California SoCal CC Attribution License Creative Commons (CC) License Fujifilm X-E3 Fujifilm 23mm f/2 07-21-2020 VOLGR
2013	0	50080935703	Graffiti Art Paint Spraypaint Graff Bombing Rail Fan Train Freight Boxcar Flick Tag Piece Traincar Benching Railcar Hopper Freights Railroad Rails Krylon Montana MTN 94 Flicks Rust-Oleum Southern California California SoCal CC Attribution License Creative Commons (CC) License Fujifilm X-E3 Fujifilm 23mm f/2 ELMO
2014	0	50021119111	Graffiti Art Paint Spraypaint Graff Bombing Rail Fan Train Freight Boxcar Flick Tag Piece Traincar Benching Railcar Hopper Freights Railroad Rails Krylon Montana MTN 94 Flicks Rust-Oleum Southern California California SoCal CC Attribution License Creative Commons (CC) License Fujifilm X-E3 Fujifilm 23mm f/2 TELKR
2015	0	51034570636	Graffiti Art Paint Spraypaint Graff Bombing Rail Fan Train Freight Autorack Boxcar Tracks Flick Tag Piece Traincar Well Car Benching Railcar Hopper Freights Railroad Rails Krylon Montana MTN 94 Flicks Rust-Oleum Southern California California SoCal CC Attribution License Creative Commons (CC) License Fujifilm X-Pro3 Fujifilm 23mm f/2 DOPES
2016	0	9818706974	graffiti train trains
2017	0	51220575716	Astronaut DMA Studio AFN Space SMDC Interview Television NASA
2018	0	50170566962	Mt. Wilson Mount Wilson 2020_07_26 transmitter transmitters antenna antennas antenna farm tower farm Los Angeles hike outdoors infrastructure broadcasting radio television
2019	0	49772445762	366 2020 toilet paper advertising television North America Charmin
2020	1	49460643493	Wendy Family 1957 Bank Lane Telephone Television
2021	0	46130118265	LeicaM4 TriX television washitsu 新日本風土記 tayami shouji 21:05 film Biogon28mmZM
2022	0	50952165128	macbook apple computer laptop desk office work working developer coding webdesign designer dark lights RGB
2023	0	51074512678	ben_e._king stand by me Hamburg Graffiti legal fischmarkt
2024	0	25040104027	san francisco city california scott richard torbakhopper art artist painting painter liquidpainting liquid SF SFMET smoking weed marijuana joint portrait gocentric man self street photographer scottrichard scottrichardphotographer scottrichardpainter scottrichardartist scottrichardart scottrichardpainting
2025	0	25882572920	orange b&w black white gray graffiti red ninja mislata valencia spain
2026	0	50602943208	Leica street scape Laneway Street Photograpy light colour camera lens aperture Leica Q graffiti wall shop window red cat man
2027	0	15571910765	deacon dom done discussion day drug spbda seminary spbpda spb service saint-petersburg students spiritual saint sermon science academy art angel architecture alt administration assembly ancient archbishop Ambrose archpriest easter russia religion remember rise regent theological theotokos temple orthodox open prayer pray pravoslavie priest people press portrait photo Pantokrator patriarch politic Komarov liturgy light music molitva monk mission memory memorial Malyarov bishop bw
2028	0	50720977912	meteor shower sky nightsky stars dark galaxy milkyway earth earthsky perseid perseids meteors summer august annual north northern hemisphere bright fire fireball ice midnight night rare long color colorful evening horizon moonlight delta aqua aquarid perseus shooting shootingstars
2029	0	49591674173	Drogue Drug Sensibilisation Awareness Police GRC RCMP Division C GHB HEROIN COCAINE AMPHETAMINE METHAMPHETAMINE MDPV MEPHEDRONE CANNABIS MDMA Ecstasy KETAMINE SYNTHETIC CANNABINOIDS Québec CANNABINOÏDES SYNTHÉTIQUES
2030	0	32495578733	jordan taylor jordan taylor dark danger eerie forest fallout vault trees creepy fight shadows run daytime sunrise midday sitting camping survival mountains trail knife canteen
2031	0	26174802602	santa pod festival of speed bedford canon speed racing cars bikes raceway fire danger
2032	0	20607040368	Grand_Haven Michigan waves wind danger light light_station splash Great_Lakes Lake_Michigan Beach Surfing surf_boarding
2033	0	51078820172	deer marsh environment environmental conservation Outdoors Beauty in Nature No People Remote Location nature scenics - nature Babcock Wildlife Management Are Fred C. Babcock Cecil M. Webb W Punta Gorda - Florida Florida - US State perching animal wildlife one animal animal themes animals in the wild water animal landscape - scenery reflection danger Babcock Wildlife Management Area Fred C. Babcock Cecil M. Webb Wildlife Management Area Nikonflickraward
2034	0	50313488087	Dormitz danger erlangen flickr hike publish-public
2035	0	50244075083	Whitehaven West Cumbria England North St Bees Head family danger cliff edge
2036	0	50012842378	Bolivia forest fires EU civil protection mechanism EUCPM Latin America wildfires firefighting firefighters CP civil protection emergency response European Union European Commission DG ECHO flames destruction forest hazard danger
2037	0	51119644432	dandelion weed food syrup
2038	1	50726807867	marijuana leaf cannabis leaf weed illustration
2039	0	50722114056	Asteraceae Indian Weed Sigesbeckia orientalis
2040	0	50670567373	Polygonaceae Persicaria hydropiper Smart Weed
2041	0	50102402288	Australia weed orange-berries berries poisonous Duranta erecta fruiting Duranta Verbenaceae flickr-only Duranta repens fruits seeds
2042	0	32983338534	goldenrod_weed goldenrod Canadian_Goldenrod weed weeds weeds_in_snow
2043	0	50327707642	plant weed riparian summer park urban park Decatur Georgia focus stack closeup
2044	0	50266861371	Fujifilm X100F abandoned antenna brick empty house jungle overgrown vine wall weed window
2045	0	49902682798	dandelion spring seasons plant nature outdoor macro close-up flower weed
2046	0	48087169946	allotment gardening weed plant UK N3 London Finchley Pointalls Allotments flower Rubus fruticosus brambles
2047	1	49988203593	feminization corset tg ts tv tgirl tranny trans transexual transgender transsexual transvestite genderbender gurl rafiat m2f mtf makeup rafiatg
2048	1	49552627063	androgyny androgynous sissy corset tg ts tv tgirl tranny trans transexual transgender transsexual transvestite genderbender gurl rafiat m2f mtf makeup rafiatg feminization
2049	0	50644552866	pillow sheep crochet pocket coins yarn handmade olga
2050	0	51092529497	aeroflot boeing 777 business class food catering flight tripreport seat cabin first
2051	0	50012105472	adorable animal auto automobile bag baggage ball beautiful breed cabinet camera cane canono car case clever collar cute dog doggy drive driver happy hat holiday indoor inside lead leader lifestyle looking nobody passenger pedigree pet portrait ride riding seat sitting small suitcase to sit traffic transport transportation travel traveler travelling trip trunk vehicle window
2052	0	48764354536	Sprint 19 Southbank Centre Event Workshops Workshop Speaker Speakers Talk Post-it notes Presentation TV Breakout Breakout session
2053	0	50892491648	Goleta California cat kitten feline dresser bad cat bad cats Nikon F6 Nikon film camera wedding photo wedding photos
2054	0	51048008763	shadow profile sofa Schatten
2055	1	50559601428	Banksy Cushions Sofa Gross Domestic Product Huawei P30
2056	0	50945096066	Hamburg Graffiti holm hlm tooth
2057	0	48977087557	Art Installation Thread Art Spinning Accra Chale Wote Fort Jamestown Chale Wote 2019 Prison Contemporary Art Performance Hair Black Knitting Ghana Bond Ghana Africa Hemp rope sack
2058	0	51126932141	seat ibiza 1/43 concurso autoesala anuncio diecast diorama fotografia
2059	0	50572670801	seat bench
2060	0	50364044132	bench Seat
2061	0	49851615152	seat Raphael
2062	0	49356881267	Linie_8 Route_8 interior interiør interieur seat sæde detail detalje detaille bus citybus Volvo Volvo_B10MA bendybus ledbus BÅS Aarhus_Sporveje Aarhus Denmark Danmark Dänemark Denemarken Danemark Danimarca Säffle_2000NL Säffle newin2000 retired_in_2012 afmeldt_2012 abgemeldet_2012 Dalgas_Avenue Tangkrogen bybus PublicTransport offentlig_transport Öffentliches_Verkehr 00_451 stadtverkehr traffic verkehr trafik bytrafik
2063	0	48774575727	Seat Mii Electric Seat Mii EV
2064	0	47845998711	Qingdao Shandong République populaire de Chine Arrow Left Right Road Sidewalk Wall Lines Man Seat Seated Cold Winter Sun Sunny Shadow Alone Lonely Rest Resting Uniform Clean Cleaner Life Decision Hard Duty Nonsens Street Urban City Outside Outdoor People Candid BW BNW Black White Black&White BlackandWhite Monochrome Natural-Light Natural Light Asia Asian China Chinese Canon EOS 100D 24mm Prime Dirrections
2065	0	51163820449	stanwell moor phone box seat k6
2066	0	51141258466	Coffee works Mareeba tractor seat
2067	0	50887954247	Daventry Country Park Daventry Cold Snow Winter Seat Bench Fence
2068	0	51013142621	memoria memory sit seat chairs collection col·lecció cadires seients
2069	0	49345286162	Seat 800
2070	1	45975600242	girl skirt dress blue shiny metallic sexy hot cute sweet happy car Seat Leon Cupra smile joy fun t-girl gurl tranny outside pumps heels feminine girly elegant lovely necklace joyous satin silk lycra spandex
2071	0	50958254158	Deutschland Germany Sachsen Saxony Chemnitz Kunst urban art Graffiti Straßenbahn Tram Instagram Samsung Galaxy S20+
2072	0	51111279224	iphonexr gaming lol office work macbookpro minecraft tv Apple
2073	1	50441251438	#CROSSDRESSER #LEGS #LONGHAIR #SEXY #TIGHTS #SHEMALE #MODEL #LGBT #Hooters #Tv #BLONDE #LONGLEGS #beauty #FACE #SMILE #White #BLACK #BREAST #Hot #viral #NEW #Trending #PS5 #Gams #BABE #Usa #Ny #Mask #COLLAGEGIRL #WOMAN #MAN #Wild #RAIN #Storm #Winter #Bird #Cat #PHOTO #PANTYHOES
2074	0	50279691811	tv
2075	0	50083485257	UK Girl Boy Woman Musician Laughing Smiling Stag Do Lads Night Night Out Elderly Building SkyScraper Liverpudlian News TV Peaceful Protest Women Presenter Green Signs Balloons Celebration architecture window road Newcastle ADayInTheLife ADITL Photography Social Experiment Social Society Art Artist Camera Photographer Photographers Photos Photograph City City Centre POTD PicOfTheDay Street Photography Candid Floor Man Person People Imagery Beautiful Street Art Captured Livelihood Home Everyday Weather Town Professional Job Daily Life RealLife Shopper
2076	0	50067630953	crossdresser Transgender transvestite Sissy redhead naughty slutty TG TV Transsexual Schoolgirl short skirt mini skirt skirt schoolgirl outfit crossdressed crossdress bad girl Trans Tranny Trannie sissy slut pigtails stiletto heels stilettos stockings thigh high stockings Fuck Me Heels schoolgirl skirt
2077	0	50068416717	Transgender transvestite Transsexual redhead TG TV TS crossdresser Schoolgirl Sissy slutty tease naughty brat crossdressed crossdress sissy schoolgirl sissy slut garter garters bad girl
2078	1	50067938336	transvestite Transsexual Transgender TG TV TS crossdresser Schoolgirl slutty heels stilettos redhead leather skirt skirt
2079	0	49754365762	MCTIC MINISTRO MARCOS PONTES Ministério da Ciência MARCOS MINISTRO MARCOS PONTES Ministério Ministro da Ciência Messias BOLSONARO Presidente Bolsonaro Presidencia da Republica Palacio do Planalto Governo Bolsonaro Governo Federal General CNPEM CTNBio COVID19 vacina Ciência CIENTISTAS TECNOLOGIA INOVAÇÕES E COMUNICAÇÕES Esplanada dos Ministerios Pesquisas BRASILIA BRASIL Record TV Domingo Espetacular Eduardo Zucatelle JORNALISTAS Entrevista Bandeira Videoconferência Telecomunicações
2080	0	49518662936	living room overflow tv students book seller
2081	0	49332051813	Boston US USA TV series TVseries history culture skål sheers ted danson cult kult souvenirs shop handla
2082	0	48825281488	Cardiff DitLC Street Girl Boy Woman Musician Laughing Smiling Stag Do Lads Night Night Out Elderly Building SkyScraper Liverpudlian News TV Peaceful Protest Women Presenter Green Signs Balloons Celebration UK architecture window road Newcastle ADayInTheLife ADITL Photography Social Experiment Social Society Art Artist Camera Photographer Photographers Photos Photograph City City Centre POTD PicOfTheDay Street Photography Candid Floor Man Person People Imagery Beautiful Street Art Captured Livelihood Home Everyday Weather Town Professional Job Daily Life RealLife Shopper
2083	1	49567713832	UM2 Smartphone TV mirring Cable HDMI
2084	0	51130450174	USCG Station South Padre Island drug marijuana Coast Guard Corpus Christi United States
2085	0	51145059717	Artwork commission loot Nekozatou pixivRequest ねこざとう
2086	1	46791449071	sleeping dog dogs couch sofa night dark light bright camera click paparazzi Benni Labradoodle complaint Benni Girl
2087	0	48872208718	Graffiti tag tags tagging heart Vancouver Vancouver, BC Vancouver, BC, Canada Vancouver, British Columbia, Canada Vancouver British Columbia bc BRITISH COLUMBIA British Columbia, Canada street art urban art street art urban street art
2088	0	15535454480	marijuana cannabis medical marijuana health canada medical marijunana medical marijuana Canada health canada medical marihuana mmpr grand opening
2089	0	12686028773	swear ant all nation team reefer armn chilled express freight train art sexy fresh clean eism graffiti rails steel
2090	0	50827273287	airport area avoid away between chairs community contact contagious contamination corona coronavirus covid covid 19 covid 19 prevention design resource design space distance distancing downloadable gap gate high definition high quality high resolution high resource isolation marked new normal novel coronavirus photo physical distance physical distancing policy prevention printable protect protection public safety seat separate sit social distance social distancing sofa space spread terminal travel virus virus outbreak virus spread waiting hall x
2091	0	49825303946	flat earth flatearth repaze landroïd bordeaux gare comic 2017 poele terre plate collaboration metropole oeuf egg metropolis petrol stove legalwall mur legal
2092	0	48624649712	East Asia Japan Land of the Rising Sun Nippon Nihon Tokyo metro Tokyo subway Toei Subway tube train Tokyo underground railway Tokyo mass transit Tokyo rapid transit electric multiple unit railcar train underground train electric train subway train Tokyo Metro Museum history Tokyo subway interactive exhibits transportation museum preserved railway stock preserved carriages preserved rolling stock historic train cars preserved subway cars railway museum railroad museum rolling stock train car interior subway interior interactive driving controls engineer's control desk Tokyo public transport Kasai district
2093	0	49949342186	AB Alberta Canada Canadian Care Doctor Health Infection Medical Vaccination World acute anesthetic antibiotic antidote antitoxin bacteria broad catch catching common communicable contagious coronavirus covid-19 cure disease dose drug drugs endemic epidemic fatal flu global heal healthcare illness infect infectious injections medicine multinational pandemic pharmaceutical prescription recover recovery remedy respiratory right severe shots sick sickness syndrome vaccine virus widespread worldwide Calgary
2094	1	49919119893	Slottsskogen Göteborg Sweden art sheet painting croqui
2095	0	51033364911	Burntash Farm Sheet Hampshire lake pond trees countryside spring
2096	0	50294363428	moth Ontario backyard sheet insect
2097	0	47939123996	candles candlestick background candle light table decoration flame fire holiday closeup candlelight white celebration dark vintage wooden color black decor wax composition concept beautiful decorative object aroma burning symbol glass design red flowers spa romantic yellow relax beauty candlesticks life woman retro therapy flower relaxation christmas bright aromatherapy traditional
2098	0	50777926818	La Modelo La Model modelo model cárcel prisión presó jail prison corridor pasillo corredor Presó Model centro penitenciario correctional centre penitentiary facility penal institution penitentiary centre penitentiary center correctional facility
2099	0	49582225726	Hamburg gefängnis knast jail prison leer empty abandoned korridor fuhlsbüttel santa_fu jva urbex
2100	0	14216185757	alcatraz alcatraz island Fort Alcatraz San Francisco abandoned hospital ruins rock prison federal prison military prison D800
2101	0	51188048184	Mirror Facts Fun Facts
2102	0	50869840647	BMW Sony Sonyalpha Samyang 135mm bokeh blue motor motocycle steel mirror indicators street
2103	0	50769580373	mirror reiger blauwe reiger Ardea cinerea heron grey heron
2104	0	50299258917	zaveri nature gujrat india photography photographer photos blog stockimages photograph photographs rural road navsari gujarat nevil nevilzaveri stock photo monsoon rain roadside long exposure people car interior mirror women umbrella friends view mask covid19 trees tree windows window
2105	0	49836159042	Brooklyn Red Hook mirror
2106	0	50041875716	Summer rain droplets drops flower plants green animals snail spider web net water pond lili ladybug tree pine needles reflection mirror shiny camomile leaf leaves
2107	0	49091196767	fall autumn AutumnLeaves Maryland unitedstates lake reflection Reflections mirror Sony sonya7riii sonyalpha tamron2875
2108	0	48001626223	Fujifilm X-T20 xt20 fujifilm Acros blackandwhite bw monochrome office reflections glass mirror doors door thinking working portrait Fujifilm 27mm f2.8 27mm
2109	0	46635282865	water mirror text
2110	0	51112148123	mirror
2111	0	51048995736	self mirror reflections surreal We're Here! Hereios
2112	0	50915709123	Optics Tabletop Laser Lens Mirror Interferometer
2113	0	49840298487	teenphotographer reflection model sky mirror
2114	0	49839985976	teenphotographer reflection sky model mirror
2115	1	48069225628	access blog c88 collabor88 ddl faia igotit igotitblog k9 kustom9 life MINIMAL mirror newreleases osmia rama second secondlife sl slblof slfashionblog slnewreleases tmd uber
2116	0	48254146667	reflection mirror
2117	0	32665443777	water floating canal green trees day mirror
2118	0	51114501095	desk table โต๊ะทำงาน โต๊ะ
2119	0	46769823101	Egito Egypt Alexandria Mediterrâneo Furniture Sofas Sofa Açougue Pata Boi Vaca Meat Butchery Blue Arabe Street Arab
2120	0	50071804908	Broadstairs Folk Week Broadstairs Folk Festival folk week folk week folk festivals English folk festivals morris dance morris dancing morris men folk musicians folk dance folk songs folk singers shanties folk festival British folk festivals English folk songs English folk dance gigs Old Time Music folk concerts folk performers Broadstairs Broadstairs, Kent Thanet East Kent Kent coast Kent resorts visitor attractions tourist attractions tourist spots tourist destinations tourism places of interest scenic spots visiting holiday resorts attractions Kent Kent attractions outdoors England English resorts harbours beaches bays seaside seaside resorts garden of England Broadstairs Blues Bash Acabashi images by Acabashi photographs by Acabashi photo by Acabashi Acabashi photos Acabashi images creative commons creative commons photography creative commons images DXO DXO ProLabs DxO Optics Pro DXO renders Adobe Photoshop Photoshop Royal Liberty Morris molly morris dancers folk dancing
2121	0	23855921670	Wuppertal streetart graffiti Hauptbahnhof train deutsche bahn DB lyp
2122	0	49042435196	graffiti cologne stero freight cargo train
2123	0	48206610431	uk england graffiti train
2124	0	48970198383	retarded military war coffin violence murder rape Scum needy bitch fake Anal Miscarriage Anal Bellinzona Cum Pussy slug vibrato slug fish and chips inquisition prison bitch teletubbies needy blonde ethic manipulative lie detector polizia cantonale
2125	1	16610879716	brunette model wavy hair nosestud three earrings beautiful graffiti urban hoodie rocks beach
2126	1	50405549776	#CROSSDRESSER #LEGS #LONGHAIR #SEXY #TIGHTS #BABE #HighHeels #PANTYHOES #FETISH #TGIRL #BLONDE #SMILE #COLLAGEGIRL #Hooters #Gams #Tits #CLEAVAGE #BREAST #MODEL #WOMAN #MTF #MAN #ROOM #RAIN #Storm #Stockings #Wild #Winter #Bird #car #Cat #White #BLACK #RED #Blue #YOUNGGIRL #HOT #NEW #fy #fyp #Trending #PS5 #GT7 #Trump #Ny #London #Usa #Uk #Mirror #Music #1 #2020 #2021
2127	0	35213388136	2017 60D Canon Graffiti Pier June Philadelphia Philadelphia Coal Pier Pixelstick graffiti long exposure night night shots sparklers steel wool
2128	0	51136656400	bho cbd thc cannabis marihuana hanf
2129	0	49933990268	keyboard computer technology button keypad digital modern laptop design work desktop key internet vector office communication alphabet text business symbol device pc equipment web electronic background enter notebook qwerty flat input information push typing plastic black desk
2130	0	51077038977	chicago crime gang gangster mob outfit capone brothel
2131	0	50450071592	rain weather shower seas
2132	0	50358488077	CELLA LAB VITA SHOWER HEAD HOSE
2133	1	50552211077	julianobresolinfotografia.com.br ensaio casamento 15 anos aniversários casal trash dress empresarial
2134	0	50385441358	Trash Box Repsol Motociclismo Motorcycle Motorsports Motorbyke Motos Motor Deportes Sports 2020 Montmeló Barcelona Catalan Catalunya GP Cataluña Honda Moto3 Ryusei Yamanaka
2135	0	50317106176	piano dumping trash Milwaukee Wisconsin USA
2136	0	50252386276	zaveri gujarat gujrat navsari india photography photographer photos blog stockimages photograph photographs nevil nevilzaveri stock photo monochrome black and white place image reportage slum flood homes drowned monsoon rain town people woman home bricks trash door doors trees tree
2137	0	51176711096	condensation plastic bottle pollution trash water drops plastic waste litter garbage
2138	0	51141492034	dandelions environmental issue field soda can trash garbage litter pollution waste
2139	0	49929579032	match matches matchbook matchbooks matchcover matchcovers smoke smoking promotion promotional advertise advertising Flowers IGA Super Market IGA suprmarket grocery grocery store Valparaiso, Indiana Valparaiso Indiana Porter County dog kid kids children child march flag flags American flags canine
2140	0	49490311376	Querétaro México Nikon D5200 Unlimited Photos bin rope Plaza de Armas 100v+10f
2141	0	48576236312	Cannabis sativa weed dagga ganja hashish hemp marijuana
2142	0	49559484121	Hamburg bw sw gefängnis knast fuhlsbüttel santa_fu prison jail korridor abandoned
2143	0	50304578691	Ljubljana 2017 Graffiti Illegal Bombing Chrome APER
2144	0	50300828398	Ljubljana 2017 Graffiti Illegal Bombing Throwup Throw Up TAPS
2145	0	31198357427	Futabahime-inari-jinja Shrine Shinto storm damage Jokē-en Main Kamigamo-jinja Kamigamo Motoyama Kita Ward Kyoto Azekura Torii Gate travelling travel trip vacation holiday tourism tourist sightseeing japan
2146	0	50442651457	covid alcatraz san francisco 2020 leica national park monochrom summaron stairs wall fence railing sky hillside people perspective prison
2147	0	46922030442	Adelaide Adelaide Gaol Adelaide jail prison Gothic tower prison wall Aboriginal flag Australian Flag
2148	0	44694040665	Bainbridge Island, WA Internment Camp Japanese Internment Camp prison World War 2 history mistake
2149	0	33929871973	Philadelphia Fairmount Eastern State Penitentiary Quaker prison ceiling wood rafters 5966
2150	0	32970656234	perth perth2017 australia prison badboysbadboyswatchagonnao
2151	0	25664139195	Ricoh Ricoh GR GR Architecture Building Chiayi Prison
2152	0	16031949529	weather vane prison mental hospital Glenside brickwork polychromatic Adelaide Z Ward lunatic asylum Parkside
2153	0	10690638054	MacCormick sam houston state university archives special collections prison
2154	0	12418224255	prison Decay Urban Eastern State Penitentiary Phila PA Disrepair Dilapidated Hall Cells Catwalks
2155	0	9927124005	prison Alcatraz California boat sail sail boat ocean pacific Pacific Ocean San Francisco MSMCCarthy Photography Nikon D300S Nikon
2156	0	50443815312	alcatraz national park san francisco 2020 Leica Summaron agave wall guard tower garden fence prison monochrom
2157	0	49562671803	clark county indiana clarksville historic colgate prison
2158	0	49066071338	Mauritius Moris Ile Maurice Ile de France Historic Mauritius Richelieu Open Prison Richelieu Open Prison Mauritius Prison Service
2159	0	28619664712	Molly Dilworth flag flags TAF Tulsa Artist Fellowship fellow OK Oklahoma City contemporary guerilla art park showroom textile textiles installation exhibition temporary state territory history conversation culture pattern red green blue fabric sewing sewn handmade recycle global trade
2160	0	51144768831	abstract eyewear glasses library notebook pages pencils pens rustic school studying table texture top view wooden wooden table writing
2161	0	51111216552	staff team manger management restaurant meeting discussion business small business table preparing service meal food waiter waitress occupation catering career man men male woman women female six people people person mixed race african american black caucasian 20s twenties 30s thirties full length horizontal dining room apron group motivating digital tablet tablet computer technology connected EasyLlama Restaurant Photos Restaurant Sexual Harassment Training
2162	0	50814101402	café malongo musée torréfaction Carros France dalbera couple désir amoureux table
2163	0	50469290021	Sperling Tisch Brot Vogel Kurt Stocker Pfeffikon sparrow table loaf bird
2164	0	50429860521	FRANCE FRANKREICH ÎLE DE FRANCE CAPITALE PARIS 17EME ARRONDISSEMENT RESTAURANT REPAS DÉCORATION BLEU ROUGE JAUNE VERT COULEUR TABLE CHAISE
2165	0	50198550543	dalbera Paris France musée de l'homme exposition nourriture table
2166	0	49977289346	Durham County Durham Great Britain Großbritannien England Nordengland Nordostengland Northern England North East England UK United Kingdom Vereinigtes Königreich River Wear Abend evening market square restaurant window St Nicholas Church sw Schwarzweiß bw Black and White noir et blanc Blanc et noir monochrome monochrom getont toned Tonung toning Nikon D3300 Nikon AF-S DX Nikkor 18-140 mm 1:3,5-5,6G ED VR Tisch table
2167	0	49866131742	bbq table pond wisteria supper
2168	0	48609241193	bar table
2169	0	51161369542	chair table numbers Delft #TUDLikesSharing #WeLikeSharing
2170	0	51106246584	QWERTY keys keyboard table stool garden black & white #TUDLikesSharing #WeLikeSharing ctrl alt enter
2171	0	50926503578	Lower Table Rocks Medford BLM Bureau Land Management Hiking scenic outdoors Oregon Rogue River Trees Mountain Recreation Landscape walking Water
2172	0	50529210578	cellphone table dining_room
2173	0	49328474161	peterson park nature center snow trails chicago picnic table deer vsco fuji astia 100F Nikon D7000 Vivitar 35mm fotodiox
2174	0	42994796745	Deutschland Germany Bayern Bavaria Bayrischer Wald Furth im Wald Gasthof zum Bay Gaststätte Restaurant Stuhl chair Tisch table Garten garden Instagram Google Pixel
2175	0	50218727316	Michigan National Guard Army National Guard Camp Grayling Michigan Army National Guard motors Michigan Guard 1-125th Infantry Regiment All-Domain Warfighting Center United States NG national guard guardsman guardsmen soldier soldiers airmen airman u.s. army air force united states america USA military troops 2020 MI MING Table 5 MORTEP mortar training All-Domain Warfighting Center conduct live fires
2176	0	50569717692	change cup resolution goal table background Drink improvement Pen Success desk business white challenge resolutions strategy Concept checklist notebook List Target new year Text motivation job inspiration work Black vertical future start coffee plan
2177	0	50678286872	personas consumiendo marihuana personas consumiendo cannabis marihuana cannabis marijuana consumo de cannabis consumo de marihuana mota hierba drogas consumo de drogas personas consumiendo drogas
2178	0	51144455776	abstract beautiful close up flower natural petals red retro rough surface table texture timber wood wooden
2179	0	48785590033	amsterdam netherlands cafe restaurant red green lamps table chair plants flag lebanese dabka bikes windows cushions buildings yellow
2180	1	50627427658	sexy hot girl lady dress skirt red black park outside sweet cute happy smile satin silk silky shiny metallic sun sunshine summer gown cheerful bench table lipstick girly feminine elegant chic classy
2181	0	49313023217	trash nikond90 tokina d90 nikon Abandoned Abandon ancien ancienne alone architecture colors spectacle artist explorationurbaine Exploration explore Exploring empty explo rust ruins rotten room trespassing Urbex Urban urbain urbaine Urbanexploration Interior inside interieur inexplore explored Old oubli past passé perdu perdue passée Photography light day nobody neglected forgotten forbidden Decay decaying derelict dust decayed dusty ceiling sc South Carolina southcarolina desolate desolation wood weathered worn School playground
2182	0	18081272205	Jorbasa Hessen Wetterau geotag germany Deutschland Dresden Sachsen Dresden/Sachsen Stadt city Dresden 1945 Zerstörung Frauenkirche buildung Gebäude Bombenangriff Panoramabild Asisi Yadegar Asisi 360° Panorama Panometer Gasometer bombing Krieg war destruction Friede peace
2183	0	50744844258	bmw circuito 98 octanos racing extremadura talavera car coche drift race rally team jmart josemanuelpsaavedra ford fiesta rs peugeot 206 escort citroen saxo vt vts vtr 106 opel astra renault clio seat ax toyota mr2 sport rx8 mazda mx5 subaru wrx 2002 alpina
2184	0	50744133851	bmw circuito 98 octanos racing extremadura talavera car coche drift race rally team jmart josemanuelpsaavedra ford fiesta rs peugeot 206 escort citroen saxo vt vts vtr 106 opel astra renault clio seat ax toyota mr2
2185	0	51101694721	bmw circuito 98 octanos racing extremadura talavera car coche drift race rally team jmart josemanuelpsaavedra ford fiesta rs peugeot 206 escort citroen saxo vt vts vtr 106 opel astra renault clio seat ax toyota mr2 sport rx8 mazda mx5 subaru wrx
2186	0	51174323353	Arabianranta Toukola Helsinki Finland spring architecture building brick tile old graffiti art roof Arabianmäki
2187	0	51140484151	mailbox graffiti pillar box
2188	0	51033280838	Graffiti Lindy Boggs Medical Center Louisiana Mid-City New Orleans Rand Owens
2189	0	51013110777	graffiti graf street art tags
2190	0	50879117423	olivera photography color colors murals parking lot sky blue clouds wide angle sunlight sun palm trees painting graffiti bright light
2191	0	50969655456	graffiti Paris cheval Mur février 2021 street art cataclop
2192	0	50918005487	Batumi Graffiti (3)
2193	0	50836602751	oaxaca graffiti street art
2194	0	50736552742	walk randonnee hike rando hiking europe june summer ete 2020 nature switzerland geneva suisse geneve satigny tunnel graffiti
2195	0	50559527637	iphoneology iphonology iphoneography iphoneographer abandoned derelict nebraska omaha industrial autumn fall graffiti tagger tagged tag container shipping container
2196	0	50557323651	graffiti ceid Portland the breeze at dawn has secrets to tell you then I walked outside dON'T GO BACK TO sLEEP unable to see, I heard my name being called flower
2197	0	50352632588	art graffiti
2198	0	49997995906	Germany Berlin Neukölln acab Graffiti
2199	0	50004450737	mumbai india sunday colaba post-lockdown escape are you sure photowalk graffiti
2200	0	50725637841	black and white monochrome Graffiti sprayer street streetphotography streetart situation vienna person
2201	0	49640885256	Street City wallart Mural Colors Circles Lines Spray Bushwick NYC graffiti thebushwickcollective nycgraffiti Brooklyn brooklyngraffiti streetart
2202	0	49640866506	JaxandDean Stopbullying Antibullying Antibully Wall Urban Urbanart Wallart Street Spray D500 Nikon Bushwick NYC graffiti thebushwickcollective nycgraffiti Brooklyn brooklyngraffiti streetart
2203	0	50141550243	Columbus Ohio Short North graffiti street art face close up blm
2204	0	49904156963	Elephant Elefant PublicArt StreetArt Mural Murals Graffiti WallArt
2205	0	48796551561	Deutschland Germany Sachsen Saxony Leipzig Graffiti Eisenbahnstraße Instagram Huawei P20
2206	0	40265781283	Wand Wall Graffiti Frankfurt Street Streetart
2207	0	40978318781	new zealand canterbury christchurch mural graffiti tag street art street art murals colors colours creativity art post earthquake canon powershot SX120 SX120 dxo photo lab sydenham woman lady water siren
2208	1	32768229687	bodypainting black and white graffiti woman nobody sees smbphotographie
2209	0	47585679352	graffiti bodypainting black white smbphotographie unity
2210	0	46554354572	Door Entrance Graffiti Rustic Doorway Doors Wooden Worn Old St Ives Cornwall
2211	0	45396233834	graffiti divers
2212	0	29472906687	Graffiti köln
2213	0	40477316931	Paterson Great Falls Paterson NJ Passaic River graffiti art factory
2214	0	38888532944	graffiti streetart wuppertal tka sile art
2215	0	36344541764	graffiti Olympus omd oly black b&w Karl-Heinz Kasper Karl-Heinz Kasper Frankfurt Flickr Mann man Street Straßenfotografie Streetphotography
2216	0	35148434420	Schnepf Farms U Pick vegetables veggies farm garden train car graffiti
2217	0	35368740926	divers graffiti
2218	0	34890369471	Chicago vacant industry industrial logansquare graffiti green blue
2219	0	30367850203	Portugal Lissabon Lisboa streetart graffiti
2220	0	28836205304	cuba havana grafitti habana havana urban art graffiti
2221	1	28897813125	CloudBubble cruecrew crue crew Graffiti
2222	0	26253482033	Bridge medford water trees spring overcast dull Give us your best shot 52weeksofphotography 52/2016 Week 18 Puddles, streams, or ponds reflection graffiti
2223	0	26432307632	Lisboa Lisbon Portugal Europe travel 2016 travel 2016 Alfama graffiti
2224	0	26406918725	Athens Psiri Graffiti Streetart fot-oscar Greece Ellada
2225	0	24188547162	FUJINON XF10-24mm F4 R OIS Fujifilm Graffiti Leake Street London Tunnel Waterloo X-T1 Adobe Lightroom
2226	0	20623101052	Nosbé PPA graffiti chez yvette Fac Off
2227	0	23897810910	east side gallery berlin graffiti
2228	0	23978286136	Graffiti Halde Schurenbach Schurenbachhalde Essen
2229	0	23556194920	Graffiti streetart katernberg sile
2230	0	23031295222	Leake Street Waterloo London graffiti art design artist paint tunnel Leak Street tunnel
2231	1	22994326065	Sexy graffiti girl art faded light checkers miami
2232	0	20971250112	graffiti sticker
2233	1	18536320373	Alice Pasquini Street art Oslo Grünerhagen barnehage Norway Norge Noreg Graffiti mother child parent parents single
2234	0	16660393393	tag graffiti schynts photography nature sunshine sun creta Kreta Crète Grèce Greece Island Europe good HD effect giant city old Rethymnon Rethymno world travel discover super follow like favorite flickr instagram facebook moment pinterest hot love style file sea beach summer springs Adobe Photoshop Lightroom look free cool Nikon NikonD5200 D5200 azur
2235	0	16349581554	graffiti wall art harbour gothenburg café girl kodak restaurant
2236	0	14640691782	new zealand powershot sx100 canterbury christchurch new brighton pier shadow black white old man graffiti past
2237	0	14608093996	Birmingham Brum mission print Fazeley Street art street art graffiti house Digbeth B5 5RD mural
2238	0	14380125321	Victoriaville Victo Quebec Canada Graffiti Graffitis Graphiques Dessins Murale Art Culture Jeunes Jeunesse Expression Urbain
2239	0	15277247319	IFTTT 500px afternoon graffiti k1000 pentax urban exploration
2240	0	15277246889	IFTTT 500px color graffiti k1000 pentax urban exploration
2241	0	15335614845	giovanni magnanini bologna graffiti street art strada muri colori wall città townscape
2242	0	15219709562	Ernest Junction Ernest Junction tunnel Ernest Junction Railway Tunnel Gold Coast graffiti vandals vandalism heritage desecration 'Disgrace
2243	0	14973219546	color Canon Light Lights guru sno studios graffiti glow Art Abstract
2244	0	14807375137	Spain España Catalonia Catalunya Barcelona façade shutters graffiti
2245	0	14449866039	Düsseldorf graffiti Graffiti art grey street street art street view girl art
2246	0	14618492432	50mm Street Photography Graffiti skipping girl laneway Melbourne Street buildings
2247	0	14101869909	IFTTT 500px 35mm film fujifilm graffiti k1000 pentax street urban
2248	0	14277577034	EISM SWEAR ANT ALL NATION TEAM ART GRAFFITI
2249	0	12682953315	Eicken Mönchengladbach snow wall graffiti b/w “Chris Wolcott” “wolcott’s world” wolcottsworld chris wolcott Olympus OM-D E-M1 micro four thirds MFT m4/3 prime lens pro Germany Deutschland flickr flickriver explore scout creative commons CCL square format black white streetphotography “street photography” Strassenfotografie Straßenfotografie street Straße Strasse moment snap city art photography scene candid
2250	0	11798674006	Tobias Alves Malmö urban portrait urban portrait Graffiti
2251	0	11625507813	Peng Streetart Graffiti
2252	0	11625187315	Osthafen Frankfurt Peng Streetart Graffiti
2253	0	11625413253	stencil graffiti Osthafen Frankfurt streetart
2254	0	11139575125	Deutschland Germany Sachsen Saxony Chemnitz Brühl Auto car Hillman Kunst art Graffiti Graffito
2255	0	11117105465	graffiti düsseldorf dusseldorf
2256	0	10293117336	2013 Autumn Bantry Town Graffiti Ireland Wall
2257	0	10042822394	detroit graffiti mural murals streetart
2258	0	10979632845	don valley evergreen brickworks french graffiti iphoneography jim dandy optimisim toronto tout est possible
2259	0	10303858646	graffiti art graf graff graffitiart wall art urban art urban wall city city art tagging tag photography photo color paint creativity baltimore alley maryland
2260	0	9896368214	Manila Philippines Graffiti Makati
2261	0	49251515047	Southampton Hampshire graffiti street art black and white bollard guildhall city
2262	0	49096737831	Olympus XA2 Seville Spain Ilford XP2 Black and White street graffiti
2263	0	36753767973	feather graffiti street art urban style colors Samsung NX20
2264	0	51113182357	streetart street smiley face graffiti urban urbanart
2265	0	51009868988	2021 Space Invaders Plastic Cube Video Game Like Graffiti lamp post Tile high Tribeca Area off Canal Street New York City March NYC 03/06/2021 colors Stack Blocks Building 56 Leonard 821 foot tall 57 story skyscraper Manhattan Designed by Swiss architecture firm Herzog de Meuron which describes houses stacked sky Freedom Tower
2266	0	50890600558	RSPB Cliffe Creek Cliffe Fort Cliffe Kent Graffiti
2267	0	50845880656	10b travelling 2020 Britain British Carsten ten Brink Endless Endlessartist England English Europa Europe European Great Britain IPTCbasic Ladbroke Grove London Ltatimer Road Notting Hill UK United Kingdom West Way Westway Sports centre cmtbstreetart graffiti grafitti street art ten Brink
2268	0	50840359997	abandoned building graffiti industry larvik snow
2269	0	51210979107	Seattle hipstamatic graffiti tags lettering LEGO
2270	0	51201962168	murals streetart blindwalls blindwallsgallery breda brabant netherlands artgallery art gallery graffiti graffitiart illustration graphicdesign design painting streetartnews streetartshots streetarteverywhere streetartistry streetphotography urban urbanart handpainted spraypaintfotografie PHOTED by Edwin Wiekens Â© info@photed.com www.photed.com +316 2 vastgoed fotografie PHOTED by Edwin Wiekens Â© info@photed.com w vastgoed Breda Noord Brabant Nederland PHOTED by Edwin Wiekens © info@photed.com www.photed.com +316 24211898 vastgoed fotografie PHOTED by Edwin Wiekens © info@photed.com www.photed.com +316 24211898
2271	0	51100477715	Building Construction Fire Escape Fisheye Graffiti People Sign Baltimore Maryland United States
2272	0	51046926923	Djerring trail graffiti AUS Australia geo:lat=-37.89794720 geo:lon=145.08427340 geo:zip=3166 geotagged Hughesdale Victoria
2273	0	50790338686	Street Art Graffiti Cale Hummerston
2274	0	50686546773	Nederland Holland Netherlands Delft wall graffiti pavement lines grey
2275	0	50434235593	Hamburg Graffiti Streetart scrawl
2276	0	50429571786	Manotick Ottawa Valley bridge graffiti
2277	0	50685560238	graffiti underground reflection subway
2278	0	50531690302	los angeles los feliz graffiti covid19
2279	0	50233304891	parks Garfield Park graffiti park
2280	0	50155636377	graffiti artistes art graffeur digue mugel La Ciotat jam jam graffiti
2281	1	50084652006	digital color cameraphone moto g7 springfield illinois graffiti covid blm 2020
2282	0	50320425631	Aurora Avenue North Seattle Streets Vacant Abandoned Store graffiti
2283	0	50177328192	bristol 2020 uk graffiti England United Kingdom
2284	0	50041121271	graf graffiti graff graffitis graffs grafs french graff pierre tunnel aunis dompierre dompierre sur mer charente charentes charente maritime charentes maritime poitou charentes poitou la rochelle marans canal calcaire
2285	0	50023113942	architecture.building architecture.building.commercial art.graffiti environment.urban place.city architecture building commercial art graffiti environment urban place city Christchurch New Zealand nz2018
2286	0	49187161658	katowice polska poland śląskie slaskie śląsk slask silesia mural graffiti street art
2287	0	49900666536	Geografía Humana Human Geography vistas view skyline Geografía Urbana Urban Geography sunrise amanecer centro historico historic district historical urban area UNESCO World Heritage World Heritage Site Patrimonio Mundial patrimonio histórico patrimonio cultural cultural heritage urban landscape paisaje urbano nubes clouds forma urbana urban shape trama urbana urban morphology tejados roof rooftop housing ciudad histórica graffiti arte urbano niebla fog arquitectura tradicional traditional architecture arquitectura contemporánea contemporary architecture barrio neighbourhood perfil urbano
2288	0	49568297412	mural los angeles boyle heights graffiti 2.20
2289	0	49653847553	Polaroid MINT SLR 670-S Polaroid Originals SX-70 Film Schänzli Muttenz Basel-Landschaft Graffiti Street Art
2290	0	49643682706	2019 Romania Bucharest Bucuresti București Bukarest România Rumänien Lipscani Old Town Urban Decay Graffiti
2291	0	49590532501	Greg Escalante stencil dtla graffiti rip memorial street art
2292	0	49570140981	Graffiti street photography
2293	0	48899430992	berlin niemcy germany deutschland mural graffiti street art
2294	0	49332328167	toronto graffiti streetart publicart art stickers stickerart
2295	0	49303234463	Valencia Espanha España Espanya Spain street art street artist street Graffiti graf Wall wallart mural painting mural pintura mural painting paint spraypaint spray spray painting urban urban art arte urbana El Carme El Carmen Barrio del Carmen
2296	0	48956012881	Hamburg Graffiti Altona ottensen
2297	0	49165759336	Antioquia Casa Kolacho Colombia Comuna 13 El Alcazar Graffiti Kolumbien Medellín Medellín Graffiti Tour street art Medellin
2298	0	49042674122	windows graffiti architecture abandoned building city Christchurch
2299	0	48787842447	Fujifilm X100F abandoned bicycle brick graffiti wall
2300	0	48199771822	graffiti leverkusen brennpunkt jam pout osmo cops rocker shogun liam
2301	0	48052019921	agricultura graffiti
2302	0	48260358397	France streetart Art de la Rue Graffiti Art graffiti Graff UrbanArt UrbanArte arte urbano Ferdinand Feys Lille
2303	0	48090167638	Downtown Jersey City Good Day graffiti Hudson County JC Jersey City mural New Jersey NJ Queen Andrea streetart Welcome Welcome to Jersey City
2304	0	48016724232	Fujifilm X-T20 Fujinon XC 16-50mm f/3.5-5.6 OIS II dc graffiti street art washington
2305	0	47961007232	Darwin Art Streetart Graff Skate Ecosysteme Climat Climax UrgenceClimatique Ferme City Farm Bikes Skatepark Flipper Tramway Space Sky Reflex Photographie Photographer photo Canon CanonEOS EOS700D SauvezVous Paint Garonne RiveDroite Amateur friends beer tag Graffiti
2306	0	50855858983	10b travelling 2020 Britain British CMtB Carsten ten Brink England English Europa Europe European Great Britain Hackney IPTCbasic London Other Keywords Rolling People Shoreditch Tower Hamlets UK United Kingdom cmtbstreetart favefiveplus graffiti street art ten Brink
2307	0	51047730686	Djerring trail fence graffiti AUS Australia geo:lat=-37.89788230 geo:lon=145.08418730 geo:zip=3166 geotagged Hughesdale Victoria
2308	1	50891281921	graffiti flanders ostende oostende ostend belgium wish you were here
2309	0	50762154892	underground NewcastleUnderLyme streetart graffiti
2310	0	51147115026	malephotography male urbanphotography urban graffiti portraitphotography portrait uk ireland fitness fitnesscoach brandphotography brands
2311	0	50764511457	Greenwich VIllage New York buildings street brick graffiti decay
2312	0	51132405363	wynwood wynwood walls art modern art contemporary art art museum street art murals mural graffiti paint miami mia southern florida florida fla 2021 usa america travel nikon spring april d7200 sigma 17-70mm
2313	0	51163347159	2021-0400-random Southern California April 2021 potty art graffiti bathroom art
2314	0	50965755917	bin environmental issue mess scattered trash garbage pollution litter
2315	0	14903895316	Rotterbomb Rotterdam bombing tags throwup graffiti
2316	1	50689230356	sofa Tradition package dress home xmas christmas indoors seasonal festive celebration stylish House holds year merry traditional sitting garland winter shopping Hand Eve discounts Holiday new noel background girl room interior beautiful season decor decorated decoration present comfort gift preparation Lights white
2317	0	36117949656	san francisco city california scott richard torbakhopper art artist painting painter SF SFMET scottrichardpainter scottrichardartist scottrichardart scottrichardpainting frenchescapism french escapism sunlight dappled lighting outdoors peaceful tranquil leisure class tranquility scenery summer sunshine daydream reverie Dopaquel Peninsula antipsychotics addiction addicts addicted drug medz pharmaddiction pharmaddicts pharmaddict CLEAN AIR, CLEAN LAND, CLEAN WATER, CLEAN FOOD
2318	0	50917960378	robber robbery polizei Concept stealing masked crime Coin money thief secure criminal burglary Kriminalität man Finance thieving pistole Cash
2319	0	48624696752	East Asia Japan Land of the Rising Sun Nippon Nihon Tsukiji Outer Market Tsukiji Jōgai Shijō Tsukiji Fish wholesale market Tsukiji Nippon Fish Port Market crowded tourist spot Chinese tourists Buddhist temple Buddhist faith Buddhism Shinsu Buddhist temple Hongwan-ji Tsukiji Hongan-ji temple place of worship temple shrine parking lot water tank cleansing station washing up place water scoop tub
2320	0	40617769723	Lennon Stella The Fonda Sold Out Night One First Night Los Angeles Lennon Stella Love Me California Live Music Concert Tour Event Gig Show Performance Female Young Model Beautiful Gorgeous Sexy TV Star Nikon Z6 Stage Venue Band Artist Musician Singer Songwriter Photography 2019 Wednesday April 3 Justin Higuchi Pass The Aux
2321	0	17444087621	burbank california USA CA screening american crime american crime disney abc television group disney abc television group abc studios celebrity red carpet red carpet star stars celebrities
2322	0	51167039465	arson arson dog working dog canine Labrador fire investigation crime State Farm
2323	0	51041763603	Clip Banner Sparse Picture Frame Page Copy Space Marketing Portfolio Binder Clip Blank Poster Paper Clip String Paintings Art Museum Hanging Stationary Showing Photograph Placard Creativity Paper Empty Indoors Square Image Wall Domestic Room Town Square Sign Advertisement Design Sheet Design Element Mock Up Three Dimensional
2324	0	50704940048	night staffordshire shadows stairs underground lamppost graffiti urban subway
2325	1	50252951588	becauselight.com olympus e-m1 mark ii portrait cincinnati late night Selina Allen girl graffiti ohio magnetmod lucian florea
2326	0	48250559687	Reverend James Lawson UFCW John Grant UFCW 770 Union Rally Picket Ralphs Grocery
2327	0	48117078202	Publix Tile Mural Tamarac grocery store supermarket Pati Mills
2328	0	51195058879	Fish Sabor Tropical Market supermarket West Miami grocery store
2329	0	51184586367	blue plastic chair desk
2330	0	50184622911	Panasonic SQ-LC526 パナソニック 松下電器 LED desk light desk light
2331	1	50937604197	Baseus Mini Desk Cleaner
2332	0	49470548453	Camel Gaming Desk
2333	0	43358444641	Mongolia Ulan Bataar Preschool education toys educational toys desk learning play educational play kindergarten students early childhood education childhood children mongolian permenant markers markers sharpies colors macro school early art crafts elementary
2334	0	38715072274	Cambodia Cambodian Artists. Cambodia Art Artisan Krong Siem Reap Siem Reap Province KH Siem Reap Artisans of Angkor silk silk worm boiling pot water silk fibers extracting workspace documentary macro telephoto natural light weaving
2335	0	30757968941	ceramiques céramique céladon raku gaetan janelle Gaétan Janelle Bonsecours école de céramique pot Art Montréal artisant art book art livre d'art homme beauté masculine beautiful man bookbinder bookbinding artiste de Montréal reliure reliure d'art horreur fiction
2336	0	16538041801	bonsai pot 2015 winter february pots
2337	0	15319913749	Field Notes Tedelex crock lamy notebook pen pot project365 slow soap making Johannesburg Gauteng South Africa ZAF
2338	0	50243905537	Family Holiday turkey restaurant Side pot 2020
2339	0	48057369517	Stockholm Sweden Vasa Museum Vasa Museum Ship Sailing Ship Archäologie Windjammer maidenjourney Jungfernfahrt historisch sink sunken Geschichte historical history Wrack wreck wood Holz carving Schnitzerei
2340	0	48057241466	Stockholm Sweden Vasa Museum Vasa Museum Ship Sailing Ship Archäologie Windjammer maidenjourney Jungfernfahrt historisch sink sunken Geschichte historical history Wrack wreck wood Holz carving Schnitzerei Tau Takelage
2341	0	26772992312	India railway criminal mugshot wanted
2342	0	50548240537	OR 138E Wildfire damage Region 3 Oregon DOT Oregon
2343	0	50019417971	FDR Franklin D. Roosevelt Presidential Library WWII World War II London England United Kingdom Battle for Britain Bomb damage buildings street
2344	0	50007462811	George Floyd Justice for George Floyd Minneapolis Minnesota buildings civil unrest crumbled damage destroyed destruction protest riot rioting riots unrest uprising United States of America
2345	0	43506095152	damage Hotel Rizo de'Oro Zona Norte Tijuana, BCN, Mexico Nikon F3HP Nikkor 24mm ƒ 2 AIs Fujicolor Superia Xtra 400 geotagged
2346	0	32280797678	2018 Alaska December 1 Governor-elect Dunleavy Houston MSBSD Matanuska-Susitna Borough School District assessment damage earthquake
2347	0	50899930892	Hurricane damage Aftermath Unedited Hurricane Destruction Laura Hurricane Laura 2020 Weather Damage Louisiana Nature always wins LA Lake Charles A7iii 2021 Hurricane Delta Extreme weather Delta Cameron Sony
2348	0	48790975476	AUS Australia breakage Clayton North damage fitbit Fitbit Charge geo:lat=-37.91083333 geo:lon=145.12916667 geo:zip=3800 geotagged Monash University Victoria
2349	0	28228821701	nature omaha nebraska creek graffiti sun lowlight trees stream trains train art wheel leaves july summer rocky rocks shadow metal web reflection sunlight
2350	1	51065843798	tranny transvestite crossdresser crossdressing tranny schoolgirl transvestite schoolgirl transvestite not fancy dress fancy dress transvestite fancy dress schoolgirl schoolie schoolgirl cosplay crossdresser cosplay tights socks t-bars tights t-bars socks socks t-bars tights socks tights t-bars wynsors kiera t-bar shoes wynsors platino kiera t-bar shoes wynsors black t-bar shoes wynsors t-bars crossdresser not fancy dress as a schoolgirl transwestyta gay tranny gay gender queer gender bender queer schoolie crossdresser barely black tights 15 denier barely black tights tights pantyhose hosiery socks white socks white ankle socks black tights black t-bar shoes black t-bars bottle green schoolgirl uniform crossdresser in schoolgirl uniform homosexual he's wearing girls clothes he's dressed as a girl transwestyta publicznie travesti en publico
2351	1	51052080927	tranny transvestite gay tranny homosexual he's dressed as a girl he's wearing girls clothes transvestite not cosplay crossdresser not fancy dress crossdresser crossdresser schoolgirl crossdressing crossdressing schoolgirl schoolie tights and socks barely black tights and white socks white ribbed knee socks white ribbed socks knickers pantyhose tights socks queer tranny queer tranny schoolgirl queer gender queer gender bender gender bender schoolgirl fancy dress schoolgirl cosplay schoolgirl tranny in bottle green schoolgirl uniform with barely black tights white ribbed knee socks and black t-bar shoes tights socks t-bars socks over tights tights and socks worn together pantyhose and socks wynsors kiera t-bar shoes wynsors black t-bars wynsors platino kiera black t-bar shoes crossdresser in schoolgirl uniform Box-pleated school skirt transwestyta pulling my socks up over tights
2352	0	30888184450	dirty filthy lying criminal bankrupt thief rapist enemy humanity pervert moron cretin filth disgusting animaly deplorable shithead scum vermin fascist Pigbeast Orange Disease turd aswipe arsehole terrorist garbage sewage Trump Donald Dirt Excrement #NeverTrump
2353	1	38288113442	handcuffed handcuff arested police metal jail prison justice control guy
2354	1	23845262784	indoor Fall-Winter 1963-64 Stuart Farm Stratham New Hampshire Lillian house dining room Thanksgiving table
2355	1	40682278711	antique cabinet card cdv charles l. ritzmann w d downey Queen Alexandra princess wales 1883
2356	0	13915837865	cabinet Public Domain
2357	0	8397050426	cabinet card photo vintage antique Goetchius titusville pa pennsylvania photographer's mark
2358	0	49734211816	blythe doll toys miniature photography Blythe dolls April Showers Man of the Year Range Rover Hot Wheels
2359	0	36840081113	Returning Foreign Terrorist Fighters Southeast Asia
2360	1	25112977534	Achmed Jeff Dunham puppet politics election terrorist
2361	0	31148337114	fontainebleau chateau sofa gold couch
2362	0	42262694380	Small business Beautiful City Wonderful People Amsterdam n.y. new York ghost town dead upstate real-estate abandoned toxic waste hazardous rape sex offender offenders criminal Mohawk valley violent 12010 capital capitol region Albany troy Schenectady cruelty abuse religious intolerance intolerant urban decay heroin drugs narcotics robbery elderly disabled for sale dirty unsafe ghetto crime river development renewal link park Montgomery county Gateway Overlook Pedestrian Bridge Riverlink WishFest Riverbank Park
2363	1	50082496576	face Jonathan Fredlund sofa shirt underwear underpants chest legs socks undressing briefs Man Male
2364	0	9200952203	contemporary design empty floor frame home horizontal interior lifestyle living lounge minimalist modern parquet room livingroom nobody grunge old vase wall wood white lamp furniture sofa couch cushion pillow plant brown Italy
2365	1	50369913878	Plane seats
2366	0	6090081201	auditorium seats chairs brick
2367	0	47601002842	Festa festas festaafesta festa gastronómica festas galegas botelo O Barco de Valdeorras aprofa 2019 cartel cartaz Galicia Galiza galician galego Cartel en galego Cartel en Galicia cartelería poster póster desing gastronomía gastronomía galega
2368	0	14859071912	piedra stone cartel letrero letrerito prohibir
2369	0	14758570643	cartel Yerba Mate Buen Día Valle Hermoso yerba mate Ilex paraguariensis ilex luces light Misiones
2370	0	24093863017	Pelz-Paradies 1933 vintage pelz woman zurich poster plakat cartel swiss Mossdorf Ernst Gustav reklame advertising
2371	0	25911929585	tea tee marco polo marco polo tea marco polo tee oriental china xina chinesee tea poster plakat reklame vintage cartel rètol illustration ads
2372	0	51113394737	digital abstract art revolution young minds generation futurism futuristic mirror split hypnotic psychedelic psychedelia cooling towers power potential energy change apocolypse apocolyptic extinction artistic spectrum spectral colours colourful colors colorful recycled decay manipulation composite manipulated hallucination lucid dream cosmic mystic mystery paint shop pro strange sensory glitch 3d poster retrofuturism retrofuturistic autistic artist manchester uk vivid experimental lines shutter lofi obsolete glow
2373	1	36616006902	movie quotes movie scenes taxi driver mirror stormtrooper star wars action figures 365project
2374	0	23921700517	bus school public transportation United States USA child parking road mirror american primary truck education Hillsborough
2375	0	29407501332	mangroove water canal mirror vegetation river Rio Dulce Guatemala light atmosphere
2376	0	44274125695	mist october finland lake mirror
2377	0	19897837066	Lego legopicler B&W poker card players mirror
2378	1	18581987651	mijzelf me T-shirt korte broek shorts sport mirror Samsung NX Mini
2379	0	15797667105	Sound Mirror Roughs West Hythe Kent
2380	0	11588879253	deer wild wilderness nature sunset tramonto appennino bolognese bologna animali selvatici maqrzabotto sperticano pentax mto 500 mm lens zoom digital dslr mirror fauna russian catadiottrico obiettivo q
2381	0	30318696051	glass bangles Beer bottle broken Broken Glass trash garbage
2382	0	6170070282	make-up mirror 1920s beauty
2383	0	39610008082	Australia New South Wales Grafton prison
2384	0	28911650997	LakeCounty bestofRC blanket
2385	0	41648818952	WijkaanZee WaZ WijkScape Morning_Glory sneeuw snow blanket Holland Beverwijk Dorpsweide
2386	1	50984523013	transvestite crossdresser cd tv slim sexy arse bum legs long trans tranny tits model
2387	0	37362390840	Entrevista para TV Gazeta
2388	1	22786727853	CD TV tranny sissy slut tgirl lipstick gloves stockings high heels
2389	0	49585502541	emagination emotion emotions emotiontv etoile etoiles eclipse etl e ee theme together tv star stars italianmusic italian street
2390	1	27720400998	Betty Page black lingerie pin up pin up Add tags Beta tights leggings crossdresser crossdressing transvestite boots t-girl cd trannie bondage breeches camera collar gagged gagging gags helpless leather sissy spandex tv stiletto transexual wetlook wetlookleggings crossrdress crossrdresser People photo BettyPage
2391	1	34904250454	Raymond morelli pig piggy pet play crossdresser TV slut gay USA newburgh indiana food feeding collar CD raymond morelli piggy raymond morelli raymond gino morelli smelly pervert ABDL adult baby faggot 8066 Outer Lincoln Ave IN 47630 raymondmorelli@ymail.com (812) 629-3462 piggyraymond slave pig slave Genevieve Morelli smelly the pig sissybabysophie hugo taylor baby sissy piggy raymond morelli molester pedophile pederast child molester convicted child molester paedophile. pathetic pedo piggy
2392	0	39645760125	UCU pension strike picket line LEGOVC LEGO Vice Chancellor apology salary deduction staff student compensation refund breaking news TV live problem solving squirrels ACAS UUK Dinosaur AFOL turnaround
2393	1	24942242675	bettina zimmermann german actor hostess beine boobs business belt boots chic celebrities clothed dress legs sexy female heels leather lederkleid leder feets frau gloves girl lady look milf mature mother moderatorin mom nylons ootd outfit overknees woman office hot pumps pantyhose pencil presenter rock skirt silk satin stockings shirtdress tight tv vintage wear absatz
2394	0	8158636035	pbh prefeitura de bh belo horizonte mg minas gerais bh prefeitura de belo horizonte café.com motivação pessoal livros radio tv jornais prodabel adultos idosos jovens palestras palestra prodabel profissionais familia
2395	0	29358383108	Kill la Game IF KilllaKill KilllaKilltheGamesIF
2396	0	50740989616	Spiders Fans Polar Layered Deposits Mars
2397	0	50627518747	#Cannabis Health Depot Buy Marijuana Seeds Online
2398	0	48264327061	Seat Alhambra
2399	0	49204585282	pegaso sava renault seat montaña carretera 1/43
2400	0	29613602463	airplane window seat
2401	0	15647904441	Subida Cofrentes Campeonato Montaña Comunidad Valenciana Seat 124 sport
2402	0	19155284135	Movie actress tv film Hollywood Shannon Fandango Move Clips Media
2403	1	21244858743	Ian Ayres Marijuana
2404	0	32624992910	book bread bright bun cafe casual chair close up cup day dining table document equipment hand information male man mug nature objects paperwork pen table tree wooden writing rawpixel.com
2405	0	14021304618	depressurization limit table combustion appliance testing safety health zone
2406	0	22137375535	shadow shadows wire wires table stand geometry rather_minimal
2407	0	6455257753	8448 Rosie visiting Karl Krogstad's gallery painting abstract table framed art lamp table Ballard Seattle Washington USA Karl Krogstad's gallery Rosie doberman ridgeback shepard mix Karl Krogstad
2408	0	27437694011	table cafe outside
2409	0	32274100885	Army; Pacific; Hawaii; Oahu; Fort Shafter; 8th Theater Sustainment Command; TSC; 130th Engineer Brigade; EB; Military Police MP; Special Troops Battalion; STB; 545th Transportation Company; TC; Celebration Service; CoS; Retirement Ceremony; Hale Ikena;
2410	0	47042061222	sinks nps smokies grsm gsmnp water winter road
2411	0	19894121226	Tornado Damage Tornado Damage Fort Worth
2412	0	48069134938	dayton tornado damage
2413	0	47951758507	dayton tornado 2019 damage
2414	0	23538371048	156AW ANG CAP Civil Air Patrol Damage Hurricane Maria PRANG Puerto Rico Puerto Rico Air National Guard Relief Muniz Air National Guard Base Alabama United States US
2415	0	35161355112	Nutria Sign Damage Droppings
2416	0	35161352062	Nutria Sign Damage Marsh
2417	0	38707505791	USDA USFS Forest Service Forest Health Protection State and Private Forestry Pacific Northwest Forest and Range Experiment Station PNFRES PNW Pacific Northwest Region forest entomology Ken H. Wright 1963 PS-2941 Clatsop County Oregon Stamm's Point Youngs River spruce hemlock weevil insect damage Pissodes sitchensis
2418	0	28219272602	storm debris damage flooding forest service roads LBL Land Between The Lakes creek crossing roads
2419	0	8152080643	USFWS FWS NWR National Wildlife Refuge Sandy Hurricane Sandy Superstorm Sandy damage NY New York Long Island HurricaneSandyFWS
2420	0	6097161742	hurricane irene irene hurricane usfws fish and wildlife service habitat conservation prepare flooding national wildlife refuge refuge flood damage great swamp national wildlife refuge great swamp new jersey nj
2421	0	33596873930	Murder police Dresden 2017 police helicopter eurocopter ec 135 Open Source Intelligence OSINT Zpravodajství z otevřených zdrojů Renseignement d'origine source ouverte オープン・ソース・インテリジェンス 공개출처정보 Biały wywiad Inteligência de Fontes Abertas Разве́дка на осно́ве откры́тых исто́чников 公开来源情报
2422	0	50661665398	Joshua Tree National Park National Park Service Joshua Tree National Park can historic trash
2423	0	23000167001	basura basurero planta tratamiento naturaleza contaminacion municipio municipalidad San Pedro Sacatepequez San Marcos lixibiados peligro salud ambiente trash colapso agua nacimientos
2424	0	35179655760	1940s Australia Australian history stove electric stove vintage Vintage Queensland cooking All Electric Cookery Book monochrome advertisement
2425	0	48868895093	Sun sunrise shower sea beach summer
2426	1	46764768842	Second Life Chisaka Virtual Shower
2427	0	50613311006	police
2428	0	49906663211	Chief Joe Joseph Lemire UW UWO Oshkosh police department dept wisconsin
2429	0	49620281217	arested police handcuffed
2430	0	49145603533	Architecture Outdoors No People Sky City Built Structure Travel Destinations Building Exterior Day Palace Famous Place History USA Washington DC America Capitol Police Trees Congress Hill National Mall
2431	0	36697004196	police mppd police station Menlo Park California scanned photo historical photo historical Civic Center
2432	0	41524421231	308 Peugeot Norev police
2433	0	17837847982	Bellingham Police Car Bellingham Police Department Bellingham WA Bellingham WA Police Chevrolet Tahoe Chevy Tahoe Northwest Police Police Car Washington Bellingham, WA Police
2434	1	35614761814	British Military Eckernförde Europe Slides weapon police
2435	0	49791318966	Budapest Government Police
2436	0	47810527051	Department of State National Police Week May Evanoff, Michael T Assistant Secretaries Washington, DC Police Ceremony Public Event 2019 Flags
2437	0	32866901527	Department of State National Police Week May Washington, DC Police Ceremony Public Event 2019 Flags
2438	0	39979360500	SFCCLCA San Francisco Police Firefighters Sheriffs
2439	0	25322626118	road safety traffic map street Brisbane accident police Queensland State Archives history qld archives
2440	0	25051000118	Department of Agriculture U.S. Department of Agriculture USDA Texas Hondo Police Police Department vehicle inteceptor utility Grant rural development Community Facility Grant CFG
2441	0	32151619921	Spain police uniform Policia gun
2442	0	30734328731	police vehicles 999
2443	0	32686069485	Police horses cannes Renault French
2444	0	29383856283	East St Immigration Raid Police London TSG Riot Police Immigration Enforcement UKBA Police Dogs Summer 2015 June 21 Blackwood Street
2445	0	23652384926	Ambassador Pyatt Ukraine Kyiv Police
2446	1	28743761965	September 1903 Johannesburg South Africa Transvaal Transvaal Town Police Discharge Parchment Parchment Victorian Police Sergeant artefact August 1902
2447	0	26492601002	history slavery USA wanted poster negro African-American kidnapping bounty true United States racism Boston police tragedy black fugitive
2448	1	26037674190	Tennessee Fire Firefighter Department Commerce Insurance training Tennessee Department of Commerce & Insurance police behind the scenes
2449	0	16794171943	memorial montgomery county police police
2450	0	16539871924	banquet interns police volunteer montgomery county
2451	0	15623040234	dfirecop Car Auto Vehicle TV Show CHiPs Cop Police John Ponch 1979 Ford LTD Low Gas Prices
2452	0	15376551010	Umbrella revolution - protest in Nathan road Hong Kong police
2453	0	49858260683	Red businessman suit tie desk man
2454	0	49117857003	seat bench seat railway compartment Chesham Shuttle London London Transport underground Metropolitan Railway Metropolitan line
2455	0	34648393603	KochiYosakoiAmbassador YosakoiAmbassador yosakoi よさこい 高知よさこいアンバサダー よさこいアンバサダー travel music dance Montreal Canada Japan Japanese ilovejapan performance traditional Sakuramai モントリオール カナダ 旅行 音楽 踊り 日本 日本人 パフォーマンス 桜舞 日本文化 indoor indoors costume color red blue prange flag girl smile movement
2456	0	15066383696	trucks bus Styling modern trucks Modern busses MOdern styling Truck engineering Latest Engineeting IAA hanover fair IVECO. Scania Volvo Benz Mercedes Benz coaches intercity coach inracity bus Delivery trucks Euro cargo Truck cab Truck interior styling Transport road vehicles Passenger van Van Utility vehicles SUV Tippers Off highway trucks multi axle bus multi axle trucks color yellow red blue white crimson green green vehicles hybrid vehicles aerodynamic Cars Modern vehicles New model Vehicles Car styling Vehicle Design Desin styling wheels tyres Auto Expo Truck expo IAA fair Hanover. german fair Front Grille Front styling facia Coach interior Seats Ergonomic design ride comfort IVECO. cafe on wheels recriational vehicles heavy duty Trucks Cycle road bike
2457	0	42027659455	quarryfarm marktwain twain elmira newyork ny centerformarktwainstudies elmiracollege shadows orange shadow furniture
2458	0	42027651585	quarryfarm marktwain twain elmira newyork ny centerformarktwainstudies elmiracollege reflections reflection furniture shadow shadows blue
2459	0	42929610951	quarryfarm marktwain twain elmira newyork ny centerformarktwainstudies elmiracollege details furniture books
2460	0	33619312914	2017 Photo San Diego Architecture Downtown Furniture Granite Historic Building Lobby Marble Stone Tile Wood
2461	0	50309472036	homefurniture leathersofaset brown-tansofaset 3seatersofa 2seatersofa livingroomsofa vintagesofa Furniture
2462	0	40427620783	Fantastic Beasts: The Crimes Grindelwald#Fantastic Grindelwald film#怪獸與葛林戴華德之罪#怪獸與牠們的產地#Pokémon#pokemon#寵物小精靈#精靈寶可夢#ポケットモンスター#ポケモン# Eddie Redmayne#Katherine Waterston#Jude Law#Johnny Depp##cartoon#movie#sketch#illustration#comic#manga#drawing#wallpaper#fan art#by wolf chung#肥仔聰
2463	0	35454448805	plant pot Nikon D2Xs 50mm 1.8 Flora
2464	0	45690386554	flower park creative pot hand
2465	0	32538964116	Crab Pot Buoys California
2466	0	16877461079	Нижний Новгород Кремль Нижегородский Кремль Kremlin rain summer day heavy rain набережная shower showers
2467	0	49615270212	Army ROTC ROTC Cadets Scholarships basketball ciaa tournament charlotte north carolina Munera aspire tv music hbcu historically black colleges universities winston salem state university shaw claflin HowardUniversity
2468	0	33918476704	police politie nacht night nite fine bekeuring getting fined bekeuren fietsers cyclists staandehouding mensen people outdoor officers agenten Netherlands police car politiewagen politieauto politieagent politieagente politieagenten Terry stop
2469	0	45856036634	crime criminal 1920s mugshot stealing theft oliver newland
2470	0	17075214437	public domait aperturefocus graffiti art nc asheville river distric street damage
2471	0	14807760300	hairy abutilon Rust Puccinia heterospora Puccinia malvacearum weed Abutilon molle
2472	0	40239570905	flower fence weed
2473	1	33707493873	weed ganja sativa outdoor canapa
2474	0	14329783508	sink colors chrome
2475	1	15863172069	Yoko Ono Bed Peace Montreal Museum Happening
2476	0	34482768061	food kitchen table eat dishes fruit meat vegetables herbs
2477	0	39672766224	lisbon b&w people walks mirrors reflexion
2478	0	51030179052	FASTCAP cabinetry carpentry carpenter cabinet cabinetmaker cabinets construction lock locking hardware install installation screw security
2479	0	50832024213	festool layout measure measuring measurement material Tape tapemeasure makita woodworking woodworker woodshop cabinetry carpentry construction carpenter cabinet cabinetmaker cabinets cabintery
2480	0	36928773043	sony xperia xz1 inside
2481	0	10798324736	interior furniture situation sofa vase pillow table plate window dressing glass blind drawing-room white wood niche illumination modern reflection 3D comfort rest area room home decor relax lifestyle furnishings comfortable leisure objects shade family jalousie bottle picture illustration lamp television set flower book yellow detail armchair Russian Federation
2482	0	45989045991	utility boxes box cabinets public art greeley colorado
2483	0	30467781680	U.S. Army Garrison Benelux active shooter MP Military Police garrison Belgian Army Local Zaventem Brussels Belgium Exercise training Vilvoorde combined multinational searching chasing
2484	0	20065068550	Batman 1966 Television TV Adam West Burt Ward Alan Napier Aunt Harriet Cooper Madge Blake Alfred Pennyworth
2485	0	17887923060	Batman Adam West Robin Burt Ward 1966 Batcave. Television TV Superhero
2486	0	17238207331	Batman Adam West Robin Burt Ward 1966 Television TV
2487	0	21154318213	night stars trees dark sign post cloud norfolk seat path
2488	0	33813655552	waterfall danger water Star Wars action figures stormtrooper 365project
2489	0	31883923748	Mustad Marine Navigation Back-bearing clearing bearing danger
2490	0	27584842094	asbestos sacks UK women females workers industrial bags fiber fibre danger hazard risk safety vintage hazardous amiante
2491	0	6271967492	public domain danger rayas amarillas alto voltage
2492	1	49465318322	SheyeneGerardi nasa model tv soapoperas Spacex robots ufo actriz rctv telenovelas venezuela style age dating
2493	0	6858739752	Million Hoodies Trayvon Martin shooting death protest New York Union Square by David Shankbone NYC March 21 2012 free photos images Creative Commons activism activists police racism injustice
2494	1	26175687188	uscg coast guard military reserve state of the union washington d.c. district 5 fifth district joint base anacostia bolling station washington d.c. sector baltimore msst boston security police law enforcement pwcs ports waterways coastal security United States
2495	0	17010315722	murder sun killing
2496	0	26098525778	Presos polítics Granollers Vallès Oriental Plaça Josep Maluquer Presó Prisión Jail Prison Kartzela
2497	0	51165677529	Caversham UK Reading Bridge Peachy graffiti Maiwand Lion May 2021 2021PAD Reading Berkshire
2498	0	51145453035	ZET GRAFFITI PUBLIC-DOMAIN
2499	0	49918540052	graffiti art street miami
2500	0	49589215408	graffiti Art in Graffiti Greek Graffiti greek art
2501	0	48687803213	e6 velvia 100 grays landscape graffiti
2502	0	30307648047	Lancaster Fairfield County Johnston Covered Bridge Johnson Covered Bridge covered bridge graffiti Ohio park
2503	0	35734593361	washington dc street art arte callejero graffiti pintada sl001443dc
2504	0	29580234851	Streetart Graffiti
2505	0	28309674090	Upfest 2016 Bristol Street Art Graffiti JohnDoh
2506	0	16581390998	spain201503 streetart graffiti
2507	0	14111114975	DSC03568-1405 Graffiti Street Art La Reunion Island St Denis Sony NEX-3 Pentax SMC M 50mm f1.7
2508	0	6806533055	manhattan nyc ows graffiti
2509	0	5802506258	golden gate district graffiti 94608 sticker oakland san pablo avenue turnips is the new black
2510	0	50814477123	graffiti Notting Hill
2511	0	47952854362	Good Panda Graffiti Public Domain Wall Poster Wall Skayeboard
2512	0	30631520877	panneau tag graffiti lam lampadaire love amour noir et blanc
2513	0	37003701092	graffiti smily wall phonk writing art
2514	0	38521751501	Piecebook RTI Graffiti
2515	0	37021123016	kansas city kansas city missouri Crossroads Art District Art Alley graffiti mural street art
2516	0	34921891075	graffiti art huske writing
2517	0	33086075066	Phoenix, Arizona graffiti vandalism paint painted wall American Southwest outdoors city urban
2518	0	28915046662	Rexenera fest Rexenera Carballo Galiza Galicia street art street art graffiti Derrubando muros con pintura
2519	0	16946639540	sickness graffiti wall knife painted black art
2520	0	14305827957	inhl inhale graffiti
2521	0	20046469344	ruedaenaragon graffiti avenida josé atarés zaragoza
2522	0	17035010654	prks graffiti df méxicoCity GRAFFITILATINO #GRAFFITIDF #MEXICOGRAFFITI MEXICOGRAFITI SBS STM
2523	0	14771436483	serres panserraikos GRAFFITI greece THESSALONIKI thessaloniki kones graffiti thessaloniki
2524	0	8641534667	minichip Graffiti street art streetart Bern Berne Switzerland Urban
2525	0	13982771297	Crime UN United Nations United Nations Office on Drugs and Crime State Department Department of State international
2526	0	8435682239	two buttons Corduroy The Bear's overalls coloring sheet
2527	0	47574095721	USDA Department of Agriculture U.S. Department of Agriculture EPA FDA Environmental Protection Agency Food Drug Administration food waste food waste
2528	0	49916936786	Extradición Extradition Seguridad Drug Enforcement Agency Narcóticos Narcotráfico Uruguay Estados Unidos Jorge Larrañaga
2529	0	49505775648	2006 alcohol alkoholi analog angel baari bar beer black & white booze finland heavy metal kalja metalli mirror mustavalkoinen negatiivi negative peili pub pubi public domain rusty satamakatu suomi tampere viina
2530	1	36411311876	Rock balance structure art body naked man nervous before kill concentration camp death euthenasia ghetto segregated ethnic cleansing poverty slum fuck trump graffiti Trumpcare gas chamber panel covfefe extermination detention sterilization eugenics culling lebensunwertes leben Aktion T4 Zyklon B racial hygiene fumigation final solution execution Sonderkommando Einsatzgruppen white supremecy sumpremacist alt-right nazi Donald Trump
2531	0	49610452992	vintage pulp magazine horror scifi detective murder
2532	0	50168147796	228 Kaohsiong Taiwan memorial KMT murder
2533	0	18986718863	Wisconsin Insect EXTINCTION Mass Extinction Obama Mass Extinction Sixth Mass Extinction Trans Pacific Partnership corruption Lobbyists Bribery BP Goldman Sachs Corexit 9500 Bogus Environmental Review Keystone XL Pipeline Enbridge Pipeline hydraulic jump Lake Superior Oil Spill deforestation Logging the Tongass Nat'l Forest Palm Oil fracking Hillary Clinton methane LNG oil shale tar sand Bomb Trains koch Mitch McConnell gina mcarthy James Imhofe Ron Kind Warren Buffett Sally Jewell Climate Change = Crimes Against Humanity TPP = treason hairstreak
2534	0	31666243550	working workspace imac macbook macbook pro imac 5k desk designer design coffee mouse keyboard
2535	0	50340675183	also known as Lindley's Filters Warsaw WaterFilters Water Filters Lindley National Heritage Board Poland architecture indoor historic monument pomnik historii historia history
2536	0	33141455728	airgun pellet .22 scope pistol indoor
2537	0	23952489817	Minnesota United States coin quarter indoor Public Domain Dedication macro
2538	0	36063726486	“Three “MacroMondays” Three three colours tear shaped medallion indoor three sections detail Rudyard Kipling poem Gunga Din 1890 Australia
2539	0	32608443736	GRC Greece Rodos Ródos CC0 Creative Commons 20160508-135158LC indoor interieur interior shop object pop doll public nobody coeluc vak_2016.05_Rodos vak Rhodes
2540	0	45215410942	caption.me funny man gorilla banana sofa furniture
2541	0	36098250004	broadcast camera tripod television journalism
2542	0	50229858976	helicopters media tour portable retardant plant television #GrizzlyCreekFire #FireYear2020
2543	0	22503392034	mediacity salford manchester bbc studios media bbc radio studios camera television
2544	1	50148826997	Gummisklavin toiletwoman Sklavenhandel slavemarket slavegirl submissive babyface Gummifetisch clothes master muslim slavetrade girl rubberdoll rubber Plastikhose Hosenscheißer gewindelt babypants hoodedgirl hooded Kapuzenmädchen Zimmermädchen Kapuze hood frenchmaid Hausmädchen Kellnerin downwear Regenhose oilskin rainweargirl dhimmitude Häubchen rubberfetish servantmaid dhimmi Plastikschürze bonnet bonnetgirl adultbabygirl diaper diaperedgirl Gummizofe diapergirl Gummikleidung Friesennerz teen teeny Schürze rainwearteen Gummischürze Regencape
2545	0	23953314167	Tables
2546	0	22706724759	Restaurants Dining tables Interiors
2547	0	49982091827	japan cemetary burial traditional Shinto
2548	0	32707867118	Jingzaijiao Taiwan saltfields brick building old traditional house home
2549	1	51085533732	GEF ÒMexico CityÓ ÒGeneration EqualityÓ forum indigenous culture celebration tradition collective traditional earth elements ceremony unity solidarity group Mexico LAC Mexico City MŽxico “Mexico City” “Generation Equality” forum
2550	0	51164778955	thai thailady thailand uk ireland spring flowers thaiclothing traditional traditionalthaiclothing model modelphotography
2551	0	50348438872	Prayer with Representatives Religious Congregations Teachers Chapel of St Mary’s University College Twickenham
2552	0	36368993104	illustration kids design cute parents mint pink rosa character hipster cake birthday okay france cicada snail rabbit adventure travel maria holy wellness mask christmas beauty ice creme children animal
2553	0	50975571183	USS Mahan DDG 72 Navy Guns Fire-power NMCS DVIDS Bulk Import ATLANTIC OCEAN
2554	0	50811328433	war desert guns gunshow soldier action smoke sand freedom active adventure extreme asg sport lifestyle activity outdoor man group team adventure travel backpack nature people young person terrorist weapon armed assault terrorism army military danger pistol attack security special police shoot kill killer conflict terror shooter swat
2555	1	50713591898	Louboutin Lingerie Noir Photoshoot Studio Photoshoot Sydney Model Woman Women Guns 50s Studio Stockings Boudoir High Heels Corset
2556	0	50623006712	DUSM US Marshals Law Enforcement Police 2020 USMS Shane T. McCoy Gang Gangs Guns Money Cash OTB Operation Triple Beam Deputy Marshal ATF Federal Bureau of Alcohol Tobacco Firearms and Explosives Drug Enforcement Administration DEA Roswell Police Department New Mexico State Police the Fifth Judicial District Attorneys Office Chaves County Sheriff’s Office Eddy County Sheriff’s Office Lea County Sheriff’s Office Federal Bureau of Investigation Homeland Security Investigations Lea County Drug Task Force and the Pecos Valley Drug Task Force The Jal Police Department New Mexico Department of Probation and Parole Roswell New Mexico USA
2557	0	50360863692	Select Batman Batwing Bat Black LEGO LEGO™ MOC AFOL BatmanDay Day Wing Wings Fighter Bomber Aircraft VTOL Hover Supremacy Comic DC Justice Guns Missiles
2558	0	49598216182	star citizen starcitizen alpha 3.8 space sim blur videogame flightsim RobertsSpaceIndustries scifi pc game gaming videogamephotography gameplay screenshots science fiction sciencefiction cloudimperiumgames depth field DoF 4K 3.1.4 3.2 3.2.2 Foundry42 hudless video photography 3.3 Area18 ArcCorp 3.5 Guns Panorama reliant sen 3.5.1
2559	0	50034543231	Crown Star Images CSI DVS1mn Automobile Automobiles Automotive Antique Cars CAR Classic Cars CLASSIC CARS Veteran Vehicles Vintage Vehicle Hemmings Father's Day Cruise Hemmings 21st Annual Father's Day Celebration Father's Day 2020 1989 Ford Thunderbird Tenth Generation Thunderbird 10th  Generation Thunderbird 10th Generation T-Bird Tenth Generation T-Bird Ford T-Bird Ford Thunderbird FoMoCo Ford Motor Company Personal Luxury Personal Luxury Car Super Bird SC Super Coupe Super T-Bird Super Thunderbird
2560	0	49401130927	corolla toyota corolla corolla sedan jamaican corolla jamaica corolla toyota Jamaica Toyota Jamaican Toyota Toyota Caribbean jdm Caribbean Toyota car Toyota vehicle car automobile Asian car Asian vehicle Japanese car Japanese vehicle fielder wagon station wagon corolla wagon corolla fielder Japan jdm import vehicle automotive import automotive Jamaica eu island Kingston st. Andrew saint Andrew st. Andrew parish capital city capital city Caribbean city Caribbean streets Japanese asia Asian
2561	0	49264871012	Autumn Boise Capital Street automobile building city evening fall motion blur mountain seasons skyline sunset
2562	0	50018076192	automobile mobil ford ford everest ford endeavour
2563	0	49749429838	scale model 1:18 Duesenberg classic cars The Great Gatsby Movie Cars automobile wide-angle Canon Rebel XSi 450D Greenlight diecast 1934
2564	1	49804938112	maruti suzuki suzuki suzuki alto automobile mobil
2565	0	45233687651	califrayray Chevy Chevrolet car automobile Bel Air
2566	0	43501602065	Nikon D750 Nikon Tamron 15-30mm Tamron Wide Angle black and white Classic Car car show car Automobile 1951 Mercury Mercury lead sled Custom car Custom Kustoms of America Grill Ford lead sled lexingtonky lexingtonkentucky Lexington cars and coffee
2567	0	41856530985	2018 24h 24h du Mans ASTON MARTIN RACING Aston Martin Aston Martin Vantage AMR Canon6D France Le Mans Pays de la Loire Pesage Sarthe automobile canon70-200-f2.8L sport FR
2568	0	51178113269	2021 Filming 45th Street NYC May13th New York City 05/13/2021 TV show shoot 1950s Stand up comedy shows Spring for Network Video vintage car cars autos automobiles automobile camera track tracks ladder like set crew director film rain proof bag during Coronavirus Protection Medical distancing Clinton Neighborhood Corona virus COVID-19 near Times Square Covid 19 Hells Kitchen Project called Tailspin
2569	0	51098231878	GmanViz Color car automobile vehicle detail Toyota Land Cruiser wheel tire bumper fender headlights grille Columbus Cars & Coffee Sony A7ii
2570	0	50616587233	Sony DSC-HX80 maiac Detroit Institute of Arts DIA car automobile Detroit Style: Car Design in the Motor City, 1950–2020
2571	0	50522323037	GmanViz Color car automobile vehicle detail Sony A7ii Ford hood chrome 1966 Fairlane headlight grille bumper
2572	0	50403177222	GmanViz Color car automobile vehicle detail Sony A7ii Columbus Cars & Coffee Olympus Zuiko 50mm f3.5 Macro 1964 Chevrolet Chevelle Malibu badge Chrome script type
2573	0	50212802233	automobile Canada Quebec auto show photography Montreal
2574	0	49452567627	car show car automobile Plymouth coupe 1950 Lecanto Florida
2575	0	49441480307	car show car automobile Ford Thunderbird 1957 convertible Lecanto Florida
2576	0	49213861678	Brochure Pamphlet Chrysler Automobile Car Vehicle Airstream 6 Sedan
2577	0	49132308018	Car automobile vintage Abandoned abandonscape Sony sonyalphauniverse sonyalpha sonyimages Explore Travel Photography rust
2578	0	49020175531	Heritage Village Historical Park Heritage Village Calgary Alberta Canada History Museum Gasoline Alley Cadillac Car Automobile Vehicle
2579	0	48797280146	window view behind the wheel car city view automobile rear view mirror people bridge lines railing clouds boats water vehicle through glass shooting through glass shot through glass through a window through window behind glass window shot taken through glass from the car on the road while driving city view traveling vacation travel trip holiday tourist Gulf Coast mirror car window B&W monochrome black white black and white black white photos black white photo
2580	0	48502897131	sedan autocar sportscar race automobile roadster sport design luxury automotive supercar vehicle car
2581	0	50901527481	Mercedes-Benz Mercedes Classic Car Automobile Vintage Car Vermont New England Small Town Waitsfield Automotive German German Made Made in Germany Fujifilm Fujifilm XT-2 Fuji XT2 XF35mmF2 XF35mmF2 R WR XF35mm 50mm 35mm Fuji Fuji 35 f2
2582	0	51097648723	Fueled Photography Kenworth Medium Duty NMD Truck Alloy Wheel Automobile Car Car Wheel Machine Spoke Tire Transportation Vehicle Wheel
2583	0	50703394226	Cars Interior Items Bike Tour 2018 Adventure Cycling Europe Switzerland Travel Automobile Museum
2584	0	50683841426	flickr 8one8studios raymondclarkeimages google processed lg usa rci outdoor lm-v600 smartphone photography v60 lamborghini performance horsepower sportscar automobile italian red car vehicle supercar lg smartphone photos lg cameraphone photos mobile phone photography mobile phone sensor android
2585	0	50587725633	Endicott New York Sheltering In Place Lockdown Social Isolation Roundtop Park Automobile Classic Car 1937 Packard One-Twenty 1937 Packard 120-C 1099 Convertible Coupé 1937 Packard Nice Autumn Day Afternoon Autumn
2586	0	50170637066	UK Grande-Bretagne United-Kingdom Austin-Healey voiture ancienne car vintage voiture de collection automobile 3000 Mk I 3000 Mk1 voiture collection voiture de sport sport moteur CN459ZD
2587	0	49204621438	2019 Porsche 911 GT3 Cup Challenge Kelly-Moss Road and Race Scott Welham racing motorsports auto racing car race car sports weathertech sportscar championship imsa automobile motor racing automotive road america elkhart lake wisconsin vehicle track circuit corner speed motion blur panning
2588	0	50730170347	rci raymondclarkeimages 8one8studios flickr outdoor usa canon 6d google full frame sober sobriety 70-200mm car automobile drunk driving wyoming valley alcohol wreck sign overturned vehicle pennsylvania message example
2589	0	49024608373	2019 Lamborghini Huracan Super Trofeo EVO Wayne Taylor Racing Prestige Performance Andrea Amici Sandy Mitchell racing motorsports auto racing car race car sports weathertech sportscar championship imsa automobile motor racing automotive road america elkhart lake wisconsin vehicle track circuit corner speed motion blur panning
2590	0	48121209173	voiture ancienne Peugeot 203 voiture collection automobile car CZ055KH gris commerciale
2591	0	47941513942	voiture ancienne automobile car vintage voiture de collection France Renault R4 F6 4L fourgonnette utilitaire voiture collection beige EL643QP logo badge emblem emblème
2592	0	48119188686	DSC_1074 losngeles california automobile dealership downtown dtn neon night sign felixthecat nikon z6 figueroa vintage chevy car nostalgia
2593	0	32795796077	voiture car oldmobile renault 1914 old ancien extérieur explore automobile vue view
2594	0	33455413468	2018 BMW M4 GT4 BimmerWorld Racing James Clay Tyler Cooke grand sport continental tire sportscar challenge racing motorsports auto racing car race car sports weathertech sportscar championship uscc imsa automobile motor racing automotive road america elkhart lake wisconsin vehicle track circuit corner speed motion blur panning
2595	0	46307018175	Automobile car Ford Mustang 5.0 GT voiture sport bleu coupé convertible EV061GM
2596	0	44104176855	2018 Nissan DPi Tequila Patron ESM extreme speed motorsports Johannes van Overbeek Pipo Derani Scott Sharp Ryan Dalziel prototype racing motorsports auto racing car race car sports weathertech sportscar championship uscc imsa automobile motor racing automotive road america elkhart lake wisconsin vehicle pit garage paddock
2597	0	31579794288	SSang Yong Automobile Bartn Nackenheim Bad Kreuznach Lokale Nachrichten Pick Up SUV Mainz Wiesbaden Ingelheim Alzey Boost your City
2598	0	31102961448	2018 Ford Mustang GT4 Roush Performance KohR Motorsports continental tire sportscar challenge gs grand sport BMW M4 Jack Roush Jr Joey Atterbury racing motorsports auto racing car race car sports weathertech sportscar championship uscc imsa automobile motor racing automotive road america elkhart lake wisconsin vehicle track circuit corner speed motion blur panning
2599	0	44564951591	automobile car show chrome classic color colour orange wheel
2600	0	42859355684	automobile car car show chrome color colour metal metallic purple vehicle
2601	0	42251779065	Mustang ford cobra 350 limited edition recaro Race car automobile
2602	0	50246734076	Allthebest Michigan nightmare bulls Islam basketball yaoi brooms broom mop duster automobile COVID19 coronavirus vaccine NBA moose
2603	0	49692582901	Toyota Toyota Jamaica Jamaican Toyota Toyota Caribbean jdm Caribbean Toyota vehicle car automobile Asian car Asian vehicle Japanese car Japanese vehicle Prado landcruiser landcruiserprado prado suv suv sport utility vehicle Jamaica Caribbean island island vehicle Caribbean vehicle Jamaican vehicle Jamaica vehicle tropical tropics tropical vehicle Japan jdm import vehicle automotive import automotive eu Kingston st. Andrew saint Andrew st. Andrew parish capital city capital city Caribbean city Caribbean streets Japanese asia Asian
2604	0	49157961133	SWitzerland Lucerne car vehicle automobile transport museum Verkehrshaus der Schweiz
2605	0	49128614168	Honda automobile car homeless
2606	0	49044837027	Silverstone Silverstone Classic Silverstone Classic 2019 Motor Racing Motor Sport Autosport Automobile Racing Racing Car Historic Historic Racing Car Classic 1963 7 Green Aston Martin DP214 Aston Martin DP214 Aston
2607	0	48131896557	Isle of Lewis retreats journeys June Christianity midsummer Outer Hebrides Western Isles Diocese of Argyll and The Isles Back Bac
2608	0	50708389586	lottery ticket winner win
2609	0	50020226801	Lesezeichen Fahrticket Ticket Busticket Umberto Eco dtv Verlag
2610	0	49979746157	2014 canon canon70d asia 亞洲 japan 日本 kansai 関西 京都 KYOTO 近畿 きんき kinki ticket
2611	0	50913738416	Matsuya 2021 Japan Chiba แกงมัสมั่น kaeng matsaman food foodie food macro food porn 松屋 curry Curry rice Chicken potato receipt ticket
2612	0	49507471523	Kombucha Health-Ade Holy
2613	1	40957532824	Holy Land Holy Land
2614	1	50555675596	The annual Mass for feast Our Lady Queen Palestine installation Bishop David Oakley Prior Eastern Section Knights Holy Sepulchre
2615	0	49379828181	Mass with parishioners Holy Family Latin Parish Gaza
2616	0	49731296633	Proclamation Dogma Immaculate Conception 圣母无染原罪 Francesco Podesti fresco painting Virgin Mary Holy Trinity Spirit Jesus Son God Father Pius IX travel tourist people Museum Musei Vaticani Vaticano Vatican 梵蒂冈 博物馆 urban Rome 羅馬 罗马 Roma Italia 意大利 Italy Sony RX100 RX100VA RX100M5 RX100M5A Panoramic Stitched Arcsoft Panorama Maker
2617	0	50951911853	brett brett jordan http://x1brettstuff.blogspot.com/ scrabble scrabble pieces lettering letters wood scrabble tiles white background words quote type typography design layout focus bokeh blur photography images image father jesus spirit father son holy spirit father son holy spirit trinity threefold god Godhead trinitas christian christianity christ three in one substance essence nature homoousios new testament nicea belief creed
2618	0	50368886676	Glaube Kirche Kloster Kloster Walkenried Kreuzgang Niedersachsen Religion Walkenried Zisterzienser Mönche Deutschland Muße Ruhe Buße Gebet Architektur Mönch Christentum Meditation Einkehr Stille Ora et labora Mitternachtsgebet Kulturerbe Weltkulturerbe UNESCO UNESCO-Welterbe Welterbe UNESCO-Weltkulturerbe Oberharzer Wasserwirtschaft Klosterkonzerte Faith Church Monastery Walkenried Monastery Cloister Lower Saxony Cistercians Monks Germany Leisure Rest Penance Prayer Architecture Monk Christianity Retreat Silence Cultural Heritage World Heritage UNESCO World Heritage UNESCO World Heritage Site Upper Harz Water Management Monastery Concerts
2619	0	49615631496	Stage Coach Address Plaque Horse Carriage
2620	0	49567614731	Elizabeth Warren Senator Town Hall Democrat Liberal residential President Race Primary Wakefield High School Liz Politics Bid Students Platform Hillel Steinberg Plan Massachusetts American campaign rally candidate White House progressive Virginia supporters selfie DNC speaker talk address media voters vote debate elect election
2621	0	50372068058	#POLITICS Boris Prime minister address nation speech white room No10 London Greater London United Kingdom
2622	0	50801350827	#POLITICS Boris Prime minister nation addressing Covid-19 lockdown its address No10 London Greater London United Kingdom
2623	0	48601418151	President fall address students Faculty stage union ballroom 2019 hornet family
2624	0	50829615737	church gothic architecture Bronx Kingsbridge stained glass Henry Vaughan Episcopal Anglican Episcopalian Tiffany sacred
2625	0	50100241988	Photography Vietnam Hanoi Hanoi2018 Night Catholic St. Joseph Cathedral JOHNRAGAI Johnragaiphotos OLYMPUS Place of Interest Travel Travel Portrait
2626	0	49451022968	Africa Ethiopia Lalibela Timkat Epiphany Celebrations religion Christianity
2627	0	49878336477	Church Tsjerke Eglise Kirche Kerk grave yard Friedhof tsjerkhôf Britsum Fryslân Friesland sunday 2020 Sony Photographing Sony DSC-HX90V Blue Blue Sky loft lucht Netherlands Nederland Gottesdienst religion christianity memento mori
2628	0	50672938213	contrast light green religion church stainedglass statue christianity glass turquoise dark belgium europe
2629	1	50913634567	Las Vegas modern indoors domestic bathroom design domestic room faucet elegance architecture home interior shower luxury sink bathtub toilet no people clean decor bathroom flooring apartment Waldorf Astoria
2630	0	49327256837	Fuji Fujifilm X100 X100F mirrorless toilet urinal bathroom natural light hangover EL east lansing East Lansing Michigan Michigan College Bar
2631	0	49685282166	perth australia house display-home bathroom shower basin mirror
2632	0	49815652853	bathroom tile small bathroom tile ideas bathroom tiles bathroom
2633	1	49627751183	Adelaide Adelaide Festival ofArts Dolls House Rundle Mall living room bathroom toilet shoppers three storey
2634	1	49836887627	baby 365project bathtub bathroom 365 bath
2635	0	48667072781	cellphone bathroom painting
2636	0	50194798611	Dorset Bournemouth Westbourne Denewood Road Greengates bathroom taps fawcet bath bathtaps
2637	0	48537954947	Chicago Illinois USA Chi Town Windy City Second City Hyde Park Frank Lloyd Wright Robie House architecture 1910 Frederick C. Robie bathroom shower
2638	0	51214422300	towel towel bar wash bathroom
2639	1	49573662056	W.J Bassett-Lowke Charles Rennie Mackintosh Northampton bathroom
2640	1	48894273243	simm!master bathroom shower diorama chronic illness chronic pain spoonie problems
2641	0	50663014131	Macro Mondays bathroom sink drain macrophotography Laowa 100mm ultra macro sony A7R IV
2642	0	50644192816	mirror espejo miroir reflection reflejo reflet autorretrato autoportrait self-portrait mask máscara masque Halloween disguise disfraz déguisé Olympus E-P3 Zuiko 17mm BNW noir et blanc black and white blanco y negro bathroom baño salle de bain
2643	0	50862132901	cat mirror bathroom Maine Coon Tangle
2644	0	51035102332	freestocks https://unsplash.com/photos/06AX05zvS2k beauty England Digital art Britain loose religious Rebelle 4 spiritual
2645	0	51127690718	brett brett jordan http://x1brettstuff.blogspot.com/ iphone iphone x ios home screen close up pixels retina smartphone icon ios 14 screen phone app apps bokeh close focus technology
2646	0	51064087866	outlet wall phone jack old 4 prong 4 prong phone jack 4 prong jack 4 prong phone outlet
2647	0	50685581931	UMAX Visionbook 10Qa 3G Android tablet tab Android Oreo Android Go computer slate computing phone smartphone
2648	0	50507511747	Kiosk K8 phone red GPO Hawkesbury Upton
2649	0	50244427576	UMAX Visionbook T8 3G tablet tab slate android google phone cellphone electronics product photography
2650	0	51018851498	bank queen west shadow street toronto honest graffiti smartphone cell phone winter square
2651	0	50282879292	fontmell down countryside dorset google pixel 2XL mobile phone
2652	0	49876454951	LG Velvet Mobile Phone
2653	0	49504461861	night phone restaurant dinner glasses bokeh
2654	0	48356025341	FujiLove Fuji Fujifilm_global X100F London advertisement Streetfotografie Black&White Blackandwhitephotography Christof Timmermann Acros phone Eyecontakt imagebreak journalofseeing
2655	0	43854845470	Milano Milan Lombardia northern Italy phone telefono
2656	0	39757442675	marketing digital business b2b leads smartphones small tips texting phone phones text messaging
2657	1	23916282517	fix cell monster battery portable battery smartphone cable usb input output battery port mobile phone tablet fix cell bettery
2658	0	37292202391	Osmotherly Hawnby Helmsley Laskil Church Village Phone box Landscape River 2017
2659	1	36018561183	lg lg q8 q8 smartphone cp mobile phone andorid photo pink pink phone v30 lg v20 lg v30 second moana ip67 water unbox boxing camera wide angle
2660	0	35796861171	Mobile phone Samsung Galaxy N910 Note4 Landscape Sunset Nature
2661	0	34083003926	Albe phone cellphone teléfono móvil cámara camera picture fotografía foto sunset atardecer dusk ocaso cielo sky photographer fotógrafa window ventana
2662	1	34251831140	galaxy s8 galaxy s8 s8 plus smartphone cp celluar phone photo thebetterday 세아향 갤럭시S8 갤럭시 samsung alcantara cover case smartphone case phone cover alcantara cover
2663	0	50228378316	garden flower mullen dorset google pixel 2XL mobile phone corfe
2664	1	50653669617	man male adult walking hand phone day daylight sunlight sunshine sunny writing dark berlin urban city outside outdoors mask horizontal candid
2665	0	50385778823	f&b food beverage food&beverage cuisine cooking kochen fs999 fschneider aficionados zinzins phone sony zx2 A Shot A Day ... Or So Top Quality Image TopQualityImageOnly ArtCafe corel PaintShopPro 2020Ultimate PaintShopPro 2020 Ultimate Le St Barnabé Hôtel Restaurant & Spa StBarnabé St Barnabé hotel spa murbach florival haut-rhin alsace france
2666	0	49436307083	Seattle Streets Urban Fremont BW Telephone Booth phone
2667	0	49652659046	#POLITICS Boris Chief Scientific Adviser Patrick Vallance Coronavirus England’s Chief Medical Officer Professor Chris Whitty No10 Prime meeting minister office update COBR modi phone bts martin hancok London Greater London United Kingdom
2668	0	50046882321	tiktok snpachat instagram tumblr skype discord iphone facebook twitter apps media social phone
2669	0	51009364878	bible baptist church country rural
2670	0	49592796776	Mike Pence Trump Administration Coronavirus Czar Coronavirus COVID-19 epidemic pandemic medicine epidemiology thoughts and prayers politicians politics GOP Republicans empty suit Pence Bible
2671	0	33045624380	Canon EOS 5D Mark III Canon 5D3 5DIII Canon 24-70mm f/2.8 L 24-70mm West Point NY chapel church pews bible
2672	0	27197212610	b flat Be Flat humour fun mythoto Joshua 6: 20 Jericho walls of Jericho Old Testament trumpets musical note voices shout fell flat Bible scripture
2673	0	29181046801	sigh neushoorn leeuwarden oscar anjewierden dutchoscarphotography duosphoto nmth bible bijbel
2674	0	50095938271	wallpapersforgod wallpaperschristian wallpapers free graphics freechristiancards malayalam jesus god gospel backgrounds backgroundsfree bible
2675	0	50737703472	Waverly TN Tennessee Humphreys County Waverly Walls Walls Art Park art park graffiti wall art bmok bmok2 Love Bible Scripture I Corinthians 1 Corinthians 1 Cor I Cor heart
2676	0	49745400141	triangle cercle bordeaux france vabientefairefoutre oui toi invasion wall mur pain paint spriritisme esoterisme edge eternity repaze 777 house decay black tracé direct abstract power violence
2677	1	50713337013	DC Million MAGA Proud Boys antifa radical violence protest protestor counterprotestor white supremacists militia
2678	0	49310132936	#kaluphotocontest2019 Ethiopia activism gender violence children
2679	0	49505482566	viol violence femme feminicide noustoutes nous toutes 35 rennes collage collagesfeminicides
2680	0	51032749128	Reclaim These Streets Sarah Everard vigil 2021 murder violence femicide women safety Sheffield UK “Sarah Everard” Sarah Everard tribute tributes memorial flowers candles messages peaceful “Devonshire Green”
2681	0	49704875671	www.sandravallaure.com Sandra Vallaure Sandra Vallaure Egypt Africa vista view travel tourism vacation trip artistic temple ancient historical structure art architecture exploration wonderful fantastic awesome stunning beautiful hieroglyphs egyptian endurance endure civilisation civilization culture archaeological archaeology archeological archeology attraction cultural heritage historic history hieroglyphics symbol symbols stone wall relief carving antiquity pharaonic monument ruins site pharao farao abstract writing religious decoration Kom Ombo
2682	0	49703592813	www.sandravallaure.com Sandra Vallaure Egypt Edfu Africa vista view travel tourism vacation trip artistic temple ancient historical structure art architecture exploration wonderful fantastic awesome stunning beautiful hieroglyphs egyptian endurance endure civilisation civilization culture archaeological archaeology archeological archeology attraction cultural heritage historic history hieroglyphics symbol symbols stone wall relief carving antiquity pharaonic monument ruins site pharao farao abstract writing religious decoration
2683	0	50901321238	kumano kodo japan hiking pelgrimages walk religious nipon
2684	0	50887649458	Landscape light Lompoc Launch La Purisima Canon California Color contrast clouds Canon EF 28-300mm f/3.5-5.6L IS USM Central Coast rocks rock Religious
2685	0	50792006422	Lompoc California United States light La Purisima Canon Color contrast Central Coast Religious Church Chapel old historic wood
2686	0	49534058003	Mauritius Moris Ile Maurice Ile de France Historic Mauritius History Culture Tradition Heritage historicmauritius.com Cavadee Procession La Flora Cow Calf Festival Religious Tamil
2687	0	49978259333	2019 Adventure Bike Tour Cycling Europe Bike Tour UK United Kingdom England British Britain Historic Architecture Northumberland City Stone Church Religious Gothic Cathedral Interior Inside
2688	0	49928363818	2019 Adventure Bike Tour Cycling Europe Bike Tour UK United Kingdom England British Britain Yorkshire Yorks Historic City Architecture Stone Church Religious Gothic Cathedral
2689	0	49412804272	Chongqing République populaire de Chine Warehouse Man Manager Boss Leader Inside Indoor Mobile Phone Cellular Cell Cellphone Call Calling Managing Boxes Empty Full Mess Messy Portrait Alone Lonely Dark Street Urban City People Candid BW BNW Black White Black&White BlackandWhite Monochrome Natural-Light Natural Light Asia Asian China Chinese Canon EOS 100D 24mm Prime Shadow bricks cart
2690	0	48486312336	Smokin' with Hawgs Breath pit UDS Ugly Drum Smokers PIT BARREL SMOKER Brisket RIBS GRILLIN GRILLING GRILL SMOKE SMOKER BEEF RIBS HOT LINKS HOT RODS PORK RIBS BBQ Barbecue TriTip RIB TIBS SHORT RIBS steak ribeye porterhouse t-bone tastyQ TENDER MEAT meaty fat goodness taste man food real men fire beer heat sauce seasoning rub hickory flame messy flickr atomic hot links google vertical smoker hawgs breath tasty animals home built vertical smoker garage built vertical smoker upright smokers vertical smokers GRILLS GAS GRILL PROPANE Bratwurst
2691	0	29925458798	BeiBei ChubbyCubby FuzzyWuzzy AdorableEars BrightEyed TreatTime YummyFruitcicle HoldingOn LicketyLick SoHappy Delicious Messy TooCute BeingAdorable Savoring TwoHanded Precious StayingCool MeltingHearts HeadTilt Comfy CC-NC-BY NationalZoo
2692	1	50984222472	Lt. Governor Boyd K Rutherford. Gov Maryland. Sacred Heart Vaccine Site
2693	0	50823466167	toddler learning study nature little Boy blackboard child child painting outdoors desk creative education outdoortoys art preschool knowledge people idea time toddler painter toddler boy garden paint woodenhouse painter creativity sun drawing gif kid toddler kid Black park school Concept outdoors activity hans
2694	0	50766790678	Baby Luna Holiday Adventures Joy World Cislunar Cisluna Space Daughter swing swinging boy friend
2695	0	50706021887	photograph old photo old photograph tintype melainotype ferrotype boy suit handsome
2696	0	50326718153	Klamath Falls MartinKerns Oregon WesleyKerns bow boy grandpa ranch
2697	0	51022608542	boy holding smartphone screen hone indoors education game school childhood android unhelath error broken closeup
2698	0	49921026101	volunteer voluntary guide guiding grip handle ease of use hand tool help side lead hand over play hand work force bookmark prepared available you're about to ready along with it up excited order increase voice balloting votes palm blank arm arms boy man human lifting raised reach out rack racks stretch how many many participate get involved fingers greetings greet gesture satisfied participation agreement agree openness open waving five 5 number of
2699	0	50021167323	Pentax Espio st albans verulamium park river ver chalk stream boys playing ilford hp5 black white lockdown escape life covid 19 britain mini woods boy street photography black&white
2700	0	49057530621	street People boy Selling goldfish market stall Sony a6400 Talisay City Philippines Asia.
2701	1	51175449394	Aidan Alyssa Bentley CampBlanding Grandchildren KingsleyLake SeaDoo camping children family jetski mothers mothersDay. PWC
2702	0	51023715517	FDH2021 Lake Anna State Park Kids Children Family Lake
2703	0	50642647158	We Make History American Heritage Festival Kids Children Family Fun Schools Education History Costumes Uniforms Military Veterans Tractors Weapons Covid 19 Face Masks Hats Willie Stark One-Million Willieplus Event
2704	0	51177062136	Governor. Lawrence Hogan. Larry FedEx Field Faith Leaders
2705	0	46921303602	handletter faith watercolor indian ink
2706	1	33677439093	SanSe San Sebastian 2017 SanSe 2017 Hagan Lio Papa Francisco Juventud Youth Faith Fe
2707	0	29487992226	bad boy family reunion puff daddy diddy air canada centre lil kim mase faith evans mario winans 112 total carl thomas lox french montana tupac biggie smalls notorious big
2708	1	51135255783	faith karen
2709	0	49970560378	coronavirus corona virus deaths shopping Covid 19 pandemic virus Southern California epidemic quarantine social distancing stay at home closed stores staying home staying at home stay safe at home vacant freeway sign Claremont California this too shall pass all things must pass heart sign sign on fence encouragement hope faith sunset twilight
2710	0	50336220472	Vaneetha Rendall Risner faith
2711	0	50236712911	giving Fundraising Henri Nouwen #BetterTogether community faith
2712	0	50003298706	church St. Augustine's religion religious Christian spiritual spirituality Episcopal Episcopalian Lutheran building brick sign Prayers for Racial Justice pray praying prayers race white caucasian people man woman women grass outside day daytime daylight mask masks COVID-19 pandemic Nikkor Nikon PhotoShop
2713	0	50036333093	1465 varanasi uttard pradesh india Canon eos 6D Adobe lightroom cc sunset sunrise ganga bénarès uttar pradesh inde gange sacré fleuve holy place saint rives lever de soleil cucher de soleil orange boat bateau embarcation barque silhouette backlight pilgrim pilgrimage pélerinage pèlerins hindu hinduism faith foi religion peacefull paisible eternity éternité
2714	0	49826892161	january morning matin 2020 winter hiver europe france haute-savoie savoie 74 veyrier-du-lac annecy hike randonnee hiking walk marche bornes church catholic catholique christian chretien eglise
2715	0	41850069204	wilmette illinois bahai temple Bahá'í House of Worship zoroastrianism judaism hinduism christianity christian islam FZ40 lumix panasonic
2716	1	49787264058	Den Haag Nederland The Netherlands FaceMePls iPhone XR Toilet Bioscoop Herentoilet Men's Toilet Urinoir Pisbak Filmposter Poster Urinal
2717	0	50613787802	Coventry Britain Great Britain UK England Warwickshire West Midlands Chapelfields Sir Thomas White's Road Toilet
2718	0	49778035953	AFOL MOC lego minifig minifigure Shogun II Total War video game unit attack defense samurai Japan Japanese clan religious warrior fig SNOT Sengoku Jidai daimyo emperor feudal lord Yari spear cavalry armor ashigaru soldier
2719	0	50663691836	Qingdao Shandong République populaire de Chine Temple Religion Religious Buddhism Buddha Buddhist Holy Monk Tree Leaves Pavement Cold Dark Alley Construction Building Ancient History Historical Historic Tradition Traditional Man Walk Walking Alone Lonely Fujifilm Fuji X-T30 23mm Prime Fujinon XF Street Urban City Outside Outdoor People Candid BW BNW Black White Black&White BlackandWhite Monochrome Natural-Light Natural Light Asia Asian China Chinese
2720	0	48626462992	Houston Training Camp Houston Texans May be subject to copywrite lasw EMail rkikuchi47@gmail.com NRG Stadium Photgrapher RGK Photos.net Ron Kikuchi Texas Sean_Pendergast KILT AM sports radio 610 texans training camp 2019 preseason NRG Park cecil shorts sports radio 610 fantasy football forum Rick Kamla lisa ann cbs sports fantasy football Football NFL CBS Radio Marc Vandermeer Texans Texans Training Camps Seth Payne
2721	0	49197991061	venezia venice biennale biennalearte biennale2019 painting spectator jacket bench visitor Jill Mulleady snapshot fashion
2722	0	47333060232	Ejercito del Aire fuerza aérea Air Force España español paracaidistas paracaidismo militar military aviadores skydive skydiving skydivers bandera flag mono vuelo flight fly jump tunel de viento wind tunnel 4way formation indoor outdoor sky cielo azul papea airshow patrulla exhibición bahrein bahrain casco helmet vertical espectador gente mirando people watching looking viewer spectator beholder bystander onlooker champion championship campeones challenge murcia alcantarilla
2723	0	51172305109	file:md5sum=957d0c4b4b469d87f8c4642dcc6d454f file:sha1sig=d4512386ecd9137101542d57889a634d810e159f classic car voiture auto Automobile Automobili oldtimer Klassik retro classico #HaynesBreakfastClub Albany 1974 Jensen SP 1973 1972 Interceptor III Bristol 411 Series-III
2724	0	50335268827	Auto Automobile Alps automotive Alpes Rally Rallye racing race race cars retro road trip cars classic cars Classic vintage cars vintage vintage racing vintage auto nostalgia french alps France Motorsport petrolhead
2725	0	50342733163	cars vintage cars vintage vintage racing vintage auto Auto Automobile classic cars Classic Rally racing Rallye race race cars retro nostalgia Motorsport petrolhead Alps Alpes french alps France Mountains montagne
2726	0	50130140716	National Automotive and Truck Museum 1935 Auburn car auto AUTOMOBILE antique classic
2727	0	49753272757	Auburn Cord Duesenberg Automobile Museum 1930 Cadillac 452A car auto automobile classic antique
2728	0	49841254313	vw meeting international vintage morat murten switzerland suisse schweiz volkswagen beetle kever cox coccinelle maggiolino oldcar wagen auto automobile voiture pritsche aircooled standard véhicule Bug notchbach Hebmüller Split kombi bus vwbus treffen
2729	0	48823073018	auto Automobile automotive vintage cars vintage vintage auto vintage racing cars classic cars Classic Rallye Rally racing retro race race cars Motorsport petrolhead nostalgia
2730	0	48690095747	auto Automobile cars classic cars Classic vintage cars vintage vintage racing vintage auto Rally Rallye racing retro race race cars petrolhead Motorsport Alps Alpes
2731	0	50823576793	vw meeting international vintage morat murten switzerland suisse schweiz volkswagen beetle kever cox coccinelle maggiolino oldcar wagen auto automobile voiture pritsche aircooled standard véhicule Bug notchbach Hebmüller Split kombi bus vwbus treffen Enzmann506
2732	0	51024883248	America Arizona USA United States United States of America Williams auto automobile car Route 66 fav10 fav25
2733	0	50040460236	Mexico Nayarit VW Volkswagen Volkswagen Beatle auto automobile bw car Valle de Banderas fav10
2734	0	50823909353	Analog Ektachrome Kodak Vintage airplane auto automobile car found Ektachrome slide found photo found slide vernacular vernacular photography fav10
2735	0	50204091957	Analog Kodachrome Kodak Vintage auto automobile car film found found photo found slide vernacular photography fav10 fav25
2736	0	49646866738	ford mustang mach one mach1 blue car supercar wheels auto automobile musclecar muscle street parked nyc fujifilm fuji xpro2
2737	0	47938966907	America Bay Area California Carnaval Carnaval San Francisco Carnaval San Francisco 2015 CarnavalSF Mission Mission District SF San Francisco USA United States United States of America auto automobile car parade fav10 fav25 fav50 fav100
2738	0	46795415071	#HotWheels #1:64 #superfast #TrackStars #2017er #MattelToys #Rodimuspower #Toy #Toys #ToyPhotography #review #cars #car #auto #automobile #Modelcar #sportscar #ToyHunting #BeuteVonHeute #Collection #collector #ToyCollector #Diecast Matchbox #Experimotors #Diecastdaily #CrateRacer
2739	0	44890125922	America American Flag Arizona Route 66 Seligman Seligman police USA United States United States of America auto automobile car police car fav10 fav25
2740	0	46139019391	#HotWheels #1:64 #Nissan #FairladyZ #HWSpeedGraphics #SpeedGraphics #TrackStars #2018 #MattelToys #Rodimuspower #Toy #Toys #ToyPhotography #review #cars #car #auto #automobile #Modelcar #sportscar #ToyHunting #BeuteVonHeute #Collection #collector #ToyCollecto
2741	0	50879058541	America Bay Area Cadillac Cadilliac Seville California Haight Haight Street Lower Haight SF SF Bay Area San Francisco Seville USA United States United States of America auto automobile car emblem fav10
2742	0	50450421981	(C)2020 24-120mm 5ème D850 GT GiancarloFoto Nikon Opel Poitiers ancienne auto automobile grand traversée voiture
2743	0	49846548316	Buddhism Religion Religious School Student album portrait album tourism leisure culture Myanmar
2744	0	51066524937	Kalasatama logo car rental sign door logo abuse street Helsinki Finland
2745	0	51161402444	Fairborn Park outside trees Dayton Ohio sign fence outdoors summer
2746	0	51003907515	sony fx3 sony cinema line fx3 sony fx3 camera test work sample image images helsinki winter easter construction site sign gate sunshine shadow ilme-fx3
2747	0	50952215363	Walt Disney World Disney's Animal Kingdom Theme Park 1998 Disney Disney Parks Florida Dinoland U.S.A. Sign
2748	0	50823277587	Sign Van Wert Ohio
2749	0	50502529951	street banner sign happy birthday California Monterey black & white b&w hipstamatic Instagram
2750	0	50395005416	sign trees Shell Carmel-by-the-Sea Hipstamatic black & white b&w IFTTT Instagram
2751	0	50280108652	whistler whistler blackcomb whistler mountain expressway crabapple snow snow-making boundary sign ski area early season mountain trail piste weather weatherphotography
2752	0	50120111718	Pennsylvania Lycoming County Tiadaghton State Forest Bob Webber Trail Wolf Run Wild Area Pine Creek Gorge Pennsylvania Wilds hiking sign summer creative commons
2753	0	50208277092	cafe closed covid fidi financial district manhattan nyc outdoor sign storefront sunny text window wwward0
2754	0	50060355121	sign New Orleans
2755	0	49796135876	Ruidoso Ruidoso, New Mexico Cedar Creek: New Mexico Forest Lincoln National Forest Sign Entrance
2756	0	51179568157	Beavercreek ohio dayton outside outdoors sign
2757	0	51194413837	Franks Fresh Fruit Mini Market sign West Miami
2758	0	50622264163	protest #StopAdani banner sign writing Canberra
2759	0	50304548766	2020 How Hill Ludham september sign Norfolk
2760	0	49961670506	Protest Philadelphia BLM Black Lives Matter Police Sign
2761	0	49911479553	tamron 70-180mm f/2.8 tamron 70-180mm tamron 70-180mm f2.8 di III VXD model A056 sony sonyfe lens test work sample images helsinki finland spring street sign
2762	0	49804730797	Qingdao Shandong République populaire de Chine Huangdao Coronavirus Corona Virus Covid-19 Covid 19 Mask Masked Protected Protection Protect Covered Cover Health Healthy Sea Side Shore Water Motorbike Motorcycle Sign Signboard Signage Forbidden Ride Riding Rider Man Glasses Alone Lonely Movement Pavement Pole Fujifilm Fuji X-T30 23mm Prime Fujinon XF Street Urban City Outside Outdoor People Candid BW BNW Black White Black&White BlackandWhite Monochrome Natural-Light Natural Light Asia Asian China Chinese
2763	0	49576887092	OTHS Over the HIll Sisters Roadtreking Oregon Tillamook County Cape Meares sign
2764	0	33848272968	travelers Rvers Roadtreking Over the Hill Sisters OTHS California Roy's Cafe sign Amboy
2765	0	51184245361	cemetery graveyard architecture church catholic
2766	0	51097239390	Johnragaiphotos JOHNRAGAI Catholic Catholic Life St Ignatius Church SIC Photographers Father Martin Then Easter Candle Father Andrew Wong RCIA 2020/2021 OLYMPUS Olympus Digital ED 12-40mm F2.8 PRO
2767	0	51016346595	Johnragaiphotos JOHNRAGAI Catholic Catholic Life Holy Communion Confirmation St Ignatius Church SIC Photographers Form 5 Confirmation Father Andrew Wong OLYMPUS OM D E-M1 MKII GodoxV1
2768	1	51070703117	Johnragaiphotos JOHNRAGAI Catholic Catholic Life Documentary OLYMPUS OM D E-M1 MKII Confirmation Sacrament of Confirmation Father Martin Then St Ignatius Church SIC Photographers Form 5 Confirmation Mask
2769	1	50991734833	PEOPLE Photography Catholic Catholic Life First Holy Communion Father Andrew Wong St Ignatius Church SIC Photographers JOHNRAGAI Johnragaiphotos OLYMPUS OM D E-M1 MKII GodoxV1
2770	1	50345240151	Anointing with Chrism Oil Sacrament of Baptism Catholic Catholic Life St Ignatius Church SIC Photographers Father Andrew Wong JOHNRAGAI Johnragaiphotos Documentary OLYMPUS OM D E-M1 MKII Olympus Digital ED 12-40mm F2.8 PRO
2771	1	50336410286	JOHNRAGAI Johnragaiphotos Sacrament of Baptism Documentary Baptism Father Andrew Wong RCIA 2019/2020 RCIA Mandarin Catholic Catholic Life OLYMPUS OM D E-M1 MKII Olympus Digital ED 12-40mm F2.8 PRO
2772	0	50307623632	PEOPLE Photography Catholic Catholic Life Baptism RCIA 2019/2020 St Ignatius Church SIC Photographers JOHNRAGAI Johnragaiphotos OLYMPUS Olympus Digital ED 12-40mm F2.8 PRO
2773	0	51110696279	Johnragai Johnragaiphotos Sacrament of Baptism Father Andrew Wong St Ignatius Church SIC Photographers Documentary Water Catholic Catholic Life Easter Vigil RCIA 2020/2021 OLYMPUS OM D E-M1 MKII GodoxV1
2774	0	51170293300	Zettler Minuch church CAtholic stained glass window
2775	0	40288723314	Brooklyn Diocese Ordination Ordinations Diaconate Deacon Bishop Catholic Astoria Queens Our Lady of Mount Carmel Canon 6D Mark II Canon EF 24-105mm f/4L IS II USM
2776	0	32581921756	France Paris shaherald travel holiday vacation honeymoon trip globe trotter explore europe notre dame de paris notre dame notre dame cathedral cathedral french gothic architecture architecture building catholic buttress stained glass
2777	0	32568227906	France Paris shaherald travel holiday vacation honeymoon trip globe trotter explore europe notre dame de paris notre dame notre dame cathedral cathedral french gothic architecture architecture building catholic portal St Anne door sculpture statues
2778	0	27137203245	Rome San Giovanni in Laterno Lazio Italy www.mgaylard.co.uk Church Catholic Cathedral
2779	0	26994236791	Catholic Deacon Ordi
2780	0	49571264676	Wimmera Warracknabeal presbytery brickwork slate roof Catholic polychromatic bricks pattern brick pattern bank railway station platform classical entrance pediment balustrade
2781	0	49428093098	minerve herault languedoc occitanie france cathars night long exposure village church eglise Saint-etienne catholic roman catholic
2782	0	49771776723	35mm film C200 C41 Canon EOS 33 Film Fujicolor 200 Fujifilm Fujifilm Fujicolor 200 Monastery Mount Victoria New Zealand St. Gerards Wellington catholic church pipe organ
2783	0	51093273366	Vert 5402 paques easter catholic catholique Bretagne vitrail Jésus
2784	0	51204177468	girona cathedral Spain Game of Thrones catedral gerona gerone catalonia roman catholic church gothic mountain mountainside light smooth canon6d mullioned window baroque
2785	0	50389099748	22.08.2020 Alpen Altar August 2020 Baujahr 2017 Berge Bergkapelle Herz-Jesu-Kapelle Innenraum Kapelle Kreuz Sommer Stubaital Tirol Urlaub Wanderung alps austria catholic chapell holiday holy cross katholisch mountains summer walking Österreich Zwieselstein
2786	1	50269472727	repsol moto retrato happy family familia cumpleaños children niño leo maester del fuente jmart barros los de villafranca
2787	0	51067087331	Iraq War Peace
2788	0	50899413217	Archives New Zealand Archives Archives NZ NZ NZ History WWI Memorial First World War Maori Rotorua War
2789	1	50954739643	Plokštinė missile base cold war museum zemaitija national park Šaltojo karo muziejus Makarov pistol gun
2790	0	50954751398	Plokštinė missile base cold war museum zemaitija national park Šaltojo karo muziejus
2791	0	50421443126	war cenotaph memorial veterans
2792	0	50421327916	memorial war history historical architecture
2793	0	49742541778	Lego MOC knight castle river heist chariot war cart bricks guard guards ork orks orc orcs troll trolls goblin goblins oxen cow bulls bull riverbed stream barge supplies robbery defenders berserker matchlock pirates raiders raft barrels boxes stampede trample jump attack raid highway man AFOL fantasy fun
2794	0	49935715421	museum war weapons machine gun the sight
2795	0	49945044898	Goodwood Revival 2019 pre war Vintage Bentley Race Leica R6 formapan 100 Angineux 35-70 zoom
2796	0	48094526611	TCUS THE COME UP SHOW TORONTO Ontario CANADA Rock Rap HIP-HOP NXNE cold war kids leif cleopatrick regrettes Photography nikon
2797	0	47323990582	lego moc diorama minifigure minifigures minifig minifigs mini figure creation custom RomanWarship RomanBattleship rome warship battleship ship war military soldier warrior slave
2798	0	41308837510	alma adams congresswoman representative D-NC 12th District first ward park charlotte nc north carolina end war immigrants candlelight vigil
2799	0	51223294601	honda element car suv crossover dealer repair shop garage oda auto precision auburn nh new hampshire manchester route 121 b/w b/wnewhampshire
2800	0	51007301045	2021 Auto Berlin Blockade Deutschalnd Extinction Rebellion Fahrzeug Friedrichshain Germany Klimaaktion MNS Maske Mund-Nase-Schutz Politik Rebellion of One car climate action
2801	0	51000547127	Alien auto Portrait Noir&Blanc
2802	0	50741784031	Midwst.blur Carshow Madison Lowered Cars Canon Amateur Outdoor Midwest Clean Classic Wisconsin Whips RebelT2i USA Auto Truck Slammed Hardparker Summer GMC
2803	0	50667597896	korona bsk vuc vucba region kraj zupa auto doprava corona covid virus rusko ochrana zdravie
2804	0	50866559997	Zoetermeer Nederland The Netherlands FaceMePls iPhone XR Auto Voertuig Wagen Car Voiture Vrachtauto LKW Volledig elektrisch Pakketdienst Deutsche Post DHL Group E-Powered by Bosch Pakketbezorger Made in Germany EV Electric Vehicle
2805	0	50147949997	Leiden Nederland The Netherlands FaceMePls Nikon D5500 Straatfotografie Street Photography Driewieler Three-wheel-car Hatchback Estate Made in England Auto Car Voiture PKW
2806	0	50043229561	Auto Bicycle David Wipf Family House Object People Places South Dakota United States Wagner
2807	0	49343022893	auto car motorsport sport gt1 grand tourisme gran turismo gt-fia fia endurance fiagt1 championnat monde du httt juillet july LE CASTELLET FRANCE
2808	0	49338489777	24 H 24 H DU MANS 24 HEURES 24 HEURES DU MANS 24 HOURS Auto Car DU MANS JUIN JUNE LE MANS LE MANS 24 H LE MANS 24 HEURES LM MOTOR SPORT Sport COURSE France
2809	0	49634552478	automirage auto mirage microcar
2810	0	49550540912	International Auto Nikon D610 AF-S FX NIKKOR 24-70mm 2.8G Car Toronto Canada f/2.8 Barrett-Jackson Auto Exotica Canadian International Auto Show John Bauld Ford GT
2811	0	49174869916	CAJC CMD CNG Cal Guard California Jobs Challenge California Military Department California National Guard ChalleNGe JFTB NGYCP NGYF National Guard Youth Challenge Program National Guard Youth Foundation YCPTF Youth & Community Programs Task Force Youth and Community Programs Task Force college cyber education jobs youth youth programs automotive auto automotive technology Cypress California United States
2812	1	50852828197	Personen Menschen Fotografie Erlangen Oberasbach Nick Freund Fashion modern Frau classic Fotoshooting Shooting Fotos Fotograf outdoor KFZ Auto Nürnberg Fürth Spaß
2813	0	50120805936	Auto Bonn Bundesland Deutschland Gebäude Güterschuppen Länder Nordrhein-Westfalen Ort Orte Staat Stadt Straße VW VW Bus
2814	0	50104911826	Auto Vivitar 135mm F2.8 Auto Vivitar 135mm F2.8 Bright Band
2815	0	47559383252	HongKong Bus Transport Transportation Transit 巴士 香港 ASIA Public Urban Road Canon EOS 5D 5D3 Motor HK バス colorful color yellow bright light hdr capture omnibus metropolis metropolitan traffic publictransport publictransportation english nice life trip tour travel blue vehicle auto street ps photoshop lightroom VSCO photography 2470mm island hongkongisland hkisland central eflens cross way chinese alexander orange day green nwfb british modern city daylight classic volvo olympian citybus nostalgic film sunshine sunny summer classical traditional
2816	0	48844451127	Samsung S8 Schwarzweiß blackandwhite Rain Car mountain Regen Auto Berge
2817	0	48299152722	2019-07-16 Warnstreik/Demozug Auto Scholz
2818	0	45320098055	Oldtimer Vintage Car show Oldtimerreffen classic historic auto historisch
2819	0	38904212144	Nähanleitung Schnittmuster PDF-E-Book shesmile Kinderzimmer Buchstaben aus Stoff Taufe Geburt Geburtstag Namenstag Kinderzimmertür Wand Deko Kinderzimmer Deko Namensschild Namenskette Schulkind Traktor Radlader A bis Z Hochzeit Kinderwagen-Kette Buchstabenkette Kinder nähen diy selber machen geschenk tutorial schnitte selber nähen Zahlen 0 bis 9 Satzzeichen Rechensymbole Formen Blume Stern Hufeisen Herz Muffin Erdbeere Karotte Ananas Melone Wal Fisch Anker Krone Schmetterling Haus Wolke Mond Fußball Brille Kussmund Schnurrbart Mustache Männlich Weiblich Fahrzeuge Kipplaster Karl Feuerwehr Radlader Rudi Traktor Tom Auto Segelschiff
2820	0	38771420134	auto car wolfsburg autostadt werdelmann nikon details
2821	0	43750347901	Openwheel Indy Honda Auto Racing
2822	0	51116106956	2018 Auto Car Einkaufsnacht Gemünden KFZ Oldtimer
2823	0	51181831836	Denis Hébert AntHropoGeo Centre-Sud Faubourg à m'lasse Montreal Montréal Quebec Québec Canada ville city nuit night lumière light noir noir et blanc N/B black B/W black and white Black & White brouillard fog rue street auto cars Les abrutis ne voient le Beau que dans les belles choses La Nuit est une Femme à Barbe arbres trees lampadaire lamposts reflet reflection 2020 décembre decmber hiver winter monochrome
2824	0	50979508911	Countryman Mini Mini Countryman Mini Cooper Countryman turismo coche auto automóvil adoquín calzada puente edificio farol cable gente turista ventana puerta postigo uzón canalera canalón toldo Roma Rome tapa planta planta colgante señal casco móvil ofthephotographer elojeador
2825	0	50954908238	Bentley GTC 3. Serie CK-Cabrio Cabrio Cabrioverdeck Verdeck Persenning Verdeckbezug Verdeckmanufaktur Manufaktur Verdeckmontage Montage Auto Autosattlerei Sattler Sattlerei Convertible Upholstery
2826	0	50785802938	Dodge 3700 GT coche car voiture wagen auto campo España Spain primavera spring printemps
2827	0	50624408107	Triumph Spitfire Mk4/1500 Cabrio Cabrioverdeck Verdeck Verdeckbezug Verdeckmanufaktur Manufaktur Verdeckmontage Montage Auto Autosattlerei Sattler Sattlerei Convertible Convertibletop Softtop
2828	0	50490196162	100iso fs999 fschneider aficionados zinzins pentaxist pentaxian pentax k1 pentaxk1 fullframe 24x36 justpentax FlickrLovers A Shot A Day ... Or So Top Quality Image TopQualityImageOnly ArtCafe Pentax Art corel PaintShop PaintShopPro 2020Ultimate PaintShop Pro 2020 Ultimate Macro-Life macro makro Master Photos fleur flower blume bloem jardin d'altitude haut-chitelet vosges alsace france Porst Tele 1:1.8/135mm MC AUTO E porst porst135 tele auto 1.8/135 135mm f1.8
2829	1	50177984466	vertical video mobile web social media marketing promotional advertising format photography slideshow tiktok instagram wechat watsapp horizontal portrait mode auto scrolling Flickr explore groups editing services collage B4 After Color Grade Bobbygiggz transition
2830	0	50369879521	Nikkor-P Auto 1:3.5 f=50mm
2831	0	49778035137	F1 car motor auto race practice silverstone motor racing danner zakspeed nannini minardi
2832	0	49418809837	Auto Car TOYOTA Supra GR Supra sports car OLYMPUS OM-D E-M1 M.ZUIKO 14-150mm f4-5.6 ii
2833	0	48833763198	Camaro Mustang Chevy Ford cars auto American muscle Autocross racing Nikon D750 classic rivals horsepower V-8
2834	0	48660509496	Brooklands Museum historic classic car auto motor sport motorsport race racing circuit track banked Lagonda radiator cap headlight mesh grille bonnet hood strap leather
2835	0	48646757021	Ticino Svizzera InstaWeather auto Parcheggio Banca
2836	0	48623888833	Brooklands Museum history historic aircraft airplane aeroplane plane flight flying fly aviation Vickers factory car auto motor sport motorsport circuit track course race racing collection Hawker Siddeley P1127 Kestrel Harrier jump jet military prototype VTOL VSTOL XP984
2837	0	51104423697	Rolls Royce Dawn CK-Cabrio Cabrio Cabrioverdeck Verdeck Persenning Verdeckbezug Verdeckmanufaktur Manufaktur Verdeckmontage Montage Auto Autosattlerei Sattler Sattlerei Convertible Upholstery
2838	0	50814445277	2021-365 Auto Werkstatt
2839	0	49327702271	191231 Taipei Auto Show 2020 2019
2840	0	49593836706	fiat 500 auto storica
2841	0	49102811553	race auto vintage car course Montée Historique Col Saint-Jean voiture ancienne Drôme provençale Simca 1000 Rallye 2 Gérard Féraud
2842	0	49092280157	Magny-Cours BFC Autoprestige Circuit Auto
2843	0	48813561196	06.09.2019 Auto Deutschland Nordrhein-Westfalen Oldtimer Rundfahrt Rüthen Sauerland September 2019 Volvo Westfalen Klassik car germany
2844	0	49047889268	Auto #mobilität stadt autofrei #verkehrswende mobilitätswende aktion BUNDjugend Fahrrad
2845	0	48514050422	Mainz Ssangyong Tivoli KFZ Car Auto
2846	0	46580997254	2020 Genesis G90 toronto autoshow 2019 canadian international auto show
2847	0	47564728002	bus truck boat y_2019 m_03 d_31 lat_33.0 lon_-97.0 Fort Worth Texas United States photo jpg Apple iPhone X O'Reilly Auto Parts 500 Motor Speedway TX
2848	0	47220857722	2020 Chevy Chevrolet Silverado 2500 HD Heavy Duty Z21 Toronto autoshow 2019 Canadian international auto show
2849	0	47564727132	person y_2019 m_03 d_31 lat_33.0 lon_-97.0 Fort Worth Texas United States photo jpg Apple iPhone X O'Reilly Auto Parts 500 Motor Speedway TX
2850	0	45732933265	Audi S8D2 S8 car limousine vehicle auto wagen PKW
2851	0	45732928815	Audi S8D2 S8 car limousine vehicle auto wagen PKW kran kraan grua crane
2852	0	43508920865	bass pro shops cruise night car auto antique dodge mopar chevy ford svt import jdm mustang corvette challenger charger east coast retro exotic exotics
2853	0	44156982994	cars auto automotive luxury california porsche
2854	0	43065568470	cars auto automotive luxury california mclaren
2855	0	50885480221	Ottenhöfen Hitler Adolf Hitler Hitlergruss Hitlergruß Oldtimer car Auto Publikum Nationalsozialismus Hotel Wagen vintage blindlings Anhimmeln Mercedes
2856	0	50226283731	Auto Car Carshow Import Neckbreakers Colors Canon RebelT2i Amateur Front Mitsubishi Evo Tuner Evolution Blue Bigasswings Cannards Chicago Midwest
2857	0	49924019663	Conductor covid Coronavirus AUTO CUBREBOCAS LENTES
2858	0	51197785713	MG Magnette ZB 1957 Classic car automobile cars automobiles voitures autos automobili classique voiture Rétro retro auto oldtimer klassik classica classico #HaynesBreakfastClub
2859	0	51195729515	MG MGB GT V8 Sebring 1972 Classic car automobile cars automobiles voitures autos automobili classique voiture Rétro retro auto oldtimer klassik classica classico #HaynesBreakfastClub
2860	0	51178317642	Rat Porsche 911 1966 Classic car automobile cars automobiles voitures autos automobili classique voiture Rétro retro auto oldtimer klassik classica classico #HaynesBreakfastClub
2861	0	51010653156	Crown Star Images CSI DVS1mn CLASSIC CARS Automobile Auto Automobiles Automotive CAR Classic Cars Vintage Veteran Vehicles Vehicle
2862	0	50992840228	Honda Prelude 2.2 2000 car automobile cars automobiles voitures autos automobili voiture auto
2863	0	50614058906	A.C. Aceca 1963 AC-Cars Coupe Atlas Norev Sports Classic car automobile cars automobiles voitures autos automobili classique voiture Rétro retro auto oldtimer klassik classica classico Model miniature 1:43 scale modellauto models miniatures modell Collection Coupé
2864	0	50343760861	Crown Star Images CSI DVS1mn CLASSIC CARS Vintage Motorcars Automobile Auto Automobiles Automotive Auto Show CAR Car Show Classic Cars Veteran Vehicles Vehicle A&W Root Beer & Rides A&W Country Stop Root Beer & Rides 2020 New London MInnesota Kandiyohi County MN WCC Willmar Car Club
2865	0	49907106422	Crown Star Images CSI DVS1mn Automobile Auto Automotive Automobiles CARS CAR Vehicle Veteran Vintage Vehicles 1968 Dodge Coronet 440 1968 Dodge Coronet 68 Chrysler Corporation Chrysler Corporation B-Body B-Body Chrysler B-Body Dodge B-Body
2866	0	49656339883	Crown Star Images DVS1mn Automobile Auto Automobiles Automotive CAR CARS Car Show Vehicle Vehicles Station Wagon 2005 Dodge Magnum RT 2005 Dodge Magnum RT 5.7 Hemi V8 HEMI 05
2867	0	50945830982	car automobile vehicles parked red sports car outdoors vehicle auto cars automobiles outside documentary city life urban urban photography urban exploration Tesla red sports car street street photography shoot the street street life street shots street scene urban fragments North Shore suburban street light trees grass curb multiple exposure multiexposure double exposure double layers superimposition multilayer colorful digitally enhanced artistic techniques digital art photographic techniques experimental photography photo art art digital artist photo manipulation digiart creative edit filter effect artsy digital magic
2868	0	50903217701	Cleveland Auto Show CAR AUTOMOBILE AUTO 1957 BMW Isetta 300
2869	0	50801678376	Cleveland Auto Show CAR AUTOMOBILE AUTO Mercedes Benz
2870	0	50723143712	luc nx nx30 samsung france by luc Pittou2 passion voiture Retro mobile voiture car automobile Oldtimer Youngtimer voiture ancienne vieille voiture fan de voitures quésaco collection voiture de collection Salon international Exposition de la voiture voiture française amateurs d'anciennes voiture rare Véhicule Ancien gers nogaro classic festival festival voitures anciennes auto Paul Armagnac old car Circuit circuit de nogaro Classic Festival 2020 Nogaro Classic Classic Festival de Nogaro Parade Autosur Classic Parade Autosur Classic Parade Auto PANHARD DYNA Z12 1956 PANHARD DYNA Z12 1956 PANHARD DYNA Z12 PANHARD DYNA
2871	0	50596915107	luc nx nx30 samsung france by luc Pittou2 passion voiture Retro mobile voiture car automobile Oldtimer Youngtimer voiture ancienne vieille voiture fan de voitures quésaco collection voiture de collection Salon international Exposition de la voiture voiture française amateurs d'anciennes voiture rare Véhicule Ancien gers nogaro classic festival festival voitures anciennes auto Paul Armagnac old car Circuit circuit de nogaro Classic Festival 2020 Nogaro Classic Classic Festival de Nogaro Parade Autosur Classic Parade Autosur Classic Parade Auto MINI 1275 GT MINI 1275 GT MINI 1275
2872	0	50188162813	Jaguar Mk.2 3.8 1966 Mark.2 Mk.II Mark.II Saloon 3.8-litre Classic car automobile cars automobiles voitures autos automobili classique voiture Rétro retro auto oldtimer klassik classica classico
2873	0	50152219647	car automobile cars automobiles voitures autos automobili voiture auto Land-Rover Defender Camper 1999 Landie Landy
2874	0	49160800513	Crown Star Images CSI DVS1mn Automobile Automobiles Auto CAR CARS Car Show Classic Cars Vintage Veteran Vehicle Vehicles
2875	0	49140808363	Bugatti T35B 1927 Vintage Racing Racer Racecar 35 Type35 Typ35 35B EB1928 Classic car automobile cars automobiles voitures autos automobili classique voiture Rétro retro auto oldtimer klassik classica classico
2876	0	49589713816	europe italy italia italie lombardy lombardia november 2019 afternoon autumn automne fall lake como lago di como como bellagio village church catholic christian chretien eglise chiesa basilica
2877	0	49328526731	Stars Cherubs heads mosaic tiles interior inside lower Dome ceiling Basilica Papale San Pietro 聖伯多祿大殿 聖彼得 聖伯多 彼得 Saint Peter Vatican 梵蒂冈 Vaticano travel tourist Catholic Christian 教堂 church 教會 cathedral 主教座堂 Rome 羅馬 罗马 Roma Italia 意大利 Italy Sony A6500 SEL-18135
2878	0	50952167608	lighthouse navigation winter earth city space evening town light religion hamar frosty urban astronomy dusk twilight city lights rotation life lake sea water norway faith ice
2879	0	49195977568	louisiana lafayette la acadiana acadian village cajun south vermilion river vermilionville bayou teche bible holy word christianity christian
2880	0	51012261195	Cemetery death grave heaven angel spirit grave stone funeral burial cremation cross ghost graveyard necropolis graveyards gothic cemeteries tombstone dead graves dark “cemetery beauty” headstone Halloween goth darkness spooky church tomb memorial goul horror love separation ghoulish husband dad stone war rot decompose god service haunted afterlife marble flowers
2881	0	50738642261	nevil zaveri photography gujrat india blog photos photographs people stockimages man woman husband wife couple umbrella rain car december nevilzaveri stock photo image roadside rural village jambughoda gujarat window view
2882	0	49577499361	Qingdao Shandong Couple Husband Wife Love Family Together Walk Walking Eat Eating PLastic Bags Carried Carry Carrying Alone Lonely Mosaic Floor Square Lines Top Down Empty Geometric Geometry Minimalist Street Urban City Outside Outdoor People Candid BW BNW Black White Black&White BlackandWhite Monochrome Natural-Light Natural Light Asia Asian China Chinese Canon EOS 100D 24mm Prime 2
2883	1	50446115912	wife swingers swinger cuckold hotwife quinlan tx texas royse city caddo mills greenville terrell abel springs tawakoni lake boles cum cock sucker swallow sucking blowjob blow job oral sex fuck Heath Rockwall Skoolie RV travel traveling hot husband eats sucks
2884	0	51051806661	Amos Ivy Ho couple married wedding pre-wed marriage A7m3 A7iii fullframe prime husband wife people portrait girl woman guy man Saloma bridge day ambiance light landmark Kuala Lumpur city center urban SEL35F18F 35mm f/1.8 wide angle asdgraphy malaysianphotographer Sony sonyalpha SonyAlpha_MY sonyalphauniverse sonyimages SonyMalaysia sonyphotography sonyuniverse
2885	1	51038135761	asdgraphy malaysianphotographer Sony sonyalpha SonyAlpha_MY sonyalphauniverse sonyimages SonyMalaysia sonyphotography sonyuniverse Amos Ivy Ho couple married wedding pre-wed marriage A7m3 A7iii fullframe prime home Klang house Chinese tradition culture hanfu flash strobe Godox AD600 V860ii V850ii husband wife people portrait girl woman guy man SEL85F18 85mm f/1.8
2886	0	51133956766	Orange County Archives Orange County Orange County history history historical California Southern California Brea children dog cow livestock agriculture
2887	0	50729774633	children kid child drawing painting draw paint work childhood youth naïve composition art artistic picture skill
2888	0	50862991027	iershov most bokastudio evillusions theater puppet crocodile ibolit children kids kind performance
2889	0	50566937072	urbex abandoned bando hospital children pen crib cage
2890	1	47598677721	Batis Zeiss 40mm f/2 Color Sony ILCE-7M3 α A73 A7III Full Frame E mount FE documentary portrait childhood children girl girls kid Toddler Candid Life Everyday
2891	0	42454401335	Mongolia Ulan Bataar Preschool education toys educational toys wooden desk wood learning play educational play kindergarten students early childhood education childhood children mongolian rabbits carved bunnies school early art crafts elementary
2892	0	37198170040	mosque muslim islam religion prayer pray art Architecture place Travel design red orange god worship malay malaysia putrajaya pink putra beautiful dslr canon
2893	0	50991799912	Number declaration accountant internal background employer government tax Pen business document ss-4 Payment season closeup Concept federal income annual irs Finance individual white form time taxation application identification number refund calculate sign fill identification paper
2894	0	50978927631	background burglary car care caution close-up concept credit crime criminal guard hacking individual information investigation lost male man management manager miniature notification number padlock partnership password people person personal police policeman prevent prevention privacy private protection robbery safe safety secrecy secret secure security standing steal system tiny tourists traveller van violence warning
2895	0	50341083817	Gosht Number Tabakalera
2896	1	50410737351	sexy hot girl shiny shorts purple pink satin silk silky happy joy fun playful smile sweet cute legs shoes sneakers number license plate Dapa hair smooth soft sensual cheerful bum ass lady t-girl trannt transvestite sporty sport outfit shiny shorts nylon
2897	0	50539078287	nyc number
2898	0	40854550413	Partitions Partition Numbers Patterns Distinct Solutions Duplicate Maths Mathematics Fractal Pattern Fractals Number Theory Pentagonal Theorem Eulers Prime Srinivasa Ramanujan Integer ascending Fibonacci Series Golden Ratio Section Nature Proportion 12357 Partion Numbers Golden Section Ramanujan Srinivasa Fractal Pattern Golden Ratio Fibonacci Series Eulers Pentagonal Theorem Pentagonal Thereom Prime Numbers Number Theory
2899	0	46651251445	2 Seater 2 Door Two Seater Two Door PS4 PS4 Pro PlayStation 4 Pro PlayStation 4 Classic Car Video Game Photo Mode Screen Capture Screen Shot Video Game Capture Stock Shot Stock Racing Game Race Game GT Sport Gran Turismo Sport PD Sony PlayStation Console Gaming Polyphony Digital Polyphony Sony Interactive Entertainment 4K 4K Gaming 4K Picture 4K Image 4K Shot Landscape Format Landscape Mode Landscape 3840 x 2160 16:9 Ferrari 250 GTO Rear Wheel Drive RWD Front Engined Front Engine Grand Tourer V12 FR Tipo 168 Comp/62 60º 3 Litre Berlinetta Sports Car Gran Turismo Red Stationary Still Shot Still Still Image Still Picture Not Moving Close Scenery Mountain Number Day Day Time
2900	0	50778118163	2021 beggining block business calendar celebration change coming concept countdown cube date eve finance forecast future goal new number plan planning prediction scheduling start strategy text vision wooden year
2901	0	50427523283	alarm antique black business circle classic clock dial evening face handle hour instrument isolated job minute new nine number object obsolete old old-fashioned retro second sign styled symbol time twelfth wake up watch work
2902	1	50991682681	Number w7 USA accountant Payment season outcome deadline us calculate United States irs taxpayer economic tax money form service identification application Pen refund amount America business Pay document
2903	0	26739170679	Christian Kirsty Sandford showers of blessing showers Ezekiel 34: 26 Bible scripture quote Old Testament King James Version KJV Powerhouse Brisbane Queensland Australia mythoto family bride groom umbrellas rain New Farm
2904	0	50096125197	wallpapersforgod wallpaperschristian wallpapers free graphics freechristiancards free christiangrapics christianwallpapers christiancards christianart christian jesus holy spirit bible god
2905	0	50858110933	brett brett jordan http://x1brettstuff.blogspot.com/ close up bokeh macro blur blurred background close focus bible old testament judges christian judaism history text deuteronomist history twelve tribes reading bible study torah devotions NIV New International Version type typography canon christianity holy scripture holy bible scripture book of judges hebrews ספר שופטים sefer shoftim shophet
2906	0	48447248286	Buddha Buddhism Buddhist temple Isaan Thailand Ubon Ubon Ratchathani Y chant golden light monks prayer sacred statue temple wat wooden tranquil
2907	0	45344070414	Buddha statue Buddhism Laos Luang Prabang Wat May Souvanhnaphoumaham boy idol peace prayer praying temple wat vat Happy Planet
2908	0	33255102873	Malaysia Kuala Lumpur Mosque Reflections Prayer K2
2909	0	49529515176	Select proximity 2019 eden Eden Team Leader sharston worship prayer teams
2910	0	49524936616	eden teams day Eden Team Leader sharston warehouse Worship prayer prayer meeting
2911	0	50361636181	USA RP Garden of One Thousand Buddhas DSLR Buddhas Monument Stupa Arlee Canon Statue Buddha Indian Reservation MT Montana Summer Buddhism Road Trip Canon RF 24-105mm f/4L IS USM Flathead Spiritual Trip August Canon EOS RP SLR EOS Montana Trip Colorado 2020 United States
2912	1	50467201756	Albaicin Andalucía Andalus Argentina Artrage bailaora bailaoras bailar bale Ballerina ballet ballo beauty España Digital art danse dans dance castanet Buenos Aires Bs As flamenco gitana guapa guapísima guitarist La Línea de la Concepción La Secretaría de Cultura de la Ciudad de México intensity Madrid Mediterranean Mediterranean Fleet México retrato Portrait Pexels spiritual Seville Sevilla
2913	1	49881889406	Artrage beauty Digital art guapa guapísima retrato Portrait Pexels loose Valeria Boltneva Profound sensitivity understanding spiritual brush strokes
2914	0	51092900070	Fuji Fujifilm X100 X100V florida travel
2915	0	51002562247	france travel europe paris disneyland paris christmas parc disneyland park fantasyland
2916	0	50947208773	#ShotOniPhone Europe Spain #gate1travel #travel gate1 trip vacation adventure tour group holiday vacaciones viaje 2019 #visitspain España Sevilla Seville Andalusia Casa natal de D. Antonio Machado Ruiz
2917	1	50896614177	PEOPLE Photography Travel Place of Interest Guilin China Love Agnes Ngieng Ragai JOHNRAGAI Johnragaiphotos OLYMPUS OM D E-M1 MKII
2918	0	50863438383	Czech Czechia cz #czechrepublic White Forest forever Bohemia Brdy Love Landscape life Live travel Road Photographer Protected Light Nikon nice Spruce area Awesome Snow Mysterious michalritter miracle
2919	0	50583375092	Mexico countryside paysage Nikon D5200 travel Unlimited Photos WTMW
2920	0	50678223403	英国 exploring the uk falls autumn woodlands walker travel Tuesday travel bloggers travel photo travel photography travel nature perfection nature photo nature lovers nature photography nature landscape photography landscape Burntwood England Gentleshaw Common
2921	0	50103787956	anybackup homeiq hiq mfi apple memory sd tfcard harddrive ssd hdd flashdrive usbflash ios android kickstarter indiegogo crowdfunding travel trekking hiking camping
2922	0	49942793402	No People Architecture Arch Architectural Feature Built Structure Pedestrian Walkway Door Travel Tourism Colonnade Building Exterior History Indoors Day Corridor Column black white street city Stone Material Shadow Old StreetPhotography StreetUrbainPhotography StreetBnw StreetPhoto Black and white BlackAndWhiteStreetPhotography BlackAndWhitePhotography UrbainsPhotographie UrbainsStreet
2923	0	50165660631	Balearische Inseln Spanien Mallorca Balearic islands Spain travel Cap de Formentor Formentor peninsula Leuchtturm lighthouse Luftbild drone aerial view Drohnenaufnahme
2924	0	49597903281	Raf 18 Peru Lima Miraflores street art mural streetart project limamuralproject urban artwork painter tag artistic artist paint expression #gate1travel gate1 travel trip vacation adventure south america southamerica
2925	0	49669110231	temple 意大利 exploring the Sicily exploring the Italy exploring the Europe travel Tuesday travel bloggers travel photography travel photo travel tradition culture Ancient Rome nature perfection nature lovers nature photography nature landscape photography landscape Sicily Agrigento Valley of the Temples
2926	0	51007937920	#ShotOniPhone Europe Spain #gate1travel #travel gate1 trip vacation adventure tour group vacaciones viaje 2019 #visitspain España Ronda Malaga Palacio de Mondragón Museo museum
2927	0	51002460271	france travel europe paris disneyland paris
2928	0	51096764975	#ShotOniPhone Europe Spain #gate1travel #travel gate1 trip vacation adventure tour group vacaciones viaje 2019 #visitspain España Mijas Malaga Costa del Sol
2929	0	50389726658	Travel Baker County Art Artists “Baker City” Oregon “Eastern Oregon” “Baker County Tourism” “First Friday” Basecampbaker “Basecamp Baker” “Art Walk” Artwalk downtown “Public art” Mural “Art in Public Places” “Historic Downtown” “First Friday Art Walk” Tourism Travel “Oregon Art” “Travel Oregon” “Cultural tourism” “Downtown Baker City”
2930	0	50336113248	Budapest Ungarn Hungary Night Nightshoot City cityphotography cloud lumix gx80 amateurphotography amateur lightroom highquality postkarten travel roadtrip travelphotography Streetphotography photography landscape
2931	0	50193367536	Oregon “Eastern Oregon” “Baker County Tourism” Travel Baker County Travel Oregon Travel “Elkhorn Scenic byway” “Scenic Byway” “Baker County” ”Baker City” “Scenic Drive” Sumpter Railroad “Steam train” “gold rush” History train “Sumpter Dredge State Park” “Oregon State Park” “Outlaw Jammers” Live Music” music Musicians Band Music Makers
2932	0	50150307796	no diving warning sign beach travel hervey bay qld ocean pacific tropical vintage swimming
2933	1	50079157987	Nick Irvine-Fortescue adaa backpacking blog nick fortescue nick if photobook portrait saal travel travelling turkey
2934	0	49498936406	Marrakech Morocco January 2020 city Holiday sightseeing trip travel travelling Redcity historic old Africa
2935	0	49447360468	new zealand island travel trip
2936	1	48449768977	Chinon CM3 Mamiya Sekor auto 55mm f1.8 Kodak Portra 160 高雄自由沖掃 Rena Analog filmisnotdead Girl Portrait Tokyo Travel
2937	1	48448141252	ecuador travel
2938	0	48350936136	Travel Baker County Oregon “Eastern Oregon” “Baker County Tourism” Basecampbaker “Basecamp Baker” “Baker City” history historic “American West” heritage festival carnival Fair “Miners Jubilee” Tourism Travel Destinations Visit Baker City Visit Baker County Visit Oregon Travel Oregon Oregon festivals Heritage Festivals Travel Baker City Oregon Parade
2939	0	46888749842	South Rim Grand Canyon National Park AZ nature travel trip travelling tourism tourist sightseeing us USA united states america
2940	0	44780517310	Mount Rainier Mount Rainier National Park 2014 summer America nationalparks NPS USA travel vacation park Washington
2941	0	46347323392	lisbon portugal travel olympus europe
2942	0	45074530034	Nikko Tosho-gu Tōshō-gū Shinto shrine UNESCO World Heritage Site National Treasures historic buildings building Japan travel travelling trip sightseeing holiday vacation
2943	0	50581736507	Travel Baker County Art Artists “Baker City” Oregon “Eastern Oregon” “Baker County Tourism” “First Friday” Basecampbaker “Basecamp Baker” “Art Walk” Artwalk downtown “Historic Downtown” “First Friday Art Walk” Tourism Travel “Oregon Art” “Travel Oregon” “Cultural Oregon” “Cultural Tourism” “Downtown Baker City” night Night Shot Reflection city
2944	0	51197452572	Italy travel Mediterranean Amalfi Tyrrhenian Sea tone-map
2945	0	51127173866	阿里山 Alishan Taiwan travel mountains mountain forest 台灣 teampixel GooglePixel5 Pixel5 Pixel GooglePixel Tesla Alishan House hotel
2946	0	51127007186	阿里山 Alishan Taiwan travel mountains mountain forest 台灣 teampixel GooglePixel5 Pixel5 Pixel GooglePixel temple
2947	0	51127222543	阿里山 Alishan Taiwan travel mountains mountain forest 台灣 teampixel GooglePixel5 Pixel5 Pixel GooglePixel trees
2948	0	51015199241	Kaohsiung travel 高雄市 Taiwan 台灣 teampixel GooglePixel5 Pixel5 Pixel GooglePixel Shoushan 壽山 monkey mountain
2949	0	50913730022	national park garden desert cactus np national park nature scenery landscape january winter arizona tuscon az southwest nikon sigma 17-70mm d7200 saguaro cactus 2021 travel tucson
2950	0	50713219097	晶華酒店 hotel 飯店 travel 旅行 regenttaipei regent taipei
2951	0	50730864717	travel United States random Photowalk Nevada night photography urban Las Vegas U.S.A. lights
2952	0	50394418363	balticsea ostsee beach germany nature strand sea travel meer ostseeküste mecklenburgvorpommern photography ostseeliebe sunset naturephotography landscape photooftheday instagood sun summer picoftheday love ocean clouds börgerende börgerende rethwisch sundown
2953	0	50434306493	boy footbike church
2954	0	51101344805	jesus dw4jc lent christian
2955	0	51106136951	Lt. Governor Boyd K Rutherford. Gov Maryland. Bilingual Christian Church
2956	0	50953824471	autumn automne fall september 2021 europe france haute-savoie 74 savoie walk randonnee hike rando nature hiking jura copponex croix cross christian chretien
2957	0	50341338647	brett brett jordan http://x1brettstuff.blogspot.com/ delight! justin rossow christian theology book design typography
2958	0	50144994153	Christian Phinney Christian Phinney Samuel Robinson Sam Robinson Samuel Sam Robinson Ogden Mustangs Ogden Mustangs El Paso Rhinos El Paso El Paso Rhinos Western States Hockey League Western States Hockey League WSHL 2019-20 Western States Shootout Las Vegas Ice Center Las Vegas Ice Center LVIC Nikkor 300mm f/2.8G VR II Nikon D850 Nikon D850 AR4x5
2959	0	51100953511	statues figures carvings Christian martyrs modern cathedral abbey church door Westminster London Nikon NikonZ50 Z50 Sigma Sigma17-70mm GHE
2960	0	49288750553	2019 Christmas Xmas Xmas Day reception Anglo-Catholic Anglican Evangelist photo by Janet Best Janet Best St. John the Evangelist church Church of St. John the Evangelist Saint John the Evangelist Montreal Christian liturgy mas
2961	1	49494342013	Clergy Parishioners Rev. Wendy Telfer Red Roof Church St. John the Evangelist Saint John the Evangelist Anglo-Catholic Anglican Church Christian Montreal photo by Janet Best Church of St. John the Evangelist
2962	0	40747923933	Easter Day Resurrection Sunday Mass Church Christian Church service Janet Best Janet Best photo St. John the Evangelist Saint John the Evangelist St. John the Evangelist Montreal Anglican Anglo-Catholic Liturgy Montreal
2963	0	46899380354	St. John the Evangelist Janet Best Janet Best photo Saint John the Evangelist Anglican Anglo-Catholic Church Christian
2964	0	50122683517	Canon Ireland travel Clonmacnoise monastery ruins Christian
2965	0	49989238738	charlotte nc north carolina travel 2020 june summer spring america usa nikon sigma 17-70mm d7200 billy graham library christian museum
2966	0	49322314948	Talin church Armenia medieval dome christian stonearchitecture
2967	0	49322314663	Talin Cathedral Armenia Armenianarchitecture architecture medieval christian stone dark dome
2968	1	51122464981	asdgraphy malaysianphotographer Sony sonyalpha SonyAlpha_MY sonyalphauniverse sonyimages SonyMalaysia sonyphotography sonyuniverse church event chapel service tidings Kelvin BNI Business Network International prayer Christian indoor momento.R lolita hanfu chinese JK seifuku student uniform
2969	1	39371737070	Holy Week Easter 2018 Christianity church religion Anglican Scottish Episcopal Church Cathedral of The Isles Cathedral of the Holy Spirit Butterfield Diocese of Argyll and The Isles
2970	0	34051995054	European Culture Travel Fashion Tourism Building Exterior Catholicism Art Midsection Christianity Indigenous Culture Religion Gothic Style Medieval History The Past Journey Spirituality Elegance Dark White Ancient Old Italian Culture Cultures Famous Place Architecture Travel Destinations Milan Italy Europe Night Light - Natural Phenomenon Marble Dome Cathedral Church Monument Built Structure City Style
2971	0	50080947153	Carthage TX Texas Panola County Footprints in the Sand statue Jesus Christian Christianity religious spiritual Christ Sculpture bmok Everything's Bigger in Texas Roadside America
2972	0	51188242904	vatikan vaticano church religion europe basilica cathedral tourism italy rome town swuare building exterior street famous place vity sun summer hot warm architecture travel destinations
2973	0	50817123616	architecture cathedral christmas church religion
2974	0	49840373358	tree buddha nature temple religion historic thailand
2975	0	49192730217	Mantes-la-Jolie Messe Jacques Chirac collégiale Mantes-la-Jolie collégiale Mantes-la-Jolie messe religion Jacques CHIRAC Architecture vitraux religion chrétienne
2976	0	31512547637	Taiwan Sankeng temple colour bright religion
2977	0	41078453262	voile symbole religion
2978	0	36065095424	england religion black and white cheltenham church
2979	0	26731666820	Rouen cathédrale religion gothIque
2980	0	49854690301	bridge blue water lake religion monks buddhism myanmar mandalay
2981	0	49430259106	Ethiopia Africa Axum History Ancient Religion Church Travel Exotic travel Afrian travel Culture African culture Heritage African Heritage
2982	0	49846549021	Buddhism Religion Tradition Traditional album tourism leisure culture Myanmar
2983	0	49483552697	philae temple egyptian africa north desert ancient monuments monument greek roman religion cats Aswan Egypt
2984	0	49482850128	philae temple egyptian africa north desert ancient monuments monument Aswan Egypt greek roman religion cats
2985	0	49783691798	Edificio building Torre-campanario bell-tower Iglesia church Arte mudéjar mudejar art Capitel octogonal octogonal spire Campanas bells Religion Azulejos tile Piedra stone Arquitectura architecture Población population Pueblo town Casas houses Palmerales palm groves Cultivo cultivation Agricultura farming Nubosidad cloudiness geografía urbana urbano urbanismo turismo ciudad viviendas nubes equipamiento arquitectura religiosa religión devoción urban geography urban town planning tourism city households clouds equipment religious architecture devotion El Coronil Sevilla
2986	0	49760357991	Geografía Humana Human Geography Geografía Urbana Urban Geography espacio público public space centro historico conjunto histórico historical urban area historic district built environment medio ambiente urbano turismo tourism urban tourism turismo urbano iglesia católica catholic church plaza square balcón balcony religión religion cofradía religiosidad popular procesión Holy Week Semana Santa fervor tradición traditional activity
2987	0	49672699407	photography installation shots sjå Religion Erlend Berge eg kjem snart! bedehusland
2988	0	51014600820	acto fundacion cajasol cartel cofradias cristianismo jerez de la frontera presentacion religion semana santa teatro cajasol concurso saetas Cadiz EspaÃ±a
2989	0	50998864980	Kirche Glaube Religion Gottesdienst Feier Gotteslob Gesang Gebet singen beten
2990	0	50642174076	2018 Индия музей религия India museum religion Fujifilm X-T10
2991	0	50058729592	Sobriedad Sobriety Arte Art Religión Religion Catedral Cathedral Monumento Monument Siglo Doce Twelfth century Cimborrio Lantern tower Turismo Tourism Patrimonio de la Humanidad World Heritage Románico Romanesque cielo Sky Árboles Trees Torre tower Vegetación Vegetation Arco de medio punto Semicircular arch Cúpula Dome Cuenca del Duero Duero basin Planta de Cruz latina Latin Cross plant
2992	0	51222659810	LenSweet LeonardSweet Orcas Island OrcasAdvance PortlandSeminary Washington and culture church dmin dminscc dminscc18 georgefoxuniversity gfu pdx sem semiotics
2993	0	51070625241	europe france haute-savoie 74 savoie neydens 2021 spring printemps march randonnee hike rando hiking eglise church
2994	0	51070114377	Kalamazoo the best photos Flickr Flickr Nature Justin Bieber horses Bobby Hill Scooby Doo Sverige Felix The Cat urinal urinals exciting photos Jessica Simpson clowns amazing photos Christmas Michigan church bull bulls goats stripe Kmart
2995	0	51118587246	cemetery church gravestones graves
2996	0	50893597481	toruń torun medieval town wisła mała vistula planetarium dziewulskiego dom mikołaja kopernika house nicolaus copernicus brama klasztorna w toruniu krzywa wieża leaning tower church stjohn baptist evangelist cathedral bazylika katedralna śwjana chrzciciela ewangelisty dybów castle nieszawa zamek gród nieszaw most im józefa piłsudskiego kolejowy ernesta malinowskiego teutonic ruins ruiny zamku krzyżackiego kuyavian pomeranian voivodeship cuiavian województwo kujawsko pomorskie kujawy pomerania province poland polska republic rzeczpospolita
2997	0	50857515912	autumn October Nikon D90 church little whelnetham Digital DSLR Bury St Edmunds headstones graves village suffolk St Mary Magdalene England
2998	0	50763407156	Wien Vienna Donau Fluss Kirche church Schwan swan Vogel bird Tier animal
2999	0	50435484557	Hoorn Friesland Netherlands Nederland Terschelling The Netherlands Wadden ro016b Welcome Brick DDD TDD Door Church CC-BY
3000	0	50495004308	Čačak Kirche church crkva Serbien Serbia Srbija
3001	0	50412801492	Medieval Church Espoo Helsinki Finland Stone Middle Ages Evangelical Lutheran Espoon tuomiokirkko Espoo Cathedral Vault
3002	0	50408257863	Russia Bogolyubovo Church Orthodox Church Romanesque Russian architecture Vladimir
3003	0	50380626791	Ortodox Church Konstantin Elena
3004	0	50375587508	lumanarar biserica foisorului church lighting candles
3005	0	50202808511	sunrise Spodnje Gorenjce Semič Semic Slovenija Slovenia Bela krajina White Caniola Sun church municipality August Nikon Sigma
3006	0	50237504727	prague church architecture
3007	0	50145420711	Black And White Church Random Film 35mm Minolta Dynax 7000i B&W Scanned Epson Perfection V600 Photo 1990's
3008	0	49838630921	gloria dei lutheran church iowa city addition
3009	0	49869971476	Dâncu Transylvania Transilvania Romania wood church wooden tradition spring old
3010	0	51097722374	Machan Church Sun Larkhall Church Spire Sillouette
3011	0	50639335406	church Utrecht gargoyle
3012	0	50605734062	moret france church
3013	0	49984214458	San Galgano Abbazia Abbey Chiusdino Siena Church historic
3014	0	51059201651	Barry Merthyr Dyfan Church Vale of Glamorgan
3015	0	51221630179	Architucture black and white blue sky boats Buildings Canon Canon EOS R6 Canon Photographer City City Hall City of London clouds Eastcheap EOS R6 Leadenhall Market Lime Street London London Bridge Mirrorless Monument police reflections River Thames SouthBank Southwark street photography Summer Sun sunset The Shard Tower Bridge water EOS R Red Bus Routemaster Walkie Talkie Tower Fenchurch Street shard building st dunstans church lime street Lloyds
3016	0	50632174843	poole quay old town Pixco 8mm fisheye CCTV dorset St James church
3017	0	50515412581	Fleurieu Peninsula nangkita Mount Compass Mt Compass school church stone fireplace wattle and daub Methodist Church Village Settlement plaque cairn Tookayerta CReek
3018	0	50417065997	Jorbasa Hessen Wetterau germany Deutschland geotag Padua Padova Stadt Italien italy Fahrrad Fahrradtour Fahrradtour Bozen-Venedig Basilica di Sant’Antonio Basilica Kirche church Antonius Antonius von Padua Architektur Heiligtum Kirchenbau romanisch gotisch Venentien Venezia Venetien Trentino Adige Etsch Fluss river bike
3019	0	49756714558	Black & White Church Eglise Monochrome Noir et Blanc Paris
3020	0	48989519517	Berlin Church Urban
3021	0	48434030246	Milwaukee Wisconsin Trinity Lutheran Trinity Luterhan Church Fire Church Fire Trinity 2018
3022	0	33859175468	san andres galizia galicia spain old village church lanndscape green natura neticola sony a7
3023	0	46213580594	Winter-Park Outdoor Friends things-to-do things-to-see Museum College Students Housing Real-State Fun Church Rollins Rollins-College Downtown shops coffee-shops activities
3024	0	31786513297	Kirche igreja church Goiás Brasilien Santa Cruz de Goiás
3025	0	31345838347	vienna church
3026	0	30340538058	Prague church Hlavní město Praha Czechia CZ
3027	0	43547086002	cour vatican rome roma black white noir blanc iglesia church eglise Italie Italia italy monument art
3028	0	41493049245	Midtown Manhattan street architecture buildings NYC New York New York City Midtown Manhattan 5th Avenue 5th Ave Fifth Avenue Fifth Ave St Bart’s Saint Bart’s Saint Bartholomew Church church
3029	0	42804104591	window church stained glass Vancouver YMbD
3030	0	28562346748	Idaho Flying B Guest Ranch Middle Fork Salmon River Frank Church No Return Wilderness Area
3031	0	50956723852	cardinals bird Christ God Bible Christian Quote Red Snow ice Foul Nature
3032	0	49545446648	Okinawa Japan Kudaka Island Kudakajima shrine spiritual religion black and white 沖縄 久高島
3033	0	50628517973	We Make History American Heritage History Re-enactment Military Veterans Country Family Kids Uniforms Flags Costumes School Teachers Camp Tents Willie Stark One-Million Willieplus Facebook Flickr Instagram Battle Battlefield War Games Weapons
3034	0	49830214957	exploring the Morocco tradition culture travel Tuesday travel bloggers travel photography travel photo travel man at work factory buildings architecture photography architecture landscape photography landscape Fes tannery Morocco 摩洛哥
3035	0	49799736962	cloudscape clouds sky exploring the Morocco travel Tuesday travel bloggers tradition culture travel photography travel photo travel mosque architecture photography architecture BlueMorocco landscape photography landscape Morocco blue city ,摩洛哥 Chefchaouene
3036	0	49904714223	exploring the Sicily exploring the Italy exploring the Europe travel Tuesday travel bloggers travel photography tradition culture cathedral travel photo travel architecture photography architecture landscape photography landscape Catania cathedral Catania Sicily 意大利
3037	0	49790922231	ohio statehouse columbus rally protest covid covid-19 stay at home coronavirus end quarantine quarantine re-open ohio free freedom open re-open 614 cbus kid child boy children virus
3038	0	50601439007	dalbera Londres London Lakshmi hindouisme hinduism musée bas-relief bois
3039	0	49626817681	Asia East Asia Indian sub continent Nepal Federal Democratic Republic of Nepal landlocked Kathmandu Valley Lalitpur city Nepal Mandala Bagmati Pradesh City of temples Buddhism Buddhist faith Hinduism Hindu religion place of worship religious shrine temple house of prayer Lalitpur Patan Patan Durbar Square UNESCO World Heritage site preserved old town pagoda temple pagoda temple complex natural disaster earthquake damage traditional architecture preserved buildings wooden structure wooden buildings architecture erstwhile Royal Palace Newar architecture piazza street
3040	0	49626293443	Asia East Asia Indian sub continent Nepal Federal Democratic Republic of Nepal landlocked Kathmandu Valley Lalitpur city Nepal Mandala Bagmati Pradesh City of temples Buddhism Buddhist faith Hinduism Hindu religion place of worship religious shrine temple house of prayer Lalitpur Patan Patan Durbar Square UNESCO World Heritage site preserved old town pagoda temple pagoda temple complex natural disaster earthquake damage traditional architecture preserved buildings wooden structure wooden buildings architecture erstwhile Royal Palace Newar architecture piazza Patan Royal Palace Keshav Narayan Chowk Patan Museum display historic artifacts historic art religious art museum exhibit hanging lamp oil lamp chandelier decorative hanging lamp bronze oil lamp dalu
3041	0	49738468466	Asia East Asia Indian sub continent Nepal Federal Democratic Republic of Nepal landlocked Kathmandu Valley Pokhara Tourism capital of Nepal Kaski district Gandaki Pradesh City of temples Hinduism Hindu religion place of worship religious shrine temple house of prayer Bhaktapur Bhadgaon Khwopa Bhaktapur Durbar Square UNESCO World Heritage site preserved old town pagoda temple pagoda temple complex natural disaster earthquake damage town square piazza traditional architecture ancient buildings heritage buildings preserved buildings wooden structure wooden buildings architecture Newar architecture ramp steps entrance arch gate brick gate entrance traditional handicrafts Nepalese handicrafts curios tourist kitsch souvenir shop trinkets merchandise display Nepal flag
3042	0	49918300612	AngkorWat Angkor SiemReap Cambodia AngkorArchaeologicalPark Temple Hinduism Sunrise AncientRuins ngc
3043	0	49710630446	14th Sakyadhita International Conference Jogja Jawa Java East Jawa' Jawa Timor Indonesia  Candi Prambanan Hindu Temple Hinduism 日惹 东爪哇 爪哇 普兰巴南寺 兴都庙宇 兴都教 第十四届国际善女人协会
3044	0	51218006718	Sri Lanka Ceylon culture heritage Kataragama body-piercing hooks Hinduism Buddhism devotees worship men
3045	0	49416075527	Africa Ethiopia Lalibela Christian Epiphany Religion Celebration Travel Exotic travel African travel Travel Africa Culture African culture Heritage African Heritage
3046	0	50866934706	Rerik Ostseebad Landkreis Rostock Mecklenburg-Vorpommern Amt Neubukow-Salzhaff Norddeutschland Ostsee Baltic Sea Ostseeküste Urlaubsregion Evangelische Kirche Barock baroque Glaube faith Religion Innenraum interior Gewölbe vault sacred building Ausmalung Hinrich Greve decoration painting mural Deckenmalerei Fujifilm X-Pro1 Fujinon XF 35mm F2 R WR Fujifilm X-System
3047	0	49375553148	toilet airport view urinal restroom male toilet men’s room public toilet
3048	0	33992974538	Ruben Diaz Jr. Bronx Bronx Borough President Bronx Week 2019 Bronx Week the bronx county building veterans' memorial hall parents
3049	0	49457440626	volunteers Parents FSJ FSJElks FortSaintJohn BCSSA BC Blades Blizzards Bullets britishcolumbia Speed Speedskating LongTRack indoor Oval Provincial Pomeroy Sports #BCLT2020
3050	0	50971696961	daddy mommy 73yo faded parents
3051	0	50171234417	Britain Cheshire Dee England GB UK United Kingdom bird birds bushes family geese goose gosling goslings greylag greylags parents river riverbank swimming young Chester
3052	0	46968296802	literacy responsibility learning teaching partners students parents classroom childhood educators leaders system commuity
3053	0	31947430297	MTEA joe brusky UTLA strike union rally in the valley l.a. teacher strike united teachers of los angeles los angeles education public education funding teachers parents students
3054	0	49445481436	London shoreditch travel weekending street art parents graffiti
3055	0	50676649441	sisters girls golden hour portrait fall leaves nature walk love grandparent blue eyes happy
3056	0	50810028052	backdrop background biometrics blank space copyspace dark design space fingerprint fingerprint scanner hand identification male man newsletter passport person pressing scan social media banner tech technology text space thumb thumb print transparent screen unique wallpaper window
3057	1	48644847593	passport
3058	0	50978909731	airplane airport aviation background border checking control corona covid covid-19 disease european flight flu fly health healthcare infection lockdown mask medicals medicine pandemic passport protection quarantine research rock temprature test ticket tourism travel traveller treatment trip union vaccination vaccine virus visa wood wooden
3059	1	51022454716	bitcoin finance passport tax cryptocurrency leaving home country emigrating emigration tax haven taxation cryptocurrency taxation cryptocurrency tax
3060	0	50782703171	islam
3061	0	50025899671	St. Paul Twin Cities Minnesota Juneteenth protest reparations dissent #BlackLivesMatter Floyd demonstration BLM event slavery Muslim Islam deaf
3062	0	49869461948	analog analogue lomo lomography Light expired film home quarantine lca toy camera beirut lebanon downtown islam hijab muslim arab world sea bay family
3063	0	34694702115	Paris 35mm NikonAF fujifilm France Islam Opera people street
3064	0	51220422663	Art Musée Islam Bruxelles Perse Iran Turquie
3065	0	51175382972	#POLITICS Matt Hancock Health COVID-19 Coronavirus Vaccine Jab Brent Islam Eid London Greater London United Kingdom
3066	0	49580552496	Alhambra Granada España Spain Spania palace moorish moros Islam muslim art architecture Generalife Patio de la Acequia Court of the Water Channel fountains irrigation bw sorthvitt dråper droplets
3067	0	50980777118	drum recording microphone closeup drummer live band concert music musician stage instrument energy acoustic amplifier art artist candid copyspace culture emotion entertainment exhibition fun leisure lifestyle light musical night percussion perform performer person popular rock handsome
3068	0	50733487128	WearYourDIctionary wearyourwords dictionarywear enculturation behaviour culture wearyourvocabulary vocabulary
3069	0	51170220424	Habima Tel Aviv National theatre Theatre Art Culture Center Israel
3070	0	51055701013	Manifestation 20 mars 2021 Paris violences policières loi de sécurité globale culture banderole
3071	0	36168212505	street photography people city streettogs urban shadow light strange shadows street human street photographer candid art unposed wide angle flickr decisive moment seattle Milton Garrison  Photography Paradise Found Documentary interference environment life perception society reference framing culture social critical descriptive interpretive USA sight observer depth of field insight essential alien skin exposure smiles
3072	0	50366087123	Fantaisies musicales à la Commanderie des Templiers d’Élancourt 2020 la Commanderie des Templiers d’Élancourt l’Orchestre de l’Alliance Journées européennes du patrimoine 2020 musicien musique classique culture sortie culturelle Résidence Itinérante 2019-2020 concerts PhilHarmobile actions culturelles 2020 Mozart, Schubert, Tchaïkovski, Dvorak public
3073	0	50378077428	Le château de la Madeleine Chevreuse culture sortie balade promenade été JEP Journée Européenne du Patrimoine opéra d'été famille enfants
3074	0	50111134048	land art Boisé des Frères Environnement Artiste Victoriaville Culture Art Artistes Victo Nature Création
3075	0	49054049113	Architecture Patrimoine culture Architecte maison Louis Carré Bazoches-sur-Guyonne architecte finlandais Alvar Aalto
3076	0	48682799417	Warped Culture Art Modern Explore Explored Attribution-NoDerivs Attribution-NoDerivsCreativeCommons A58 Aware Summer mechanism Detail CharlieWales
3077	0	48671556808	Boisé des Frères Environnement Artiste Victoriaville Culture Art Artistes Victo Nature Création Champ libre
3078	0	48474522512	fantaisies mucicales en Yvelines Orchestre de l'Alliance percussions Musique classique culture
3079	0	31789306487	UnitedStates usa united states NewYork Newyorkcity NYC NYCNight NYCNightlife Amazigh culture community
3080	0	43344625431	Victoriaville Victo Parc Terre-des-Jeunes Fête nationale Québec St-Jean-Baptiste Culture divertissement Fête Spectacle William Deslauriers
3081	0	39945782622	MCA Building museum Memot Tbong Khmum Province center Archaeology Fine Arts Cambodia cooperation RUFA Phnom Penh Embassy encourage study prehistory Khmer working group education locals officials students national heritage experts organizations Culture collaborative program Department field professors techniques excavation methods analysis circular earthworks soil area Kampong Cham rural research projects map
3082	0	50300071143	Musée d'Archéologie nationale - Domaine national de Saint-Germain-en-Laye Saint-Germain-en-Laye Jennifer KERNER archéologue château de Saint-Germain-en-Laye cheminée toit culture patrimoine patrimoine culturel
3083	0	49466642598	Old Havana La Habana Vieja Havana Habana Cuba Cuban Cubanisms sky blue white cloud clouds cloudy church statue Christian religion religious Nikkor Nikon Nikon D60 PhotoShop
3084	0	51202763462	Florida Grandchildren Grandkids Huguenot JFRD JSO Jacksonville beach birds family search
3085	0	51196698954	1970s family
3086	0	51149593255	James River State Park OPTOUTSIDE2020 Camping Food Fun Family Holidays
3087	0	50853445473	Renault Renault 12 renault 16 cars Family Saloon Line Club Renault Nikkormat FTn 50mm F2.0 AI
3088	0	50724986162	Jamie Smed Family December Alms Park Cincinnati Ohio Fall Autumn Queen City
3089	0	50304131662	Family Nicholas
3090	0	50163192282	Yogi Chugh Campaing Fremont City Council Photo Shoot family friends
3091	0	50147000333	art polished london iphone View all trending this weekTrending Tags — Week outside bar nikkor Time Most Popular sunset beach water sky flower nature blue night white tree green flowers portrait light snow dog sun clouds cat park winter landscape street summer sea city trees yellow lake christmas people bridge family bird river pink house car food bw old macro music new moon orange garden blackandwhit Beardie Bee.
3092	0	50085260432	#joshvignona tampa carshow coronavirus family #covid-19 #facemask
3093	1	49839589161	Florida Grandchildren Granddaughter Grandkids Middleburg family grandson kayak kayaking Alyssa Bentley
3094	0	49822143422	settling family business
3095	0	50261539318	Family Gerti Renvyle
3096	0	49853096042	Rockefeller family biography
3097	0	51210844056	Seattle canal family Fremont Canal Fremont, WA birds geese babies Fremont Cut gosling
3098	0	44439992194	Baboon family
3099	0	50443449953	Moy Catle Tower Fort Fortified Old ancient isel mull isle scotland highlands hebrides stone hill grass green tree large sun sky blue panorama lightroom stitch contrast flare lens nikon nikkor Maclean Hector Laird 1st loce buie lochbuie garret towerhouse house seat family
3100	0	50402361676	Family 4 People
3101	0	49664160077	People Ava JoNell Robinson Robinson Family Family
3102	0	49023545263	Edinburgh family holidays Art Galleries
3103	0	49275901711	Family Christmas Road March Veterans
3104	0	48940614121	couple lake Mountains reflection Family Nature Clouds Cortina canon
3105	0	48845087036	626th Support Maintenance Company Conover North Carolina Hickory North Carolina Newton North Carolina United States National Guard Army Army National Guard deployment family Soldier Soldiers North Carolina National Guard North Carolina Army National Guard 113th Sustainment Brigade 630th Combat Sustainment Support Battalion U.S. Army National Guard NCARNG Sgt. 1st Class Robert Jordan
3106	0	48327988367	Italy Tuscany Family holiday vacation Tavarnelle Val di Pesa Provinz Florenz Italien
3107	1	48522405601	1 Places United Kingdom Ham House Family 4 People Richmond Upon Thames
3108	0	46037967735	U.S. Army Army Operation Inherent Resolve Operation Spartan Shield Deployment ceremony Deployment New Jersey Army National Guard NJARNG New Jersey National Guard NJNG Army National Guard National Guard 44th IBCT Community support Citizen Soldiers Soldier Soldiers Family Hammonton N.J. U.S.
3109	0	32145655298	halloween uesugi farms http://morganhillpumpkins.com pumpkin patch flowers fall autumn activies fun family morgan hill california san martin monterey salinas
3110	0	49317672998	Greece Meteora Kalambaka Kastraki Kalampaka Monastery UNESCO World Heritage Site Orthodox church christianity christian architecture Thessaly rock outcrop μετέωρα ελλάδα θεσσαλία Travel Europe
3111	1	50493245663	2020 august weight
3112	1	50254927211	2020 july weight overweight fat BMI
3113	1	49259132338	little9 xiaojiu scale weight
3114	0	50896595143	Bidar Birds Environment India Karanja Resorvoir Karnataka Nature Outside Male Indian Paradise Flycatcher White Morph
3115	0	50353764966	Lt. Governor Boyd K Rutherford. Gov Maryland. Indian Head. CSM Velocity Center.
3116	0	50000598701	color teen art fisherman india india concept indian fisherman indian kerela beach people water man camera sea characters face human asian portrait indigenous male natural culture senior pondicherry pondi
3117	0	50001420596	Brihadeeswarar Temple brihadisvara temple Thanjavur Big temple Peruvudaiyār Kōvil UNESCO World Heritage Site South Indian temples imagenesis
3118	0	31780327768	A Woman Substance. Gulrukh Khan interview with Her Excellency Mrs Girija Sinha The wife Indian High Commissioner London Mr Y. K. Universal Peace Federation 43 Lancaster Gate
3119	0	48701865452	child kid boy indian mixed race singapore apple store stairs staircase orchard road fashion cute space building indoor architecture portrait lines down alone pose void hidden
3120	0	35962696535	1914 Indian Big Twin
3121	1	31409855254	cheekbones collarbones earring eyes female girl headshot indian jacket jhumka lips model models nopants people portrait portraitphotography redcoat redjacket redlips sensuous woman women
3122	0	49777070053	CD PHOTO CANDID Eucalyptus Knott's Berry Farm western Ghost Town Reflection Lake willow tree trees River Bird Indian canoe 1965 Rain
3123	0	49873763391	animal asian asiatic big bush cat d5 female funny indian leaves lion mammal nikon open mouth portrait relaxing resting switzerland tired tonge tongue vegetation wild yawning zoo zürich
3124	0	50996163553	muntjak indischer hirsch cervine tier animal mammal säugetier muntiacus muntjac red indian barking
3125	0	50974559736	Karnataka India Kabini Gaur (Bos gaurus) Indian bison
3126	0	50341432307	Indian Delights Restaurant Peshwari Naan
3127	0	50065300547	carsten ten Brink 10b travelling 2019 Asia Asian Asie Asien Hornbill IPTCbasic Inde India Indian Indien Kisama Kohima Nagaland North-east annual cmtb costume culture ethnic ethnic groups festival minorities ten Brink traditional tribes
3128	0	51120333468	Guntersville AL Alabama Marshall County McKee's Island marker monument Tali Indian Native American Hernando De Soto 1540 1937 Colonial Dames of America bmok
3129	1	50494307048	caribana 2017 toronto costume bikini cleavage west indian trinidad jamaica parade breast scotiabank caribbean festival mas masquerade band headdress reggae carnival dance african american steelpan august 2015 west indian scotiabank caribbean festival Scotiabank Toronto Caribbean festival mas band african american bw
3130	0	49786256907	ancient art cedar ceremonial color craft craftsmanship cultural culture detail indian native native American northwest pacific northwest ritual spirit symbol totems totem park tourism tourist tradition traditional tribal tribe wood woodcarving wooden worship paint british columbia canada canadian victoria house clan house
3131	0	50910759953	hiking randonnee hike rando nature walk europe france haute-savoie 74 2020 spring printemps may epagny metz tessy savoie eglise church christian chretien catholic catholique epagny
3132	0	49268947563	jose lopez bilbao partner txoko gastronomical society leioa man pentax k-50 sigma 30mm art bizkaia biscay basque country euskadi
3133	0	49209223247	Partnerships TED TEDHQ TEDTalks event partner salon speaker staff stage stageshot New York NY USA
3134	0	48436703371	Islam Islamic Relief Jamboree North America ScoutJamboree USA United States West Virginia gdv global development global development village global development village global development village islamic partner partnership
3135	0	48413860412	Ars Electronica Festival 2019- Out of the Box Festival Ars Electronica Out Of The Box mobility hyundai partner 2019 Ars Electronica 2019
